seed,focal,capital_mult,shock_fraction,base_government_capital,baseline_institution_capacity,baseline_government_effective_control,baseline_structural_admin,time,institution_capacity,institution_reach,institution_integrity,institution_compliance,government_effective_control,government_formal,government_physical,government_administrative,government_legal,government_fiscal,government_social,government_expected,structural_administrative_capacity,government_governance,government_capital,security_recruit_pipeline,security_reserve,intelligence_penetration,cumulative_security_recruits,cumulative_security_deployments,cumulative_admin_rebuild,cumulative_underground_disruption,police_professionalism,military_experience,economic_output
2026093100,5,0.25000000000000000,0.10000000000000001,2500000.00000000000000000,0.36809816661453515,0.50840121613963485,0.36809816661453515,0.000000,0.03680981666145352,0.50686901228840675,0.45809019746438401,0.89791494181206422,0.24998363447003671,0.97999999999999998,0.22619219104482752,0.03680981666145352,0.03128834416223549,0.23926380829944785,0.05200000000000000,0.06999999999999999,0.03680981666145352,0.36809816661453515,625000.00000000000000000,0.00000000000000000,0.00000000000000000,0.00000000000000000,0.00000000000000000,0.00000000000000000,0.00000000000000000,0.00000000000000000,0.58299999999999996,0.00000000000000000,229664.88076461947639473
2026093100,5,0.25000000000000000,0.10000000000000001,2500000.00000000000000000,0.36809816661453515,0.50840121613963485,0.36809816661453515,15.000000,0.03784840646996690,0.50686901228840675,0.45809019746438401,0.89791494181206422,0.24738671277301805,0.97999999999999998,0.21035096869301356,0.03680981666145352,0.03128834416223549,0.23926380829944785,0.05200000000000000,0.06999999999999999,0.03907703349836068,0.36809816661453515,623674.86164870497304946,3.17718451375740463,0.00000000000000000,0.00405760152145926,3.71192639999999940,0.53101176369911995,0.00226721683690716,0.00000000000000000,0.56964025703768806,0.00000000000000000,229664.88076461947639473
2026093100,5,0.25000000000000000,0.10000000000000001,2500000.00000000000000000,0.36809816661453515,0.50840121613963485,0.36809816661453515,30.000000,0.02545507765897228,0.50686901228840675,0.45263215467207718,0.89791494181206422,0.24748617932151565,0.97999999999999998,0.21048036044953847,0.03700388887906186,0.03142331123629563,0.23936059314823421,0.05209954956856390,0.07007268540218393,0.04133127245521308,0.36809816661453515,502386.14841156342299655,5.89666231225574755,0.00000000000000000,0.00816734701178312,7.42385279999999881,1.51653748334517102,0.00452145579375956,0.00000000000000000,0.55879884587081996,0.00000000000000000,229871.80377595976460725
2026093100,5,0.25000000000000000,0.10000000000000001,2500000.00000000000000000,0.36809816661453515,0.50840121613963485,0.36809816661453515,45.000000,0.02646439923113164,0.50686901228840675,0.45263215467207718,0.89791494181206422,0.24751572954235454,0.97999999999999998,0.21066061679665563,0.03700388887906186,0.03142331123629563,0.23936059314823421,0.05209954956856390,0.07007268540218393,0.04356116611553111,0.36809816661453515,501058.76750394748523831,8.22437084303265564,0.00000000000000000,0.01236790249994274,11.13577919999999821,2.89109966182866174,0.00675134945407760,0.00000000000000000,0.55021658044821609,0.00000000000000000,229871.80377595976460725
2026093100,5,0.25000000000000000,0.10000000000000001,2500000.00000000000000000,0.36809816661453515,0.50840121613963485,0.36809816661453515,60.000000,0.01468752604156378,0.50686901228840675,0.44782517764136781,0.89791494181206422,0.24763821051239751,0.97999999999999998,0.21088419596303690,0.03721858060700931,0.03157088229028889,0.23946779850207056,0.05220894331850130,0.07015061635080408,0.04578127406953553,0.36809816661453515,379864.67043157957959920,10.21674857350850552,0.00000000000000000,0.01669066407994349,14.84770559999999762,4.59865352147946549,0.00897145740808202,0.00000000000000000,0.54353774795186371,0.00000000000000000,230079.05900428586755879
2026093100,5,0.25000000000000000,0.29999999999999999,2500000.00000000000000000,0.36809816661453515,0.50840121613963485,0.36809816661453515,0.000000,0.11042944998436054,0.50686901228840675,0.45809019746438401,0.89791494181206422,0.30740976372994744,0.97999999999999998,0.22619219104482752,0.11042944998436054,0.09386503248670645,0.23926380829944785,0.15600000000000000,0.20999999999999999,0.11042944998436054,0.36809816661453515,625000.00000000000000000,0.00000000000000000,0.00000000000000000,0.00000000000000000,0.00000000000000000,0.00000000000000000,0.00000000000000000,0.00000000000000000,0.58299999999999996,0.00000000000000000,229664.88076461947639473
2026093100,5,0.25000000000000000,0.29999999999999999,2500000.00000000000000000,0.36809816661453515,0.50840121613963485,0.36809816661453515,15.000000,0.11131804851247840,0.50686901228840675,0.45809019746438401,0.89791494181206422,0.30606687904787888,0.97999999999999998,0.21800059448420922,0.11042944998436054,0.09386503248670645,0.23926380829944785,0.15600000000000000,0.20999999999999999,0.11236923942547154,0.36809816661453515,623689.33053435420151800,3.17718451375740463,0.00000000000000000,0.01189855670143192,3.71192639999999940,0.53101176369911995,0.00193978944111100,0.00000000000000000,0.57106505400933061,0.00000000000000000,229664.88076461947639473
2026093100,5,0.25000000000000000,0.29999999999999999,2500000.00000000000000000,0.36809816661453515,0.50840121613963485,0.36809816661453515,30.000000,0.09883740629537806,0.50686901228840675,0.45263215467207718,0.89791494181206422,0.30630393105091447,0.97999999999999998,0.21812245105144251,0.11096892011275875,0.09423897471061252,0.23953145101317944,0.15627562094536954,0.21020198228432724,0.11429489285363689,0.36809816661453515,502415.15698447305476293,5.89666231225574755,0.00000000000000000,0.02355049712673352,7.42385279999999881,1.51653748334517102,0.00386544286927635,0.00000000000000000,0.56105980355419105,0.00000000000000000,229874.56007365463301539
2026093100,5,0.25000000000000000,0.29999999999999999,2500000.00000000000000000,0.36809816661453515,0.50840121613963485,0.36809816661453515,45.000000,0.09969875475300617,0.50686901228840675,0.45263215467207718,0.89791494181206422,0.30633176040086013,0.97999999999999998,0.21829221008611091,0.11096892011275875,0.09423897471061252,0.23953145101317944,0.15627562094536954,0.21020198228432724,0.11619786958371948,0.36809816661453515,501102.22240523743676022,8.22437084303265564,0.00000000000000000,0.03500788699965018,11.13577919999999821,2.89109966182866174,0.00576841959935895,0.00000000000000000,0.55275298836560394,0.00000000000000000,229874.56007365463301539
2026093100,5,0.25000000000000000,0.29999999999999999,2500000.00000000000000000,0.36809816661453515,0.50840121613963485,0.36809816661453515,60.000000,0.08784311993466153,0.50686901228840675,0.44782517764136781,0.89791494181206422,0.30659024957576270,0.97999999999999998,0.21850276901545712,0.11152574389272464,0.09462463094320661,0.23980798003165371,0.15656016088477176,0.21040998527907648,0.11808972527880797,0.36809816661453515,379922.63668995024636388,10.21674857350850552,0.00000000000000000,0.04631291758443329,14.84770559999999762,4.59865352147946549,0.00766027529444744,0.00000000000000000,0.54591144735579378,0.00000000000000000,230084.56811133516021073
2026093100,5,0.25000000000000000,0.50000000000000000,2500000.00000000000000000,0.36809816661453515,0.50840121613963485,0.36809816661453515,0.000000,0.18404908330726757,0.50686901228840675,0.45809019746438401,0.89791494181206422,0.36483589298985808,0.97999999999999998,0.22619219104482752,0.18404908330726757,0.15644172081117744,0.23926380829944785,0.26000000000000001,0.34999999999999998,0.18404908330726757,0.36809816661453515,625000.00000000000000000,0.00000000000000000,0.00000000000000000,0.00000000000000000,0.00000000000000000,0.00000000000000000,0.00000000000000000,0.00000000000000000,0.58299999999999996,0.00000000000000000,229664.88076461947639473
2026093100,5,0.25000000000000000,0.50000000000000000,2500000.00000000000000000,0.36809816661453515,0.50840121613963485,0.36809816661453515,15.000000,0.18474164088840633,0.50686901228840675,0.45809019746438401,0.89791494181206422,0.36467401589227139,0.97999999999999998,0.22520474074954863,0.18404908330726757,0.15644172081117744,0.23926380829944785,0.26000000000000001,0.34999999999999998,0.18556092002626354,0.36809816661453515,623708.24159396346658468,3.17718451375740463,0.00000000000000000,0.01969122049639327,3.71192639999999940,0.53101176369911995,0.00151183671899596,0.00000000000000000,0.57262222632010262,0.00000000000000000,229664.88076461947639473
2026093100,5,0.25000000000000000,0.50000000000000000,2500000.00000000000000000,0.36809816661453515,0.50840121613963485,0.36809816661453515,30.000000,0.17213224202379629,0.50686901228840675,0.45263215467207718,0.89791494181206422,0.36504882310800429,0.97999999999999998,0.22531950094275330,0.18493658385466158,0.15705400421821056,0.23970184379376108,0.26045122076836308,0.35033095001073877,0.18705990232496308,0.36809816661453515,502452.94299436250003055,5.89666231225574755,0.00000000000000000,0.03873056586100254,7.42385279999999881,1.51653748334517102,0.00301081901769552,0.00000000000000000,0.56386071570820495,0.00000000000000000,229877.15585706764250062
2026093100,5,0.25000000000000000,0.50000000000000000,2500000.00000000000000000,0.36809816661453515,0.50840121613963485,0.36809816661453515,45.000000,0.17280222663160510,0.50686901228840675,0.45263215467207718,0.89791494181206422,0.36507503180277578,0.97999999999999998,0.22547937398085946,0.18493658385466158,0.15705400421821056,0.23970184379376108,0.26045122076836308,0.35033095001073877,0.18854009899436275,0.36809816661453515,501158.69089689641259611,8.22437084303265564,0.00000000000000000,0.05719078369783226,11.13577919999999821,2.89109966182866174,0.00449101568709518,0.00000000000000000,0.55650880813389503,0.00000000000000000,229877.15585706764250062
2026093100,5,0.25000000000000000,0.50000000000000000,2500000.00000000000000000,0.36809816661453515,0.50840121613963485,0.36809816661453515,60.000000,0.16082916712113052,0.50686901228840675,0.44782517764136781,0.89791494181206422,0.36546944909507911,0.97999999999999998,0.22567767091274718,0.18583767746844351,0.15767650408502965,0.24014678723464467,0.26090998384507336,0.35066837811964285,0.19000989114434755,0.36809816661453515,379997.75111831637332216,10.21674857350850552,0.00000000000000000,0.07513180471251613,14.84770559999999762,4.59865352147946549,0.00596080783707998,0.00000000000000000,0.55037207944008149,0.00000000000000000,230089.75645327154779807
2026093100,5,0.25000000000000000,1.00000000000000000,2500000.00000000000000000,0.36809816661453515,0.50840121613963485,0.36809816661453515,0.000000,0.36809816661453515,0.50686901228840675,0.45809019746438401,0.89791494181206422,0.50840121613963485,0.97999999999999998,0.22619219104482752,0.36809816661453515,0.31288344162235487,0.23926380829944785,0.52000000000000002,0.69999999999999996,0.36809816661453515,0.36809816661453515,625000.00000000000000000,0.00000000000000000,0.00000000000000000,0.00000000000000000,0.00000000000000000,0.00000000000000000,0.00000000000000000,0.00000000000000000,0.58299999999999996,0.00000000000000000,229664.88076461947639473
2026093100,5,0.25000000000000000,1.00000000000000000,2500000.00000000000000000,0.36809816661453515,0.50840121613963485,0.36809816661453515,15.000000,0.36809816661453515,0.50686901228840675,0.45809019746438401,0.89791494181206422,0.51004765688811982,0.97999999999999998,0.23623547961058541,0.36809816661453515,0.31288344162235487,0.23926380829944785,0.52000000000000002,0.69999999999999996,0.36809816661453515,0.36809816661453515,623781.42119500553235412,3.17718451375740463,0.53101176369911995,0.03891223193145321,3.71192639999999940,0.00000000000000000,0.00000000000000000,0.00000000000000000,0.57656261798591946,0.00000000000000000,229664.88076461947639473
2026093100,5,0.25000000000000000,1.00000000000000000,2500000.00000000000000000,0.36809816661453515,0.50840121613963485,0.36809816661453515,30.000000,0.35498401549107245,0.50686901228840675,0.45263215467207718,0.89791494181206422,0.51075135387149939,0.97999999999999998,0.23623547961058541,0.36986714767926449,0.31408878734842155,0.24012577850452516,0.52088814460748889,0.70065192042618052,0.36809816661453515,0.36809816661453515,502604.23736903013195843,5.89666231225574755,1.51283338048436433,0.07561914774799083,7.42385279999999881,0.00000000000000000,0.00000000000000000,0.00000000000000000,0.57105260829276472,0.00000000000000000,229881.09295862878207117
2026093100,5,0.25000000000000000,1.00000000000000000,2500000.00000000000000000,0.36809816661453515,0.50840121613963485,0.36809816661453515,45.000000,0.35498401549107245,0.50686901228840675,0.45263215467207718,0.89791494181206422,0.51075135387149939,0.97999999999999998,0.23623547961058541,0.36986714767926449,0.31408878734842155,0.24012577850452516,0.52088814460748889,0.70065192042618052,0.36809816661453515,0.36809816661453515,501391.88931644795229658,8.22437084303265564,2.87684270338977921,0.11026693101742102,11.13577919999999821,0.00000000000000000,0.00000000000000000,0.00000000000000000,0.56633637322200892,0.00000000000000000,229881.09295862878207117
2026093100,5,0.25000000000000000,1.00000000000000000,2500000.00000000000000000,0.36809816661453515,0.50840121613963485,0.36809816661453515,60.000000,0.34254614583866250,0.50686901228840675,0.44782517764136781,0.89791494181206422,0.51145716551296994,0.97999999999999998,0.23623547961058541,0.37163801914625394,0.31529792169294057,0.24098774870960246,0.52177839532486348,0.70131005863484630,0.36809816661453515,0.36809816661453515,380316.29750904667889699,10.21674857350850552,4.56432898259098163,0.14298847038066753,14.84770559999999762,0.00000000000000000,0.00000000000000000,0.00000000000000000,0.56229956122324598,0.00000000000000000,230097.50870014034444466
2026093100,5,0.50000000000000000,0.10000000000000001,2500000.00000000000000000,0.36809816661453515,0.50840121613963485,0.36809816661453515,0.000000,0.03680981666145352,0.50686901228840675,0.45809019746438401,0.89791494181206422,0.24998363447003671,0.97999999999999998,0.22619219104482752,0.03680981666145352,0.03128834416223549,0.23926380829944785,0.05200000000000000,0.06999999999999999,0.03680981666145352,0.36809816661453515,1250000.00000000000000000,0.00000000000000000,0.00000000000000000,0.00000000000000000,0.00000000000000000,0.00000000000000000,0.00000000000000000,0.00000000000000000,0.58299999999999996,0.00000000000000000,229664.88076461947639473
2026093100,5,0.50000000000000000,0.10000000000000001,2500000.00000000000000000,0.36809816661453515,0.50840121613963485,0.36809816661453515,15.000000,0.03784840646996690,0.50686901228840675,0.45809019746438401,0.89791494181206422,0.24738671277301805,0.97999999999999998,0.21035096869301356,0.03680981666145352,0.03128834416223549,0.23926380829944785,0.05200000000000000,0.06999999999999999,0.03907703349836068,0.36809816661453515,1248674.86164870555512607,3.17718451375740463,0.00000000000000000,0.00405760152145926,3.71192639999999940,0.53101176369911995,0.00226721683690716,0.00000000000000000,0.56964025703768806,0.00000000000000000,229664.88076461947639473
2026093100,5,0.50000000000000000,0.10000000000000001,2500000.00000000000000000,0.36809816661453515,0.50840121613963485,0.36809816661453515,30.000000,0.02545507765897228,0.50686901228840675,0.45263215467207718,0.89791494181206422,0.24748617932151565,0.97999999999999998,0.21048036044953847,0.03700388887906186,0.03142331123629563,0.23936059314823421,0.05209954956856390,0.07007268540218393,0.04133127245521308,0.36809816661453515,1127386.14841156429611146,5.89666231225574755,0.00000000000000000,0.00816734701178312,7.42385279999999881,1.51653748334517102,0.00452145579375956,0.00000000000000000,0.55879884587081996,0.00000000000000000,229871.80377595976460725
2026093100,5,0.50000000000000000,0.10000000000000001,2500000.00000000000000000,0.36809816661453515,0.50840121613963485,0.36809816661453515,45.000000,0.02646439923113164,0.50686901228840675,0.45263215467207718,0.89791494181206422,0.24751572954235454,0.97999999999999998,0.21066061679665563,0.03700388887906186,0.03142331123629563,0.23936059314823421,0.05209954956856390,0.07007268540218393,0.04356116611553111,0.36809816661453515,1126058.76750394888222218,8.22437084303265564,0.00000000000000000,0.01236790249994274,11.13577919999999821,2.89109966182866174,0.00675134945407760,0.00000000000000000,0.55021658044821609,0.00000000000000000,229871.80377595976460725
2026093100,5,0.50000000000000000,0.10000000000000001,2500000.00000000000000000,0.36809816661453515,0.50840121613963485,0.36809816661453515,60.000000,0.01468752604156378,0.50686901228840675,0.44782517764136781,0.89791494181206422,0.24763821051239751,0.97999999999999998,0.21088419596303690,0.03721858060700931,0.03157088229028889,0.23946779850207056,0.05220894331850130,0.07015061635080408,0.04578127406953553,0.36809816661453515,1004850.10962626512628049,10.21674857350850552,0.00000000000000000,0.01669066407994349,14.84770559999999762,4.59865352147946549,0.00897145740808202,0.00000000000000000,0.54353774795186371,0.00000000000000000,230079.05900428586755879
2026093100,5,0.50000000000000000,0.29999999999999999,2500000.00000000000000000,0.36809816661453515,0.50840121613963485,0.36809816661453515,0.000000,0.11042944998436054,0.50686901228840675,0.45809019746438401,0.89791494181206422,0.30740976372994744,0.97999999999999998,0.22619219104482752,0.11042944998436054,0.09386503248670645,0.23926380829944785,0.15600000000000000,0.20999999999999999,0.11042944998436054,0.36809816661453515,1250000.00000000000000000,0.00000000000000000,0.00000000000000000,0.00000000000000000,0.00000000000000000,0.00000000000000000,0.00000000000000000,0.00000000000000000,0.58299999999999996,0.00000000000000000,229664.88076461947639473
2026093100,5,0.50000000000000000,0.29999999999999999,2500000.00000000000000000,0.36809816661453515,0.50840121613963485,0.36809816661453515,15.000000,0.11131804851247840,0.50686901228840675,0.45809019746438401,0.89791494181206422,0.30606687904787888,0.97999999999999998,0.21800059448420922,0.11042944998436054,0.09386503248670645,0.23926380829944785,0.15600000000000000,0.20999999999999999,0.11236923942547154,0.36809816661453515,1248689.33053435478359461,3.17718451375740463,0.00000000000000000,0.01189855670143192,3.71192639999999940,0.53101176369911995,0.00193978944111100,0.00000000000000000,0.57106505400933061,0.00000000000000000,229664.88076461947639473
2026093100,5,0.50000000000000000,0.29999999999999999,2500000.00000000000000000,0.36809816661453515,0.50840121613963485,0.36809816661453515,30.000000,0.09883740629537806,0.50686901228840675,0.45263215467207718,0.89791494181206422,0.30630393105091447,0.97999999999999998,0.21812245105144251,0.11096892011275875,0.09423897471061252,0.23953145101317944,0.15627562094536954,0.21020198228432724,0.11429489285363689,0.36809816661453515,1127415.15698447404429317,5.89666231225574755,0.00000000000000000,0.02355049712673352,7.42385279999999881,1.51653748334517102,0.00386544286927635,0.00000000000000000,0.56105980355419105,0.00000000000000000,229874.56007365463301539
2026093100,5,0.50000000000000000,0.29999999999999999,2500000.00000000000000000,0.36809816661453515,0.50840121613963485,0.36809816661453515,45.000000,0.09969875475300617,0.50686901228840675,0.45263215467207718,0.89791494181206422,0.30633176040086013,0.97999999999999998,0.21829221008611091,0.11096892011275875,0.09423897471061252,0.23953145101317944,0.15627562094536954,0.21020198228432724,0.11619786958371948,0.36809816661453515,1126102.22240523900836706,8.22437084303265564,0.00000000000000000,0.03500788699965018,11.13577919999999821,2.89109966182866174,0.00576841959935895,0.00000000000000000,0.55275298836560394,0.00000000000000000,229874.56007365463301539
2026093100,5,0.50000000000000000,0.29999999999999999,2500000.00000000000000000,0.36809816661453515,0.50840121613963485,0.36809816661453515,60.000000,0.08784311993466153,0.50686901228840675,0.44782517764136781,0.89791494181206422,0.30659024957576270,0.97999999999999998,0.21850276901545712,0.11152574389272464,0.09462463094320661,0.23980798003165371,0.15656016088477176,0.21040998527907648,0.11808972527880797,0.36809816661453515,1004908.11006107728462666,10.21674857350850552,0.00000000000000000,0.04631291758443329,14.84770559999999762,4.59865352147946549,0.00766027529444744,0.00000000000000000,0.54591144735579378,0.00000000000000000,230084.56811133516021073
2026093100,5,0.50000000000000000,0.50000000000000000,2500000.00000000000000000,0.36809816661453515,0.50840121613963485,0.36809816661453515,0.000000,0.18404908330726757,0.50686901228840675,0.45809019746438401,0.89791494181206422,0.36483589298985808,0.97999999999999998,0.22619219104482752,0.18404908330726757,0.15644172081117744,0.23926380829944785,0.26000000000000001,0.34999999999999998,0.18404908330726757,0.36809816661453515,1250000.00000000000000000,0.00000000000000000,0.00000000000000000,0.00000000000000000,0.00000000000000000,0.00000000000000000,0.00000000000000000,0.00000000000000000,0.58299999999999996,0.00000000000000000,229664.88076461947639473
2026093100,5,0.50000000000000000,0.50000000000000000,2500000.00000000000000000,0.36809816661453515,0.50840121613963485,0.36809816661453515,15.000000,0.18474164088840633,0.50686901228840675,0.45809019746438401,0.89791494181206422,0.36467401589227139,0.97999999999999998,0.22520474074954863,0.18404908330726757,0.15644172081117744,0.23926380829944785,0.26000000000000001,0.34999999999999998,0.18556092002626354,0.36809816661453515,1248708.24159396393224597,3.17718451375740463,0.00000000000000000,0.01969122049639327,3.71192639999999940,0.53101176369911995,0.00151183671899596,0.00000000000000000,0.57262222632010262,0.00000000000000000,229664.88076461947639473
2026093100,5,0.50000000000000000,0.50000000000000000,2500000.00000000000000000,0.36809816661453515,0.50840121613963485,0.36809816661453515,30.000000,0.17213224202379629,0.50686901228840675,0.45263215467207718,0.89791494181206422,0.36504882310800429,0.97999999999999998,0.22531950094275330,0.18493658385466158,0.15705400421821056,0.23970184379376108,0.26045122076836308,0.35033095001073877,0.18705990232496308,0.36809816661453515,1127452.94299436314031482,5.89666231225574755,0.00000000000000000,0.03873056586100254,7.42385279999999881,1.51653748334517102,0.00301081901769552,0.00000000000000000,0.56386071570820495,0.00000000000000000,229877.15585706764250062
2026093100,5,0.50000000000000000,0.50000000000000000,2500000.00000000000000000,0.36809816661453515,0.50840121613963485,0.36809816661453515,45.000000,0.17280222663160510,0.50686901228840675,0.45263215467207718,0.89791494181206422,0.36507503180277578,0.97999999999999998,0.22547937398085946,0.18493658385466158,0.15705400421821056,0.23970184379376108,0.26045122076836308,0.35033095001073877,0.18854009899436275,0.36809816661453515,1126158.69089689757674932,8.22437084303265564,0.00000000000000000,0.05719078369783226,11.13577919999999821,2.89109966182866174,0.00449101568709518,0.00000000000000000,0.55650880813389503,0.00000000000000000,229877.15585706764250062
2026093100,5,0.50000000000000000,0.50000000000000000,2500000.00000000000000000,0.36809816661453515,0.50840121613963485,0.36809816661453515,60.000000,0.16082916712113052,0.50686901228840675,0.44782517764136781,0.89791494181206422,0.36546944909507911,0.97999999999999998,0.22567767091274718,0.18583767746844351,0.15767650408502965,0.24014678723464467,0.26090998384507336,0.35066837811964285,0.19000989114434755,0.36809816661453515,1004983.26865991274826229,10.21674857350850552,0.00000000000000000,0.07513180471251613,14.84770559999999762,4.59865352147946549,0.00596080783707998,0.00000000000000000,0.55037207944008149,0.00000000000000000,230089.75645327154779807
2026093100,5,0.50000000000000000,1.00000000000000000,2500000.00000000000000000,0.36809816661453515,0.50840121613963485,0.36809816661453515,0.000000,0.36809816661453515,0.50686901228840675,0.45809019746438401,0.89791494181206422,0.50840121613963485,0.97999999999999998,0.22619219104482752,0.36809816661453515,0.31288344162235487,0.23926380829944785,0.52000000000000002,0.69999999999999996,0.36809816661453515,0.36809816661453515,1250000.00000000000000000,0.00000000000000000,0.00000000000000000,0.00000000000000000,0.00000000000000000,0.00000000000000000,0.00000000000000000,0.00000000000000000,0.58299999999999996,0.00000000000000000,229664.88076461947639473
2026093100,5,0.50000000000000000,1.00000000000000000,2500000.00000000000000000,0.36809816661453515,0.50840121613963485,0.36809816661453515,15.000000,0.36809816661453515,0.50686901228840675,0.45809019746438401,0.89791494181206422,0.51004765688811982,0.97999999999999998,0.23623547961058541,0.36809816661453515,0.31288344162235487,0.23926380829944785,0.52000000000000002,0.69999999999999996,0.36809816661453515,0.36809816661453515,1248781.42119500623084605,3.17718451375740463,0.53101176369911995,0.03891223193145321,3.71192639999999940,0.00000000000000000,0.00000000000000000,0.00000000000000000,0.57656261798591946,0.00000000000000000,229664.88076461947639473
2026093100,5,0.50000000000000000,1.00000000000000000,2500000.00000000000000000,0.36809816661453515,0.50840121613963485,0.36809816661453515,30.000000,0.35498401549107245,0.50686901228840675,0.45263215467207718,0.89791494181206422,0.51075135387149939,0.97999999999999998,0.23623547961058541,0.36986714767926449,0.31408878734842155,0.24012577850452516,0.52088814460748889,0.70065192042618052,0.36809816661453515,0.36809816661453515,1127604.23736903094686568,5.89666231225574755,1.51283338048436433,0.07561914774799083,7.42385279999999881,0.00000000000000000,0.00000000000000000,0.00000000000000000,0.57105260829276472,0.00000000000000000,229881.09295862878207117
2026093100,5,0.50000000000000000,1.00000000000000000,2500000.00000000000000000,0.36809816661453515,0.50840121613963485,0.36809816661453515,45.000000,0.35498401549107245,0.50686901228840675,0.45263215467207718,0.89791494181206422,0.51075135387149939,0.97999999999999998,0.23623547961058541,0.36986714767926449,0.31408878734842155,0.24012577850452516,0.52088814460748889,0.70065192042618052,0.36809816661453515,0.36809816661453515,1126391.88931644940748811,8.22437084303265564,2.87684270338977921,0.11026693101742102,11.13577919999999821,0.00000000000000000,0.00000000000000000,0.00000000000000000,0.56633637322200892,0.00000000000000000,229881.09295862878207117
2026093100,5,0.50000000000000000,1.00000000000000000,2500000.00000000000000000,0.36809816661453515,0.50840121613963485,0.36809816661453515,60.000000,0.34254614583866250,0.50686901228840675,0.44782517764136781,0.89791494181206422,0.51145716551296994,0.97999999999999998,0.23623547961058541,0.37163801914625394,0.31529792169294057,0.24098774870960246,0.52177839532486348,0.70131005863484630,0.36809816661453515,0.36809816661453515,1005302.00241584167815745,10.21674857350850552,4.56432898259098163,0.14298847038066753,14.84770559999999762,0.00000000000000000,0.00000000000000000,0.00000000000000000,0.56229956122324598,0.00000000000000000,230097.50870014034444466
2026093100,5,1.00000000000000000,0.10000000000000001,2500000.00000000000000000,0.36809816661453515,0.50840121613963485,0.36809816661453515,0.000000,0.03680981666145352,0.50686901228840675,0.45809019746438401,0.89791494181206422,0.24998363447003671,0.97999999999999998,0.22619219104482752,0.03680981666145352,0.03128834416223549,0.23926380829944785,0.05200000000000000,0.06999999999999999,0.03680981666145352,0.36809816661453515,2500000.00000000000000000,0.00000000000000000,0.00000000000000000,0.00000000000000000,0.00000000000000000,0.00000000000000000,0.00000000000000000,0.00000000000000000,0.58299999999999996,0.00000000000000000,229664.88076461947639473
2026093100,5,1.00000000000000000,0.10000000000000001,2500000.00000000000000000,0.36809816661453515,0.50840121613963485,0.36809816661453515,15.000000,0.03784840646996690,0.50686901228840675,0.45809019746438401,0.89791494181206422,0.24738671277301805,0.97999999999999998,0.21035096869301356,0.03680981666145352,0.03128834416223549,0.23926380829944785,0.05200000000000000,0.06999999999999999,0.03907703349836068,0.36809816661453515,2498674.86164870532229543,3.17718451375740463,0.00000000000000000,0.00405760152145926,3.71192639999999940,0.53101176369911995,0.00226721683690716,0.00000000000000000,0.56964025703768806,0.00000000000000000,229664.88076461947639473
2026093100,5,1.00000000000000000,0.10000000000000001,2500000.00000000000000000,0.36809816661453515,0.50840121613963485,0.36809816661453515,30.000000,0.02545507765897228,0.50686901228840675,0.45263215467207718,0.89791494181206422,0.24748617932151565,0.97999999999999998,0.21048036044953847,0.03700388887906186,0.03142331123629563,0.23936059314823421,0.05209954956856390,0.07007268540218393,0.04133127245521308,0.36809816661453515,2377386.14841156406328082,5.89666231225574755,0.00000000000000000,0.00816734701178312,7.42385279999999881,1.51653748334517102,0.00452145579375956,0.00000000000000000,0.55879884587081996,0.00000000000000000,229871.80377595976460725
2026093100,5,1.00000000000000000,0.10000000000000001,2500000.00000000000000000,0.36809816661453515,0.50840121613963485,0.36809816661453515,45.000000,0.02646439923113164,0.50686901228840675,0.45263215467207718,0.89791494181206422,0.24751572954235454,0.97999999999999998,0.21066061679665563,0.03700388887906186,0.03142331123629563,0.23936059314823421,0.05209954956856390,0.07007268540218393,0.04356116611553111,0.36809816661453515,2376058.76750394888222218,8.22437084303265564,0.00000000000000000,0.01236790249994274,11.13577919999999821,2.89109966182866174,0.00675134945407760,0.00000000000000000,0.55021658044821609,0.00000000000000000,229871.80377595976460725
2026093100,5,1.00000000000000000,0.10000000000000001,2500000.00000000000000000,0.36809816661453515,0.50840121613963485,0.36809816661453515,60.000000,0.01468752604156378,0.50686901228840675,0.44782517764136781,0.89791494181206422,0.24763821051239751,0.97999999999999998,0.21088419596303690,0.03721858060700931,0.03157088229028889,0.23946779850207056,0.05220894331850130,0.07015061635080408,0.04578127406953553,0.36809816661453515,2254850.10962626338005066,10.21674857350850552,0.00000000000000000,0.01669066407994349,14.84770559999999762,4.59865352147946549,0.00897145740808202,0.00000000000000000,0.54353774795186371,0.00000000000000000,230079.05900428586755879
2026093100,5,1.00000000000000000,0.29999999999999999,2500000.00000000000000000,0.36809816661453515,0.50840121613963485,0.36809816661453515,0.000000,0.11042944998436054,0.50686901228840675,0.45809019746438401,0.89791494181206422,0.30740976372994744,0.97999999999999998,0.22619219104482752,0.11042944998436054,0.09386503248670645,0.23926380829944785,0.15600000000000000,0.20999999999999999,0.11042944998436054,0.36809816661453515,2500000.00000000000000000,0.00000000000000000,0.00000000000000000,0.00000000000000000,0.00000000000000000,0.00000000000000000,0.00000000000000000,0.00000000000000000,0.58299999999999996,0.00000000000000000,229664.88076461947639473
2026093100,5,1.00000000000000000,0.29999999999999999,2500000.00000000000000000,0.36809816661453515,0.50840121613963485,0.36809816661453515,15.000000,0.11131804851247840,0.50686901228840675,0.45809019746438401,0.89791494181206422,0.30606687904787888,0.97999999999999998,0.21800059448420922,0.11042944998436054,0.09386503248670645,0.23926380829944785,0.15600000000000000,0.20999999999999999,0.11236923942547154,0.36809816661453515,2498689.33053435478359461,3.17718451375740463,0.00000000000000000,0.01189855670143192,3.71192639999999940,0.53101176369911995,0.00193978944111100,0.00000000000000000,0.57106505400933061,0.00000000000000000,229664.88076461947639473
2026093100,5,1.00000000000000000,0.29999999999999999,2500000.00000000000000000,0.36809816661453515,0.50840121613963485,0.36809816661453515,30.000000,0.09883740629537806,0.50686901228840675,0.45263215467207718,0.89791494181206422,0.30630393105091447,0.97999999999999998,0.21812245105144251,0.11096892011275875,0.09423897471061252,0.23953145101317944,0.15627562094536954,0.21020198228432724,0.11429489285363689,0.36809816661453515,2377415.15698447404429317,5.89666231225574755,0.00000000000000000,0.02355049712673352,7.42385279999999881,1.51653748334517102,0.00386544286927635,0.00000000000000000,0.56105980355419105,0.00000000000000000,229874.56007365463301539
2026093100,5,1.00000000000000000,0.29999999999999999,2500000.00000000000000000,0.36809816661453515,0.50840121613963485,0.36809816661453515,45.000000,0.09969875475300617,0.50686901228840675,0.45263215467207718,0.89791494181206422,0.30633176040086013,0.97999999999999998,0.21829221008611091,0.11096892011275875,0.09423897471061252,0.23953145101317944,0.15627562094536954,0.21020198228432724,0.11619786958371948,0.36809816661453515,2376102.22240523900836706,8.22437084303265564,0.00000000000000000,0.03500788699965018,11.13577919999999821,2.89109966182866174,0.00576841959935895,0.00000000000000000,0.55275298836560394,0.00000000000000000,229874.56007365463301539
2026093100,5,1.00000000000000000,0.29999999999999999,2500000.00000000000000000,0.36809816661453515,0.50840121613963485,0.36809816661453515,60.000000,0.08784311993466153,0.50686901228840675,0.44782517764136781,0.89791494181206422,0.30659024957576270,0.97999999999999998,0.21850276901545712,0.11152574389272464,0.09462463094320661,0.23980798003165371,0.15656016088477176,0.21040998527907648,0.11808972527880797,0.36809816661453515,2254908.11006107646971941,10.21674857350850552,0.00000000000000000,0.04631291758443329,14.84770559999999762,4.59865352147946549,0.00766027529444744,0.00000000000000000,0.54591144735579378,0.00000000000000000,230084.56811133516021073
2026093100,5,1.00000000000000000,0.50000000000000000,2500000.00000000000000000,0.36809816661453515,0.50840121613963485,0.36809816661453515,0.000000,0.18404908330726757,0.50686901228840675,0.45809019746438401,0.89791494181206422,0.36483589298985808,0.97999999999999998,0.22619219104482752,0.18404908330726757,0.15644172081117744,0.23926380829944785,0.26000000000000001,0.34999999999999998,0.18404908330726757,0.36809816661453515,2500000.00000000000000000,0.00000000000000000,0.00000000000000000,0.00000000000000000,0.00000000000000000,0.00000000000000000,0.00000000000000000,0.00000000000000000,0.58299999999999996,0.00000000000000000,229664.88076461947639473
2026093100,5,1.00000000000000000,0.50000000000000000,2500000.00000000000000000,0.36809816661453515,0.50840121613963485,0.36809816661453515,15.000000,0.18474164088840633,0.50686901228840675,0.45809019746438401,0.89791494181206422,0.36467401589227139,0.97999999999999998,0.22520474074954863,0.18404908330726757,0.15644172081117744,0.23926380829944785,0.26000000000000001,0.34999999999999998,0.18556092002626354,0.36809816661453515,2498708.24159396393224597,3.17718451375740463,0.00000000000000000,0.01969122049639327,3.71192639999999940,0.53101176369911995,0.00151183671899596,0.00000000000000000,0.57262222632010262,0.00000000000000000,229664.88076461947639473
2026093100,5,1.00000000000000000,0.50000000000000000,2500000.00000000000000000,0.36809816661453515,0.50840121613963485,0.36809816661453515,30.000000,0.17213224202379629,0.50686901228840675,0.45263215467207718,0.89791494181206422,0.36504882310800429,0.97999999999999998,0.22531950094275330,0.18493658385466158,0.15705400421821056,0.23970184379376108,0.26045122076836308,0.35033095001073877,0.18705990232496308,0.36809816661453515,2377452.94299436267465353,5.89666231225574755,0.00000000000000000,0.03873056586100254,7.42385279999999881,1.51653748334517102,0.00301081901769552,0.00000000000000000,0.56386071570820495,0.00000000000000000,229877.15585706764250062
2026093100,5,1.00000000000000000,0.50000000000000000,2500000.00000000000000000,0.36809816661453515,0.50840121613963485,0.36809816661453515,45.000000,0.17280222663160510,0.50686901228840675,0.45263215467207718,0.89791494181206422,0.36507503180277578,0.97999999999999998,0.22547937398085946,0.18493658385466158,0.15705400421821056,0.23970184379376108,0.26045122076836308,0.35033095001073877,0.18854009899436275,0.36809816661453515,2376158.69089689711108804,8.22437084303265564,0.00000000000000000,0.05719078369783226,11.13577919999999821,2.89109966182866174,0.00449101568709518,0.00000000000000000,0.55650880813389503,0.00000000000000000,229877.15585706764250062
2026093100,5,1.00000000000000000,0.50000000000000000,2500000.00000000000000000,0.36809816661453515,0.50840121613963485,0.36809816661453515,60.000000,0.16082916712113052,0.50686901228840675,0.44782517764136781,0.89791494181206422,0.36546944909507911,0.97999999999999998,0.22567767091274718,0.18583767746844351,0.15767650408502965,0.24014678723464467,0.26090998384507336,0.35066837811964285,0.19000989114434755,0.36809816661453515,2254983.26865991251543164,10.21674857350850552,0.00000000000000000,0.07513180471251613,14.84770559999999762,4.59865352147946549,0.00596080783707998,0.00000000000000000,0.55037207944008149,0.00000000000000000,230089.75645327154779807
2026093100,5,1.00000000000000000,1.00000000000000000,2500000.00000000000000000,0.36809816661453515,0.50840121613963485,0.36809816661453515,0.000000,0.36809816661453515,0.50686901228840675,0.45809019746438401,0.89791494181206422,0.50840121613963485,0.97999999999999998,0.22619219104482752,0.36809816661453515,0.31288344162235487,0.23926380829944785,0.52000000000000002,0.69999999999999996,0.36809816661453515,0.36809816661453515,2500000.00000000000000000,0.00000000000000000,0.00000000000000000,0.00000000000000000,0.00000000000000000,0.00000000000000000,0.00000000000000000,0.00000000000000000,0.58299999999999996,0.00000000000000000,229664.88076461947639473
2026093100,5,1.00000000000000000,1.00000000000000000,2500000.00000000000000000,0.36809816661453515,0.50840121613963485,0.36809816661453515,15.000000,0.36809816661453515,0.50686901228840675,0.45809019746438401,0.89791494181206422,0.51004765688811982,0.97999999999999998,0.23623547961058541,0.36809816661453515,0.31288344162235487,0.23926380829944785,0.52000000000000002,0.69999999999999996,0.36809816661453515,0.36809816661453515,2498781.42119500599801540,3.17718451375740463,0.53101176369911995,0.03891223193145321,3.71192639999999940,0.00000000000000000,0.00000000000000000,0.00000000000000000,0.57656261798591946,0.00000000000000000,229664.88076461947639473
2026093100,5,1.00000000000000000,1.00000000000000000,2500000.00000000000000000,0.36809816661453515,0.50840121613963485,0.36809816661453515,30.000000,0.35498401549107245,0.50686901228840675,0.45263215467207718,0.89791494181206422,0.51075135387149939,0.97999999999999998,0.23623547961058541,0.36986714767926449,0.31408878734842155,0.24012577850452516,0.52088814460748889,0.70065192042618052,0.36809816661453515,0.36809816661453515,2377604.23736903117969632,5.89666231225574755,1.51283338048436433,0.07561914774799083,7.42385279999999881,0.00000000000000000,0.00000000000000000,0.00000000000000000,0.57105260829276472,0.00000000000000000,229881.09295862878207117
2026093100,5,1.00000000000000000,1.00000000000000000,2500000.00000000000000000,0.36809816661453515,0.50840121613963485,0.36809816661453515,45.000000,0.35498401549107245,0.50686901228840675,0.45263215467207718,0.89791494181206422,0.51075135387149939,0.97999999999999998,0.23623547961058541,0.36986714767926449,0.31408878734842155,0.24012577850452516,0.52088814460748889,0.70065192042618052,0.36809816661453515,0.36809816661453515,2376391.88931644940748811,8.22437084303265564,2.87684270338977921,0.11026693101742102,11.13577919999999821,0.00000000000000000,0.00000000000000000,0.00000000000000000,0.56633637322200892,0.00000000000000000,229881.09295862878207117
2026093100,5,1.00000000000000000,1.00000000000000000,2500000.00000000000000000,0.36809816661453515,0.50840121613963485,0.36809816661453515,60.000000,0.34254614583866250,0.50686901228840675,0.44782517764136781,0.89791494181206422,0.51145716551296994,0.97999999999999998,0.23623547961058541,0.37163801914625394,0.31529792169294057,0.24098774870960246,0.52177839532486348,0.70131005863484630,0.36809816661453515,0.36809816661453515,2255302.00241584051400423,10.21674857350850552,4.56432898259098163,0.14298847038066753,14.84770559999999762,0.00000000000000000,0.00000000000000000,0.00000000000000000,0.56229956122324598,0.00000000000000000,230097.50870014034444466
2026093100,5,2.00000000000000000,0.10000000000000001,2500000.00000000000000000,0.36809816661453515,0.50840121613963485,0.36809816661453515,0.000000,0.03680981666145352,0.50686901228840675,0.45809019746438401,0.89791494181206422,0.24998363447003671,0.97999999999999998,0.22619219104482752,0.03680981666145352,0.03128834416223549,0.23926380829944785,0.05200000000000000,0.06999999999999999,0.03680981666145352,0.36809816661453515,5000000.00000000000000000,0.00000000000000000,0.00000000000000000,0.00000000000000000,0.00000000000000000,0.00000000000000000,0.00000000000000000,0.00000000000000000,0.58299999999999996,0.00000000000000000,229664.88076461947639473
2026093100,5,2.00000000000000000,0.10000000000000001,2500000.00000000000000000,0.36809816661453515,0.50840121613963485,0.36809816661453515,15.000000,0.03784840646996690,0.50686901228840675,0.45809019746438401,0.89791494181206422,0.24738671277301805,0.97999999999999998,0.21035096869301356,0.03680981666145352,0.03128834416223549,0.23926380829944785,0.05200000000000000,0.06999999999999999,0.03907703349836068,0.36809816661453515,4998674.86164869926869869,3.17718451375740463,0.00000000000000000,0.00405760152145926,3.71192639999999940,0.53101176369911995,0.00226721683690716,0.00000000000000000,0.56964025703768806,0.00000000000000000,229664.88076461947639473
2026093100,5,2.00000000000000000,0.10000000000000001,2500000.00000000000000000,0.36809816661453515,0.50840121613963485,0.36809816661453515,30.000000,0.02545507765897228,0.50686901228840675,0.45263215467207718,0.89791494181206422,0.24748617932151565,0.97999999999999998,0.21048036044953847,0.03700388887906186,0.03142331123629563,0.23936059314823421,0.05209954956856390,0.07007268540218393,0.04133127245521308,0.36809816661453515,4877386.14841155335307121,5.89666231225574755,0.00000000000000000,0.00816734701178312,7.42385279999999881,1.51653748334517102,0.00452145579375956,0.00000000000000000,0.55879884587081996,0.00000000000000000,229871.80377595976460725
2026093100,5,2.00000000000000000,0.10000000000000001,2500000.00000000000000000,0.36809816661453515,0.50840121613963485,0.36809816661453515,45.000000,0.02646439923113164,0.50686901228840675,0.45263215467207718,0.89791494181206422,0.24751572954235454,0.97999999999999998,0.21066061679665563,0.03700388887906186,0.03142331123629563,0.23936059314823421,0.05209954956856390,0.07007268540218393,0.04356116611553111,0.36809816661453515,4876058.76750393677502871,8.22437084303265564,0.00000000000000000,0.01236790249994274,11.13577919999999821,2.89109966182866174,0.00675134945407760,0.00000000000000000,0.55021658044821609,0.00000000000000000,229871.80377595976460725
2026093100,5,2.00000000000000000,0.10000000000000001,2500000.00000000000000000,0.36809816661453515,0.50840121613963485,0.36809816661453515,60.000000,0.01468752604156378,0.50686901228840675,0.44782517764136781,0.89791494181206422,0.24763821051239751,0.97999999999999998,0.21088419596303690,0.03721858060700931,0.03157088229028889,0.23946779850207056,0.05220894331850130,0.07015061635080408,0.04578127406953553,0.36809816661453515,4754850.10962625313550234,10.21674857350850552,0.00000000000000000,0.01669066407994349,14.84770559999999762,4.59865352147946549,0.00897145740808202,0.00000000000000000,0.54353774795186371,0.00000000000000000,230079.05900428586755879
2026093100,5,2.00000000000000000,0.29999999999999999,2500000.00000000000000000,0.36809816661453515,0.50840121613963485,0.36809816661453515,0.000000,0.11042944998436054,0.50686901228840675,0.45809019746438401,0.89791494181206422,0.30740976372994744,0.97999999999999998,0.22619219104482752,0.11042944998436054,0.09386503248670645,0.23926380829944785,0.15600000000000000,0.20999999999999999,0.11042944998436054,0.36809816661453515,5000000.00000000000000000,0.00000000000000000,0.00000000000000000,0.00000000000000000,0.00000000000000000,0.00000000000000000,0.00000000000000000,0.00000000000000000,0.58299999999999996,0.00000000000000000,229664.88076461947639473
2026093100,5,2.00000000000000000,0.29999999999999999,2500000.00000000000000000,0.36809816661453515,0.50840121613963485,0.36809816661453515,15.000000,0.11131804851247840,0.50686901228840675,0.45809019746438401,0.89791494181206422,0.30606687904787888,0.97999999999999998,0.21800059448420922,0.11042944998436054,0.09386503248670645,0.23926380829944785,0.15600000000000000,0.20999999999999999,0.11236923942547154,0.36809816661453515,4998689.33053434919565916,3.17718451375740463,0.00000000000000000,0.01189855670143192,3.71192639999999940,0.53101176369911995,0.00193978944111100,0.00000000000000000,0.57106505400933061,0.00000000000000000,229664.88076461947639473
2026093100,5,2.00000000000000000,0.29999999999999999,2500000.00000000000000000,0.36809816661453515,0.50840121613963485,0.36809816661453515,30.000000,0.09883740629537806,0.50686901228840675,0.45263215467207718,0.89791494181206422,0.30630393105091447,0.97999999999999998,0.21812245105144251,0.11096892011275875,0.09423897471061252,0.23953145101317944,0.15627562094536954,0.21020198228432724,0.11429489285363689,0.36809816661453515,4877415.15698446333408356,5.89666231225574755,0.00000000000000000,0.02355049712673352,7.42385279999999881,1.51653748334517102,0.00386544286927635,0.00000000000000000,0.56105980355419105,0.00000000000000000,229874.56007365463301539
2026093100,5,2.00000000000000000,0.29999999999999999,2500000.00000000000000000,0.36809816661453515,0.50840121613963485,0.36809816661453515,45.000000,0.09969875475300617,0.50686901228840675,0.45263215467207718,0.89791494181206422,0.30633176040086013,0.97999999999999998,0.21829221008611091,0.11096892011275875,0.09423897471061252,0.23953145101317944,0.15627562094536954,0.21020198228432724,0.11619786958371948,0.36809816661453515,4876102.22240522690117359,8.22437084303265564,0.00000000000000000,0.03500788699965018,11.13577919999999821,2.89109966182866174,0.00576841959935895,0.00000000000000000,0.55275298836560394,0.00000000000000000,229874.56007365463301539
2026093100,5,2.00000000000000000,0.29999999999999999,2500000.00000000000000000,0.36809816661453515,0.50840121613963485,0.36809816661453515,60.000000,0.08784311993466153,0.50686901228840675,0.44782517764136781,0.89791494181206422,0.30659024957576270,0.97999999999999998,0.21850276901545712,0.11152574389272464,0.09462463094320661,0.23980798003165371,0.15656016088477176,0.21040998527907648,0.11808972527880797,0.36809816661453515,4754908.11006106249988079,10.21674857350850552,0.00000000000000000,0.04631291758443329,14.84770559999999762,4.59865352147946549,0.00766027529444744,0.00000000000000000,0.54591144735579378,0.00000000000000000,230084.56811133516021073
2026093100,5,2.00000000000000000,0.50000000000000000,2500000.00000000000000000,0.36809816661453515,0.50840121613963485,0.36809816661453515,0.000000,0.18404908330726757,0.50686901228840675,0.45809019746438401,0.89791494181206422,0.36483589298985808,0.97999999999999998,0.22619219104482752,0.18404908330726757,0.15644172081117744,0.23926380829944785,0.26000000000000001,0.34999999999999998,0.18404908330726757,0.36809816661453515,5000000.00000000000000000,0.00000000000000000,0.00000000000000000,0.00000000000000000,0.00000000000000000,0.00000000000000000,0.00000000000000000,0.00000000000000000,0.58299999999999996,0.00000000000000000,229664.88076461947639473
2026093100,5,2.00000000000000000,0.50000000000000000,2500000.00000000000000000,0.36809816661453515,0.50840121613963485,0.36809816661453515,15.000000,0.18474164088840633,0.50686901228840675,0.45809019746438401,0.89791494181206422,0.36467401589227139,0.97999999999999998,0.22520474074954863,0.18404908330726757,0.15644172081117744,0.23926380829944785,0.26000000000000001,0.34999999999999998,0.18556092002626354,0.36809816661453515,4998708.24159395787864923,3.17718451375740463,0.00000000000000000,0.01969122049639327,3.71192639999999940,0.53101176369911995,0.00151183671899596,0.00000000000000000,0.57262222632010262,0.00000000000000000,229664.88076461947639473
2026093100,5,2.00000000000000000,0.50000000000000000,2500000.00000000000000000,0.36809816661453515,0.50840121613963485,0.36809816661453515,30.000000,0.17213224202379629,0.50686901228840675,0.45263215467207718,0.89791494181206422,0.36504882310800429,0.97999999999999998,0.22531950094275330,0.18493658385466158,0.15705400421821056,0.23970184379376108,0.26045122076836308,0.35033095001073877,0.18705990232496308,0.36809816661453515,4877452.94299435149878263,5.89666231225574755,0.00000000000000000,0.03873056586100254,7.42385279999999881,1.51653748334517102,0.00301081901769552,0.00000000000000000,0.56386071570820495,0.00000000000000000,229877.15585706764250062
2026093100,5,2.00000000000000000,0.50000000000000000,2500000.00000000000000000,0.36809816661453515,0.50840121613963485,0.36809816661453515,45.000000,0.17280222663160510,0.50686901228840675,0.45263215467207718,0.89791494181206422,0.36507503180277578,0.97999999999999998,0.22547937398085946,0.18493658385466158,0.15705400421821056,0.23970184379376108,0.26045122076836308,0.35033095001073877,0.18854009899436275,0.36809816661453515,4876158.69089688453823328,8.22437084303265564,0.00000000000000000,0.05719078369783226,11.13577919999999821,2.89109966182866174,0.00449101568709518,0.00000000000000000,0.55650880813389503,0.00000000000000000,229877.15585706764250062
2026093100,5,2.00000000000000000,0.50000000000000000,2500000.00000000000000000,0.36809816661453515,0.50840121613963485,0.36809816661453515,60.000000,0.16082916712113052,0.50686901228840675,0.44782517764136781,0.89791494181206422,0.36546944909507911,0.97999999999999998,0.22567767091274718,0.18583767746844351,0.15767650408502965,0.24014678723464467,0.26090998384507336,0.35066837811964285,0.19000989114434755,0.36809816661453515,4754983.26865989901125431,10.21674857350850552,0.00000000000000000,0.07513180471251613,14.84770559999999762,4.59865352147946549,0.00596080783707998,0.00000000000000000,0.55037207944008149,0.00000000000000000,230089.75645327154779807
2026093100,5,2.00000000000000000,1.00000000000000000,2500000.00000000000000000,0.36809816661453515,0.50840121613963485,0.36809816661453515,0.000000,0.36809816661453515,0.50686901228840675,0.45809019746438401,0.89791494181206422,0.50840121613963485,0.97999999999999998,0.22619219104482752,0.36809816661453515,0.31288344162235487,0.23926380829944785,0.52000000000000002,0.69999999999999996,0.36809816661453515,0.36809816661453515,5000000.00000000000000000,0.00000000000000000,0.00000000000000000,0.00000000000000000,0.00000000000000000,0.00000000000000000,0.00000000000000000,0.00000000000000000,0.58299999999999996,0.00000000000000000,229664.88076461947639473
2026093100,5,2.00000000000000000,1.00000000000000000,2500000.00000000000000000,0.36809816661453515,0.50840121613963485,0.36809816661453515,15.000000,0.36809816661453515,0.50686901228840675,0.45809019746438401,0.89791494181206422,0.51004765688811982,0.97999999999999998,0.23623547961058541,0.36809816661453515,0.31288344162235487,0.23926380829944785,0.52000000000000002,0.69999999999999996,0.36809816661453515,0.36809816661453515,4998781.42119500041007996,3.17718451375740463,0.53101176369911995,0.03891223193145321,3.71192639999999940,0.00000000000000000,0.00000000000000000,0.00000000000000000,0.57656261798591946,0.00000000000000000,229664.88076461947639473
2026093100,5,2.00000000000000000,1.00000000000000000,2500000.00000000000000000,0.36809816661453515,0.50840121613963485,0.36809816661453515,30.000000,0.35498401549107245,0.50686901228840675,0.45263215467207718,0.89791494181206422,0.51075135387149939,0.97999999999999998,0.23623547961058541,0.36986714767926449,0.31408878734842155,0.24012577850452516,0.52088814460748889,0.70065192042618052,0.36809816661453515,0.36809816661453515,4877604.23736902233213186,5.89666231225574755,1.51283338048436433,0.07561914774799083,7.42385279999999881,0.00000000000000000,0.00000000000000000,0.00000000000000000,0.57105260829276472,0.00000000000000000,229881.09295862878207117
2026093100,5,2.00000000000000000,1.00000000000000000,2500000.00000000000000000,0.36809816661453515,0.50840121613963485,0.36809816661453515,45.000000,0.35498401549107245,0.50686901228840675,0.45263215467207718,0.89791494181206422,0.51075135387149939,0.97999999999999998,0.23623547961058541,0.36986714767926449,0.31408878734842155,0.24012577850452516,0.52088814460748889,0.70065192042618052,0.36809816661453515,0.36809816661453515,4876391.88931643962860107,8.22437084303265564,2.87684270338977921,0.11026693101742102,11.13577919999999821,0.00000000000000000,0.00000000000000000,0.00000000000000000,0.56633637322200892,0.00000000000000000,229881.09295862878207117
2026093100,5,2.00000000000000000,1.00000000000000000,2500000.00000000000000000,0.36809816661453515,0.50840121613963485,0.36809816661453515,60.000000,0.34254614583866250,0.50686901228840675,0.44782517764136781,0.89791494181206422,0.51145716551296994,0.97999999999999998,0.23623547961058541,0.37163801914625394,0.31529792169294057,0.24098774870960246,0.52177839532486348,0.70131005863484630,0.36809816661453515,0.36809816661453515,4755302.00241583213210106,10.21674857350850552,4.56432898259098163,0.14298847038066753,14.84770559999999762,0.00000000000000000,0.00000000000000000,0.00000000000000000,0.56229956122324598,0.00000000000000000,230097.50870014034444466
2026093100,5,4.00000000000000000,0.10000000000000001,2500000.00000000000000000,0.36809816661453515,0.50840121613963485,0.36809816661453515,0.000000,0.03680981666145352,0.50686901228840675,0.45809019746438401,0.89791494181206422,0.24998363447003671,0.97999999999999998,0.22619219104482752,0.03680981666145352,0.03128834416223549,0.23926380829944785,0.05200000000000000,0.06999999999999999,0.03680981666145352,0.36809816661453515,10000000.00000000000000000,0.00000000000000000,0.00000000000000000,0.00000000000000000,0.00000000000000000,0.00000000000000000,0.00000000000000000,0.00000000000000000,0.58299999999999996,0.00000000000000000,229664.88076461947639473
2026093100,5,4.00000000000000000,0.10000000000000001,2500000.00000000000000000,0.36809816661453515,0.50840121613963485,0.36809816661453515,15.000000,0.03784840646996690,0.50686901228840675,0.45809019746438401,0.89791494181206422,0.24738671277301805,0.97999999999999998,0.21035096869301356,0.03680981666145352,0.03128834416223549,0.23926380829944785,0.05200000000000000,0.06999999999999999,0.03907703349836068,0.36809816661453515,9998674.86164870485663414,3.17718451375740463,0.00000000000000000,0.00405760152145926,3.71192639999999940,0.53101176369911995,0.00226721683690716,0.00000000000000000,0.56964025703768806,0.00000000000000000,229664.88076461947639473
2026093100,5,4.00000000000000000,0.10000000000000001,2500000.00000000000000000,0.36809816661453515,0.50840121613963485,0.36809816661453515,30.000000,0.02545507765897228,0.50686901228840675,0.45263215467207718,0.89791494181206422,0.24748617932151565,0.97999999999999998,0.21048036044953847,0.03700388887906186,0.03142331123629563,0.23936059314823421,0.05209954956856390,0.07007268540218393,0.04133127245521308,0.36809816661453515,9877386.14841157011687756,5.89666231225574755,0.00000000000000000,0.00816734701178312,7.42385279999999881,1.51653748334517102,0.00452145579375956,0.00000000000000000,0.55879884587081996,0.00000000000000000,229871.80377595976460725
2026093100,5,4.00000000000000000,0.10000000000000001,2500000.00000000000000000,0.36809816661453515,0.50840121613963485,0.36809816661453515,45.000000,0.02646439923113164,0.50686901228840675,0.45263215467207718,0.89791494181206422,0.24751572954235454,0.97999999999999998,0.21066061679665563,0.03700388887906186,0.03142331123629563,0.23936059314823421,0.05209954956856390,0.07007268540218393,0.04356116611553111,0.36809816661453515,9876058.76750395074486732,8.22437084303265564,0.00000000000000000,0.01236790249994274,11.13577919999999821,2.89109966182866174,0.00675134945407760,0.00000000000000000,0.55021658044821609,0.00000000000000000,229871.80377595976460725
2026093100,5,4.00000000000000000,0.10000000000000001,2500000.00000000000000000,0.36809816661453515,0.50840121613963485,0.36809816661453515,60.000000,0.01468752604156378,0.50686901228840675,0.44782517764136781,0.89791494181206422,0.24763821051239751,0.97999999999999998,0.21088419596303690,0.03721858060700931,0.03157088229028889,0.23946779850207056,0.05220894331850130,0.07015061635080408,0.04578127406953553,0.36809816661453515,9754850.10962627269327641,10.21674857350850552,0.00000000000000000,0.01669066407994349,14.84770559999999762,4.59865352147946549,0.00897145740808202,0.00000000000000000,0.54353774795186371,0.00000000000000000,230079.05900428586755879
2026093100,5,4.00000000000000000,0.29999999999999999,2500000.00000000000000000,0.36809816661453515,0.50840121613963485,0.36809816661453515,0.000000,0.11042944998436054,0.50686901228840675,0.45809019746438401,0.89791494181206422,0.30740976372994744,0.97999999999999998,0.22619219104482752,0.11042944998436054,0.09386503248670645,0.23926380829944785,0.15600000000000000,0.20999999999999999,0.11042944998436054,0.36809816661453515,10000000.00000000000000000,0.00000000000000000,0.00000000000000000,0.00000000000000000,0.00000000000000000,0.00000000000000000,0.00000000000000000,0.00000000000000000,0.58299999999999996,0.00000000000000000,229664.88076461947639473
2026093100,5,4.00000000000000000,0.29999999999999999,2500000.00000000000000000,0.36809816661453515,0.50840121613963485,0.36809816661453515,15.000000,0.11131804851247840,0.50686901228840675,0.45809019746438401,0.89791494181206422,0.30606687904787888,0.97999999999999998,0.21800059448420922,0.11042944998436054,0.09386503248670645,0.23926380829944785,0.15600000000000000,0.20999999999999999,0.11236923942547154,0.36809816661453515,9998689.33053435385227203,3.17718451375740463,0.00000000000000000,0.01189855670143192,3.71192639999999940,0.53101176369911995,0.00193978944111100,0.00000000000000000,0.57106505400933061,0.00000000000000000,229664.88076461947639473
2026093100,5,4.00000000000000000,0.29999999999999999,2500000.00000000000000000,0.36809816661453515,0.50840121613963485,0.36809816661453515,30.000000,0.09883740629537806,0.50686901228840675,0.45263215467207718,0.89791494181206422,0.30630393105091447,0.97999999999999998,0.21812245105144251,0.11096892011275875,0.09423897471061252,0.23953145101317944,0.15627562094536954,0.21020198228432724,0.11429489285363689,0.36809816661453515,9877415.15698447637259960,5.89666231225574755,0.00000000000000000,0.02355049712673352,7.42385279999999881,1.51653748334517102,0.00386544286927635,0.00000000000000000,0.56105980355419105,0.00000000000000000,229874.56007365463301539
2026093100,5,4.00000000000000000,0.29999999999999999,2500000.00000000000000000,0.36809816661453515,0.50840121613963485,0.36809816661453515,45.000000,0.09969875475300617,0.50686901228840675,0.45263215467207718,0.89791494181206422,0.30633176040086013,0.97999999999999998,0.21829221008611091,0.11096892011275875,0.09423897471061252,0.23953145101317944,0.15627562094536954,0.21020198228432724,0.11619786958371948,0.36809816661453515,9876102.22240523807704449,8.22437084303265564,0.00000000000000000,0.03500788699965018,11.13577919999999821,2.89109966182866174,0.00576841959935895,0.00000000000000000,0.55275298836560394,0.00000000000000000,229874.56007365463301539
2026093100,5,4.00000000000000000,0.29999999999999999,2500000.00000000000000000,0.36809816661453515,0.50840121613963485,0.36809816661453515,60.000000,0.08784311993466153,0.50686901228840675,0.44782517764136781,0.89791494181206422,0.30659024957576270,0.97999999999999998,0.21850276901545712,0.11152574389272464,0.09462463094320661,0.23980798003165371,0.15656016088477176,0.21040998527907648,0.11808972527880797,0.36809816661453515,9754908.11006108298897743,10.21674857350850552,0.00000000000000000,0.04631291758443329,14.84770559999999762,4.59865352147946549,0.00766027529444744,0.00000000000000000,0.54591144735579378,0.00000000000000000,230084.56811133516021073
2026093100,5,4.00000000000000000,0.50000000000000000,2500000.00000000000000000,0.36809816661453515,0.50840121613963485,0.36809816661453515,0.000000,0.18404908330726757,0.50686901228840675,0.45809019746438401,0.89791494181206422,0.36483589298985808,0.97999999999999998,0.22619219104482752,0.18404908330726757,0.15644172081117744,0.23926380829944785,0.26000000000000001,0.34999999999999998,0.18404908330726757,0.36809816661453515,10000000.00000000000000000,0.00000000000000000,0.00000000000000000,0.00000000000000000,0.00000000000000000,0.00000000000000000,0.00000000000000000,0.00000000000000000,0.58299999999999996,0.00000000000000000,229664.88076461947639473
2026093100,5,4.00000000000000000,0.50000000000000000,2500000.00000000000000000,0.36809816661453515,0.50840121613963485,0.36809816661453515,15.000000,0.18474164088840633,0.50686901228840675,0.45809019746438401,0.89791494181206422,0.36467401589227139,0.97999999999999998,0.22520474074954863,0.18404908330726757,0.15644172081117744,0.23926380829944785,0.26000000000000001,0.34999999999999998,0.18556092002626354,0.36809816661453515,9998708.24159396253526211,3.17718451375740463,0.00000000000000000,0.01969122049639327,3.71192639999999940,0.53101176369911995,0.00151183671899596,0.00000000000000000,0.57262222632010262,0.00000000000000000,229664.88076461947639473
2026093100,5,4.00000000000000000,0.50000000000000000,2500000.00000000000000000,0.36809816661453515,0.50840121613963485,0.36809816661453515,30.000000,0.17213224202379629,0.50686901228840675,0.45263215467207718,0.89791494181206422,0.36504882310800429,0.97999999999999998,0.22531950094275330,0.18493658385466158,0.15705400421821056,0.23970184379376108,0.26045122076836308,0.35033095001073877,0.18705990232496308,0.36809816661453515,9877452.94299436733126640,5.89666231225574755,0.00000000000000000,0.03873056586100254,7.42385279999999881,1.51653748334517102,0.00301081901769552,0.00000000000000000,0.56386071570820495,0.00000000000000000,229877.15585706764250062
2026093100,5,4.00000000000000000,0.50000000000000000,2500000.00000000000000000,0.36809816661453515,0.50840121613963485,0.36809816661453515,45.000000,0.17280222663160510,0.50686901228840675,0.45263215467207718,0.89791494181206422,0.36507503180277578,0.97999999999999998,0.22547937398085946,0.18493658385466158,0.15705400421821056,0.23970184379376108,0.26045122076836308,0.35033095001073877,0.18854009899436275,0.36809816661453515,9876158.69089689850807190,8.22437084303265564,0.00000000000000000,0.05719078369783226,11.13577919999999821,2.89109966182866174,0.00449101568709518,0.00000000000000000,0.55650880813389503,0.00000000000000000,229877.15585706764250062
2026093100,5,4.00000000000000000,0.50000000000000000,2500000.00000000000000000,0.36809816661453515,0.50840121613963485,0.36809816661453515,60.000000,0.16082916712113052,0.50686901228840675,0.44782517764136781,0.89791494181206422,0.36546944909507911,0.97999999999999998,0.22567767091274718,0.18583767746844351,0.15767650408502965,0.24014678723464467,0.26090998384507336,0.35066837811964285,0.19000989114434755,0.36809816661453515,9754983.26865991950035095,10.21674857350850552,0.00000000000000000,0.07513180471251613,14.84770559999999762,4.59865352147946549,0.00596080783707998,0.00000000000000000,0.55037207944008149,0.00000000000000000,230089.75645327154779807
2026093100,5,4.00000000000000000,1.00000000000000000,2500000.00000000000000000,0.36809816661453515,0.50840121613963485,0.36809816661453515,0.000000,0.36809816661453515,0.50686901228840675,0.45809019746438401,0.89791494181206422,0.50840121613963485,0.97999999999999998,0.22619219104482752,0.36809816661453515,0.31288344162235487,0.23926380829944785,0.52000000000000002,0.69999999999999996,0.36809816661453515,0.36809816661453515,10000000.00000000000000000,0.00000000000000000,0.00000000000000000,0.00000000000000000,0.00000000000000000,0.00000000000000000,0.00000000000000000,0.00000000000000000,0.58299999999999996,0.00000000000000000,229664.88076461947639473
2026093100,5,4.00000000000000000,1.00000000000000000,2500000.00000000000000000,0.36809816661453515,0.50840121613963485,0.36809816661453515,15.000000,0.36809816661453515,0.50686901228840675,0.45809019746438401,0.89791494181206422,0.51004765688811982,0.97999999999999998,0.23623547961058541,0.36809816661453515,0.31288344162235487,0.23926380829944785,0.52000000000000002,0.69999999999999996,0.36809816661453515,0.36809816661453515,9998781.42119500413537025,3.17718451375740463,0.53101176369911995,0.03891223193145321,3.71192639999999940,0.00000000000000000,0.00000000000000000,0.00000000000000000,0.57656261798591946,0.00000000000000000,229664.88076461947639473
2026093100,5,4.00000000000000000,1.00000000000000000,2500000.00000000000000000,0.36809816661453515,0.50840121613963485,0.36809816661453515,30.000000,0.35498401549107245,0.50686901228840675,0.45263215467207718,0.89791494181206422,0.51075135387149939,0.97999999999999998,0.23623547961058541,0.36986714767926449,0.31408878734842155,0.24012577850452516,0.52088814460748889,0.70065192042618052,0.36809816661453515,0.36809816661453515,9877604.23736903443932533,5.89666231225574755,1.51283338048436433,0.07561914774799083,7.42385279999999881,0.00000000000000000,0.00000000000000000,0.00000000000000000,0.57105260829276472,0.00000000000000000,229881.09295862878207117
2026093100,5,4.00000000000000000,1.00000000000000000,2500000.00000000000000000,0.36809816661453515,0.50840121613963485,0.36809816661453515,45.000000,0.35498401549107245,0.50686901228840675,0.45263215467207718,0.89791494181206422,0.51075135387149939,0.97999999999999998,0.23623547961058541,0.36986714767926449,0.31408878734842155,0.24012577850452516,0.52088814460748889,0.70065192042618052,0.36809816661453515,0.36809816661453515,9876391.88931644894182682,8.22437084303265564,2.87684270338977921,0.11026693101742102,11.13577919999999821,0.00000000000000000,0.00000000000000000,0.00000000000000000,0.56633637322200892,0.00000000000000000,229881.09295862878207117
2026093100,5,4.00000000000000000,1.00000000000000000,2500000.00000000000000000,0.36809816661453515,0.50840121613963485,0.36809816661453515,60.000000,0.34254614583866250,0.50686901228840675,0.44782517764136781,0.89791494181206422,0.51145716551296994,0.97999999999999998,0.23623547961058541,0.37163801914625394,0.31529792169294057,0.24098774870960246,0.52177839532486348,0.70131005863484630,0.36809816661453515,0.36809816661453515,9755302.00241584330797195,10.21674857350850552,4.56432898259098163,0.14298847038066753,14.84770559999999762,0.00000000000000000,0.00000000000000000,0.00000000000000000,0.56229956122324598,0.00000000000000000,230097.50870014034444466
2026093100,0,0.25000000000000000,0.10000000000000001,2500000.00000000000000000,0.88693203923056285,0.67621416734366546,0.88693203923056285,0.000000,0.08869320392305630,0.85650461137854728,0.65826419359375898,0.46908338124485566,0.31101036812170280,0.97999999999999998,0.32373273076980424,0.08869320392305630,0.07538922333459785,0.57650582549986584,0.05200000000000000,0.06999999999999999,0.08869320392305630,0.88693203923056285,625000.00000000000000000,0.00000000000000000,0.00000000000000000,0.00000000000000000,0.00000000000000000,0.00000000000000000,0.00000000000000000,0.00000000000000000,0.58299999999999996,0.55000000000000004,1186939.18171456363052130
2026093100,0,0.25000000000000000,0.10000000000000001,2500000.00000000000000000,0.88693203923056285,0.67621416734366546,0.88693203923056285,15.000000,0.09416480477311628,0.85650461137854728,0.65826419359375898,0.46908338124485566,0.30653540551945435,0.97999999999999998,0.29522204999931800,0.08869320392305630,0.07538922333459785,0.57650582549986584,0.05334823210752325,0.06999999999999999,0.09700536931699649,0.88693203923056285,621830.70044506795238703,17.25805934022014299,0.00000000000000000,0.02323321193573402,20.16270877575512799,2.88438788763846610,0.00831216539394019,0.00000000000000000,0.57283387181367706,0.54859643245549816,1186939.18171456363052130
2026093100,0,0.25000000000000000,0.10000000000000001,2500000.00000000000000000,0.88693203923056285,0.67621416734366546,0.88693203923056285,30.000000,0.08411728085780548,0.85650461137854728,0.65076893684609083,0.46908338124485566,0.30689175907191740,0.97999999999999998,0.29594493101940739,0.08924728803113920,0.07576035932053347,0.57678272059062974,0.05376707629162217,0.07018610577560541,0.10526628101038342,0.88693203923056285,498683.13263668882427737,32.00182057119040735,0.00000000000000000,0.04989215403467084,40.29259530770691100,8.23294196421424296,0.01657307708732712,0.00000000000000000,0.56555541090962669,0.54595679616933346,1189641.07625652942806482
2026093100,0,0.25000000000000000,0.10000000000000001,2500000.00000000000000000,0.88693203923056285,0.67621416734366546,0.88693203923056285,45.000000,0.08942085040666820,0.85650461137854728,0.65076893684609083,0.46908338124485566,0.30669773366618908,0.97999999999999998,0.29428059138725343,0.08924728803113920,0.07576035932053347,0.57678272059062974,0.05430128146630120,0.07018610577560541,0.11341597785142522,0.88693203923056285,495503.42712443548953161,44.49548849963494490,0.00000000000000000,0.07795378365646211,60.27515830867641711,15.66959782179379879,0.02472277392836892,0.00000000000000000,0.56051278687720352,0.54230947258398077,1189641.07625652942806482
2026093100,0,0.25000000000000000,0.10000000000000001,2500000.00000000000000000,0.88693203923056285,0.67621416734366546,0.88693203923056285,60.000000,0.07846724070098983,0.85650461137854728,0.64332623094185382,0.46908338124485566,0.30633926747839435,0.97999999999999998,0.29060358195492020,0.08988043407528229,0.07618413801483628,0.57709915940141554,0.05459425632779490,0.07039852677891745,0.12029948485859417,0.88693203923056285,372735.38500234688399360,55.21226105669942541,0.00000000000000000,0.09312172260999674,80.28453206448648416,24.89737795057885705,0.03160628093553786,0.00000000000000000,0.55889940012751294,0.00000000000000000,1192589.50309459283016622
2026093100,0,0.25000000000000000,0.29999999999999999,2500000.00000000000000000,0.88693203923056285,0.67621416734366546,0.88693203923056285,0.000000,0.26607961176916883,0.85650461137854728,0.65826419359375898,0.46908338124485566,0.39216676794880567,0.97999999999999998,0.32373273076980424,0.26607961176916883,0.22616767000379351,0.57650582549986584,0.15600000000000000,0.20999999999999999,0.26607961176916883,0.88693203923056285,625000.00000000000000000,0.00000000000000000,0.00000000000000000,0.00000000000000000,0.00000000000000000,0.00000000000000000,0.00000000000000000,0.00000000000000000,0.58299999999999996,0.55000000000000004,1186939.18171456363052130
2026093100,0,0.25000000000000000,0.29999999999999999,2500000.00000000000000000,0.88693203923056285,0.67621416734366546,0.88693203923056285,15.000000,0.27100431797740243,0.85650461137854728,0.65826419359375898,0.46908338124485566,0.39127202657381904,0.97999999999999998,0.31706139948561496,0.26607961176916883,0.22616767000379351,0.57650582549986584,0.15734823210752324,0.20999999999999999,0.27356096387089474,0.88693203923056285,622022.94010021083522588,17.25805934022014299,0.00000000000000000,0.04160824847835198,20.16270877575512799,2.88438788763846610,0.00748135210172591,0.00000000000000000,0.57625766071082263,0.55009825285952818,1186939.18171456363052130
2026093100,0,0.25000000000000000,0.29999999999999999,2500000.00000000000000000,0.88693203923056285,0.67621416734366546,0.88693203923056285,30.000000,0.26042951742562459,0.85650461137854728,0.65076893684609083,0.46908338124485566,0.39209800900461711,0.97999999999999998,0.31834396383272850,0.26756012463873902,0.22715855585406799,0.57724495432787581,0.15833467096521278,0.21049693256470911,0.28099213567681430,0.88693203923056285,499066.27781840186798945,32.07404295752527901,0.00000000000000000,0.08508844209269462,40.37697321567750208,8.24501269431511474,0.01491252390764548,0.00000000000000000,0.57114812733514975,0.55018963532881893,1189581.52622319338843226
2026093100,0,0.25000000000000000,0.29999999999999999,2500000.00000000000000000,0.88693203923056285,0.67621416734366546,0.88693203923056285,45.000000,0.26519847155327914,0.85650461137854728,0.65076893684609083,0.46908338124485566,0.39209644690409234,0.97999999999999998,0.31799101740723362,0.26756012463873902,0.22715855585406799,0.57724495432787581,0.15871624608998347,0.21049693256470911,0.28832031908822137,0.88693203923056285,496076.65256302233319730,44.62438669763878352,0.00000000000000000,0.12842782170226152,60.43790647672945937,15.70321166944521885,0.02224070731905253,0.00000000000000000,0.56728002378820586,0.55027342531870871,1189581.52622319338843226
2026093100,0,0.25000000000000000,0.29999999999999999,2500000.00000000000000000,0.88693203923056285,0.67621416734366546,0.88693203923056285,60.000000,0.25354407409966323,0.85650461137854728,0.64332623094185382,0.46908338124485566,0.38876612600462024,0.97999999999999998,0.29379021655411591,0.26910952973286756,0.22819535284424375,0.57801855578424310,0.15969900951239280,0.21101685387736677,0.29409747955925336,0.88693203923056285,373640.16108516231179237,55.36672193721163637,0.00000000000000000,0.15155159174296395,80.49883973778142376,24.95680727864325377,0.02801786779008453,0.00000000000000000,0.56454937238446934,0.00000000000000000,1192068.89210294885560870
2026093100,0,0.25000000000000000,0.50000000000000000,2500000.00000000000000000,0.88693203923056285,0.67621416734366546,0.88693203923056285,0.000000,0.44346601961528143,0.85650461137854728,0.65826419359375898,0.46908338124485566,0.47332316777590844,0.97999999999999998,0.32373273076980424,0.44346601961528143,0.37694611667298922,0.57650582549986584,0.26000000000000001,0.34999999999999998,0.44346601961528143,0.88693203923056285,625000.00000000000000000,0.00000000000000000,0.00000000000000000,0.00000000000000000,0.00000000000000000,0.00000000000000000,0.00000000000000000,0.00000000000000000,0.58299999999999996,0.55000000000000004,1186939.18171456363052130
2026093100,0,0.25000000000000000,0.50000000000000000,2500000.00000000000000000,0.88693203923056285,0.67621416734366546,0.88693203923056285,15.000000,0.44718494081838517,0.85650461137854728,0.65826419359375898,0.46908338124485566,0.47341549542742123,0.97999999999999998,0.32308252054726100,0.44346601961528143,0.37694611667298922,0.57650582549986584,0.26134823210752317,0.34999999999999998,0.44911560718102833,0.88693203923056285,622443.88370717864017934,17.25805934022014299,0.00000000000000000,0.05191958361507554,20.16270877575512799,2.88438788763846610,0.00564958756574692,0.00000000000000000,0.57993369544838647,0.55009411895916838,1186939.18171456363052130
2026093100,0,0.25000000000000000,0.50000000000000000,2500000.00000000000000000,0.88693203923056285,0.67621416734366546,0.88693203923056285,30.000000,0.43543014533979113,0.85650461137854728,0.65076893684609083,0.46908338124485566,0.47478028867595629,0.97999999999999998,0.32547343717356508,0.44586427191149791,0.37854972956747585,0.57770194015964105,0.26278251832146959,0.35080424085293571,0.45472291166006268,0.88693203923056285,499908.74994864623295143,32.04170878414688417,0.00000000000000000,0.10447983461411481,40.33919697974731378,8.23960859318121308,0.01125689204478128,0.00000000000000000,0.57759757236065457,0.55018447455356168,1189357.05137062375433743
2026093100,0,0.25000000000000000,0.50000000000000000,2500000.00000000000000000,0.88693203923056285,0.67621416734366546,0.88693203923056285,45.000000,0.43902681231695101,0.85650461137854728,0.65076893684609083,0.46908338124485566,0.47478616086626124,0.97999999999999998,0.32547491577319604,0.44586427191149791,0.37854972956747585,0.57770194015964105,0.26282067583394669,0.35080424085293571,0.46024970738358151,0.88693203923056285,497334.35478692862670869,44.54106143385262584,0.00000000000000000,0.15570777905655808,60.33511493853484353,15.68388118314476820,0.01678368776830010,0.00000000000000000,0.57570816852288764,0.55028220359274727,1189357.05137062375433743
2026093100,0,0.25000000000000000,0.50000000000000000,2500000.00000000000000000,0.88693203923056285,0.67621416734366546,0.88693203923056285,60.000000,0.42650815450609608,0.85650461137854728,0.64332623094185382,0.46908338124485566,0.47099547515546714,0.97999999999999998,0.29652165300113453,0.44831475963706535,0.38018817947082201,0.57892421164046937,0.26402680058908423,0.35162596781229966,0.46466686287894987,0.88693203923056285,375212.62344883347395808,55.30617495810204787,0.00000000000000000,0.18641130593371724,80.40863601352579337,24.92735740581538195,0.02120084326366848,0.00000000000000000,0.57436562627185528,0.00000000000000000,1191790.19834082829765975
2026093100,0,0.25000000000000000,1.00000000000000000,2500000.00000000000000000,0.88693203923056285,0.67621416734366546,0.88693203923056285,0.000000,0.88693203923056285,0.85650461137854728,0.65826419359375898,0.46908338124485566,0.67621416734366546,0.97999999999999998,0.32373273076980424,0.88693203923056285,0.75389223334597844,0.57650582549986584,0.52000000000000002,0.69999999999999996,0.88693203923056285,0.88693203923056285,625000.00000000000000000,0.00000000000000000,0.00000000000000000,0.00000000000000000,0.00000000000000000,0.00000000000000000,0.00000000000000000,0.00000000000000000,0.58299999999999996,0.55000000000000004,1186939.18171456363052130
2026093100,0,0.25000000000000000,1.00000000000000000,2500000.00000000000000000,0.88693203923056285,0.67621416734366546,0.88693203923056285,15.000000,0.88693203923056285,0.85650461137854728,0.65826419359375898,0.46908338124485566,0.67880988753782945,0.97999999999999998,0.33835321505743354,0.88693203923056285,0.75389223334597844,0.57650582549986584,0.52134823210752346,0.69999999999999996,0.88693203923056285,0.88693203923056285,623781.42119500553235412,17.25805934022014299,2.88438788763846610,0.07708599758154644,20.16270877575512799,0.00000000000000000,0.00000000000000000,0.00000000000000000,0.58945762162409965,0.55010143529887945,1186939.18171456363052130
2026093100,0,0.25000000000000000,1.00000000000000000,2500000.00000000000000000,0.88693203923056285,0.67621416734366546,0.88693203923056285,30.000000,0.87154536516784364,0.85650461137854728,0.65076893684609083,0.46908338124485566,0.68111735575204102,0.97999999999999998,0.34100583532748907,0.89162136274199366,0.75702020899942168,0.57883883399172986,0.52396649287664032,0.70156877662068762,0.88693203923056285,0.88693203923056285,502604.23736903013195843,32.03584473367810403,8.21850830565757562,0.15058168715068732,40.33234596947335859,0.00000000000000000,0.00000000000000000,0.00000000000000000,0.59498254421122765,0.55020442688948368,1189866.52775343228131533
2026093100,0,0.25000000000000000,1.00000000000000000,2500000.00000000000000000,0.88693203923056285,0.67621416734366546,0.88693203923056285,45.000000,0.87154536516784364,0.85650461137854728,0.65076893684609083,0.46908338124485566,0.67474777704573208,0.97999999999999998,0.30231166677140869,0.89162136274199366,0.75702020899942168,0.57883883399172986,0.52378842448508067,0.70156877662068762,0.88693203923056285,0.88693203923056285,501391.88931644795229658,44.45747626875329672,15.59148239872897079,0.21872213859249057,60.23647485860487905,0.00000000000000000,0.00000000000000000,0.00000000000000000,0.59948214203626349,0.00000000000000000,1189866.52775343228131533
2026093100,0,0.25000000000000000,1.00000000000000000,2500000.00000000000000000,0.88693203923056285,0.67621416734366546,0.88693203923056285,60.000000,0.85621168666415959,0.85650461137854728,0.64332623094185382,0.46908338124485566,0.68255807196007057,0.97999999999999998,0.33853139639010671,0.89631050377738775,0.76014815334683772,0.58117184248359388,0.52640686106757573,0.70313768340968408,0.88693203923056285,0.88693203923056285,380316.29750904667889699,55.12979585932242088,24.69672061243219119,0.28034951450445622,80.18751619112261153,0.00000000000000000,0.00000000000000000,0.00000000000000000,0.60340626676370590,0.55038903158690733,1192513.60464372183196247
2026093100,0,0.50000000000000000,0.10000000000000001,2500000.00000000000000000,0.88693203923056285,0.67621416734366546,0.88693203923056285,0.000000,0.08869320392305630,0.85650461137854728,0.65826419359375898,0.46908338124485566,0.31101036812170280,0.97999999999999998,0.32373273076980424,0.08869320392305630,0.07538922333459785,0.57650582549986584,0.05200000000000000,0.06999999999999999,0.08869320392305630,0.88693203923056285,1250000.00000000000000000,0.00000000000000000,0.00000000000000000,0.00000000000000000,0.00000000000000000,0.00000000000000000,0.00000000000000000,0.00000000000000000,0.58299999999999996,0.55000000000000004,1186939.18171456363052130
2026093100,0,0.50000000000000000,0.10000000000000001,2500000.00000000000000000,0.88693203923056285,0.67621416734366546,0.88693203923056285,15.000000,0.09416480477311628,0.85650461137854728,0.65826419359375898,0.46908338124485566,0.30653540551945435,0.97999999999999998,0.29522204999931800,0.08869320392305630,0.07538922333459785,0.57650582549986584,0.05334823210752325,0.06999999999999999,0.09700536931699649,0.88693203923056285,1246830.70044506900012493,17.25805934022014299,0.00000000000000000,0.02323321193573402,20.16270877575512799,2.88438788763846610,0.00831216539394019,0.00000000000000000,0.57283387181367706,0.54859643245549816,1186939.18171456363052130
2026093100,0,0.50000000000000000,0.10000000000000001,2500000.00000000000000000,0.88693203923056285,0.67621416734366546,0.88693203923056285,30.000000,0.08411728085780548,0.85650461137854728,0.65076893684609083,0.46908338124485566,0.30689175907191740,0.97999999999999998,0.29594493101940739,0.08924728803113920,0.07576035932053347,0.57678272059062974,0.05376707629162217,0.07018610577560541,0.10526628101038342,0.88693203923056285,1123683.13263669051229954,32.00182057119040735,0.00000000000000000,0.04989215403467084,40.29259530770691100,8.23294196421424296,0.01657307708732712,0.00000000000000000,0.56555541090962669,0.54595679616933346,1189641.07625652942806482
2026093100,0,0.50000000000000000,0.10000000000000001,2500000.00000000000000000,0.88693203923056285,0.67621416734366546,0.88693203923056285,45.000000,0.08942085040666820,0.85650461137854728,0.65076893684609083,0.46908338124485566,0.30669773366618908,0.97999999999999998,0.29428059138725343,0.08924728803113920,0.07576035932053347,0.57678272059062974,0.05430128146630120,0.07018610577560541,0.11341597785142522,0.88693203923056285,1120503.42712443741038442,44.49548849963494490,0.00000000000000000,0.07795378365646211,60.27515830867641711,15.66959782179379879,0.02472277392836892,0.00000000000000000,0.56051278687720352,0.54230947258398077,1189641.07625652942806482
2026093100,0,0.50000000000000000,0.10000000000000001,2500000.00000000000000000,0.88693203923056285,0.67621416734366546,0.88693203923056285,60.000000,0.07846724070098983,0.85650461137854728,0.64332623094185382,0.46908338124485566,0.30633926747839435,0.97999999999999998,0.29060358195492020,0.08988043407528229,0.07618413801483628,0.57709915940141554,0.05459425632779490,0.07039852677891745,0.12029948485859417,0.88693203923056285,997716.67446414276491851,55.21226105669942541,0.00000000000000000,0.09312172260999674,80.28453206448648416,24.89737795057885705,0.03160628093553786,0.00000000000000000,0.55889940012751294,0.00000000000000000,1192589.50309459283016622
2026093100,0,0.50000000000000000,0.29999999999999999,2500000.00000000000000000,0.88693203923056285,0.67621416734366546,0.88693203923056285,0.000000,0.26607961176916883,0.85650461137854728,0.65826419359375898,0.46908338124485566,0.39216676794880567,0.97999999999999998,0.32373273076980424,0.26607961176916883,0.22616767000379351,0.57650582549986584,0.15600000000000000,0.20999999999999999,0.26607961176916883,0.88693203923056285,1250000.00000000000000000,0.00000000000000000,0.00000000000000000,0.00000000000000000,0.00000000000000000,0.00000000000000000,0.00000000000000000,0.00000000000000000,0.58299999999999996,0.55000000000000004,1186939.18171456363052130
2026093100,0,0.50000000000000000,0.29999999999999999,2500000.00000000000000000,0.88693203923056285,0.67621416734366546,0.88693203923056285,15.000000,0.27100431797740243,0.85650461137854728,0.65826419359375898,0.46908338124485566,0.39127202657381904,0.97999999999999998,0.31706139948561496,0.26607961176916883,0.22616767000379351,0.57650582549986584,0.15734823210752324,0.20999999999999999,0.27356096387089474,0.88693203923056285,1247022.94010021188296378,17.25805934022014299,0.00000000000000000,0.04160824847835198,20.16270877575512799,2.88438788763846610,0.00748135210172591,0.00000000000000000,0.57625766071082263,0.55009825285952818,1186939.18171456363052130
2026093100,0,0.50000000000000000,0.29999999999999999,2500000.00000000000000000,0.88693203923056285,0.67621416734366546,0.88693203923056285,30.000000,0.26042951742562459,0.85650461137854728,0.65076893684609083,0.46908338124485566,0.39209800900461711,0.97999999999999998,0.31834396383272850,0.26756012463873902,0.22715855585406799,0.57724495432787581,0.15833467096521278,0.21049693256470911,0.28099213567681430,0.88693203923056285,1124066.27781840390525758,32.07404295752527901,0.00000000000000000,0.08508844209269462,40.37697321567750208,8.24501269431511474,0.01491252390764548,0.00000000000000000,0.57114812733514975,0.55018963532881893,1189581.52622319338843226
2026093100,0,0.50000000000000000,0.29999999999999999,2500000.00000000000000000,0.88693203923056285,0.67621416734366546,0.88693203923056285,45.000000,0.26519847155327914,0.85650461137854728,0.65076893684609083,0.46908338124485566,0.39209644690409234,0.97999999999999998,0.31799101740723362,0.26756012463873902,0.22715855585406799,0.57724495432787581,0.15871624608998347,0.21049693256470911,0.28832031908822137,0.88693203923056285,1121076.65256302454508841,44.62438669763878352,0.00000000000000000,0.12842782170226152,60.43790647672945937,15.70321166944521885,0.02224070731905253,0.00000000000000000,0.56728002378820586,0.55027342531870871,1189581.52622319338843226
2026093100,0,0.50000000000000000,0.29999999999999999,2500000.00000000000000000,0.88693203923056285,0.67621416734366546,0.88693203923056285,60.000000,0.25354407409966323,0.85650461137854728,0.64332623094185382,0.46908338124485566,0.38876612600462024,0.97999999999999998,0.29379021655411591,0.26910952973286756,0.22819535284424375,0.57801855578424310,0.15969900951239280,0.21101685387736677,0.29409747955925336,0.88693203923056285,998621.99479606456588954,55.36672193721163637,0.00000000000000000,0.15155159174296395,80.49883973778142376,24.95680727864325377,0.02801786779008453,0.00000000000000000,0.56454937238446934,0.00000000000000000,1192068.89210294885560870
2026093100,0,0.50000000000000000,0.50000000000000000,2500000.00000000000000000,0.88693203923056285,0.67621416734366546,0.88693203923056285,0.000000,0.44346601961528143,0.85650461137854728,0.65826419359375898,0.46908338124485566,0.47332316777590844,0.97999999999999998,0.32373273076980424,0.44346601961528143,0.37694611667298922,0.57650582549986584,0.26000000000000001,0.34999999999999998,0.44346601961528143,0.88693203923056285,1250000.00000000000000000,0.00000000000000000,0.00000000000000000,0.00000000000000000,0.00000000000000000,0.00000000000000000,0.00000000000000000,0.00000000000000000,0.58299999999999996,0.55000000000000004,1186939.18171456363052130
2026093100,0,0.50000000000000000,0.50000000000000000,2500000.00000000000000000,0.88693203923056285,0.67621416734366546,0.88693203923056285,15.000000,0.44718494081838517,0.85650461137854728,0.65826419359375898,0.46908338124485566,0.47341549542742123,0.97999999999999998,0.32308252054726100,0.44346601961528143,0.37694611667298922,0.57650582549986584,0.26134823210752317,0.34999999999999998,0.44911560718102833,0.88693203923056285,1247443.88370717922225595,17.25805934022014299,0.00000000000000000,0.05191958361507554,20.16270877575512799,2.88438788763846610,0.00564958756574692,0.00000000000000000,0.57993369544838647,0.55009411895916838,1186939.18171456363052130
2026093100,0,0.50000000000000000,0.50000000000000000,2500000.00000000000000000,0.88693203923056285,0.67621416734366546,0.88693203923056285,30.000000,0.43543014533979113,0.85650461137854728,0.65076893684609083,0.46908338124485566,0.47478028867595629,0.97999999999999998,0.32547343717356508,0.44586427191149791,0.37854972956747585,0.57770194015964105,0.26278251832146959,0.35080424085293571,0.45472291166006268,0.88693203923056285,1124908.74994864733889699,32.04170878414688417,0.00000000000000000,0.10447983461411481,40.33919697974731378,8.23960859318121308,0.01125689204478128,0.00000000000000000,0.57759757236065457,0.55018447455356168,1189357.05137062375433743
2026093100,0,0.50000000000000000,0.50000000000000000,2500000.00000000000000000,0.88693203923056285,0.67621416734366546,0.88693203923056285,45.000000,0.43902681231695101,0.85650461137854728,0.65076893684609083,0.46908338124485566,0.47478616086626124,0.97999999999999998,0.32547491577319604,0.44586427191149791,0.37854972956747585,0.57770194015964105,0.26282067583394669,0.35080424085293571,0.46024970738358151,0.88693203923056285,1122334.35478693037293851,44.54106143385262584,0.00000000000000000,0.15570777905655808,60.33511493853484353,15.68388118314476820,0.01678368776830010,0.00000000000000000,0.57570816852288764,0.55028220359274727,1189357.05137062375433743
2026093100,0,0.50000000000000000,0.50000000000000000,2500000.00000000000000000,0.88693203923056285,0.67621416734366546,0.88693203923056285,60.000000,0.42650815450609608,0.85650461137854728,0.64332623094185382,0.46908338124485566,0.47099547515546714,0.97999999999999998,0.29652165300113453,0.44831475963706535,0.38018817947082201,0.57892421164046937,0.26402680058908423,0.35162596781229966,0.46466686287894987,0.88693203923056285,1000195.42727222363464534,55.30617495810204787,0.00000000000000000,0.18641130593371724,80.40863601352579337,24.92735740581538195,0.02120084326366848,0.00000000000000000,0.57436562627185528,0.00000000000000000,1191790.19834082829765975
2026093100,0,0.50000000000000000,1.00000000000000000,2500000.00000000000000000,0.88693203923056285,0.67621416734366546,0.88693203923056285,0.000000,0.88693203923056285,0.85650461137854728,0.65826419359375898,0.46908338124485566,0.67621416734366546,0.97999999999999998,0.32373273076980424,0.88693203923056285,0.75389223334597844,0.57650582549986584,0.52000000000000002,0.69999999999999996,0.88693203923056285,0.88693203923056285,1250000.00000000000000000,0.00000000000000000,0.00000000000000000,0.00000000000000000,0.00000000000000000,0.00000000000000000,0.00000000000000000,0.00000000000000000,0.58299999999999996,0.55000000000000004,1186939.18171456363052130
2026093100,0,0.50000000000000000,1.00000000000000000,2500000.00000000000000000,0.88693203923056285,0.67621416734366546,0.88693203923056285,15.000000,0.88693203923056285,0.85650461137854728,0.65826419359375898,0.46908338124485566,0.67880988753782945,0.97999999999999998,0.33835321505743354,0.88693203923056285,0.75389223334597844,0.57650582549986584,0.52134823210752346,0.69999999999999996,0.88693203923056285,0.88693203923056285,1248781.42119500623084605,17.25805934022014299,2.88438788763846610,0.07708599758154644,20.16270877575512799,0.00000000000000000,0.00000000000000000,0.00000000000000000,0.58945762162409965,0.55010143529887945,1186939.18171456363052130
2026093100,0,0.50000000000000000,1.00000000000000000,2500000.00000000000000000,0.88693203923056285,0.67621416734366546,0.88693203923056285,30.000000,0.87154536516784364,0.85650461137854728,0.65076893684609083,0.46908338124485566,0.68111735575204102,0.97999999999999998,0.34100583532748907,0.89162136274199366,0.75702020899942168,0.57883883399172986,0.52396649287664032,0.70156877662068762,0.88693203923056285,0.88693203923056285,1127604.23736903094686568,32.03584473367810403,8.21850830565757562,0.15058168715068732,40.33234596947335859,0.00000000000000000,0.00000000000000000,0.00000000000000000,0.59498254421122765,0.55020442688948368,1189866.52775343228131533
2026093100,0,0.50000000000000000,1.00000000000000000,2500000.00000000000000000,0.88693203923056285,0.67621416734366546,0.88693203923056285,45.000000,0.87154536516784364,0.85650461137854728,0.65076893684609083,0.46908338124485566,0.67474777704573208,0.97999999999999998,0.30231166677140869,0.89162136274199366,0.75702020899942168,0.57883883399172986,0.52378842448508067,0.70156877662068762,0.88693203923056285,0.88693203923056285,1126391.88931644940748811,44.45747626875329672,15.59148239872897079,0.21872213859249057,60.23647485860487905,0.00000000000000000,0.00000000000000000,0.00000000000000000,0.59948214203626349,0.00000000000000000,1189866.52775343228131533
2026093100,0,0.50000000000000000,1.00000000000000000,2500000.00000000000000000,0.88693203923056285,0.67621416734366546,0.88693203923056285,60.000000,0.85621168666415959,0.85650461137854728,0.64332623094185382,0.46908338124485566,0.68255807196007057,0.97999999999999998,0.33853139639010671,0.89631050377738775,0.76014815334683772,0.58117184248359388,0.52640686106757573,0.70313768340968408,0.88693203923056285,0.88693203923056285,1005302.00241584167815745,55.12979585932242088,24.69672061243219119,0.28034951450445622,80.18751619112261153,0.00000000000000000,0.00000000000000000,0.00000000000000000,0.60340626676370590,0.55038903158690733,1192513.60464372183196247
2026093100,0,1.00000000000000000,0.10000000000000001,2500000.00000000000000000,0.88693203923056285,0.67621416734366546,0.88693203923056285,0.000000,0.08869320392305630,0.85650461137854728,0.65826419359375898,0.46908338124485566,0.31101036812170280,0.97999999999999998,0.32373273076980424,0.08869320392305630,0.07538922333459785,0.57650582549986584,0.05200000000000000,0.06999999999999999,0.08869320392305630,0.88693203923056285,2500000.00000000000000000,0.00000000000000000,0.00000000000000000,0.00000000000000000,0.00000000000000000,0.00000000000000000,0.00000000000000000,0.00000000000000000,0.58299999999999996,0.55000000000000004,1186939.18171456363052130
2026093100,0,1.00000000000000000,0.10000000000000001,2500000.00000000000000000,0.88693203923056285,0.67621416734366546,0.88693203923056285,15.000000,0.09416480477311628,0.85650461137854728,0.65826419359375898,0.46908338124485566,0.30653540551945435,0.97999999999999998,0.29522204999931800,0.08869320392305630,0.07538922333459785,0.57650582549986584,0.05334823210752325,0.06999999999999999,0.09700536931699649,0.88693203923056285,2496830.70044506900012493,17.25805934022014299,0.00000000000000000,0.02323321193573402,20.16270877575512799,2.88438788763846610,0.00831216539394019,0.00000000000000000,0.57283387181367706,0.54859643245549816,1186939.18171456363052130
2026093100,0,1.00000000000000000,0.10000000000000001,2500000.00000000000000000,0.88693203923056285,0.67621416734366546,0.88693203923056285,30.000000,0.08411728085780548,0.85650461137854728,0.65076893684609083,0.46908338124485566,0.30689175907191740,0.97999999999999998,0.29594493101940739,0.08924728803113920,0.07576035932053347,0.57678272059062974,0.05376707629162217,0.07018610577560541,0.10526628101038342,0.88693203923056285,2373683.13263668958097696,32.00182057119040735,0.00000000000000000,0.04989215403467084,40.29259530770691100,8.23294196421424296,0.01657307708732712,0.00000000000000000,0.56555541090962669,0.54595679616933346,1189641.07625652942806482
2026093100,0,1.00000000000000000,0.10000000000000001,2500000.00000000000000000,0.88693203923056285,0.67621416734366546,0.88693203923056285,45.000000,0.08942085040666820,0.85650461137854728,0.65076893684609083,0.46908338124485566,0.30669773366618908,0.97999999999999998,0.29428059138725343,0.08924728803113920,0.07576035932053347,0.57678272059062974,0.05430128146630120,0.07018610577560541,0.11341597785142522,0.88693203923056285,2370503.42712443694472313,44.49548849963494490,0.00000000000000000,0.07795378365646211,60.27515830867641711,15.66959782179379879,0.02472277392836892,0.00000000000000000,0.56051278687720352,0.54230947258398077,1189641.07625652942806482
2026093100,0,1.00000000000000000,0.10000000000000001,2500000.00000000000000000,0.88693203923056285,0.67621416734366546,0.88693203923056285,60.000000,0.07846724070098983,0.85650461137854728,0.64332623094185382,0.46908338124485566,0.30633926747839435,0.97999999999999998,0.29060358195492020,0.08988043407528229,0.07618413801483628,0.57709915940141554,0.05459425632779490,0.07039852677891745,0.12029948485859417,0.88693203923056285,2247716.67446414101868868,55.21226105669942541,0.00000000000000000,0.09312172260999674,80.28453206448648416,24.89737795057885705,0.03160628093553786,0.00000000000000000,0.55889940012751294,0.00000000000000000,1192589.50309459283016622
2026093100,0,1.00000000000000000,0.29999999999999999,2500000.00000000000000000,0.88693203923056285,0.67621416734366546,0.88693203923056285,0.000000,0.26607961176916883,0.85650461137854728,0.65826419359375898,0.46908338124485566,0.39216676794880567,0.97999999999999998,0.32373273076980424,0.26607961176916883,0.22616767000379351,0.57650582549986584,0.15600000000000000,0.20999999999999999,0.26607961176916883,0.88693203923056285,2500000.00000000000000000,0.00000000000000000,0.00000000000000000,0.00000000000000000,0.00000000000000000,0.00000000000000000,0.00000000000000000,0.00000000000000000,0.58299999999999996,0.55000000000000004,1186939.18171456363052130
2026093100,0,1.00000000000000000,0.29999999999999999,2500000.00000000000000000,0.88693203923056285,0.67621416734366546,0.88693203923056285,15.000000,0.27100431797740243,0.85650461137854728,0.65826419359375898,0.46908338124485566,0.39127202657381904,0.97999999999999998,0.31706139948561496,0.26607961176916883,0.22616767000379351,0.57650582549986584,0.15734823210752324,0.20999999999999999,0.27356096387089474,0.88693203923056285,2497022.94010021071881056,17.25805934022014299,0.00000000000000000,0.04160824847835198,20.16270877575512799,2.88438788763846610,0.00748135210172591,0.00000000000000000,0.57625766071082263,0.55009825285952818,1186939.18171456363052130
2026093100,0,1.00000000000000000,0.29999999999999999,2500000.00000000000000000,0.88693203923056285,0.67621416734366546,0.88693203923056285,30.000000,0.26042951742562459,0.85650461137854728,0.65076893684609083,0.46908338124485566,0.39209800900461711,0.97999999999999998,0.31834396383272850,0.26756012463873902,0.22715855585406799,0.57724495432787581,0.15833467096521278,0.21049693256470911,0.28099213567681430,0.88693203923056285,2374066.27781840041279793,32.07404295752527901,0.00000000000000000,0.08508844209269462,40.37697321567750208,8.24501269431511474,0.01491252390764548,0.00000000000000000,0.57114812733514975,0.55018963532881893,1189581.52622319338843226
2026093100,0,1.00000000000000000,0.29999999999999999,2500000.00000000000000000,0.88693203923056285,0.67621416734366546,0.88693203923056285,45.000000,0.26519847155327914,0.85650461137854728,0.65076893684609083,0.46908338124485566,0.39209644690409234,0.97999999999999998,0.31799101740723362,0.26756012463873902,0.22715855585406799,0.57724495432787581,0.15871624608998347,0.21049693256470911,0.28832031908822137,0.88693203923056285,2371076.65256302105262876,44.62438669763878352,0.00000000000000000,0.12842782170226152,60.43790647672945937,15.70321166944521885,0.02224070731905253,0.00000000000000000,0.56728002378820586,0.55027342531870871,1189581.52622319338843226
2026093100,0,1.00000000000000000,0.29999999999999999,2500000.00000000000000000,0.88693203923056285,0.67621416734366546,0.88693203923056285,60.000000,0.25354407409966323,0.85650461137854728,0.64332623094185382,0.46908338124485566,0.38876612600462024,0.97999999999999998,0.29379021655411591,0.26910952973286756,0.22819535284424375,0.57801855578424310,0.15969900951239280,0.21101685387736677,0.29409747955925336,0.88693203923056285,2248621.99479606095701456,55.36672193721163637,0.00000000000000000,0.15155159174296395,80.49883973778142376,24.95680727864325377,0.02801786779008453,0.00000000000000000,0.56454937238446934,0.00000000000000000,1192068.89210294885560870
2026093100,0,1.00000000000000000,0.50000000000000000,2500000.00000000000000000,0.88693203923056285,0.67621416734366546,0.88693203923056285,0.000000,0.44346601961528143,0.85650461137854728,0.65826419359375898,0.46908338124485566,0.47332316777590844,0.97999999999999998,0.32373273076980424,0.44346601961528143,0.37694611667298922,0.57650582549986584,0.26000000000000001,0.34999999999999998,0.44346601961528143,0.88693203923056285,2500000.00000000000000000,0.00000000000000000,0.00000000000000000,0.00000000000000000,0.00000000000000000,0.00000000000000000,0.00000000000000000,0.00000000000000000,0.58299999999999996,0.55000000000000004,1186939.18171456363052130
2026093100,0,1.00000000000000000,0.50000000000000000,2500000.00000000000000000,0.88693203923056285,0.67621416734366546,0.88693203923056285,15.000000,0.44718494081838517,0.85650461137854728,0.65826419359375898,0.46908338124485566,0.47341549542742123,0.97999999999999998,0.32308252054726100,0.44346601961528143,0.37694611667298922,0.57650582549986584,0.26134823210752317,0.34999999999999998,0.44911560718102833,0.88693203923056285,2497443.88370717922225595,17.25805934022014299,0.00000000000000000,0.05191958361507554,20.16270877575512799,2.88438788763846610,0.00564958756574692,0.00000000000000000,0.57993369544838647,0.55009411895916838,1186939.18171456363052130
2026093100,0,1.00000000000000000,0.50000000000000000,2500000.00000000000000000,0.88693203923056285,0.67621416734366546,0.88693203923056285,30.000000,0.43543014533979113,0.85650461137854728,0.65076893684609083,0.46908338124485566,0.47478028867595629,0.97999999999999998,0.32547343717356508,0.44586427191149791,0.37854972956747585,0.57770194015964105,0.26278251832146959,0.35080424085293571,0.45472291166006268,0.88693203923056285,2374908.74994864733889699,32.04170878414688417,0.00000000000000000,0.10447983461411481,40.33919697974731378,8.23960859318121308,0.01125689204478128,0.00000000000000000,0.57759757236065457,0.55018447455356168,1189357.05137062375433743
2026093100,0,1.00000000000000000,0.50000000000000000,2500000.00000000000000000,0.88693203923056285,0.67621416734366546,0.88693203923056285,45.000000,0.43902681231695101,0.85650461137854728,0.65076893684609083,0.46908338124485566,0.47478616086626124,0.97999999999999998,0.32547491577319604,0.44586427191149791,0.37854972956747585,0.57770194015964105,0.26282067583394669,0.35080424085293571,0.46024970738358151,0.88693203923056285,2372334.35478693060576916,44.54106143385262584,0.00000000000000000,0.15570777905655808,60.33511493853484353,15.68388118314476820,0.01678368776830010,0.00000000000000000,0.57570816852288764,0.55028220359274727,1189357.05137062375433743
2026093100,0,1.00000000000000000,0.50000000000000000,2500000.00000000000000000,0.88693203923056285,0.67621416734366546,0.88693203923056285,60.000000,0.42650815450609608,0.85650461137854728,0.64332623094185382,0.46908338124485566,0.47099547515546714,0.97999999999999998,0.29652165300113453,0.44831475963706535,0.38018817947082201,0.57892421164046937,0.26402680058908423,0.35162596781229966,0.46466686287894987,0.88693203923056285,2250195.42727222386747599,55.30617495810204787,0.00000000000000000,0.18641130593371724,80.40863601352579337,24.92735740581538195,0.02120084326366848,0.00000000000000000,0.57436562627185528,0.00000000000000000,1191790.19834082829765975
2026093100,0,1.00000000000000000,1.00000000000000000,2500000.00000000000000000,0.88693203923056285,0.67621416734366546,0.88693203923056285,0.000000,0.88693203923056285,0.85650461137854728,0.65826419359375898,0.46908338124485566,0.67621416734366546,0.97999999999999998,0.32373273076980424,0.88693203923056285,0.75389223334597844,0.57650582549986584,0.52000000000000002,0.69999999999999996,0.88693203923056285,0.88693203923056285,2500000.00000000000000000,0.00000000000000000,0.00000000000000000,0.00000000000000000,0.00000000000000000,0.00000000000000000,0.00000000000000000,0.00000000000000000,0.58299999999999996,0.55000000000000004,1186939.18171456363052130
2026093100,0,1.00000000000000000,1.00000000000000000,2500000.00000000000000000,0.88693203923056285,0.67621416734366546,0.88693203923056285,15.000000,0.88693203923056285,0.85650461137854728,0.65826419359375898,0.46908338124485566,0.67880988753782945,0.97999999999999998,0.33835321505743354,0.88693203923056285,0.75389223334597844,0.57650582549986584,0.52134823210752346,0.69999999999999996,0.88693203923056285,0.88693203923056285,2498781.42119500599801540,17.25805934022014299,2.88438788763846610,0.07708599758154644,20.16270877575512799,0.00000000000000000,0.00000000000000000,0.00000000000000000,0.58945762162409965,0.55010143529887945,1186939.18171456363052130
2026093100,0,1.00000000000000000,1.00000000000000000,2500000.00000000000000000,0.88693203923056285,0.67621416734366546,0.88693203923056285,30.000000,0.87154536516784364,0.85650461137854728,0.65076893684609083,0.46908338124485566,0.68111735575204102,0.97999999999999998,0.34100583532748907,0.89162136274199366,0.75702020899942168,0.57883883399172986,0.52396649287664032,0.70156877662068762,0.88693203923056285,0.88693203923056285,2377604.23736903117969632,32.03584473367810403,8.21850830565757562,0.15058168715068732,40.33234596947335859,0.00000000000000000,0.00000000000000000,0.00000000000000000,0.59498254421122765,0.55020442688948368,1189866.52775343228131533
2026093100,0,1.00000000000000000,1.00000000000000000,2500000.00000000000000000,0.88693203923056285,0.67621416734366546,0.88693203923056285,45.000000,0.87154536516784364,0.85650461137854728,0.65076893684609083,0.46908338124485566,0.67474777704573208,0.97999999999999998,0.30231166677140869,0.89162136274199366,0.75702020899942168,0.57883883399172986,0.52378842448508067,0.70156877662068762,0.88693203923056285,0.88693203923056285,2376391.88931644940748811,44.45747626875329672,15.59148239872897079,0.21872213859249057,60.23647485860487905,0.00000000000000000,0.00000000000000000,0.00000000000000000,0.59948214203626349,0.00000000000000000,1189866.52775343228131533
2026093100,0,1.00000000000000000,1.00000000000000000,2500000.00000000000000000,0.88693203923056285,0.67621416734366546,0.88693203923056285,60.000000,0.85621168666415959,0.85650461137854728,0.64332623094185382,0.46908338124485566,0.68255807196007057,0.97999999999999998,0.33853139639010671,0.89631050377738775,0.76014815334683772,0.58117184248359388,0.52640686106757573,0.70313768340968408,0.88693203923056285,0.88693203923056285,2255302.00241584051400423,55.12979585932242088,24.69672061243219119,0.28034951450445622,80.18751619112261153,0.00000000000000000,0.00000000000000000,0.00000000000000000,0.60340626676370590,0.55038903158690733,1192513.60464372183196247
2026093100,0,2.00000000000000000,0.10000000000000001,2500000.00000000000000000,0.88693203923056285,0.67621416734366546,0.88693203923056285,0.000000,0.08869320392305630,0.85650461137854728,0.65826419359375898,0.46908338124485566,0.31101036812170280,0.97999999999999998,0.32373273076980424,0.08869320392305630,0.07538922333459785,0.57650582549986584,0.05200000000000000,0.06999999999999999,0.08869320392305630,0.88693203923056285,5000000.00000000000000000,0.00000000000000000,0.00000000000000000,0.00000000000000000,0.00000000000000000,0.00000000000000000,0.00000000000000000,0.00000000000000000,0.58299999999999996,0.55000000000000004,1186939.18171456363052130
2026093100,0,2.00000000000000000,0.10000000000000001,2500000.00000000000000000,0.88693203923056285,0.67621416734366546,0.88693203923056285,15.000000,0.09416480477311628,0.85650461137854728,0.65826419359375898,0.46908338124485566,0.30653540551945435,0.97999999999999998,0.29522204999931800,0.08869320392305630,0.07538922333459785,0.57650582549986584,0.05334823210752325,0.06999999999999999,0.09700536931699649,0.88693203923056285,4996830.70044506620615721,17.25805934022014299,0.00000000000000000,0.02323321193573402,20.16270877575512799,2.88438788763846610,0.00831216539394019,0.00000000000000000,0.57283387181367706,0.54859643245549816,1186939.18171456363052130
2026093100,0,2.00000000000000000,0.10000000000000001,2500000.00000000000000000,0.88693203923056285,0.67621416734366546,0.88693203923056285,30.000000,0.08411728085780548,0.85650461137854728,0.65076893684609083,0.46908338124485566,0.30689175907191740,0.97999999999999998,0.29594493101940739,0.08924728803113920,0.07576035932053347,0.57678272059062974,0.05376707629162217,0.07018610577560541,0.10526628101038342,0.88693203923056285,4873683.13263668119907379,32.00182057119040735,0.00000000000000000,0.04989215403467084,40.29259530770691100,8.23294196421424296,0.01657307708732712,0.00000000000000000,0.56555541090962669,0.54595679616933346,1189641.07625652942806482
2026093100,0,2.00000000000000000,0.10000000000000001,2500000.00000000000000000,0.88693203923056285,0.67621416734366546,0.88693203923056285,45.000000,0.08942085040666820,0.85650461137854728,0.65076893684609083,0.46908338124485566,0.30669773366618908,0.97999999999999998,0.29428059138725343,0.08924728803113920,0.07576035932053347,0.57678272059062974,0.05430128146630120,0.07018610577560541,0.11341597785142522,0.88693203923056285,4870503.42712442576885223,44.49548849963494490,0.00000000000000000,0.07795378365646211,60.27515830867641711,15.66959782179379879,0.02472277392836892,0.00000000000000000,0.56051278687720352,0.54230947258398077,1189641.07625652942806482
2026093100,0,2.00000000000000000,0.10000000000000001,2500000.00000000000000000,0.88693203923056285,0.67621416734366546,0.88693203923056285,60.000000,0.07846724070098983,0.85650461137854728,0.64332623094185382,0.46908338124485566,0.30633926747839435,0.97999999999999998,0.29060358195492020,0.08988043407528229,0.07618413801483628,0.57709915940141554,0.05459425632779490,0.07039852677891745,0.12029948485859417,0.88693203923056285,4747716.67446413077414036,55.21226105669942541,0.00000000000000000,0.09312172260999674,80.28453206448648416,24.89737795057885705,0.03160628093553786,0.00000000000000000,0.55889940012751294,0.00000000000000000,1192589.50309459283016622
2026093100,0,2.00000000000000000,0.29999999999999999,2500000.00000000000000000,0.88693203923056285,0.67621416734366546,0.88693203923056285,0.000000,0.26607961176916883,0.85650461137854728,0.65826419359375898,0.46908338124485566,0.39216676794880567,0.97999999999999998,0.32373273076980424,0.26607961176916883,0.22616767000379351,0.57650582549986584,0.15600000000000000,0.20999999999999999,0.26607961176916883,0.88693203923056285,5000000.00000000000000000,0.00000000000000000,0.00000000000000000,0.00000000000000000,0.00000000000000000,0.00000000000000000,0.00000000000000000,0.00000000000000000,0.58299999999999996,0.55000000000000004,1186939.18171456363052130
2026093100,0,2.00000000000000000,0.29999999999999999,2500000.00000000000000000,0.88693203923056285,0.67621416734366546,0.88693203923056285,15.000000,0.27100431797740243,0.85650461137854728,0.65826419359375898,0.46908338124485566,0.39127202657381904,0.97999999999999998,0.31706139948561496,0.26607961176916883,0.22616767000379351,0.57650582549986584,0.15734823210752324,0.20999999999999999,0.27356096387089474,0.88693203923056285,4997022.94010020885616541,17.25805934022014299,0.00000000000000000,0.04160824847835198,20.16270877575512799,2.88438788763846610,0.00748135210172591,0.00000000000000000,0.57625766071082263,0.55009825285952818,1186939.18171456363052130
2026093100,0,2.00000000000000000,0.29999999999999999,2500000.00000000000000000,0.88693203923056285,0.67621416734366546,0.88693203923056285,30.000000,0.26042951742562459,0.85650461137854728,0.65076893684609083,0.46908338124485566,0.39209800900461711,0.97999999999999998,0.31834396383272850,0.26756012463873902,0.22715855585406799,0.57724495432787581,0.15833467096521278,0.21049693256470911,0.28099213567681430,0.88693203923056285,4874066.27781839668750763,32.07404295752527901,0.00000000000000000,0.08508844209269462,40.37697321567750208,8.24501269431511474,0.01491252390764548,0.00000000000000000,0.57114812733514975,0.55018963532881893,1189581.52622319338843226
2026093100,0,2.00000000000000000,0.29999999999999999,2500000.00000000000000000,0.88693203923056285,0.67621416734366546,0.88693203923056285,45.000000,0.26519847155327914,0.85650461137854728,0.65076893684609083,0.46908338124485566,0.39209644690409234,0.97999999999999998,0.31799101740723362,0.26756012463873902,0.22715855585406799,0.57724495432787581,0.15871624608998347,0.21049693256470911,0.28832031908822137,0.88693203923056285,4871076.65256301686167717,44.62438669763878352,0.00000000000000000,0.12842782170226152,60.43790647672945937,15.70321166944521885,0.02224070731905253,0.00000000000000000,0.56728002378820586,0.55027342531870871,1189581.52622319338843226
2026093100,0,2.00000000000000000,0.29999999999999999,2500000.00000000000000000,0.88693203923056285,0.67621416734366546,0.88693203923056285,60.000000,0.25354407409966323,0.85650461137854728,0.64332623094185382,0.46908338124485566,0.38876612600462024,0.97999999999999998,0.29379021655411591,0.26910952973286756,0.22819535284424375,0.57801855578424310,0.15969900951239280,0.21101685387736677,0.29409747955925336,0.88693203923056285,4748621.99479605816304684,55.36672193721163637,0.00000000000000000,0.15155159174296395,80.49883973778142376,24.95680727864325377,0.02801786779008453,0.00000000000000000,0.56454937238446934,0.00000000000000000,1192068.89210294885560870
2026093100,0,2.00000000000000000,0.50000000000000000,2500000.00000000000000000,0.88693203923056285,0.67621416734366546,0.88693203923056285,0.000000,0.44346601961528143,0.85650461137854728,0.65826419359375898,0.46908338124485566,0.47332316777590844,0.97999999999999998,0.32373273076980424,0.44346601961528143,0.37694611667298922,0.57650582549986584,0.26000000000000001,0.34999999999999998,0.44346601961528143,0.88693203923056285,5000000.00000000000000000,0.00000000000000000,0.00000000000000000,0.00000000000000000,0.00000000000000000,0.00000000000000000,0.00000000000000000,0.00000000000000000,0.58299999999999996,0.55000000000000004,1186939.18171456363052130
2026093100,0,2.00000000000000000,0.50000000000000000,2500000.00000000000000000,0.88693203923056285,0.67621416734366546,0.88693203923056285,15.000000,0.44718494081838517,0.85650461137854728,0.65826419359375898,0.46908338124485566,0.47341549542742123,0.97999999999999998,0.32308252054726100,0.44346601961528143,0.37694611667298922,0.57650582549986584,0.26134823210752317,0.34999999999999998,0.44911560718102833,0.88693203923056285,4997443.88370717409998178,17.25805934022014299,0.00000000000000000,0.05191958361507554,20.16270877575512799,2.88438788763846610,0.00564958756574692,0.00000000000000000,0.57993369544838647,0.55009411895916838,1186939.18171456363052130
2026093100,0,2.00000000000000000,0.50000000000000000,2500000.00000000000000000,0.88693203923056285,0.67621416734366546,0.88693203923056285,30.000000,0.43543014533979113,0.85650461137854728,0.65076893684609083,0.46908338124485566,0.47478028867595629,0.97999999999999998,0.32547343717356508,0.44586427191149791,0.37854972956747585,0.57770194015964105,0.26278251832146959,0.35080424085293571,0.45472291166006268,0.88693203923056285,4874908.74994863569736481,32.04170878414688417,0.00000000000000000,0.10447983461411481,40.33919697974731378,8.23960859318121308,0.01125689204478128,0.00000000000000000,0.57759757236065457,0.55018447455356168,1189357.05137062375433743
2026093100,0,2.00000000000000000,0.50000000000000000,2500000.00000000000000000,0.88693203923056285,0.67621416734366546,0.88693203923056285,45.000000,0.43902681231695101,0.85650461137854728,0.65076893684609083,0.46908338124485566,0.47478616086626124,0.97999999999999998,0.32547491577319604,0.44586427191149791,0.37854972956747585,0.57770194015964105,0.26282067583394669,0.35080424085293571,0.46024970738358151,0.88693203923056285,4872334.35478691756725311,44.54106143385262584,0.00000000000000000,0.15570777905655808,60.33511493853484353,15.68388118314476820,0.01678368776830010,0.00000000000000000,0.57570816852288764,0.55028220359274727,1189357.05137062375433743
2026093100,0,2.00000000000000000,0.50000000000000000,2500000.00000000000000000,0.88693203923056285,0.67621416734366546,0.88693203923056285,60.000000,0.42650815450609608,0.85650461137854728,0.64332623094185382,0.46908338124485566,0.47099547515546714,0.97999999999999998,0.29652165300113453,0.44831475963706535,0.38018817947082201,0.57892421164046937,0.26402680058908423,0.35162596781229966,0.46466686287894987,0.88693203923056285,4750195.42727221269160509,55.30617495810204787,0.00000000000000000,0.18641130593371724,80.40863601352579337,24.92735740581538195,0.02120084326366848,0.00000000000000000,0.57436562627185528,0.00000000000000000,1191790.19834082829765975
2026093100,0,2.00000000000000000,1.00000000000000000,2500000.00000000000000000,0.88693203923056285,0.67621416734366546,0.88693203923056285,0.000000,0.88693203923056285,0.85650461137854728,0.65826419359375898,0.46908338124485566,0.67621416734366546,0.97999999999999998,0.32373273076980424,0.88693203923056285,0.75389223334597844,0.57650582549986584,0.52000000000000002,0.69999999999999996,0.88693203923056285,0.88693203923056285,5000000.00000000000000000,0.00000000000000000,0.00000000000000000,0.00000000000000000,0.00000000000000000,0.00000000000000000,0.00000000000000000,0.00000000000000000,0.58299999999999996,0.55000000000000004,1186939.18171456363052130
2026093100,0,2.00000000000000000,1.00000000000000000,2500000.00000000000000000,0.88693203923056285,0.67621416734366546,0.88693203923056285,15.000000,0.88693203923056285,0.85650461137854728,0.65826419359375898,0.46908338124485566,0.67880988753782945,0.97999999999999998,0.33835321505743354,0.88693203923056285,0.75389223334597844,0.57650582549986584,0.52134823210752346,0.69999999999999996,0.88693203923056285,0.88693203923056285,4998781.42119500041007996,17.25805934022014299,2.88438788763846610,0.07708599758154644,20.16270877575512799,0.00000000000000000,0.00000000000000000,0.00000000000000000,0.58945762162409965,0.55010143529887945,1186939.18171456363052130
2026093100,0,2.00000000000000000,1.00000000000000000,2500000.00000000000000000,0.88693203923056285,0.67621416734366546,0.88693203923056285,30.000000,0.87154536516784364,0.85650461137854728,0.65076893684609083,0.46908338124485566,0.68111735575204102,0.97999999999999998,0.34100583532748907,0.89162136274199366,0.75702020899942168,0.57883883399172986,0.52396649287664032,0.70156877662068762,0.88693203923056285,0.88693203923056285,4877604.23736902233213186,32.03584473367810403,8.21850830565757562,0.15058168715068732,40.33234596947335859,0.00000000000000000,0.00000000000000000,0.00000000000000000,0.59498254421122765,0.55020442688948368,1189866.52775343228131533
2026093100,0,2.00000000000000000,1.00000000000000000,2500000.00000000000000000,0.88693203923056285,0.67621416734366546,0.88693203923056285,45.000000,0.87154536516784364,0.85650461137854728,0.65076893684609083,0.46908338124485566,0.67474777704573208,0.97999999999999998,0.30231166677140869,0.89162136274199366,0.75702020899942168,0.57883883399172986,0.52378842448508067,0.70156877662068762,0.88693203923056285,0.88693203923056285,4876391.88931643962860107,44.45747626875329672,15.59148239872897079,0.21872213859249057,60.23647485860487905,0.00000000000000000,0.00000000000000000,0.00000000000000000,0.59948214203626349,0.00000000000000000,1189866.52775343228131533
2026093100,0,2.00000000000000000,1.00000000000000000,2500000.00000000000000000,0.88693203923056285,0.67621416734366546,0.88693203923056285,60.000000,0.85621168666415959,0.85650461137854728,0.64332623094185382,0.46908338124485566,0.68255807196007057,0.97999999999999998,0.33853139639010671,0.89631050377738775,0.76014815334683772,0.58117184248359388,0.52640686106757573,0.70313768340968408,0.88693203923056285,0.88693203923056285,4755302.00241583213210106,55.12979585932242088,24.69672061243219119,0.28034951450445622,80.18751619112261153,0.00000000000000000,0.00000000000000000,0.00000000000000000,0.60340626676370590,0.55038903158690733,1192513.60464372183196247
2026093100,0,4.00000000000000000,0.10000000000000001,2500000.00000000000000000,0.88693203923056285,0.67621416734366546,0.88693203923056285,0.000000,0.08869320392305630,0.85650461137854728,0.65826419359375898,0.46908338124485566,0.31101036812170280,0.97999999999999998,0.32373273076980424,0.08869320392305630,0.07538922333459785,0.57650582549986584,0.05200000000000000,0.06999999999999999,0.08869320392305630,0.88693203923056285,10000000.00000000000000000,0.00000000000000000,0.00000000000000000,0.00000000000000000,0.00000000000000000,0.00000000000000000,0.00000000000000000,0.00000000000000000,0.58299999999999996,0.55000000000000004,1186939.18171456363052130
2026093100,0,4.00000000000000000,0.10000000000000001,2500000.00000000000000000,0.88693203923056285,0.67621416734366546,0.88693203923056285,15.000000,0.09416480477311628,0.85650461137854728,0.65826419359375898,0.46908338124485566,0.30653540551945435,0.97999999999999998,0.29522204999931800,0.08869320392305630,0.07538922333459785,0.57650582549986584,0.05334823210752325,0.06999999999999999,0.09700536931699649,0.88693203923056285,9996830.70044506900012493,17.25805934022014299,0.00000000000000000,0.02323321193573402,20.16270877575512799,2.88438788763846610,0.00831216539394019,0.00000000000000000,0.57283387181367706,0.54859643245549816,1186939.18171456363052130
2026093100,0,4.00000000000000000,0.10000000000000001,2500000.00000000000000000,0.88693203923056285,0.67621416734366546,0.88693203923056285,30.000000,0.08411728085780548,0.85650461137854728,0.65076893684609083,0.46908338124485566,0.30689175907191740,0.97999999999999998,0.29594493101940739,0.08924728803113920,0.07576035932053347,0.57678272059062974,0.05376707629162217,0.07018610577560541,0.10526628101038342,0.88693203923056285,9873683.13263669051229954,32.00182057119040735,0.00000000000000000,0.04989215403467084,40.29259530770691100,8.23294196421424296,0.01657307708732712,0.00000000000000000,0.56555541090962669,0.54595679616933346,1189641.07625652942806482
2026093100,0,4.00000000000000000,0.10000000000000001,2500000.00000000000000000,0.88693203923056285,0.67621416734366546,0.88693203923056285,45.000000,0.08942085040666820,0.85650461137854728,0.65076893684609083,0.46908338124485566,0.30669773366618908,0.97999999999999998,0.29428059138725343,0.08924728803113920,0.07576035932053347,0.57678272059062974,0.05430128146630120,0.07018610577560541,0.11341597785142522,0.88693203923056285,9870503.42712443694472313,44.49548849963494490,0.00000000000000000,0.07795378365646211,60.27515830867641711,15.66959782179379879,0.02472277392836892,0.00000000000000000,0.56051278687720352,0.54230947258398077,1189641.07625652942806482
2026093100,0,4.00000000000000000,0.10000000000000001,2500000.00000000000000000,0.88693203923056285,0.67621416734366546,0.88693203923056285,60.000000,0.07846724070098983,0.85650461137854728,0.64332623094185382,0.46908338124485566,0.30633926747839435,0.97999999999999998,0.29060358195492020,0.08988043407528229,0.07618413801483628,0.57709915940141554,0.05459425632779490,0.07039852677891745,0.12029948485859417,0.88693203923056285,9747716.67446413449943066,55.21226105669942541,0.00000000000000000,0.09312172260999674,80.28453206448648416,24.89737795057885705,0.03160628093553786,0.00000000000000000,0.55889940012751294,0.00000000000000000,1192589.50309459283016622
2026093100,0,4.00000000000000000,0.29999999999999999,2500000.00000000000000000,0.88693203923056285,0.67621416734366546,0.88693203923056285,0.000000,0.26607961176916883,0.85650461137854728,0.65826419359375898,0.46908338124485566,0.39216676794880567,0.97999999999999998,0.32373273076980424,0.26607961176916883,0.22616767000379351,0.57650582549986584,0.15600000000000000,0.20999999999999999,0.26607961176916883,0.88693203923056285,10000000.00000000000000000,0.00000000000000000,0.00000000000000000,0.00000000000000000,0.00000000000000000,0.00000000000000000,0.00000000000000000,0.00000000000000000,0.58299999999999996,0.55000000000000004,1186939.18171456363052130
2026093100,0,4.00000000000000000,0.29999999999999999,2500000.00000000000000000,0.88693203923056285,0.67621416734366546,0.88693203923056285,15.000000,0.27100431797740243,0.85650461137854728,0.65826419359375898,0.46908338124485566,0.39127202657381904,0.97999999999999998,0.31706139948561496,0.26607961176916883,0.22616767000379351,0.57650582549986584,0.15734823210752324,0.20999999999999999,0.27356096387089474,0.88693203923056285,9997022.94010020978748798,17.25805934022014299,0.00000000000000000,0.04160824847835198,20.16270877575512799,2.88438788763846610,0.00748135210172591,0.00000000000000000,0.57625766071082263,0.55009825285952818,1186939.18171456363052130
2026093100,0,4.00000000000000000,0.29999999999999999,2500000.00000000000000000,0.88693203923056285,0.67621416734366546,0.88693203923056285,30.000000,0.26042951742562459,0.85650461137854728,0.65076893684609083,0.46908338124485566,0.39209800900461711,0.97999999999999998,0.31834396383272850,0.26756012463873902,0.22715855585406799,0.57724495432787581,0.15833467096521278,0.21049693256470911,0.28099213567681430,0.88693203923056285,9874066.27781840786337852,32.07404295752527901,0.00000000000000000,0.08508844209269462,40.37697321567750208,8.24501269431511474,0.01491252390764548,0.00000000000000000,0.57114812733514975,0.55018963532881893,1189581.52622319338843226
2026093100,0,4.00000000000000000,0.29999999999999999,2500000.00000000000000000,0.88693203923056285,0.67621416734366546,0.88693203923056285,45.000000,0.26519847155327914,0.85650461137854728,0.65076893684609083,0.46908338124485566,0.39209644690409234,0.97999999999999998,0.31799101740723362,0.26756012463873902,0.22715855585406799,0.57724495432787581,0.15871624608998347,0.21049693256470911,0.28832031908822137,0.88693203923056285,9871076.65256302990019321,44.62438669763878352,0.00000000000000000,0.12842782170226152,60.43790647672945937,15.70321166944521885,0.02224070731905253,0.00000000000000000,0.56728002378820586,0.55027342531870871,1189581.52622319338843226
2026093100,0,4.00000000000000000,0.29999999999999999,2500000.00000000000000000,0.88693203923056285,0.67621416734366546,0.88693203923056285,60.000000,0.25354407409966323,0.85650461137854728,0.64332623094185382,0.46908338124485566,0.38876612600462024,0.97999999999999998,0.29379021655411591,0.26910952973286756,0.22819535284424375,0.57801855578424310,0.15969900951239280,0.21101685387736677,0.29409747955925336,0.88693203923056285,9748621.99479607306420803,55.36672193721163637,0.00000000000000000,0.15155159174296395,80.49883973778142376,24.95680727864325377,0.02801786779008453,0.00000000000000000,0.56454937238446934,0.00000000000000000,1192068.89210294885560870
2026093100,0,4.00000000000000000,0.50000000000000000,2500000.00000000000000000,0.88693203923056285,0.67621416734366546,0.88693203923056285,0.000000,0.44346601961528143,0.85650461137854728,0.65826419359375898,0.46908338124485566,0.47332316777590844,0.97999999999999998,0.32373273076980424,0.44346601961528143,0.37694611667298922,0.57650582549986584,0.26000000000000001,0.34999999999999998,0.44346601961528143,0.88693203923056285,10000000.00000000000000000,0.00000000000000000,0.00000000000000000,0.00000000000000000,0.00000000000000000,0.00000000000000000,0.00000000000000000,0.00000000000000000,0.58299999999999996,0.55000000000000004,1186939.18171456363052130
2026093100,0,4.00000000000000000,0.50000000000000000,2500000.00000000000000000,0.88693203923056285,0.67621416734366546,0.88693203923056285,15.000000,0.44718494081838517,0.85650461137854728,0.65826419359375898,0.46908338124485566,0.47341549542742123,0.97999999999999998,0.32308252054726100,0.44346601961528143,0.37694611667298922,0.57650582549986584,0.26134823210752317,0.34999999999999998,0.44911560718102833,0.88693203923056285,9997443.88370717689394951,17.25805934022014299,0.00000000000000000,0.05191958361507554,20.16270877575512799,2.88438788763846610,0.00564958756574692,0.00000000000000000,0.57993369544838647,0.55009411895916838,1186939.18171456363052130
2026093100,0,4.00000000000000000,0.50000000000000000,2500000.00000000000000000,0.88693203923056285,0.67621416734366546,0.88693203923056285,30.000000,0.43543014533979113,0.85650461137854728,0.65076893684609083,0.46908338124485566,0.47478028867595629,0.97999999999999998,0.32547343717356508,0.44586427191149791,0.37854972956747585,0.57770194015964105,0.26278251832146959,0.35080424085293571,0.45472291166006268,0.88693203923056285,9874908.74994864501059055,32.04170878414688417,0.00000000000000000,0.10447983461411481,40.33919697974731378,8.23960859318121308,0.01125689204478128,0.00000000000000000,0.57759757236065457,0.55018447455356168,1189357.05137062375433743
2026093100,0,4.00000000000000000,0.50000000000000000,2500000.00000000000000000,0.88693203923056285,0.67621416734366546,0.88693203923056285,45.000000,0.43902681231695101,0.85650461137854728,0.65076893684609083,0.46908338124485566,0.47478616086626124,0.97999999999999998,0.32547491577319604,0.44586427191149791,0.37854972956747585,0.57770194015964105,0.26282067583394669,0.35080424085293571,0.46024970738358151,0.88693203923056285,9872334.35478693246841431,44.54106143385262584,0.00000000000000000,0.15570777905655808,60.33511493853484353,15.68388118314476820,0.01678368776830010,0.00000000000000000,0.57570816852288764,0.55028220359274727,1189357.05137062375433743
2026093100,0,4.00000000000000000,0.50000000000000000,2500000.00000000000000000,0.88693203923056285,0.67621416734366546,0.88693203923056285,60.000000,0.42650815450609608,0.85650461137854728,0.64332623094185382,0.46908338124485566,0.47099547515546714,0.97999999999999998,0.29652165300113453,0.44831475963706535,0.38018817947082201,0.57892421164046937,0.26402680058908423,0.35162596781229966,0.46466686287894987,0.88693203923056285,9750195.42727222107350826,55.30617495810204787,0.00000000000000000,0.18641130593371724,80.40863601352579337,24.92735740581538195,0.02120084326366848,0.00000000000000000,0.57436562627185528,0.00000000000000000,1191790.19834082829765975
2026093100,0,4.00000000000000000,1.00000000000000000,2500000.00000000000000000,0.88693203923056285,0.67621416734366546,0.88693203923056285,0.000000,0.88693203923056285,0.85650461137854728,0.65826419359375898,0.46908338124485566,0.67621416734366546,0.97999999999999998,0.32373273076980424,0.88693203923056285,0.75389223334597844,0.57650582549986584,0.52000000000000002,0.69999999999999996,0.88693203923056285,0.88693203923056285,10000000.00000000000000000,0.00000000000000000,0.00000000000000000,0.00000000000000000,0.00000000000000000,0.00000000000000000,0.00000000000000000,0.00000000000000000,0.58299999999999996,0.55000000000000004,1186939.18171456363052130
2026093100,0,4.00000000000000000,1.00000000000000000,2500000.00000000000000000,0.88693203923056285,0.67621416734366546,0.88693203923056285,15.000000,0.88693203923056285,0.85650461137854728,0.65826419359375898,0.46908338124485566,0.67880988753782945,0.97999999999999998,0.33835321505743354,0.88693203923056285,0.75389223334597844,0.57650582549986584,0.52134823210752346,0.69999999999999996,0.88693203923056285,0.88693203923056285,9998781.42119500413537025,17.25805934022014299,2.88438788763846610,0.07708599758154644,20.16270877575512799,0.00000000000000000,0.00000000000000000,0.00000000000000000,0.58945762162409965,0.55010143529887945,1186939.18171456363052130
2026093100,0,4.00000000000000000,1.00000000000000000,2500000.00000000000000000,0.88693203923056285,0.67621416734366546,0.88693203923056285,30.000000,0.87154536516784364,0.85650461137854728,0.65076893684609083,0.46908338124485566,0.68111735575204102,0.97999999999999998,0.34100583532748907,0.89162136274199366,0.75702020899942168,0.57883883399172986,0.52396649287664032,0.70156877662068762,0.88693203923056285,0.88693203923056285,9877604.23736903443932533,32.03584473367810403,8.21850830565757562,0.15058168715068732,40.33234596947335859,0.00000000000000000,0.00000000000000000,0.00000000000000000,0.59498254421122765,0.55020442688948368,1189866.52775343228131533
2026093100,0,4.00000000000000000,1.00000000000000000,2500000.00000000000000000,0.88693203923056285,0.67621416734366546,0.88693203923056285,45.000000,0.87154536516784364,0.85650461137854728,0.65076893684609083,0.46908338124485566,0.67474777704573208,0.97999999999999998,0.30231166677140869,0.89162136274199366,0.75702020899942168,0.57883883399172986,0.52378842448508067,0.70156877662068762,0.88693203923056285,0.88693203923056285,9876391.88931644894182682,44.45747626875329672,15.59148239872897079,0.21872213859249057,60.23647485860487905,0.00000000000000000,0.00000000000000000,0.00000000000000000,0.59948214203626349,0.00000000000000000,1189866.52775343228131533
2026093100,0,4.00000000000000000,1.00000000000000000,2500000.00000000000000000,0.88693203923056285,0.67621416734366546,0.88693203923056285,60.000000,0.85621168666415959,0.85650461137854728,0.64332623094185382,0.46908338124485566,0.68255807196007057,0.97999999999999998,0.33853139639010671,0.89631050377738775,0.76014815334683772,0.58117184248359388,0.52640686106757573,0.70313768340968408,0.88693203923056285,0.88693203923056285,9755302.00241584330797195,55.12979585932242088,24.69672061243219119,0.28034951450445622,80.18751619112261153,0.00000000000000000,0.00000000000000000,0.00000000000000000,0.60340626676370590,0.55038903158690733,1192513.60464372183196247
