scenario,seed,days_from_withdrawal,demand_on,demand_off,relative_error
M1,2026240000,7.0,29652.073508026,29496.67951518,0.005268185958559421
M1,2026240000,14.0,28185.468684429,28112.671771403,0.002589469745812408
M1,2026240000,21.0,27716.239596369,27758.035082556,0.0015057076649228555
M1,2026240000,28.0,27420.329130975,27635.134921301,0.00777292352426441
M1,2026240000,30.0,7940.730549363,7884.13463036,0.007178456692642194
M1,2026240000,35.0,19686.805895788,19696.335364806,0.0004838193928718959
M1,2026240000,42.0,27622.029835642,27552.492843959,0.002523800371778153
M1,2026240000,49.0,27540.398783836,27537.115482625,0.00011923184957676149
M1,2026240000,56.0,27468.545716099,27528.359808296,0.0021728171461553995
M1,2026240000,63.0,27298.967114778,27523.286344626,0.008150161541003679
M1,2026240000,70.0,27515.355689024,27520.320462835,0.00018040392435489519
M1,2026240000,77.0,27303.89009289,27518.578765257,0.007801590125651772
M1,2026240000,84.0,27537.711617657,27517.553534368,0.0007325536139623283
M1,2026240000,90.0,23460.627240453,23585.982776631,0.005314832007009014
M1,2026240000,91.0,3924.004504575,3930.966506578,0.001771066222861504
M1,2026240000,98.0,27524.349866423,27516.592908238,0.00028190111366142124
M1,2026240000,105.0,27316.016264571,27516.382648405,0.007281712367290916
M1,2026240000,112.0,27535.231339331,27516.258571048,0.0006895111933190194
M1,2026240000,119.0,27310.991979921,27516.18534315,0.007457187857621409
M1,2026240000,126.0,27539.316863063,27516.142122927,0.000842223449510659
M1,2026240000,133.0,27313.868509497,27516.116612839,0.007350168855136775
M1,2026240000,140.0,27521.688912276,27516.101555611,0.00020305771345219292
M1,2026240000,147.0,27305.081329098,27516.092668052,0.007668651995746346
M1,2026240000,154.0,27530.65491082,27516.087422122,0.0005294171542095636
M1,2026240000,161.0,27310.739342109,27516.084325672,0.007462725478400233
M1,2026240000,168.0,27532.535540703,27516.082497967,0.000597942775364775
M1,2026240000,175.0,27311.493666464,27516.081419148,0.007435206691227056
M1,2026240000,180.0,19771.134096618,19654.343463246,0.0059422302042497184
M1,2026240000,182.0,7862.01276188,7861.737319118,3.503586431583178e-05
M1,2026240000,189.0,27419.707736005,27516.080406496,0.0035024127371080364
M1,2026240000,196.0,27332.101970172,27516.080184637,0.006686207237022149
M1,2026240000,203.0,27287.084043467,27516.080053682,0.008322261374739579
M1,2026240000,210.0,27262.18582889,27516.079976386,0.00922711911412855
M1,2026240000,217.0,27247.829685283,27516.07993076,0.009748853984724961
M1,2026240000,224.0,27239.359002237,27516.079903829,0.010056697849372465
M1,2026240000,231.0,27234.296775348,27516.079887933,0.010240670681748278
M1,2026240000,238.0,27231.249823025,27516.07987855,0.010351403862111919
M1,2026240000,245.0,27229.408419935,27516.079873013,0.010418324645116335
M1,2026240000,252.0,27228.292984998,27516.079869748,0.01045886209490186
M1,2026240000,259.0,27227.616388842,27516.079867818,0.010483451144266262
M1,2026240000,266.0,27227.205653135,27516.07986668,0.010498378219013933
M1,2026240000,273.0,27226.956192412,27516.079866007,0.010507444192738375
M1,2026240000,280.0,27226.804638957,27516.07986561,0.01051295199264707
M1,2026240000,287.0,27226.7125507,27516.079865376,0.010516298691228812
M1,2026240000,294.0,27226.656589383,27516.079865237,0.010518332454022535
M1,2026240000,301.0,27226.622579963,27516.079865156,0.010519568434584414
M1,2026240000,308.0,27226.601910592,27516.079865108,0.010520319607120953
M1,2026240000,315.0,27226.589348393,27516.079865079,0.01052077614636499
M1,2026240000,322.0,27226.58171337,27516.079865063,0.010521053620743863
M1,2026240000,329.0,27226.577072935,27516.079865052,0.010521222264829084
M1,2026240000,336.0,27226.57425254,27516.079865047,0.010521324764533496
M1,2026240000,343.0,27226.572538337,27516.079865044,0.010521387062652982
M1,2026240000,350.0,27226.571496463,27516.079865042,0.010521424926768342
M1,2026240000,357.0,27226.570863221,27516.07986504,0.010521447940221614
M1,2026240000,360.0,11668.530241613,11792.605656445,0.010521458823155722
M1,2026240001,7.0,28600.978015461,28390.102191421,0.00742779376481868
M1,2026240001,14.0,26842.009774824,26984.76211256,0.005290109178674487
M1,2026240001,21.0,26645.600704666,26622.071936199,0.0008838068097550013
M1,2026240001,28.0,26550.829464861,26506.079330831,0.00168829699298261
M1,2026240001,30.0,7510.051359226,7562.704661704,0.006962231745558548
M1,2026240001,35.0,19046.135679962,18894.332914416,0.008034301408449124
M1,2026240001,42.0,26553.282887186,26432.2595997,0.00457862056891174
M1,2026240001,49.0,26352.089196261,26418.6718275,0.0025202868514264316
M1,2026240001,56.0,26564.07019512,26410.970295922,0.0057968297825709645
M1,2026240001,63.0,26344.248055835,26406.548386743,0.002359275812785826
M1,2026240001,70.0,26558.136547502,26403.996639243,0.005837749124309039
M1,2026240001,77.0,26339.0455546,26402.521165536,0.0024041496089720143
M1,2026240001,84.0,26547.186616597,26401.667345125,0.005511745510984534
M1,2026240001,90.0,22619.803649794,22629.598151329,0.0004328181821656705
M1,2026240001,91.0,3782.143779852,3771.574958031,0.002802230351671931
M1,2026240001,98.0,26521.556631769,26400.886987177,0.00457066630566649
M1,2026240001,105.0,26330.964733186,26400.721339165,0.0026422234863529245
M1,2026240001,112.0,26545.552258682,26400.625437523,0.005489522265370997
M1,2026240001,119.0,26332.899019763,26400.569915317,0.002563236163880572
M1,2026240001,126.0,26552.434128267,26400.537770801,0.005753532703943571
M1,2026240001,133.0,26335.330088299,26400.519160796,0.0024692344911839362
M1,2026240001,140.0,26532.929092566,26400.508386587,0.0050158392421820255
M1,2026240001,147.0,26325.465922993,26400.502148894,0.0028422272227175555
M1,2026240001,154.0,26548.707879181,26400.498537604,0.005613884198660064
M1,2026240001,161.0,26333.096319414,26400.496446863,0.00255298712221788
M1,2026240001,168.0,26557.02128234,26400.495236436,0.005928905670222976
M1,2026240001,175.0,26338.004857558,26400.494535665,0.0023669889222180922
M1,2026240001,180.0,18713.015170062,18857.495836861,0.007661710125719851
M1,2026240001,182.0,7488.42751165,7542.998293096,0.007234627309401362
M1,2026240001,189.0,26325.603878099,26400.493895073,0.0028366899979843665
M1,2026240001,196.0,26543.808955916,26400.493759088,0.00542850441115957
M1,2026240001,203.0,26331.926356968,26400.49368036,0.0025971985305338354
M1,2026240001,210.0,26549.778815424,26400.493634781,0.005654635959015815
M1,2026240001,217.0,26334.275978843,26400.493608394,0.002508196647124281
M1,2026240001,224.0,26557.85352705,26400.493593116,0.005960492116519817
M1,2026240001,231.0,26338.477948799,26400.493584272,0.0023490331828471735
M1,2026240001,238.0,26553.250578048,26400.493579151,0.005786141779471663
M1,2026240001,245.0,26335.504074316,26400.493576186,0.002461677531992175
M1,2026240001,252.0,26545.93899885,26400.493574471,0.005509193378098301
M1,2026240001,259.0,26332.682520142,26400.493573476,0.002568552483508443
M1,2026240001,266.0,26552.005980744,26400.493572901,0.005738999061688864
M1,2026240001,273.0,26335.822706148,26400.493572569,0.0024496082333929185
M1,2026240001,280.0,26558.613909668,26400.493572376,0.005989294740210878
M1,2026240001,287.0,26338.925544756,26400.493572264,0.0023320786537371326
M1,2026240001,294.0,26551.668621814,26400.493572199,0.0057262205799891806
M1,2026240001,301.0,26334.824355152,26400.493572162,0.002487423836622678
M1,2026240001,308.0,26557.993929662,26400.49357214,0.005965811097115523
M1,2026240001,315.0,26338.509960121,26400.493572128,0.00234782019653002
M1,2026240001,322.0,26559.152401317,26400.493572121,0.006009691779533392
M1,2026240001,329.0,26338.978865367,26400.493572116,0.0023300589657903634
M1,2026240001,336.0,26547.166887065,26400.493572113,0.00555570351559383
M1,2026240001,343.0,26332.377434118,26400.493572113,0.002580108504749718
M1,2026240001,350.0,26557.417410798,26400.493572113,0.0059439736706574575
M1,2026240001,357.0,26338.473701866,26400.49357211,0.002349193588922835
M1,2026240001,360.0,11211.863900206,11314.49724519,0.009070959385988614
M1,2026240002,7.0,31927.625526442,32135.470801884,0.006467783737271845
M1,2026240002,14.0,30953.57632878,30700.463901807,0.008244579879397229
M1,2026240002,21.0,30200.666336803,30264.991476618,0.0021253975856790966
M1,2026240002,28.0,30210.321265829,30109.460189165,0.0033498135147667935
M1,2026240002,30.0,8557.98914778,8588.256897744,0.0035243181852131285
M1,2026240002,35.0,21412.658041354,21453.514504459,0.0019044181826948503
M1,2026240002,42.0,29832.035330034,30007.812633862,0.005857717987403229
M1,2026240002,49.0,30225.001438615,29989.334880451,0.007858345611980334
M1,2026240002,56.0,29820.259743001,29978.853472749,0.005290186627456057
M1,2026240002,63.0,29824.489070832,29972.784640767,0.004947674088756398
M1,2026240002,70.0,29741.372972315,29969.235118156,0.007603201914985073
M1,2026240002,77.0,30006.270242661,29967.148674506,0.0013054818321198499
M1,2026240002,84.0,30007.930417599,29965.919155526,0.0014019680776337006
M1,2026240002,90.0,25812.786420228,25684.48326709,0.004995356605145231
M1,2026240002,91.0,4315.696572101,4280.710417076,0.00817297869191011
M1,2026240002,98.0,29883.330354266,29964.765340449,0.002717691437185178
M1,2026240002,105.0,30104.796081724,29964.512344127,0.004681662627641358
M1,2026240002,112.0,29827.941173415,29964.362887651,0.00455279876123186
M1,2026240002,119.0,29843.411120808,29964.274588411,0.004033585637002095
M1,2026240002,126.0,29754.230658618,29964.222418343,0.0070080830663055375
M1,2026240002,133.0,30015.116488187,29964.191593722,0.001699525058292197
M1,2026240002,140.0,29995.70808433,29964.173380764,0.0010524135995769583
M1,2026240002,147.0,30050.146091308,29964.162619418,0.0028695436272355955
M1,2026240002,154.0,29895.12489526,29964.156260918,0.0023037980798423876
M1,2026240002,161.0,30106.414857745,29964.152503897,0.004747751628533402
M1,2026240002,168.0,29791.332186497,29964.150283998,0.005767495352380857
M1,2026240002,175.0,29815.463528707,29964.148972332,0.004962111347206667
M1,2026240002,180.0,21273.639344135,21402.963055652,0.0060423274656284795
M1,2026240002,182.0,8607.365739626,8561.185141661,0.005394182838106464
M1,2026240002,189.0,29790.691705106,29964.147739377,0.005788785844326024
M1,2026240002,196.0,29808.925115973,29964.147468798,0.005180269286374139
M1,2026240002,203.0,29735.666067389,29964.147308923,0.007625154127645046
M1,2026240002,210.0,30003.878253151,29964.147214457,0.0013259525929318438
M1,2026240002,217.0,30027.504264046,29964.14715864,0.0021144304581928518
M1,2026240002,224.0,30065.171476687,29964.14712566,0.0033715076422276865
M1,2026240002,231.0,29897.57878058,29964.147106173,0.0022215992117889352
M1,2026240002,238.0,30106.307454691,29964.147094659,0.004744348623803721
M1,2026240002,245.0,29789.654869808,29964.147087855,0.005823366756790593
M1,2026240002,252.0,29821.193376262,29964.147083836,0.004770825185647166
M1,2026240002,259.0,29746.852499572,29964.14708146,0.007251819359225097
M1,2026240002,266.0,30012.554903347,29964.147080057,0.001615524819066893
M1,2026240002,273.0,29732.288579073,29964.147079227,0.007737864172838079
M1,2026240002,280.0,29773.023076904,29964.147078737,0.0063784228975643726
M1,2026240002,287.0,30186.957945198,29964.147078448,0.007435915534877917
M1,2026240002,294.0,29817.053020769,29964.147078277,0.0049090019857311535
M1,2026240002,301.0,29828.339213113,29964.147078175,0.004532345429612424
M1,2026240002,308.0,29744.244916037,29964.147078115,0.007338842701069484
M1,2026240002,315.0,30008.369895522,29964.14707808,0.0014758577084394537
M1,2026240002,322.0,29989.067679769,29964.14707806,0.0008316806630296883
M1,2026240002,329.0,30039.525194879,29964.147078048,0.0025156102936839666
M1,2026240002,336.0,29888.337198494,29964.147078041,0.002530019604748233
M1,2026240002,343.0,30103.201525311,29964.147078036,0.00464069432421552
M1,2026240002,350.0,29768.610468096,29964.147078033,0.006525685828059042
M1,2026240002,357.0,29809.364362339,29964.147078033,0.005165597248301764
M1,2026240002,360.0,12789.294895798,12841.777319156,0.004086850445515242
M1,2026240003,7.0,28512.255913427,28754.867681173,0.00843724166760283
M1,2026240003,14.0,27199.929146994,27371.317662345,0.006261609962124065
M1,2026240003,21.0,27189.918872916,27037.597136047,0.005633700957320798
M1,2026240003,28.0,26880.042954368,26934.282864037,0.0020137870364991435
M1,2026240003,30.0,7654.954473548,7686.191429927,0.004064035701397629
M1,2026240003,35.0,19108.756738429,19204.26038075,0.004973044544674653
M1,2026240003,42.0,26707.484631312,26867.801098314,0.005966862208610796
M1,2026240003,49.0,26676.865333926,26855.049844858,0.006635046740235926
M1,2026240003,56.0,26659.137441082,26847.642458513,0.007021287538460552
M1,2026240003,63.0,26648.582379146,26843.292388581,0.007253581513638439
M1,2026240003,70.0,26642.221376084,26840.728357683,0.007395737513292231
M1,2026240003,77.0,26638.368195177,26839.215227887,0.007483342229072047
M1,2026240003,84.0,26636.0291197,26838.321937793,0.007537461491142487
M1,2026240003,90.0,22829.726953742,23003.846806137,0.007569162404113589
M1,2026240003,91.0,3804.880979016,3833.947716864,0.007581412161711881
M1,2026240003,98.0,26633.744138438,26837.483123277,0.007591583156406046
M1,2026240003,105.0,26633.219056969,26837.29926617,0.007604349721518247
M1,2026240003,112.0,26632.899857545,26837.190714219,0.0076122295678944666
M1,2026240003,119.0,26632.705812745,26837.126624139,0.007617090095261219
M1,2026240003,126.0,26632.587850935,26837.088785009,0.007620086355574921
M1,2026240003,133.0,26632.516141043,26837.066444673,0.007621932302164931
M1,2026240003,140.0,26632.472548225,26837.053254907,0.007623068924103849
M1,2026240003,147.0,26632.446048008,26837.045467664,0.007623768417522742
M1,2026240003,154.0,26632.429938476,26837.040870077,0.007624198680903598
M1,2026240003,161.0,26632.420145478,26837.038155663,0.0076244632137925815
M1,2026240003,168.0,26632.414192311,26837.036553075,0.007624625780097649
M1,2026240003,175.0,26632.410573382,26837.035606909,0.007624725641244902
M1,2026240003,180.0,19023.149004557,19169.310790256,0.007624780426289366
M1,2026240003,182.0,7609.25936888,7667.724258037,0.007624803290979057
M1,2026240003,189.0,26632.407036091,26837.034718487,0.007624824595656225
M1,2026240003,196.0,26632.406223119,26837.034523769,0.007624847688322888
M1,2026240003,203.0,26632.405728914,26837.034408808,0.007624861852352748
M1,2026240003,210.0,26632.405428487,26837.034340936,0.007624870537087169
M1,2026240003,217.0,26632.405245858,26837.034300864,0.007624875860422937
M1,2026240003,224.0,26632.405134838,26837.034277205,0.007624879122385232
M1,2026240003,231.0,26632.405067349,26837.034263237,0.007624881120650368
M1,2026240003,238.0,26632.405026322,26837.034254991,0.007624882344476683
M1,2026240003,245.0,26632.405001383,26837.034250122,0.007624883093707409
M1,2026240003,252.0,26632.404986225,26837.034247248,0.007624883552249624
M1,2026240003,259.0,26632.404977009,26837.03424555,0.007624883832867319
M1,2026240003,266.0,26632.404971405,26837.034244548,0.007624884004631308
M1,2026240003,273.0,26632.404968,26837.034243956,0.007624884109617543
M1,2026240003,280.0,26632.404965929,26837.034243606,0.007624884173844667
M1,2026240003,287.0,26632.404964671,26837.034243401,0.007624884213139811
M1,2026240003,294.0,26632.404963905,26837.034243279,0.007624884237171114
M1,2026240003,301.0,26632.40496344,26837.034243207,0.007624884251835511
M1,2026240003,308.0,26632.404963158,26837.034243165,0.007624884260790351
M1,2026240003,315.0,26632.404962986,26837.034243141,0.007624884266311947
M1,2026240003,322.0,26632.404962881,26837.034243125,0.007624884269632787
M1,2026240003,329.0,26632.404962817,26837.034243117,0.007624884271721707
M1,2026240003,336.0,26632.404962779,26837.034243111,0.00762488427291578
M1,2026240003,343.0,26632.404962756,26837.034243108,0.0076248842736617965
M1,2026240003,350.0,26632.404962742,26837.034243107,0.007624884274146566
M1,2026240003,357.0,26632.404962733,26837.034243105,0.007624884274408082
M1,2026240003,360.0,11413.887841169,11501.586104188,0.007624884274619007
M1,2026240004,7.0,24983.844048883,24771.117666386,0.008587678011221343
M1,2026240004,14.0,23190.102853903,23345.990280549,0.006677267692340153
M1,2026240004,21.0,23184.079561383,23013.12472154,0.00742858007817556
M1,2026240004,28.0,23138.595895362,22934.405503253,0.008903234578286134
M1,2026240004,30.0,6512.297182886,6548.041037155,0.005458709569195025
M1,2026240004,35.0,16478.479780848,16366.511670424,0.006841293531494377
M1,2026240004,42.0,22719.775391236,22909.244595807,0.00827042566936833
M1,2026240004,49.0,22832.993219087,22907.760277079,0.0032638309938493476
M1,2026240004,56.0,22745.046324777,22907.331253262,0.007084410082116938
M1,2026240004,63.0,22837.504141141,22907.204190227,0.003042713048139562
M1,2026240004,70.0,22756.563621389,22907.165867702,0.006574460026298638
M1,2026240004,77.0,22842.443417206,22907.154148758,0.0028249136113448294
M1,2026240004,84.0,22768.432968598,22907.150526614,0.006055644409147929
M1,2026240004,90.0,19633.084103638,19634.699514884,8.227328586181973e-05
M1,2026240004,91.0,3276.160473774,3272.449882729,0.0011338878143202062
M1,2026240004,98.0,22752.143477805,22907.149043339,0.006766689527393332
M1,2026240004,105.0,22852.848163593,22907.148931568,0.002370472560213275
M1,2026240004,112.0,22772.84149523,22907.148896148,0.005863121662451102
M1,2026240004,119.0,22850.49828289,22907.148884884,0.0024730533807891374
M1,2026240004,126.0,22760.144260071,22907.148881291,0.006417412397405026
M1,2026240004,133.0,22846.422886162,22907.148880142,0.0026509625574853432
M1,2026240004,140.0,22748.386876394,22907.148879774,0.006930674970213227
M1,2026240004,147.0,22840.655441758,22907.148879656,0.0029027374051361307
M1,2026240004,154.0,22769.228824169,22907.148879618,0.006020830273282704
M1,2026240004,161.0,22849.921910804,22907.148879606,0.002498214382888449
M1,2026240004,168.0,22781.552679968,22907.148879602,0.005482838579961228
M1,2026240004,175.0,22857.175224895,22907.148879602,0.002181574624133977
M1,2026240004,180.0,16363.335327811,16362.249199714,6.638012193453453e-05
M1,2026240004,182.0,6528.438508472,6544.899679886,0.0025151143973358527
M1,2026240004,189.0,22840.772645396,22907.1488796,0.002897620937152687
M1,2026240004,196.0,22771.531844563,22907.1488796,0.005920293081858614
M1,2026240004,203.0,22849.934237011,22907.1488796,0.002497676288294215
M1,2026240004,210.0,22771.120569752,22907.1488796,0.005938247075747594
M1,2026240004,217.0,22852.516923827,22907.1488796,0.0023849304014282938
M1,2026240004,224.0,22750.156411187,22907.1488796,0.006853426816150473
M1,2026240004,231.0,22837.921388887,22907.1488796,0.00302209109814849
M1,2026240004,238.0,22735.329747398,22907.1488796,0.007500677325890031
M1,2026240004,245.0,22831.052927274,22907.1488796,0.003321930316424929
M1,2026240004,252.0,22742.837151053,22907.1488796,0.007172945415888395
M1,2026240004,259.0,22834.781377185,22907.1488796,0.003159166721068756
M1,2026240004,266.0,22765.539777508,22907.1488796,0.0061818737389057275
M1,2026240004,273.0,22848.476971043,22907.1488796,0.0025612924971754403
M1,2026240004,280.0,22771.078958633,22907.1488796,0.005940063588104553
M1,2026240004,287.0,22852.678701723,22907.1488796,0.0023778680691907503
M1,2026240004,294.0,22740.602475427,22907.1488796,0.007270499050247114
M1,2026240004,301.0,22833.115675009,22907.1488796,0.0032318821072023656
M1,2026240004,308.0,22765.506648729,22907.148879601,0.006183319959042853
M1,2026240004,315.0,22848.605607399,22907.148879602,0.002555676942193749
M1,2026240004,322.0,22769.895203498,22907.148879602,0.005991739819974658
M1,2026240004,329.0,22851.137776311,22907.148879602,0.0024451363888796703
M1,2026240004,336.0,22738.218962642,22907.148879602,0.0073745500956002505
M1,2026240004,343.0,22831.987248342,22907.148879602,0.0032811430027822825
M1,2026240004,350.0,22765.127913991,22907.148879602,0.006199853432544059
M1,2026240004,357.0,22849.186857449,22907.148879602,0.0025303027652040827
M1,2026240004,360.0,9789.339518465,9817.349519829,0.002853112370851825
M1,2026240005,7.0,32103.934238912,32056.983200819,0.0014646118693976487
M1,2026240005,14.0,30461.040768712,30678.004555856,0.007072291378957611
M1,2026240005,21.0,30064.948069612,30261.700705785,0.006501704517069179
M1,2026240005,28.0,30184.7040924,30123.239740629,0.002040429658304601
M1,2026240005,30.0,8550.808512353,8594.764623165,0.005114289074714993
M1,2026240005,35.0,21451.781340104,21473.639226539,0.0010178939025847317
M1,2026240005,42.0,29894.786916645,30042.90160279,0.0049301058900131246
M1,2026240005,49.0,29800.675416726,30029.683512963,0.0076260576019106085
M1,2026240005,56.0,30057.471633161,30022.403605054,0.0011680619769262816
M1,2026240005,63.0,30016.900287209,30018.268141764,4.556740410682697e-05
M1,2026240005,70.0,30096.755405894,30015.882872069,0.00269432467369653
M1,2026240005,77.0,29937.996468713,30014.496779349,0.0025487787184435826
M1,2026240005,84.0,30146.758455554,30013.688334775,0.004433647717492308
M1,2026240005,90.0,25631.882897155,25725.634060343,0.0036442702624197502
M1,2026240005,91.0,4296.717101228,4287.581871801,0.002130625070294636
M1,2026240005,98.0,29886.015029069,30012.939630432,0.004228995990592776
M1,2026240005,105.0,29801.898428697,30012.777946859,0.007026324538681046
M1,2026240005,112.0,30058.506689591,30012.683310436,0.0015268004756863473
M1,2026240005,119.0,30018.996985885,30012.627910568,0.00021221318359658175
M1,2026240005,126.0,30100.74106762,30012.59547736,0.0029369532643884603
M1,2026240005,133.0,29940.519312924,30012.576488997,0.0024008993729484986
M1,2026240005,140.0,30147.957236505,30012.565371835,0.004511172670266219
M1,2026240005,147.0,29789.447606902,30012.558862971,0.0074339298121051806
M1,2026240005,154.0,29858.521541848,30012.555052145,0.005132302465730576
M1,2026240005,161.0,29788.978562439,30012.552820969,0.00744935826897717
M1,2026240005,168.0,30054.135862749,30012.551514648,0.0013855652386204407
M1,2026240005,175.0,30034.404897629,30012.550749815,0.0007281669590890838
M1,2026240005,180.0,21600.984655214,21437.535963084,0.0076244159968507684
M1,2026240005,182.0,8505.959835671,8575.014338934,0.008052989829937041
M1,2026240005,189.0,29941.207485297,30012.550039837,0.002377090731887244
M1,2026240005,196.0,30147.969710884,30012.549886334,0.004512106604166397
M1,2026240005,203.0,29810.146880916,30012.54979646,0.0067439426812004434
M1,2026240005,210.0,29872.861147152,30012.549743844,0.0046543395307707975
M1,2026240005,217.0,29794.708651587,30012.549713036,0.007258332382016264
M1,2026240005,224.0,30056.37727433,30012.549694998,0.0014603084302198912
M1,2026240005,231.0,29997.481782765,30012.549684437,0.0005020533686883709
M1,2026240005,238.0,30088.369970894,30012.549678253,0.0025262862853648333
M1,2026240005,245.0,29936.852752072,30012.549674634,0.0025221756692659567
M1,2026240005,252.0,30147.161363334,30012.549672514,0.0044851801092820175
M1,2026240005,259.0,29830.810900733,30012.549671274,0.006055425897885254
M1,2026240005,266.0,29887.081755349,30012.549670546,0.004180515037019015
M1,2026240005,273.0,29800.006522909,30012.549670121,0.007081809094800009
M1,2026240005,280.0,30058.20839356,30012.549669872,0.0015213210537001187
M1,2026240005,287.0,29998.396708839,30012.549669727,0.0004715680954715122
M1,2026240005,294.0,30089.307168159,30012.549669641,0.002557513418982975
M1,2026240005,301.0,29937.375638833,30012.549669591,0.002504753231084773
M1,2026240005,308.0,30147.385095367,30012.549669562,0.00449263482408324
M1,2026240005,315.0,29849.604266966,30012.549669544,0.005429242246064694
M1,2026240005,322.0,29896.276043558,30012.549669534,0.0038741668820637585
M1,2026240005,329.0,29802.24023751,30012.549669528,0.007007383055879838
M1,2026240005,336.0,30058.725697271,30012.549669525,0.001538557312006235
M1,2026240005,343.0,30016.942752047,30012.549669523,0.00014637485226599408
M1,2026240005,350.0,30097.808471028,30012.549669523,0.002840771691969261
M1,2026240005,357.0,29939.167773628,30012.549669521,0.0024450403814748572
M1,2026240005,360.0,12945.803366175,12862.521286937,0.006474786504149777
M1,2026240006,7.0,29257.964126603,29143.182570395,0.003938538830848212
M1,2026240006,14.0,27821.737243895,27768.288504563,0.0019248121584165515
M1,2026240006,21.0,27616.849812871,27400.229504565,0.007905784448627074
M1,2026240006,28.0,27217.327586421,27279.045661406,0.0022624719262930634
M1,2026240006,30.0,7744.202556799,7783.275719031,0.005020143657054523
M1,2026240006,35.0,19325.491102318,19445.8173554,0.006187770402388633
M1,2026240006,42.0,27003.753864581,27204.944468134,0.007395369021563776
M1,2026240006,49.0,26970.770304014,27192.164796349,0.008141848727127638
M1,2026240006,56.0,26952.973706957,27185.087373239,0.008538271850856427
M1,2026240006,63.0,26942.928849219,27181.081571199,0.008761708814131478
M1,2026240006,70.0,26937.11435576,27178.790567667,0.00889208853150768
M1,2026240006,77.0,26933.701806274,27177.473651784,0.00896962862087067
M1,2026240006,84.0,26931.683803626,27176.714760708,0.009016209620607417
M1,2026240006,90.0,23083.325650491,23293.970362205,0.009042885709847787
M1,2026240006,91.0,3915.859129495,3882.306521559,0.008642441741701173
M1,2026240006,98.0,27121.939984503,27176.024065458,0.001990139573939593
M1,2026240006,105.0,27314.899366499,27175.878045214,0.005115614702630841
M1,2026240006,112.0,27176.758041201,27175.79369315,3.548555239590297e-05
M1,2026240006,119.0,27096.337327227,27175.744960522,0.0029220039196847718
M1,2026240006,126.0,26983.402272497,27175.716804835,0.007076705049553116
M1,2026240006,133.0,27195.057434865,27175.700537205,0.000712286979814902
M1,2026240006,140.0,27015.386229968,27175.691138049,0.005898834633741959
M1,2026240006,147.0,27212.770934214,27175.685707337,0.0013646473276288699
M1,2026240006,154.0,27025.229018645,27175.682569527,0.005536330154618064
M1,2026240006,161.0,27212.015530234,27175.680756529,0.0013370326959065953
M1,2026240006,168.0,27026.951813081,27175.679708993,0.005472830762822984
M1,2026240006,175.0,27214.519484183,27175.679103735,0.0014292331131722177
M1,2026240006,180.0,19391.821744122,19411.199135626,0.0009982583439905144
M1,2026240006,182.0,7766.45344375,7764.479618395,0.0002542121883253102
M1,2026240006,189.0,27169.669917159,27175.67855196,0.00022110339543177728
M1,2026240006,196.0,27007.87748196,27175.678435211,0.006174673933202861
M1,2026240006,203.0,27212.749612191,27175.678367754,0.001364133175824894
M1,2026240006,210.0,27026.762917596,27175.678328777,0.005479731154431273
M1,2026240006,217.0,27215.36847918,27175.678306257,0.0014605034868205244
M1,2026240006,224.0,27026.890375027,27175.678293245,0.005475039725318809
M1,2026240006,231.0,27220.724194428,27175.678285727,0.0016575817621691973
M1,2026240006,238.0,27030.728727895,27175.678281383,0.005333797080873598
M1,2026240006,245.0,27210.006566336,27175.678278872,0.0012631989204364355
M1,2026240006,252.0,27026.157817994,27175.678277423,0.0055019954940083065
M1,2026240006,259.0,27215.596342784,27175.678276584,0.00146888941625407
M1,2026240006,266.0,27027.900575322,27175.6782761,0.005437866141797965
M1,2026240006,273.0,27208.131195297,27175.678275821,0.0011941898614863322
M1,2026240006,280.0,27024.874201087,27175.67827566,0.0055492294633200665
M1,2026240006,287.0,27220.831029643,27175.678275566,0.0016615134172234332
M1,2026240006,294.0,27030.969573791,27175.678275512,0.005324934312730537
M1,2026240006,301.0,27198.559490329,27175.678275481,0.0008419740113218656
M1,2026240006,308.0,27019.582951843,27175.678275462,0.005743934780091377
M1,2026240006,315.0,27212.840721595,27175.678275452,0.0013674891852310915
M1,2026240006,322.0,27026.504402972,27175.678275446,0.0054892419229433465
M1,2026240006,329.0,27220.934713383,27175.678275443,0.0016653287355443223
M1,2026240006,336.0,27030.923194595,27175.67827544,0.0053266409536435345
M1,2026240006,343.0,27199.666635692,27175.678275439,0.0008827143157151415
M1,2026240006,350.0,27018.517875442,27175.678275439,0.0057831270448560875
M1,2026240006,357.0,27218.660697491,27175.678275439,0.0015816503866564206
M1,2026240006,360.0,11704.218762667,11646.719260903,0.0049369698432605085
M1,2026240007,7.0,30759.350656178,30845.633130921,0.002797234680733634
M1,2026240007,14.0,29489.300117253,29473.681644017,0.0005299125309365082
M1,2026240007,21.0,29298.808500853,29101.240425736,0.006788991542170786
M1,2026240007,28.0,28839.403026569,28980.87778799,0.004881658949599789
M1,2026240007,30.0,8334.674498323,8269.668361786,0.007860791230443106
M1,2026240007,35.0,20691.840040446,20661.948595314,0.0014466905187626266
M1,2026240007,42.0,29092.845126232,28907.636608564,0.006406906250272027
M1,2026240007,49.0,28854.842669089,28894.768288536,0.0013817594606854973
M1,2026240007,56.0,28833.993522202,28887.517718631,0.0018528485884572712
M1,2026240007,63.0,28630.063527036,28883.334059142,0.008768742957007575
M1,2026240007,70.0,28536.072435824,28880.891483943,0.011939349182164603
M1,2026240007,77.0,28486.259551215,28879.456899274,0.01361512266073408
M1,2026240007,84.0,28458.287814748,28878.611724938,0.01455485167339367
M1,2026240007,90.0,24379.586667002,24752.689956023,0.015073242127779921
M1,2026240007,91.0,4134.982548405,4125.423026126,0.0023172223111327115
M1,2026240007,98.0,28702.295720276,28877.818411992,0.006078114669600909
M1,2026240007,105.0,28743.641003293,28877.644348178,0.0046403835184519
M1,2026240007,112.0,28712.105042623,28877.541465525,0.005728895692159355
M1,2026240007,119.0,28997.711793069,28877.480646613,0.004163491543023593
M1,2026240007,126.0,29021.072984388,28877.444690723,0.00497371894235295
M1,2026240007,133.0,29046.100085998,28877.423432801,0.005841125458769555
M1,2026240007,140.0,28908.000897842,28877.410864334,0.0010593066550083864
M1,2026240007,147.0,28667.588900769,28877.403433289,0.0072656993903452635
M1,2026240007,154.0,28558.232669202,28877.399039684,0.01105246251725774
M1,2026240007,161.0,28499.941721132,28877.396441954,0.013070940158359325
M1,2026240007,168.0,28466.7809987,28877.394906037,0.014219215710872802
M1,2026240007,175.0,28447.276244944,28877.39399792,0.014894618018751266
M1,2026240007,180.0,20312.028137045,20626.709654895,0.015256021106367873
M1,2026240007,182.0,8258.381681441,8250.683806096,0.0009329984672679767
M1,2026240007,189.0,28662.257077134,28877.393143529,0.007449982251711969
M1,2026240007,196.0,28955.922331593,28877.392955827,0.002719406695961942
M1,2026240007,203.0,28870.829708198,28877.392844848,0.00022727594160804816
M1,2026240007,210.0,28651.630249401,28877.392779231,0.00781796790160255
M1,2026240007,217.0,28550.241680832,28877.392740435,0.01132896804582055
M1,2026240007,224.0,28495.532067791,28877.392717496,0.013223515482879577
M1,2026240007,231.0,28464.220845664,28877.392703933,0.014307796500365089
M1,2026240007,238.0,28445.752969015,28877.392695914,0.014947323376603703
M1,2026240007,245.0,28434.694773268,28877.392691175,0.015330259301501618
M1,2026240007,252.0,28428.022537556,28877.392688372,0.015561313158197556
M1,2026240007,259.0,28423.980641932,28877.392686714,0.0157012805726954
M1,2026240007,266.0,28421.526929655,28877.392685734,0.01578625054692726
M1,2026240007,273.0,28420.035606949,28877.392685155,0.01583789378745095
M1,2026240007,280.0,28419.128607064,28877.392684812,0.01586930242455789
M1,2026240007,287.0,28418.57677294,28877.39268461,0.015888411972682127
M1,2026240007,294.0,28418.240952635,28877.392684489,0.015900041145356873
M1,2026240007,301.0,28418.036561063,28877.392684419,0.0159071190524707
M1,2026240007,308.0,28417.912151558,28877.392684377,0.015911427248332638
M1,2026240007,315.0,28417.836422062,28877.392684352,0.015914049696703497
M1,2026240007,322.0,28417.790323306,28877.392684338,0.015915646057660587
M1,2026240007,329.0,28417.762261142,28877.392684329,0.015916617826665057
M1,2026240007,336.0,28417.745178387,28877.392684324,0.015917209388038707
M1,2026240007,343.0,28417.734779245,28877.39268432,0.015917569501507942
M1,2026240007,350.0,28417.728448731,28877.392684319,0.015917788721888534
M1,2026240007,357.0,28417.724594999,28877.392684317,0.015917922173342286
M1,2026240007,360.0,12179.024044348,12376.025436136,0.015917985366512597
M1,2026240008,7.0,26658.921871089,26455.023067525,0.007707375761629942
M1,2026240008,14.0,25140.589483618,25026.110261641,0.0045743913368939135
M1,2026240008,21.0,24786.720768956,24663.939706524,0.004978160986969966
M1,2026240008,28.0,24440.651982303,24573.853066441,0.005420439512593337
M1,2026240008,30.0,7028.301508529,7015.663368265,0.001801417713564757
M1,2026240008,35.0,17480.68815331,17534.915608717,0.0030925415677532557
M1,2026240008,42.0,24535.661691553,24544.285148322,0.000351342755223422
M1,2026240008,49.0,24657.093819435,24542.511531483,0.004668727069966444
M1,2026240008,56.0,24527.109104225,24541.994293324,0.0006065191329235202
M1,2026240008,63.0,24647.262612456,24541.839245983,0.004295658748977319
M1,2026240008,70.0,24544.601321991,24541.791749639,0.00011448114223524615
M1,2026240008,77.0,24659.620655939,24541.776950366,0.0048017592944200145
M1,2026240008,84.0,24548.72813998,24541.772277282,0.0002834295184312603
M1,2026240008,90.0,21190.207591637,21035.803573004,0.007340058015713473
M1,2026240008,91.0,3535.31688831,3505.967213173,0.008371349003699898
M1,2026240008,98.0,24514.22084431,24541.770306452,0.0011225539884854006
M1,2026240008,105.0,24651.330262799,24541.770151101,0.0044642302092902705
M1,2026240008,112.0,24535.066104915,24541.770100532,0.0002731667516050821
M1,2026240008,119.0,24654.262980078,24541.770084002,0.00458373196761921
M1,2026240008,126.0,24513.879917318,24541.77007858,0.0011364364172876747
M1,2026240008,133.0,24642.504359294,24541.770076796,0.004104605420993662
M1,2026240008,140.0,24555.221650514,24541.770076209,0.0005481093769206052
M1,2026240008,147.0,24666.728940364,24541.770076014,0.005091680997864464
M1,2026240008,154.0,24529.513770413,24541.770075951,0.0004994059311969385
M1,2026240008,161.0,24649.515384615,24541.77007593,0.004390282703800333
M1,2026240008,168.0,24556.869709757,24541.770075923,0.0006152626231640348
M1,2026240008,175.0,24667.130900526,24541.770075921,0.0051080596149826836
M1,2026240008,180.0,17633.873519907,17529.835768514,0.005934895954921946
M1,2026240008,182.0,7043.224708147,7011.934307406,0.004462449214327473
M1,2026240008,189.0,24652.919864313,24541.77007592,0.004529004552204536
M1,2026240008,196.0,24550.282401025,24541.77007592,0.0003468504952440735
M1,2026240008,203.0,24662.658016413,24541.77007592,0.004925803644929871
M1,2026240008,210.0,24539.555939061,24541.77007592,9.021911835016167e-05
M1,2026240008,217.0,24655.291601317,24541.77007592,0.004625645381152997
M1,2026240008,224.0,24547.632846711,24541.77007592,0.00023888948404543332
M1,2026240008,231.0,24660.493003739,24541.77007592,0.004837586182729661
M1,2026240008,238.0,24538.099746034,24541.77007592,0.00014955440763428867
M1,2026240008,245.0,24654.960033238,24541.77007592,0.00461213502399561
M1,2026240008,252.0,24526.032836054,24541.77007592,0.0006412430650811949
M1,2026240008,259.0,24646.914482006,24541.77007592,0.004284304097085631
M1,2026240008,266.0,24522.665475718,24541.77007592,0.0007784524157345235
M1,2026240008,273.0,24646.066540086,24541.77007592,0.004249753128782431
M1,2026240008,280.0,24521.420457312,24541.77007592,0.0008291830028987095
M1,2026240008,287.0,24648.301663852,24541.77007592,0.004340827397634372
M1,2026240008,294.0,24535.278429101,24541.77007592,0.0002645142057365985
M1,2026240008,301.0,24653.839890496,24541.77007592,0.004566492727676595
M1,2026240008,308.0,24547.009529077,24541.77007592,0.00021349124944087887
M1,2026240008,315.0,24661.348892292,24541.77007592,0.004872460951352805
M1,2026240008,322.0,24560.744690549,24541.77007592,0.0007731559121571141
M1,2026240008,329.0,24668.576485288,24541.77007592,0.005166962650848777
M1,2026240008,336.0,24530.55461355,24541.77007592,0.00045699484329393117
M1,2026240008,343.0,24649.518738723,24541.77007592,0.004390419373569129
M1,2026240008,350.0,24533.771576106,24541.77007592,0.0003259137295011403
M1,2026240008,357.0,24655.295099234,24541.77007592,0.004625787910277446
M1,2026240008,360.0,10547.459024863,10517.901461109,0.0028102149333962445
M1,2026240009,7.0,31332.314635219,31122.850516079,0.006730235684285573
M1,2026240009,14.0,29901.808490105,29670.758010588,0.007787144481935644
M1,2026240009,21.0,29260.339616433,29243.986338838,0.0005592013826542665
M1,2026240009,28.0,28831.852977461,29088.575365839,0.008825540101200286
M1,2026240009,30.0,8336.018056035,8296.085361803,0.004813438204946547
M1,2026240009,35.0,20764.055371547,20722.037882843,0.002027671648008612
M1,2026240009,42.0,29177.68137024,28981.597608316,0.0067658023748054736
M1,2026240009,49.0,28928.231322766,28961.327511619,0.0011427718166483283
M1,2026240009,56.0,29129.450602546,28949.704740236,0.006208901400648064
M1,2026240009,63.0,28895.586754618,28942.934287817,0.0016358926406065068
M1,2026240009,70.0,28861.636496785,28938.959513181,0.0026719349173829473
M1,2026240009,77.0,29065.299447714,28936.616788248,0.004447052687868459
M1,2026240009,84.0,28759.075546061,28935.233175331,0.006087997570387034
M1,2026240009,90.0,24541.735414275,24800.962872477,0.010452314272430084
M1,2026240009,91.0,4157.159610643,4133.452269122,0.005735482104898121
M1,2026240009,98.0,28849.837600883,28933.931222029,0.002906401501430883
M1,2026240009,105.0,28842.225725039,28933.644866092,0.003159613711860284
M1,2026240009,112.0,29058.902920355,28933.475389541,0.004335031624280516
M1,2026240009,119.0,28756.580806992,28933.37507796,0.006110392254330393
M1,2026240009,126.0,28624.786795359,28933.315701659,0.01066344796017662
M1,2026240009,133.0,28556.89845696,28933.280554808,0.013008621581469938
M1,2026240009,140.0,28519.54879583,28933.2597499,0.014298802058465955
M1,2026240009,147.0,28498.136054156,28933.2474345,0.015038456410018301
M1,2026240009,154.0,28485.552328372,28933.240144407,0.015473131035465451
M1,2026240009,161.0,28478.047875246,28933.235829033,0.01573235556771854
M1,2026240009,168.0,28473.533437367,28933.23327454,0.01588829816602338
M1,2026240009,175.0,28470.803618116,28933.231762403,0.01598259565624809
M1,2026240009,180.0,20335.230760902,20666.593543206,0.016033739745800236
M1,2026240009,182.0,8268.922985137,8266.637324085,0.00027649223770105717
M1,2026240009,189.0,28778.530885427,28933.230337427,0.005346774286723422
M1,2026240009,196.0,28965.531854347,28933.230023774,0.0011164267019775622
M1,2026240009,203.0,28896.693904651,28933.229838105,0.001262767193930053
M1,2026240009,210.0,28686.114695673,28933.229728199,0.00854087272134554
M1,2026240009,217.0,28589.992170878,28933.229663139,0.011863089473840823
M1,2026240009,224.0,28538.670136324,28933.229624627,0.013636897554193766
M1,2026240009,231.0,28509.531311414,28933.229601835,0.0146440026312903
M1,2026240009,238.0,28492.433731379,28933.22958834,0.015234934476123646
M1,2026240009,245.0,28482.226516072,28933.229580352,0.015587719408491647
M1,2026240009,252.0,28476.076661181,28933.229575623,0.015800272598229585
M1,2026240009,259.0,28472.352907498,28933.229572823,0.01592897412869182
M1,2026240009,266.0,28470.091950298,28933.229571166,0.016007118034605805
M1,2026240009,273.0,28468.717025438,28933.229570186,0.016054638616169264
M1,2026240009,280.0,28467.880164315,28933.229569605,0.016083562471673005
M1,2026240009,287.0,28467.370536027,28933.229569261,0.016101176404065626
M1,2026240009,294.0,28467.060089767,28933.229569058,0.016111906145089762
M1,2026240009,301.0,28466.870943363,28933.229568937,0.016118443482530834
M1,2026240009,308.0,28466.755689155,28933.229568866,0.016122426934771082
M1,2026240009,315.0,28466.685455747,28933.229568824,0.01612485436398396
M1,2026240009,322.0,28466.642655354,28933.229568799,0.016126333644694752
M1,2026240009,329.0,28466.616572079,28933.229568784,0.016127235143097468
M1,2026240009,336.0,28466.600676272,28933.229568775,0.016127784539012962
M1,2026240009,343.0,28466.590988875,28933.22956877,0.016128119357912286
M1,2026240009,350.0,28466.585085046,28933.229568767,0.016128323407931484
M1,2026240009,357.0,28466.58148704,28933.229568765,0.016128447763355574
M1,2026240009,360.0,12199.962763572,12399.955529471,0.016128506705018156
M1,2026240010,7.0,28607.473839484,28604.640889069,9.903813950978013e-05
M1,2026240010,14.0,27057.895812734,26921.729927072,0.005057843089239061
M1,2026240010,21.0,26509.606315584,26395.507554034,0.004322658365876371
M1,2026240010,28.0,26141.040564065,26166.850012104,0.0009863414215721062
M1,2026240010,30.0,7435.355165148,7450.991384743,0.0020985421654113115
M1,2026240010,35.0,18548.260257013,18594.081099725,0.0024642703485185085
M1,2026240010,42.0,25903.067010479,25975.260333981,0.002779310874030271
M1,2026240010,49.0,25857.898378767,25934.38447653,0.002949215850185915
M1,2026240010,56.0,25831.424418261,25910.337412752,0.003045618172929086
M1,2026240010,63.0,25815.607062913,25896.186745306,0.0031116427752671183
M1,2026240010,70.0,25806.081856817,25887.86528483,0.0031591414399442636
M1,2026240010,77.0,25800.327891285,25882.975089656,0.0031931104552207898
M1,2026240010,84.0,25796.847994574,25880.102754919,0.0032169408728169023
M1,2026240010,90.0,22109.872425568,22181.572640131,0.003232422503410742
M1,2026240010,91.0,3684.870158312,3696.843561403,0.003238817897518998
M1,2026240010,98.0,25793.468634415,26084.493795142,0.011157017767437027
M1,2026240010,105.0,25792.697786201,25916.927533123,0.004793382501194562
M1,2026240010,112.0,25792.231368735,25879.289909686,0.0033640235591786715
M1,2026240010,119.0,25791.949160897,25876.490240173,0.003267099923186339
M1,2026240010,126.0,25791.778413563,25876.198633805,0.003262466076903363
M1,2026240010,133.0,25791.675106019,25876.118051981,0.0032633544874222666
M1,2026240010,140.0,25791.612602343,25876.076809186,0.003264181331113359
M1,2026240010,147.0,25791.574786301,25876.053008982,0.003264725986288352
M1,2026240010,154.0,25791.551906897,25876.039068401,0.0032650731930288323
M1,2026240010,161.0,25791.538064477,25876.030888953,0.0032652930752246597
M1,2026240010,168.0,25791.529689595,25876.02608884,0.003265431830795748
M1,2026240010,175.0,25791.524622665,25876.02327183,0.0032655191362804033
M1,2026240010,180.0,18422.515629089,18482.872707011,0.003265568014170444
M1,2026240010,182.0,7369.00592801,7393.148911617,0.0032655887086303482
M1,2026240010,189.0,25791.519702387,26036.640730306,0.009414464425654075
M1,2026240010,196.0,25791.51858026,25959.087566003,0.006455118475059783
M1,2026240010,203.0,25791.517901357,25882.03531218,0.0034973065190279417
M1,2026240010,210.0,25791.517490611,25876.423729549,0.0032812199949037424
M1,2026240010,217.0,25791.517242104,25876.046435279,0.003266696610180527
M1,2026240010,224.0,25791.517091754,25876.021169336,0.003265729187226756
M1,2026240010,231.0,25791.51700079,25876.01944695,0.0032656663569619166
M1,2026240010,238.0,25791.516945756,25876.019311319,0.0032656632593420307
M1,2026240010,245.0,25791.516912459,25876.019290164,0.003265663731249499
M1,2026240010,252.0,25791.516892314,25876.019281652,0.003265664181890484
M1,2026240010,259.0,25791.516880126,25876.019276919,0.00326566447059243
M1,2026240010,266.0,25791.516872752,25876.019274158,0.003265664649214081
M1,2026240010,273.0,25791.51686829,25876.019272539,0.0032656647592884894
M1,2026240010,280.0,25791.516865592,25946.428551621,0.005970443512902023
M1,2026240010,287.0,25791.516863959,26041.871361941,0.009613537157236767
M1,2026240010,294.0,25791.516862971,25888.956131987,0.003763738812767787
M1,2026240010,301.0,25791.516862374,25876.894597266,0.003299381020047965
M1,2026240010,308.0,25791.516862011,25876.077775389,0.003267918504187865
M1,2026240010,315.0,25791.516861793,25876.023177415,0.0032658154246731617
M1,2026240010,322.0,25791.51686166,25876.019531202,0.003265674979109765
M1,2026240010,329.0,25791.51686158,25876.019287694,0.0032656656023666705
M1,2026240010,336.0,25791.516861531,25876.019271421,0.0032656649774306223
M1,2026240010,343.0,25791.516861503,25876.019270327,0.0032656649363722234
M1,2026240010,350.0,25791.516861485,25876.019270251,0.003265664934140346
M1,2026240010,357.0,25791.516861474,25876.019270242,0.003265664934218808
M1,2026240010,360.0,11053.507226344,11089.722544389,0.003265664934360698
M1,2026240011,7.0,30737.817849037,30620.28425129,0.003838422817451495
M1,2026240011,14.0,29427.34767989,29195.189114276,0.007951945942370328
M1,2026240011,21.0,28817.724876903,28759.289572379,0.00203187580058044
M1,2026240011,28.0,28397.95728437,28606.301250139,0.007283149399399801
M1,2026240011,30.0,8211.614376724,8159.396545936,0.006399717245512218
M1,2026240011,35.0,20352.782918718,20382.532199254,0.0014595478248325998
M1,2026240011,42.0,28298.372932347,28510.934807206,0.007455450910198661
M1,2026240011,49.0,28350.689493475,28494.780768809,0.005056760271401122
M1,2026240011,56.0,28419.290806663,28485.998129624,0.0023417583142936226
M1,2026240011,63.0,28245.618276079,28481.116874758,0.008268587208660952
M1,2026240011,70.0,28163.972473293,28478.372066813,0.011039942619697093
M1,2026240011,77.0,28120.840593194,28476.818704429,0.012500627788863015
M1,2026240011,84.0,28097.141068367,28475.936418213,0.01330229651741062
M1,2026240011,90.0,24072.380419605,24407.536363608,0.013731658083391083
M1,2026240011,91.0,4083.032927081,4067.897866751,0.0037206097168039328
M1,2026240011,98.0,28571.066133321,28475.148028301,0.003368484860014451
M1,2026240011,105.0,28671.203649832,28474.984793137,0.006890920508666787
M1,2026240011,112.0,28538.583747328,28474.8916479,0.0022367810987859557
M1,2026240011,119.0,28297.117584798,28474.838481704,0.006241331167521421
M1,2026240011,126.0,28189.908530841,28474.808129478,0.01000532110142868
M1,2026240011,133.0,28135.188501615,28474.790799592,0.011926419420151269
M1,2026240011,140.0,28105.443196515,28474.780904213,0.012970695330033392
M1,2026240011,147.0,28088.673804742,28474.775253681,0.013559420416815677
M1,2026240011,154.0,28079.026471474,28474.772026982,0.01389811146277129
M1,2026240011,161.0,28073.413808522,28474.770184361,0.014095157686625866
M1,2026240011,168.0,28070.127719751,28474.769132113,0.014210524780187207
M1,2026240011,175.0,28068.196716155,28474.768531212,0.014278318526499975
M1,2026240011,180.0,20047.984007461,20339.120159269,0.014314097636879526
M1,2026240011,182.0,8152.492457035,8135.648028787,0.0020704470238140198
M1,2026240011,189.0,28575.96519262,28474.76799209,0.0035539253755503537
M1,2026240011,196.0,28240.723118041,28474.767880181,0.00821937383738597
M1,2026240011,203.0,28556.641716227,28474.767816273,0.0028753140493461755
M1,2026240011,210.0,28296.894339928,28474.767779774,0.006246703791289421
M1,2026240011,217.0,28186.57571477,28474.767758932,0.010120962060229687
M1,2026240011,224.0,28131.658328845,28474.76774703,0.012049594968892746
M1,2026240011,231.0,28102.663565281,28474.767740233,0.013067856368367908
M1,2026240011,238.0,28086.7359704,28474.767736352,0.013627214435769534
M1,2026240011,245.0,28077.758388288,28474.767734135,0.013942496372712216
M1,2026240011,252.0,28072.613869265,28474.76773287,0.014123165722639915
M1,2026240011,259.0,28069.634332624,28474.767732146,0.014227803483174128
M1,2026240011,266.0,28067.896733389,28474.767731733,0.014288825888843856
M1,2026240011,273.0,28066.878813145,28474.767731498,0.01432457402986313
M1,2026240011,280.0,28066.280711017,28474.767731363,0.014345578661071253
M1,2026240011,287.0,28065.928582863,28474.767731286,0.014357944980664238
M1,2026240011,294.0,28065.720993733,28474.767731242,0.014365235262663752
M1,2026240011,301.0,28065.598504599,28474.767731217,0.014369536934604372
M1,2026240011,308.0,28065.526185476,28474.767731202,0.014372076695732339
M1,2026240011,315.0,28065.483469882,28474.767731194,0.014373576816348464
M1,2026240011,322.0,28065.458232741,28474.76773119,0.01437446311460733
M1,2026240011,329.0,28065.443319378,28474.767731187,0.014374986854087238
M1,2026240011,336.0,28065.434505506,28474.767731185,0.014375296386727136
M1,2026240011,343.0,28065.429296013,28474.767731185,0.014375479337929719
M1,2026240011,350.0,28065.426216726,28474.767731185,0.014375587478829449
M1,2026240011,357.0,28065.424396515,28474.767731185,0.014375651402476305
M1,2026240011,360.0,12028.038666767,12203.471884794,0.014375680927785475
M2,2026240000,7.0,27519.902046659,27730.929320749,0.007609816160474071
M2,2026240000,14.0,26308.978686343,26368.152981442,0.0022441577588177856
M2,2026240000,21.0,26137.374442776,26030.19334,0.004117568447380488
M2,2026240000,28.0,26049.866371839,25916.540937545,0.00514441470469752
M2,2026240000,30.0,7364.096774184,7394.215665165,0.00407330436991355
M2,2026240000,35.0,18374.743848823,18473.136611242,0.005326261830333795
M2,2026240000,42.0,25768.931090974,25842.994687667,0.0028659061222631355
M2,2026240000,49.0,26032.761113544,25830.100948243,0.007845891338445652
M2,2026240000,56.0,25906.596036153,25823.038318278,0.0032357818179690767
M2,2026240000,63.0,25748.688106508,25819.097358041,0.0027270221943320417
M2,2026240000,70.0,25981.02000041,25816.874946516,0.006358052794308174
M2,2026240000,77.0,25787.499057745,25815.613823794,0.0010890605290618971
M2,2026240000,84.0,26020.058938203,25814.895482376,0.007947483497156441
M2,2026240000,90.0,22170.459531673,22126.719177988,0.001976811534197681
M2,2026240000,91.0,3708.328358456,3687.766182458,0.005575780833343035
M2,2026240000,98.0,26021.569993462,26034.01909076,0.00047818576358117724
M2,2026240000,105.0,25823.842035662,25840.803301861,0.0006563753456448467
M2,2026240000,112.0,26036.772972654,25815.801907306,0.00855952746079384
M2,2026240000,119.0,25822.578003478,25814.109225234,0.0003280678085813234
M2,2026240000,126.0,26037.030446345,25813.977904833,0.008640765957665207
M2,2026240000,133.0,25823.63393109,25813.956640534,0.0003748859847700983
M2,2026240000,140.0,26036.968769382,25813.947923213,0.008639548155609779
M2,2026240000,147.0,25822.664569608,25813.94315025,0.00033785692124745423
M2,2026240000,154.0,26037.163959766,25813.94042916,0.008647402407183096
M2,2026240000,161.0,25823.74124316,25813.938870579,0.0003797317654676149
M2,2026240000,168.0,25593.899723959,25813.937977378,0.00852400953360272
M2,2026240000,175.0,25841.169235497,25813.937465464,0.0010549250795013935
M2,2026240000,180.0,18378.059400965,18438.526572853,0.0032793928326693847
M2,2026240000,182.0,7350.744929248,7375.410599215,0.00334431142987829
M2,2026240000,189.0,25831.790851337,26020.512234866,0.0072527927899945915
M2,2026240000,196.0,26043.46442615,25852.914652979,0.007370533486406785
M2,2026240000,203.0,25825.519550969,25816.542596939,0.00034772100083847317
M2,2026240000,210.0,26037.316668112,25814.104650234,0.008646901409225338
M2,2026240000,217.0,25822.795987893,25813.947584378,0.00034277607042008576
M2,2026240000,224.0,26018.915517089,25813.937484646,0.007940595368874636
M2,2026240000,231.0,25815.862780028,25813.936830624,7.460889893078077e-05
M2,2026240000,238.0,26032.16375499,25813.936785581,0.008453843023699318
M2,2026240000,245.0,25820.806007188,25813.93678095,0.0002661053328010165
M2,2026240000,252.0,26036.677241968,25813.936779656,0.008628690161182248
M2,2026240000,259.0,25823.690177416,25813.936779002,0.0003778345975470454
M2,2026240000,266.0,25586.580653642,25813.936778636,0.008807495228010567
M2,2026240000,273.0,25833.833505524,25813.936778425,0.0007707746117837072
M2,2026240000,280.0,26030.606693224,26001.542606645,0.0011177831645869235
M2,2026240000,287.0,25819.970218887,25870.551909743,0.0019551840653601045
M2,2026240000,294.0,26042.988094131,25817.78843664,0.008722654848755472
M2,2026240000,301.0,25826.305505665,25814.185177701,0.00046952200429976437
M2,2026240000,308.0,26020.318308681,25813.952737444,0.007994342181376124
M2,2026240000,315.0,25815.938712915,25813.93780326,7.751276346336208e-05
M2,2026240000,322.0,26025.645016077,25813.936843992,0.00820131285531806
M2,2026240000,329.0,25817.396835747,25813.936782374,0.00013403819038417276
M2,2026240000,336.0,26036.09495963,25813.936778415,0.008606133311706378
M2,2026240000,343.0,25823.133508856,25813.936778159,0.00035626997834678644
M2,2026240000,350.0,26037.924086028,25813.936778142,0.00867699141789414
M2,2026240000,357.0,25823.82887943,25813.936778141,0.00038320777547480524
M2,2026240000,360.0,10991.980532609,11063.115762061,0.006429945322993373
M2,2026240001,7.0,29317.273975895,29144.062932809,0.005943270280651515
M2,2026240001,14.0,27856.407406527,27761.100837333,0.0034330976193073484
M2,2026240001,21.0,27394.679058788,27417.741909424,0.000841165210183617
M2,2026240001,28.0,27118.294932418,27307.925513913,0.006944159174536532
M2,2026240001,30.0,7855.899121974,7792.27802933,0.00816463329523551
M2,2026240001,35.0,19526.556246825,19468.759238846,0.0029687052610767816
M2,2026240001,42.0,27349.434634072,27237.1398891,0.0041228537735322375
M2,2026240001,49.0,27129.394603528,27223.899971677,0.003471411820030319
M2,2026240001,56.0,27331.23856831,27216.297042884,0.00422326098384685
M2,2026240001,63.0,27241.476036891,27211.864559485,0.0010881825955465158
M2,2026240001,70.0,27077.223713858,27209.263762272,0.004852760793810448
M2,2026240001,77.0,27017.334644921,27207.733509434,0.0069979685903268024
M2,2026240001,84.0,26989.56533967,27206.832073453,0.007985741713567468
M2,2026240001,90.0,23122.047095877,23319.709462779,0.008476193377001258
M2,2026240001,91.0,3852.965683518,3886.591325912,0.008651705202401116
M2,2026240001,98.0,26966.82339725,27205.987594703,0.008790866224594185
M2,2026240001,105.0,26962.038337596,27205.802949384,0.008960022692273409
M2,2026240001,112.0,26959.188611771,27205.694086783,0.00906080448547571
M2,2026240001,119.0,26957.475141319,27205.629903062,0.009121448855520551
M2,2026240001,126.0,26956.439896834,27205.592061158,0.009158123218340872
M2,2026240001,133.0,26955.812894861,27205.569750034,0.009180357458703395
M2,2026240001,140.0,26955.432675033,27205.55659567,0.009193854195095217
M2,2026240001,147.0,26955.20195938,27205.548840023,0.009202052203214715
M2,2026240001,154.0,26955.061916371,27205.544267394,0.009207033263554525
M2,2026240001,161.0,26954.97689678,27205.54157143,0.009210060163372384
M2,2026240001,168.0,26954.925277214,27205.539981926,0.009211899667438884
M2,2026240001,175.0,26954.893935037,27205.539044775,0.009213017589009668
M2,2026240001,180.0,19253.483512839,19432.527535447,0.009213625056308487
M2,2026240001,182.0,7828.635596473,7773.010956796,0.007156125211475124
M2,2026240001,189.0,27098.758235439,27205.538166478,0.0039249336067379
M2,2026240001,196.0,27100.16222573,27205.537974411,0.0038733197917318702
M2,2026240001,203.0,27393.513842117,27205.537861171,0.006909474898281246
M2,2026240001,210.0,27167.14143847,27205.537794406,0.0014113433899436902
M2,2026240001,217.0,27072.013391869,27205.537755043,0.0049079847042996505
M2,2026240001,224.0,27022.566562102,27205.537731835,0.006725511972472129
M2,2026240001,231.0,26994.944240882,27205.537718151,0.007740831276732963
M2,2026240001,238.0,26978.883558928,27205.537710084,0.008331177040915131
M2,2026240001,245.0,26969.346396002,27205.537705327,0.008681736486272398
M2,2026240001,252.0,26963.621150078,27205.537702523,0.008892180521856217
M2,2026240001,259.0,26960.165029304,27205.53770087,0.00901921786159568
M2,2026240001,266.0,26958.072730612,27205.537699895,0.009096124914449225
M2,2026240001,273.0,26956.804219448,27205.537699318,0.009142751840417945
M2,2026240001,280.0,26956.034573544,27205.53769898,0.009171041873778315
M2,2026240001,287.0,26955.567425397,27205.53769878,0.009188212934832433
M2,2026240001,294.0,26955.283827112,27205.537698662,0.009198637215771901
M2,2026240001,301.0,26955.111641867,27205.537698593,0.00920496626460553
M2,2026240001,308.0,26955.007095205,27205.537698551,0.009208809107983324
M2,2026240001,315.0,26954.943615426,27205.537698527,0.009211142447464626
M2,2026240001,322.0,26954.905070608,27205.537698513,0.009212559247402646
M2,2026240001,329.0,26954.881666112,27205.537698505,0.009213419531376252
M2,2026240001,336.0,26954.867454812,27205.5376985,0.00921394189910907
M2,2026240001,343.0,26954.858825645,27205.537698497,0.009214259083210457
M2,2026240001,350.0,26954.853585972,27205.537698496,0.009214451678999805
M2,2026240001,357.0,26954.850404417,27205.537698493,0.009214568624015351
M2,2026240001,360.0,11552.078100475,11659.516156497,0.009214623881466325
M2,2026240002,7.0,33051.292661274,33082.580481026,0.0009457490708727706
M2,2026240002,14.0,31433.962745918,31321.523329951,0.0035898450654052805
M2,2026240002,21.0,30798.05306894,30663.139514446,0.004399861091537597
M2,2026240002,28.0,30158.72672177,30363.498991822,0.006744027429353752
M2,2026240002,30.0,8703.313317123,8642.443962723,0.007043071920690997
M2,2026240002,35.0,21689.738631881,21563.164600507,0.005869919082796541
M2,2026240002,42.0,30352.477809723,30116.360819778,0.007840156762563989
M2,2026240002,49.0,29921.387802176,30064.447279292,0.004758426981444524
M2,2026240002,56.0,29904.743616576,30033.915092105,0.00430085372262882
M2,2026240002,63.0,29800.801742525,30015.883810708,0.007165608367202954
M2,2026240002,70.0,30052.449703299,30005.219439615,0.0015740682643247993
M2,2026240002,77.0,29744.601534374,29998.909141077,0.008477228472110753
M2,2026240002,84.0,29796.916244601,29995.174808095,0.006609681882583713
M2,2026240002,90.0,25508.247459851,25708.351858492,0.007783633884522947
M2,2026240002,91.0,4307.414676741,4284.613049992,0.005321747024283273
M2,2026240002,98.0,29776.9372002,29991.65718714,0.007159323861306062
M2,2026240002,105.0,29811.507040646,29990.883365199,0.0059810283801491745
M2,2026240002,112.0,30224.384483256,29990.425483167,0.007801123069104663
M2,2026240002,119.0,29807.710366364,29990.15455342,0.006083469384294817
M2,2026240002,126.0,29833.468516206,29989.994246094,0.005219265085667204
M2,2026240002,133.0,29762.718878976,29989.899394237,0.007575234323882247
M2,2026240002,140.0,30030.936656281,29989.84327192,0.001370243385015503
M2,2026240002,147.0,29770.215637027,29989.810065377,0.007322301404086684
M2,2026240002,154.0,29808.794187481,29989.790417727,0.006035261591525285
M2,2026240002,161.0,30215.337331963,29989.778792621,0.007521180496252922
M2,2026240002,168.0,29819.879817534,29989.771914293,0.005665001295926113
M2,2026240002,175.0,29839.774035735,29989.767844536,0.0050014994973802945
M2,2026240002,180.0,21290.048832088,21421.261205136,0.006125333694943316
M2,2026240002,182.0,8613.897462884,8568.504231412,0.005297684431967672
M2,2026240002,189.0,29827.948641839,29989.764011796,0.005395686671404011
M2,2026240002,196.0,29837.723242143,29989.763168801,0.005069727486750189
M2,2026240002,203.0,29758.973950869,29989.76267002,0.007695583379248122
M2,2026240002,210.0,30026.734997886,29989.762374902,0.0012328414784287688
M2,2026240002,217.0,29728.581083553,29989.762200286,0.008709009260850716
M2,2026240002,224.0,29785.44356507,29989.762096968,0.006812942738170515
M2,2026240002,231.0,30207.613624028,29989.762035838,0.007264198626506742
M2,2026240002,238.0,29835.313443142,29989.761999669,0.005150042755547886
M2,2026240002,245.0,29847.971557706,29989.761978269,0.0047279608509645235
M2,2026240002,252.0,29765.174465158,29989.761965606,0.007488805703278683
M2,2026240002,259.0,30030.536093232,29989.761958114,0.001359601825948116
M2,2026240002,266.0,29729.302860014,29989.761953682,0.008684933680709718
M2,2026240002,273.0,29783.480144469,29989.761951059,0.006878407602122316
M2,2026240002,280.0,30206.392523122,29989.761949507,0.007223484267055346
M2,2026240002,287.0,29836.397111931,29989.761948589,0.005113906436500206
M2,2026240002,294.0,29852.232654626,29989.761948046,0.004585874794813482
M2,2026240002,301.0,29767.875839816,29989.761947724,0.007398728549255493
M2,2026240002,308.0,30031.747389498,29989.761947534,0.0013999925053573825
M2,2026240002,315.0,30029.634964155,29989.761947422,0.0013295542926584358
M2,2026240002,322.0,30077.887707188,29989.761947355,0.0029385281546315716
M2,2026240002,329.0,29918.125738141,29989.761947315,0.002388688823200704
M2,2026240002,336.0,30129.250134721,29989.761947292,0.004651193553125079
M2,2026240002,343.0,29812.053762508,29989.761947278,0.005925628388861845
M2,2026240002,350.0,29849.880878867,29989.76194727,0.004664294056383233
M2,2026240002,357.0,29773.9288006,29989.761947265,0.007196894294944047
M2,2026240002,360.0,12893.05378523,12852.755120256,0.0031354106257333683
M2,2026240003,7.0,28244.384153791,28210.910492427,0.001186550195641057
M2,2026240003,14.0,26814.869632305,26773.322609453,0.0015518067539861372
M2,2026240003,21.0,26309.679025084,26394.796254239,0.003224773108121001
M2,2026240003,28.0,26422.032482012,26266.53811715,0.005919865197632325
M2,2026240003,30.0,7550.413197054,7492.666217211,0.007707133638270541
M2,2026240003,35.0,18753.927502465,18717.002677187,0.001972795853847211
M2,2026240003,42.0,26138.126730921,26180.126973567,0.0016042795624484063
M2,2026240003,49.0,26080.074926316,26163.685133158,0.003195658654982009
M2,2026240003,56.0,26054.323023402,26154.293121438,0.0038223207781538735
M2,2026240003,63.0,26041.226136759,26148.878579608,0.00411690476596396
M2,2026240003,70.0,26033.992687017,26145.747328368,0.0042742951634719365
M2,2026240003,77.0,26029.823887495,26143.934712776,0.0043647150490028295
M2,2026240003,84.0,26027.372176131,26142.885135113,0.004418523754551151
M2,2026240003,90.0,22307.992398903,22407.692380582,0.004449364083800033
M2,2026240003,91.0,3717.924469901,3734.584975027,0.004461139654716094
M2,2026240003,98.0,26025.049397024,26141.925412113,0.00447082658398398
M2,2026240003,105.0,26024.53135038,26141.721618506,0.004482882567422019
M2,2026240003,112.0,26024.221718925,26141.603613537,0.004490233129815212
M2,2026240003,119.0,26024.036586488,26141.535284624,0.004494712986697025
M2,2026240003,126.0,26023.925875369,26141.495720168,0.004497441388110606
M2,2026240003,133.0,26023.85966421,26141.472811298,0.004499101788831571
M2,2026240003,140.0,26023.820065177,26141.459546496,0.004500111445949091
M2,2026240003,147.0,26023.796381795,26141.45186586,0.004500724927931547
M2,2026240003,154.0,26023.782217169,26141.447418595,0.004501097415987071
M2,2026240003,161.0,26023.77374553,26141.444843527,0.004501323423450125
M2,2026240003,168.0,26023.768678776,26141.443352505,0.0045014604642220415
M2,2026240003,175.0,26023.765648426,26141.442489169,0.0045015435086168355
M2,2026240003,180.0,18588.402875688,18672.458600429,0.004501588491355313
M2,2026240003,182.0,7435.360960333,7468.98338885,0.004501607081787468
M2,2026240003,189.0,26023.76275205,26141.441699832,0.004501624246024592
M2,2026240003,196.0,26023.762103744,26141.441532235,0.004501642663656815
M2,2026240003,203.0,26023.761716001,26141.441435193,0.004501653800680288
M2,2026240003,210.0,26023.761484099,26141.441379003,0.004501660531944635
M2,2026240003,217.0,26023.761345401,26141.441346468,0.004501664598646974
M2,2026240003,224.0,26023.761262448,26141.44132763,0.00450166705451012
M2,2026240003,231.0,26023.761212836,26141.441316722,0.00450166853694951
M2,2026240003,238.0,26023.761183163,26141.441310406,0.004501669431522802
M2,2026240003,245.0,26023.761165417,26141.441306748,0.004501669971067164
M2,2026240003,252.0,26023.7611548,26141.441304635,0.004501670296738167
M2,2026240003,259.0,26023.761148449,26141.44130341,0.004501670493036219
M2,2026240003,266.0,26023.761144652,26141.4413027,0.004501670611246972
M2,2026240003,273.0,26023.761142382,26141.441302289,0.004501670682430746
M2,2026240003,280.0,26023.761141024,26141.441302051,0.004501670725315684
M2,2026240003,287.0,26023.761140212,26141.441301914,0.004501670751160404
M2,2026240003,294.0,26023.761139726,26141.441301833,0.004501670766666918
M2,2026240003,301.0,26023.761139435,26141.441301787,0.00450167077604692
M2,2026240003,308.0,26023.761139262,26141.441301761,0.004501670781674645
M2,2026240003,315.0,26023.761139157,26141.441301745,0.004501670785081938
M2,2026240003,322.0,26023.761139095,26141.441301736,0.004501670787110846
M2,2026240003,329.0,26023.761139058,26141.441301731,0.0045016707883359436
M2,2026240003,336.0,26023.761139036,26141.441301728,0.00450167078906318
M2,2026240003,343.0,26023.761139023,26141.441301725,0.004501670789446262
M2,2026240003,350.0,26023.761139015,26141.441301725,0.004501670789752286
M2,2026240003,357.0,26023.76113901,26141.441301725,0.004501670789943638
M2,2026240003,360.0,11153.040488146,11203.474843597,0.004501670790096329
M2,2026240004,7.0,24917.89915472,24723.330383888,0.007869844709869634
M2,2026240004,14.0,23139.064819064,23303.24560623,0.007045404315788066
M2,2026240004,21.0,22912.639683643,22974.083154924,0.0026744689164159624
M2,2026240004,28.0,23035.213669282,22893.045472362,0.0062101041598696324
M2,2026240004,30.0,6492.509484012,6535.771305362,0.006619237321616141
M2,2026240004,35.0,16439.768110197,16335.205038669,0.006401087178304571
M2,2026240004,42.0,22689.453887609,22864.424695694,0.007652534905807248
M2,2026240004,49.0,22801.515600964,22862.345704993,0.002660711407916204
M2,2026240004,56.0,22716.340750434,22861.652725977,0.006356144819656368
M2,2026240004,63.0,22805.477775437,22861.413452383,0.0024467287231607544
M2,2026240004,70.0,22717.743327218,22861.328763943,0.006280712648315662
M2,2026240004,77.0,22807.698497988,22861.298268977,0.002344563740797486
M2,2026240004,84.0,22708.04559301,22861.287156695,0.006703103050788836
M2,2026240004,90.0,19589.493782055,19595.38561936,0.00030067473125810893
M2,2026240004,91.0,3270.330110552,3265.897454579,0.0013572550989881544
M2,2026240004,98.0,22691.258774729,22861.281565324,0.007437150454980985
M2,2026240004,105.0,22799.092495539,22861.281005666,0.002720254832246067
M2,2026240004,112.0,22725.675678107,22861.280797474,0.00593165013667924
M2,2026240004,119.0,22810.409642882,22861.28071988,0.0022252067861518268
M2,2026240004,126.0,22728.234208645,22861.28069092,0.005819730052474407
M2,2026240004,133.0,22812.222780372,22861.280680102,0.002145894642407279
M2,2026240004,140.0,22729.343290199,22861.280676057,0.005771215870516685
M2,2026240004,147.0,22813.351642619,22861.280674545,0.0020965156155650843
M2,2026240004,154.0,22729.805908931,22861.28067398,0.005750979873959531
M2,2026240004,161.0,22813.609101949,22861.280673768,0.0020852537746802306
M2,2026240004,168.0,22718.533479851,22861.280673689,0.006244059371629509
M2,2026240004,175.0,22808.209187981,22861.280673659,0.002321457246231577
M2,2026240004,180.0,16323.516859332,16329.486195463,0.00036555566167529614
M2,2026240004,182.0,6512.075830709,6531.794478185,0.0030188713900685016
M2,2026240004,189.0,22798.147538027,22861.280673644,0.0027615747568238954
M2,2026240004,196.0,22740.14199933,22861.280673643,0.0052988577517733195
M2,2026240004,203.0,22820.417098645,22861.280673641,0.001787457823529249
M2,2026240004,210.0,22709.932424123,22861.280673641,0.00662028744927242
M2,2026240004,217.0,22804.92531253,22861.280673641,0.002465100792711831
M2,2026240004,224.0,22717.626202697,22861.280673641,0.006283745560660207
M2,2026240004,231.0,22807.062712369,22861.280673641,0.002371606474982498
M2,2026240004,238.0,22708.43995409,22861.280673641,0.0066855711949340675
M2,2026240004,245.0,22802.127686842,22861.280673641,0.0025874747632665474
M2,2026240004,252.0,22737.358785418,22861.280673641,0.005420601321162186
M2,2026240004,259.0,22818.94886711,22861.280673641,0.001851681326838622
M2,2026240004,266.0,22722.805252084,22861.280673641,0.006057203160829964
M2,2026240004,273.0,22808.333977788,22861.280673641,0.0023159986795510835
M2,2026240004,280.0,22686.142581404,22861.280673641,0.007660904685839887
M2,2026240004,287.0,22788.432821998,22861.280673641,0.0031865166559540224
M2,2026240004,294.0,22721.502958301,22861.280673641,0.006114168201484957
M2,2026240004,301.0,22811.00701869,22861.280673641,0.0021990743068459285
M2,2026240004,308.0,22707.043592357,22861.280673641,0.006746650963514616
M2,2026240004,315.0,22801.048538074,22861.280673641,0.002634678976512751
M2,2026240004,322.0,22715.175616888,22861.280673643,0.006390939284667765
M2,2026240004,329.0,22806.727755771,22861.280673643,0.002386258173842971
M2,2026240004,336.0,22728.042395006,22861.280673643,0.005828119628950256
M2,2026240004,343.0,22813.987108578,22861.280673643,0.0020687189724906767
M2,2026240004,350.0,22719.91240911,22861.280673643,0.006183742133746068
M2,2026240004,357.0,22807.077888117,22861.280673643,0.002370942656265509
M2,2026240004,360.0,9763.583046158,9797.691717275,0.0034812966259042196
M2,2026240005,7.0,32142.235187594,32128.03721966,0.0004419183106931934
M2,2026240005,14.0,30478.007318315,30722.294780802,0.007951471862044973
M2,2026240005,21.0,30076.961781788,30290.69856379,0.007056185302292939
M2,2026240005,28.0,30195.484253913,30143.564768414,0.0017224069514633466
M2,2026240005,30.0,8554.147468633,8599.528092549,0.005277106304858757
M2,2026240005,35.0,21460.298147548,21484.127365799,0.001109154579344556
M2,2026240005,42.0,29904.647752966,30055.161762317,0.005007925445262842
M2,2026240005,49.0,29809.250556288,30040.185645365,0.007687538679130364
M2,2026240005,56.0,30065.574896943,30031.877327284,0.0011220600461225138
M2,2026240005,63.0,30026.943063614,30027.142206171,6.632084919503157e-06
M2,2026240005,70.0,30108.569793821,30024.407922148,0.0028031151152498653
M2,2026240005,77.0,29947.817198437,30022.818886031,0.0024981560818360927
M2,2026240005,84.0,30155.14046099,30021.892488498,0.004438360191418567
M2,2026240005,90.0,25639.960870912,25732.610390472,0.0036004710814067013
M2,2026240005,91.0,4297.959331463,4288.741154844,0.0021493898293647386
M2,2026240005,98.0,29893.521468533,30021.035420294,0.004247486803030185
M2,2026240005,105.0,29808.569017017,30020.850600249,0.00707113819187523
M2,2026240005,112.0,30065.202934544,30020.742522756,0.001480989744150923
M2,2026240005,119.0,30008.372862556,30020.679314719,0.0004099325013263961
M2,2026240005,126.0,30095.422740169,30020.642345822,0.002490965832295264
M2,2026240005,133.0,29942.440421618,30020.620722857,0.0026042200113295024
M2,2026240005,140.0,30153.015847913,30020.608075437,0.004410562642278246
M2,2026240005,147.0,29839.180971398,30020.600677803,0.006043173764312415
M2,2026240005,154.0,29884.910614634,30020.596350812,0.004519754857379176
M2,2026240005,161.0,29796.993681285,30020.59381988,0.007448225039670255
M2,2026240005,168.0,30057.984914958,30020.592339491,0.001245564212862421
M2,2026240005,175.0,30041.325072833,30020.591473585,0.0006906459276874561
M2,2026240005,180.0,21606.979508721,21443.279299595,0.007634103293570957
M2,2026240005,182.0,8508.191316763,8577.311667503,0.008058509871091416
M2,2026240005,189.0,29948.335620661,30020.590670846,0.0024068497178227595
M2,2026240005,196.0,30154.518941355,30020.590497562,0.004461219502123934
M2,2026240005,203.0,29837.073196266,30020.590396204,0.006113044331106996
M2,2026240005,210.0,29888.647316074,30020.590336918,0.004395084152683863
M2,2026240005,217.0,29802.682986123,30020.590302238,0.007258595314788201
M2,2026240005,224.0,30062.887979185,30020.590281955,0.001408956214143021
M2,2026240005,231.0,30044.732031377,30020.59027009,0.0008041734379570786
M2,2026240005,238.0,30117.576673607,30020.590263151,0.0032306630084834426
M2,2026240005,245.0,29949.977980874,30020.590259091,0.00235212824290219
M2,2026240005,252.0,30155.595374316,30020.590256718,0.004497084049431348
M2,2026240005,259.0,29838.966177258,30020.590255328,0.006049983578779393
M2,2026240005,266.0,29892.654693997,30020.590254516,0.004261593773951665
M2,2026240005,273.0,29805.529837315,30020.590254042,0.007163763767037974
M2,2026240005,280.0,30064.37947409,30020.590253763,0.0014586395522823957
M2,2026240005,287.0,29764.156258702,30020.590253601,0.008541937141566985
M2,2026240005,294.0,29835.665107034,30020.590253505,0.006159943722272716
M2,2026240005,301.0,30245.197007785,30020.59025345,0.007481756768895907
M2,2026240005,308.0,29850.412157,30020.590253417,0.005668712539642119
M2,2026240005,315.0,29889.369745904,30020.590253398,0.004371016904943986
M2,2026240005,322.0,29799.112977637,30020.590253388,0.007377512363402148
M2,2026240005,329.0,30058.780958818,30020.590253381,0.0012721503846080241
M2,2026240005,336.0,30022.510976703,30020.590253377,6.398019858340822e-05
M2,2026240005,343.0,30103.240236174,30020.590253375,0.0027531098523189638
M2,2026240005,350.0,29943.948633418,30020.590253373,0.0025529684562544267
M2,2026240005,357.0,30152.688127103,30020.590253373,0.004400242387477949
M2,2026240005,360.0,12769.75479447,12865.967251446,0.007478058594093391
M2,2026240006,7.0,29607.736832315,29797.376922432,0.006364321618331234
M2,2026240006,14.0,28215.679233571,28399.290704497,0.006465354111711154
M2,2026240006,21.0,28194.087354808,28022.48599583,0.006123702194142847
M2,2026240006,28.0,27909.286468299,27897.356495146,0.00042763812245352555
M2,2026240006,30.0,7926.605670668,7959.312274509,0.004109224856744035
M2,2026240006,35.0,19756.398406011,19884.876559535,0.006461098872770892
M2,2026240006,42.0,27990.998634377,27817.648006633,0.0062316780952388386
M2,2026240006,49.0,27602.380350011,27803.260184355,0.007225046020215832
M2,2026240006,56.0,27838.531425277,27795.152131111,0.0015606784219556469
M2,2026240006,63.0,27744.006990713,27790.49911102,0.0016729501734124963
M2,2026240006,70.0,27573.644052022,27787.805362112,0.007707024980893484
M2,2026240006,77.0,27514.334458646,27786.23908033,0.009785585623801898
M2,2026240006,84.0,27488.861894048,27785.326338895,0.010669820509971707
M2,2026240006,90.0,23551.763166956,23815.56053845,0.011076681192034228
M2,2026240006,91.0,3994.800974843,3969.233289705,0.006441466971547072
M2,2026240006,98.0,27759.078358972,27784.482961077,0.0009143449651586858
M2,2026240006,105.0,27762.999663439,27784.301424962,0.0007666833582456145
M2,2026240006,112.0,27991.82776727,27784.195395219,0.007473038866071529
M2,2026240006,119.0,27716.160859305,27784.13346057,0.002446453885684887
M2,2026240006,126.0,27598.588584966,27784.097281114,0.00667679407652013
M2,2026240006,133.0,27538.732562334,27784.076146096,0.00883036680694067
M2,2026240006,140.0,27506.131676956,27784.063799429,0.010003292696107073
M2,2026240006,147.0,27487.622405497,27784.056586684,0.010669218883216328
M2,2026240006,154.0,27476.852576134,27784.052373083,0.011056695143816147
M2,2026240006,161.0,27470.495576236,27784.049911541,0.011285407861823379
M2,2026240006,168.0,27466.711729033,27784.048473531,0.011421544444839143
M2,2026240006,175.0,27464.448366144,27784.04763346,0.011502977231118417
M2,2026240006,180.0,19616.595178507,19845.747995263,0.011546695887234676
M2,2026240006,182.0,7976.4973435,7938.299147435,0.004811886697082024
M2,2026240006,189.0,27805.079162102,27784.046855998,0.0007569921765899784
M2,2026240006,196.0,27946.325340573,27784.046688512,0.005840713337416647
M2,2026240006,203.0,27751.287931864,27784.046590667,0.0011790456331153365
M2,2026240006,210.0,27581.186040823,27784.046533507,0.0073013300074687105
M2,2026240006,217.0,27756.218281012,27784.046500114,0.001001589854879006
M2,2026240006,224.0,27562.854958656,27784.046480607,0.007961098182922729
M2,2026240006,231.0,27756.37010656,27784.046469211,0.0009961242571944933
M2,2026240006,238.0,27562.052744346,27784.046462551,0.007989970737495506
M2,2026240006,245.0,27753.62124508,27784.046458662,0.001095060563883898
M2,2026240006,252.0,27560.236060968,27784.046456389,0.008055356363310881
M2,2026240006,259.0,27754.35079135,27784.046455062,0.0010688026943818944
M2,2026240006,266.0,27558.646497426,27784.046454286,0.008112567664715627
M2,2026240006,273.0,27739.27669236,27784.046453833,0.0016113477764080686
M2,2026240006,280.0,28005.655169456,27784.046453569,0.007976113783762149
M2,2026240006,287.0,27744.163003787,27784.046453414,0.0014354802384120861
M2,2026240006,294.0,27563.505028892,27784.046453323,0.007937699960353485
M2,2026240006,301.0,27753.584463264,27784.046453271,0.001096384216684643
M2,2026240006,308.0,27558.813165381,27784.046453239,0.008106568934696733
M2,2026240006,315.0,27750.619561502,27784.046453222,0.0012030965963247028
M2,2026240006,322.0,27556.919094164,27784.046453211,0.008174740113161301
M2,2026240006,329.0,27744.636536011,27784.046453205,0.0014184369170407009
M2,2026240006,336.0,28009.830451219,27784.046453202,0.008126390027359695
M2,2026240006,343.0,27735.976762535,27784.0464532,0.0017301184241096956
M2,2026240006,350.0,27559.33983802,27784.046453198,0.008087612996059255
M2,2026240006,357.0,27758.400119812,27784.046453197,0.0009230596928421704
M2,2026240006,360.0,11934.655621009,11907.448479942,0.0022848842145174776
M2,2026240007,7.0,31340.620444721,31129.991391217,0.006766113451718642
M2,2026240007,14.0,29853.795082694,29665.479495272,0.006347970456773248
M2,2026240007,21.0,29223.828426618,29234.748592916,0.0003735337850876458
M2,2026240007,28.0,29271.049326111,29078.262380508,0.006629933490531715
M2,2026240007,30.0,8306.08814546,8292.974055672,0.0015813494290423025
M2,2026240007,35.0,20788.185730747,20713.93898668,0.003584385573151717
M2,2026240007,42.0,28906.961410325,28969.561907797,0.002160905907767737
M2,2026240007,49.0,28821.973171293,28948.654665662,0.004376075359359143
M2,2026240007,56.0,29079.193625151,28936.591539781,0.004928088547469684
M2,2026240007,63.0,28876.489769384,28929.534366091,0.0018335793461361665
M2,2026240007,70.0,28841.538710137,28925.378770427,0.002898494811612192
M2,2026240007,77.0,29045.419536892,28922.923955782,0.004235241958844642
M2,2026240007,84.0,28742.470741989,28921.471507756,0.006189199803301708
M2,2026240007,90.0,24529.350110186,24789.132980644,0.010479707808290337
M2,2026240007,91.0,4155.168589828,4131.478441344,0.005734060777597435
M2,2026240007,98.0,28820.751452311,28920.101889856,0.003435341892064613
M2,2026240007,105.0,28815.042171743,28919.799963004,0.0036223553204037433
M2,2026240007,112.0,29038.952333299,28919.621031931,0.004126309305237469
M2,2026240007,119.0,28741.395730863,28919.514984813,0.0061591369718176775
M2,2026240007,126.0,28611.712496932,28919.452131561,0.010641267795427964
M2,2026240007,133.0,28544.618571308,28919.414878222,0.012960023862593503
M2,2026240007,140.0,28507.517788097,28919.392797803,0.0142421734987911
M2,2026240007,147.0,28486.1515002,28919.379710445,0.014980549879793076
M2,2026240007,154.0,28473.54969892,28919.37195337,0.01541604206235352
M2,2026240007,161.0,28466.013433341,28919.367355627,0.015676481325162535
M2,2026240007,168.0,28461.469925499,28919.364630467,0.01583349810132412
M2,2026240007,175.0,28458.717651889,28919.363015218,0.015928613748739853
M2,2026240007,180.0,20326.587735615,20656.687255426,0.015980273880764232
M2,2026240007,182.0,8265.361995113,8262.674802407,0.0003252206785649275
M2,2026240007,189.0,28760.114817181,28919.361490374,0.005506576389869804
M2,2026240007,196.0,28937.8070606,28919.361154031,0.0006378393516631253
M2,2026240007,203.0,28872.595189083,28919.360954675,0.0016171092322993094
M2,2026240007,210.0,29121.577047519,28919.360836513,0.006992416331369523
M2,2026240007,217.0,28910.416490492,28919.360766477,0.0003092833225887576
M2,2026240007,224.0,28890.501183297,28919.360724965,0.0009979315221545217
M2,2026240007,231.0,28810.062604168,28919.36070036,0.003779409141317555
M2,2026240007,238.0,29071.091134055,28919.360685777,0.005246673670508397
M2,2026240007,245.0,28837.6372023,28919.360677136,0.0028259087657013927
M2,2026240007,252.0,28836.940923425,28919.360672012,0.00284998515429715
M2,2026240007,259.0,28779.278391267,28919.360668975,0.004843892619600153
M2,2026240007,266.0,29052.626482141,28919.360667176,0.004608186761066976
M2,2026240007,273.0,28807.19560867,28919.360666109,0.0038785455437280224
M2,2026240007,280.0,28817.837070119,28919.360665477,0.003510575373099341
M2,2026240007,287.0,28770.215279356,28919.360665102,0.005157285026912059
M2,2026240007,294.0,29047.94491066,28919.360664879,0.004446303197053665
M2,2026240007,301.0,29082.635367033,28919.360664748,0.00564586140675046
M2,2026240007,308.0,29094.378041851,28919.36066467,0.006051910317464745
M2,2026240007,315.0,28949.375221585,28919.360664623,0.0010378706953475866
M2,2026240007,322.0,28707.043952777,28919.360664597,0.007341680692129458
M2,2026240007,329.0,28596.875690461,28919.36066458,0.011151179234538615
M2,2026240007,336.0,28538.033629529,28919.36066457,0.013185873625075466
M2,2026240007,343.0,28504.460220778,28919.360664565,0.014346805539701229
M2,2026240007,350.0,28484.653461878,28919.360664561,0.015031701693727665
M2,2026240007,357.0,28472.775188541,28919.360664559,0.015442439450789672
M2,2026240007,360.0,12200.222452335,12394.011713382,0.015635717113109033
M2,2026240008,7.0,31186.621329763,31269.557909151,0.002652310583634159
M2,2026240008,14.0,29777.048394793,29837.795359875,0.0020359066194176414
M2,2026240008,21.0,29239.155959313,29416.538544089,0.006030029145344214
M2,2026240008,28.0,29533.189635351,29260.503739415,0.009319248170313677
M2,2026240008,30.0,8361.026714467,8345.220903777,0.0018939954822340633
M2,2026240008,35.0,20907.816765743,20845.108064685,0.003008317388588577
M2,2026240008,42.0,29056.958785867,29154.571407228,0.0033481068885409986
M2,2026240008,49.0,28975.778832812,29135.001825926,0.005465007143823596
M2,2026240008,56.0,29438.887010067,29123.879934071,0.010816109553709713
M2,2026240008,63.0,29052.655909091,29117.437238537,0.0022248293665165365
M2,2026240008,70.0,28986.825461191,29113.669428382,0.004356852629072653
M2,2026240008,77.0,29205.011257796,29111.45546958,0.0032137104348410293
M2,2026240008,84.0,28903.741058505,29110.151452395,0.007090667124406822
M2,2026240008,90.0,24667.780008225,24950.932669361,0.011348379833660554
M2,2026240008,91.0,4178.690685541,4158.44979305,0.004867412977987166
M2,2026240008,98.0,29010.450180602,29108.928702525,0.003383103615024398
M2,2026240008,105.0,28991.920671236,29108.660865836,0.004010496914923823
M2,2026240008,112.0,29211.109376053,29108.502746037,0.003524971068117466
M2,2026240008,119.0,28907.529376765,29108.409390442,0.006901098956748947
M2,2026240008,126.0,28775.402552091,29108.354269773,0.011438355964622433
M2,2026240008,133.0,28707.917104773,29108.321723655,0.01375567518743648
M2,2026240008,140.0,28671.145442091,29108.302506476,0.015018294669973991
M2,2026240008,147.0,28650.230341964,29108.291159424,0.015736437943101245
M2,2026240008,154.0,28638.010290737,29108.284459375,0.0161560249039871
M2,2026240008,161.0,28630.753595787,29108.280503214,0.016405191209225626
M2,2026240008,168.0,28626.402548046,29108.278167229,0.01655459029265119
M2,2026240008,175.0,28623.778817406,29108.276787902,0.016644680618722374
M2,2026240008,180.0,20444.54223118,20791.625755798,0.01669342882055344
M2,2026240008,182.0,8313.388520577,8316.650217655,0.0003921888010963722
M2,2026240008,189.0,28925.633640995,29108.275492546,0.006274567917902533
M2,2026240008,196.0,29120.887386803,29108.275208585,0.00043328497231873966
M2,2026240008,203.0,29055.441195206,29108.275040916,0.0018150799260943519
M2,2026240008,210.0,28841.963006662,29108.274941912,0.009149011261623973
M2,2026240008,217.0,28743.873769602,29108.274883454,0.012518815192965499
M2,2026240008,224.0,28691.771677448,29108.274848938,0.01430875493829534
M2,2026240008,231.0,28662.427558331,29108.274828559,0.015316856558965966
M2,2026240008,238.0,28645.330386577,29108.274816524,0.015904220805425407
M2,2026240008,245.0,28635.177706757,29108.274809419,0.016253010724940387
M2,2026240008,252.0,28629.085217915,29108.274805222,0.01646231494355125
M2,2026240008,259.0,28625.407999492,29108.274802745,0.016588643831528777
M2,2026240008,266.0,28623.181449597,29108.274801282,0.016665135773132014
M2,2026240008,273.0,28621.83087501,29108.274800417,0.016711534048044294
M2,2026240008,280.0,28621.01082764,29108.274799908,0.016739706341838564
M2,2026240008,287.0,28620.512625743,29108.274799606,0.01675682180482928
M2,2026240008,294.0,28620.209855984,29108.274799428,0.016767223300145195
M2,2026240008,301.0,28620.025820871,29108.274799325,0.016773545729523047
M2,2026240008,308.0,28619.913945109,29108.274799262,0.016777389162389633
M2,2026240008,315.0,28619.845931021,29108.274799225,0.016779725750596757
M2,2026240008,322.0,28619.804580785,29108.274799204,0.016781146316248084
M2,2026240008,329.0,28619.779440704,29108.27479919,0.016782009990492282
M2,2026240008,336.0,28619.764155855,29108.274799183,0.016782535093481835
M2,2026240008,343.0,28619.754862791,29108.274799179,0.01678285435184146
M2,2026240008,350.0,28619.749212657,29108.274799176,0.01678304845922474
M2,2026240008,357.0,28619.745777396,29108.274799176,0.016783166475871962
M2,2026240008,360.0,12265.604636749,12474.974913931,0.016783222301168212
M2,2026240009,7.0,30784.04188918,30676.173944503,0.003516342842237975
M2,2026240009,14.0,28897.940934113,29071.939347989,0.005985098269270894
M2,2026240009,21.0,28441.411592075,28558.005582321,0.004082707733560214
M2,2026240009,28.0,28065.222761498,28336.288557284,0.00956603033026072
M2,2026240009,30.0,8115.769111386,8072.201999064,0.005397178158704615
M2,2026240009,35.0,20120.056685573,20149.524994443,0.001462481566097828
M2,2026240009,42.0,28206.522563029,28157.55659565,0.0017389991639603323
M2,2026240009,49.0,27920.924367258,28120.363617605,0.007092342512318598
M2,2026240009,56.0,28150.927557329,28098.491232936,0.001866161565697679
M2,2026240009,63.0,28048.633378868,28085.547123499,0.0013143324026654252
M2,2026240009,70.0,27860.846577169,28077.865333755,0.0077291757762332925
M2,2026240009,77.0,27787.108749036,28073.300794998,0.01019445657822291
M2,2026240009,84.0,27751.998072651,28070.587008289,0.011349564422857379
M2,2026240009,90.0,23772.395959683,24180.539048584,0.016878990500623327
M2,2026240009,91.0,4031.907392392,4046.49888829,0.0036059557412028253
M2,2026240009,98.0,28042.090903091,28144.048364482,0.003622700617572556
M2,2026240009,105.0,28032.331826212,28072.139075362,0.0014180340530207884
M2,2026240009,112.0,27998.486371678,28067.371133982,0.002454264846364649
M2,2026240009,119.0,27836.170037887,28066.916157243,0.008221285091075128
M2,2026240009,126.0,27773.994947972,28066.781653274,0.010431787617083075
M2,2026240009,133.0,27744.637024293,28066.709386898,0.011475244859140872
M2,2026240009,140.0,27729.289367778,28066.666843195,0.012020575058017522
M2,2026240009,147.0,27720.725216595,28066.641563735,0.01232482149153743
M2,2026240009,154.0,27715.755803793,28066.626529283,0.012501350139957968
M2,2026240009,161.0,27712.806160607,28066.617587089,0.012606129875969001
M2,2026240009,168.0,27711.032502336,28066.612268409,0.012669137360522593
M2,2026240009,175.0,27709.958035766,28066.609104937,0.012707308810890985
M2,2026240009,180.0,19792.409779695,20205.641506662,0.020451304494873465
M2,2026240009,182.0,8047.993521024,8062.717143883,0.0018261365984010075
M2,2026240009,189.0,28040.641787571,28101.733876536,0.0021739615510347715
M2,2026240009,196.0,28185.951756309,28068.681762106,0.0041779658623413195
M2,2026240009,203.0,28127.048182889,28066.723277939,0.002149339071491024
M2,2026240009,210.0,27925.568901523,28066.611524802,0.005025281486308541
M2,2026240009,217.0,27831.853452102,28066.605048718,0.008364089500975173
M2,2026240009,224.0,27781.039054812,28066.604605471,0.010174567058365598
M2,2026240009,231.0,27751.896471583,28066.604535473,0.01121290120763434
M2,2026240009,238.0,27734.673489587,28066.604504839,0.011826546926785263
M2,2026240009,245.0,27724.331610445,28066.604487242,0.01219502262742842
M2,2026240009,252.0,27718.06856929,28066.604476811,0.012418171489499731
M2,2026240009,259.0,27714.258119354,28066.60447061,0.012553935821661692
M2,2026240009,266.0,27711.933922623,28066.604466921,0.012636745735167544
M2,2026240009,273.0,27710.514250672,28288.874125659,0.020444782369843668
M2,2026240009,280.0,27709.646383218,28082.444155001,0.013275118423643728
M2,2026240009,287.0,27709.115597474,28067.520744718,0.012769391016178315
M2,2026240009,294.0,27708.790883653,28066.656569603,0.012750563468880703
M2,2026240009,301.0,27708.59220576,28066.607422212,0.012755913497712806
M2,2026240009,308.0,27708.470632622,28066.604629916,0.012760146872638376
M2,2026240009,315.0,27708.396236757,28066.604471203,0.012762791979825465
M2,2026240009,322.0,27708.350709277,28066.604462136,0.012764413783730477
M2,2026240009,329.0,27708.322847651,28066.604461588,0.012765406461167821
M2,2026240009,336.0,27708.305796873,28066.60446154,0.012766013970730966
M2,2026240009,343.0,27708.29536206,28066.604461525,0.01276638575771386
M2,2026240009,350.0,27708.288976089,28066.604461518,0.012766613286629858
M2,2026240009,357.0,27708.285067949,28187.953149956,0.01701677590619056
M2,2026240009,360.0,11874.978518151,12108.947507972,0.019321992243088427
M2,2026240010,7.0,29913.757030428,29802.050721183,0.003748275925374525
M2,2026240010,14.0,28637.982260692,28417.859289624,0.007745937821163397
M2,2026240010,21.0,27939.180190994,28048.91219593,0.003912166153520963
M2,2026240010,28.0,27965.274992261,27928.383921048,0.0013209167890733398
M2,2026240010,30.0,7914.952696967,7968.757231405,0.006751935449351646
M2,2026240010,35.0,19901.689908757,19909.300701556,0.00038227323566450953
M2,2026240010,42.0,27783.659260032,27853.248156824,0.0024984122641707354
M2,2026240010,49.0,27826.325896228,27839.894693587,0.0004873868061765658
M2,2026240010,56.0,28056.909880132,27832.397345356,0.008066589880496286
M2,2026240010,63.0,27763.580244697,27828.102626138,0.0023186051276235624
M2,2026240010,70.0,28042.832770781,27825.618419894,0.007806272177286147
M2,2026240010,77.0,27896.631431835,27824.174483204,0.0026041005699824578
M2,2026240010,84.0,27683.351859186,27823.3331139,0.0050310742476812435
M2,2026240010,90.0,23656.312349102,23848.1716521,0.008045031954519064
M2,2026240010,91.0,4009.146050529,3974.67056797,0.008673796222716412
M2,2026240010,98.0,27882.347571564,27822.555613459,0.002149046224785941
M2,2026240010,105.0,27847.145242309,27822.388217829,0.0008898238456803707
M2,2026240010,112.0,27603.906501247,27822.290429308,0.007849243347375717
M2,2026240010,119.0,27766.310729653,27822.233297476,0.002009995647188854
M2,2026240010,126.0,27637.57212519,27822.199916909,0.006635988249325816
M2,2026240010,133.0,27575.911499748,27822.180412935,0.008851531746681678
M2,2026240010,140.0,27541.903490624,27822.169016738,0.010073460697668443
M2,2026240010,147.0,27522.463963199,27822.162357861,0.010771930334067795
M2,2026240010,154.0,27511.110318724,27822.158467012,0.011179871204342403
M2,2026240010,161.0,27504.394259921,27822.156193545,0.011421182866399334
M2,2026240010,168.0,27500.391525079,27822.154865129,0.011565004278417031
M2,2026240010,175.0,27497.995281625,27822.15408892,0.011651103874235751
M2,2026240010,180.0,19640.505833453,19872.96691586,0.01169735165318876
M2,2026240010,182.0,7986.217066196,7949.186719509,0.004658381793463179
M2,2026240010,189.0,27837.209884792,27822.153370353,0.0005411699892015722
M2,2026240010,196.0,27980.095637928,27822.153215501,0.005676858336722968
M2,2026240010,203.0,27784.122480068,27822.153125019,0.0013669195471719268
M2,2026240010,210.0,27614.760018871,27822.153072149,0.007454241687916356
M2,2026240010,217.0,27800.563200832,27822.153041256,0.0007759945965355474
M2,2026240010,224.0,27603.170075714,27822.153023205,0.007870812417297757
M2,2026240010,231.0,27798.285912033,27822.153012658,0.0008578452075273254
M2,2026240010,238.0,27599.868548001,27822.153006495,0.007989477250093038
M2,2026240010,245.0,27788.238960426,27822.153002894,0.0012189582331918445
M2,2026240010,252.0,27593.913199015,27822.153000789,0.008203527662561747
M2,2026240010,259.0,27779.351138619,27822.15299956,0.0015384093726203028
M2,2026240010,266.0,28046.491314215,27822.152998841,0.008063298170466714
M2,2026240010,273.0,27762.104258748,27822.152998422,0.002158306716141087
M2,2026240010,280.0,28042.683028844,27822.152998176,0.007926418587463662
M2,2026240010,287.0,27896.588986328,27822.152998033,0.0026754215714456056
M2,2026240010,294.0,27683.242773091,27822.152997949,0.004992792069982588
M2,2026240010,301.0,27595.000380798,27822.1529979,0.008164451439798593
M2,2026240010,308.0,27551.168421004,27822.152997872,0.009739885223430599
M2,2026240010,315.0,27527.428373621,27822.152997855,0.010593163809311213
M2,2026240010,322.0,27513.923769742,27822.152997845,0.01107855413371052
M2,2026240010,329.0,27506.036359352,27822.15299784,0.011362048023836977
M2,2026240010,336.0,27501.364546322,27822.152997836,0.011529965044004824
M2,2026240010,343.0,27498.576353618,27822.152997835,0.011630179887307133
M2,2026240010,350.0,27496.905394371,27822.152997832,0.011690238476021079
M2,2026240010,357.0,27495.901653926,27822.152997832,0.011726315498711446
M2,2026240010,360.0,11783.756228123,11923.779856214,0.011743224864892739
M2,2026240011,7.0,31715.629638541,31623.692859755,0.002907211981653159
M2,2026240011,14.0,30393.827030005,30224.717583046,0.0055950712027118404
M2,2026240011,21.0,29775.835384392,29808.514536241,0.00109630259532953
M2,2026240011,28.0,29813.99588948,29665.283014954,0.005013027330669211
M2,2026240011,30.0,8444.917500078,8462.982741581,0.002134618733681252
M2,2026240011,35.0,21157.768852961,21142.713324543,0.000712090647349431
M2,2026240011,42.0,29472.468738806,29576.977857475,0.0035334617070279196
M2,2026240011,49.0,29384.485711576,29561.809971577,0.005998423647655366
M2,2026240011,56.0,29639.32361054,29553.382107498,0.002908009064052077
M2,2026240011,63.0,29574.098998267,29548.573019722,0.0008638650173719952
M2,2026240011,70.0,29651.405328505,29545.791110324,0.0035745943571670025
M2,2026240011,77.0,29513.381564257,29544.170578077,0.0010421349869555974
M2,2026240011,84.0,29725.414221587,29543.223192489,0.006166931343643003
M2,2026240011,90.0,25271.472798789,25322.311133128,0.0020076498575397417
M2,2026240011,91.0,4233.928303703,4220.357183698,0.003215633041066112
M2,2026240011,98.0,29453.351051279,29542.343021186,0.0030123531448801514
M2,2026240011,105.0,29381.277885693,29542.152222298,0.005445586204906593
M2,2026240011,112.0,29638.089308047,29542.04028218,0.003251265821505811
M2,2026240011,119.0,29615.193753364,29541.974598935,0.0024784786874618558
M2,2026240011,126.0,29675.886099005,29541.93605514,0.004534233762302691
M2,2026240011,133.0,29521.503259268,29541.913436279,0.0006908887961852337
M2,2026240011,140.0,29728.113089743,29541.900162466,0.006303349691554024
M2,2026240011,147.0,29427.508346434,29541.892372683,0.0038719261720271715
M2,2026240011,154.0,29462.803358336,29541.887801199,0.0026770273922639212
M2,2026240011,161.0,29381.115859666,29541.885118385,0.005442078529340258
M2,2026240011,168.0,29638.056472137,29541.883543951,0.0032554771953832063
M2,2026240011,175.0,29632.685416553,29541.882619977,0.003073697020060402
M2,2026240011,180.0,20948.350912138,21101.344381345,0.0072504133595513815
M2,2026240011,182.0,8395.395912913,8440.53769639,0.005348211820238305
M2,2026240011,189.0,29521.627575662,29541.881759514,0.0006856091300099556
M2,2026240011,196.0,29728.210279899,29541.881572763,0.00630727283490954
M2,2026240011,203.0,29372.327119363,29541.881463166,0.005739456507345583
M2,2026240011,210.0,29423.065989456,29541.881398848,0.004021931026932891
M2,2026240011,217.0,29362.678733124,29541.881361102,0.0060660533358568546
M2,2026240011,224.0,29628.645357512,29541.881338948,0.0029369835173500454
M2,2026240011,231.0,29624.542521096,29541.881325942,0.002798101930001713
M2,2026240011,238.0,29678.103324785,29541.881318314,0.004611148660547545
M2,2026240011,245.0,29519.816137253,29541.881313837,0.0007469116929145102
M2,2026240011,252.0,29726.311806899,29541.881311209,0.006243017963112032
M2,2026240011,259.0,29405.637655979,29541.881309668,0.004611881425588509
M2,2026240011,266.0,29447.708096492,29541.881308762,0.0031877865626001958
M2,2026240011,273.0,29374.9359915,29541.881308231,0.005651140324786545
M2,2026240011,280.0,29635.553670444,29541.88130792,0.0031708326747248976
M2,2026240011,287.0,29612.630950368,29541.881307736,0.002394892928280521
M2,2026240011,294.0,29671.729836946,29541.881307629,0.004395404881796373
M2,2026240011,301.0,29519.027647043,29541.881307566,0.0007736020697215065
M2,2026240011,308.0,29727.024797811,29541.881307529,0.006267153007442728
M2,2026240011,315.0,29427.111417221,29541.881307507,0.0038849892155255077
M2,2026240011,322.0,29462.636576708,29541.881307495,0.002682453766642732
M2,2026240011,329.0,29381.047862469,29541.881307487,0.0054442519534881415
M2,2026240011,336.0,29638.028988622,29541.881307483,0.0032546228230443722
M2,2026240011,343.0,29631.017571415,29541.88130748,0.003017284613909528
M2,2026240011,350.0,29684.209256197,29541.881307479,0.0048178363197865955
M2,2026240011,357.0,29523.676720168,29541.881307479,0.0006162297898878662
M2,2026240011,360.0,12561.353410568,12660.806274634,0.00785517619563103
M3,2026240000,7.0,87781.50791217,88254.260595978,0.005356712306188118
M3,2026240000,14.0,89113.903273953,88724.777322666,0.004385764191572444
M3,2026240000,21.0,84363.563795554,84391.128560633,0.00032663107543585615
M3,2026240000,28.0,83823.6731467,83398.78957743,0.005094601149762895
M3,2026240000,30.0,23555.701547169,23699.356428284,0.006061551989806669
M3,2026240000,35.0,58904.7819781,59062.905963107,0.0026772130904931814
M3,2026240000,42.0,84733.940609267,85135.075578186,0.00471174737550585
M3,2026240000,49.0,87287.445809696,87847.96513788,0.006380561317547333
M3,2026240000,56.0,84058.2271186,84401.276529387,0.00406450500387349
M3,2026240000,63.0,81596.071679822,81817.0430494,0.00270079877421858
M3,2026240000,70.0,81399.200497538,81685.88782059,0.003509630986464424
M3,2026240000,77.0,79795.493859331,80330.123739133,0.006655409638583111
M3,2026240000,84.0,79044.065828531,78478.389671391,0.007208050005977804
M3,2026240000,90.0,66024.516368562,66086.352243188,0.0009356829742765059
M3,2026240000,91.0,10897.991832904,10926.176462209,0.0025795509895418663
M3,2026240000,98.0,75378.032097222,75908.634467208,0.006990013372131083
M3,2026240000,105.0,75373.574466813,75119.034888249,0.0033884830781261465
M3,2026240000,112.0,74469.557281732,74580.285418887,0.0014846837409253125
M3,2026240000,119.0,73861.020240183,74226.530750658,0.0049242569574323835
M3,2026240000,126.0,73455.819522164,74000.589044517,0.007361691702552094
M3,2026240000,133.0,74395.693508755,73858.798826606,0.007269204085073625
M3,2026240000,140.0,73710.923324789,73770.652131812,0.0008096554022091476
M3,2026240000,147.0,73216.145637548,73716.03492238,0.006781282869573205
M3,2026240000,154.0,73841.153129804,73682.155776106,0.002157881403214467
M3,2026240000,161.0,73433.435130193,73661.049832349,0.003090027941144594
M3,2026240000,168.0,73177.007228401,73647.81299378,0.006392664578088209
M3,2026240000,175.0,74214.604313908,73639.440182689,0.007810544591215027
M3,2026240000,180.0,52570.897210635,52596.198707139,0.0004810518084184551
M3,2026240000,182.0,21050.970387578,21037.892238756,0.0006216472959161575
M3,2026240000,189.0,73167.151844055,73630.635339021,0.00629470997814919
M3,2026240000,196.0,73809.857526287,73628.376395379,0.0024648259243617646
M3,2026240000,203.0,73414.193394591,73626.881444975,0.0028887282227614075
M3,2026240000,210.0,73165.360818539,73625.879754646,0.006254851387061808
M3,2026240000,217.0,74207.346565676,73625.200349486,0.00790688804141315
M3,2026240000,224.0,73606.798443176,73624.734131241,0.0002436095461211391
M3,2026240000,231.0,73154.347629034,73624.410695747,0.006384608885435281
M3,2026240000,238.0,73801.764615879,73624.184063063,0.002411986700781512
M3,2026240000,245.0,73409.192847988,73624.023831362,0.002917946781421273
M3,2026240000,252.0,73162.462990661,73623.90964755,0.006267619569485153
M3,2026240000,259.0,74205.572719622,73623.827718503,0.007901585928719526
M3,2026240000,266.0,73594.712388325,73623.768586715,0.00039465785231809005
M3,2026240000,273.0,73142.903374565,73623.725696023,0.006530806705479992
M3,2026240000,280.0,73794.597581412,73623.694455689,0.002321306027720035
M3,2026240000,287.0,73404.633066054,73623.671622057,0.0029751104662019494
M3,2026240000,294.0,73159.698677221,73623.654884978,0.006301727460852604
M3,2026240000,301.0,74204.112866755,73623.642587704,0.007884291766187839
M3,2026240000,308.0,73593.953797458,73623.63353501,0.0004031278561914886
M3,2026240000,315.0,73142.441970886,73623.626860312,0.006535740087064283
M3,2026240000,322.0,73793.97168268,73623.621932616,0.0023137920356581456
M3,2026240000,329.0,73404.268410393,73623.618290864,0.002979341216352986
M3,2026240000,336.0,73159.282327594,73623.615597173,0.006306852302929154
M3,2026240000,343.0,74203.575530885,73623.613603363,0.0078773901352692
M3,2026240000,350.0,73571.566221228,73623.612126763,0.0007069186641560292
M3,2026240000,357.0,73121.585568636,73623.611032699,0.006818810664421671
M3,2026240000,360.0,31682.564632752,31552.975894962,0.004107021100684549
M3,2026240001,7.0,93314.388704814,93570.637204206,0.002738556742247717
M3,2026240001,14.0,93166.56978897,93033.487705176,0.0014304750587845925
M3,2026240001,21.0,88411.059852316,88669.022281314,0.002909273412078223
M3,2026240001,28.0,87663.369991108,87325.440875112,0.003869767076003487
M3,2026240001,30.0,24932.721518304,24771.479599855,0.006509175917370026
M3,2026240001,35.0,64144.288857585,63763.504168926,0.005971828142477878
M3,2026240001,42.0,85608.727531412,85755.091329995,0.0017067651181173044
M3,2026240001,49.0,84706.826604054,84107.000625038,0.007131700982776988
M3,2026240001,56.0,82984.933876687,82524.340990156,0.005581297360326147
M3,2026240001,63.0,81639.044189229,81322.967390968,0.0038866855010519733
M3,2026240001,70.0,80994.980703329,80441.918109961,0.006875303403531269
M3,2026240001,77.0,82168.706719312,82215.968351555,0.000574847358616592
M3,2026240001,84.0,81167.399373114,81707.520278597,0.006610418522571156
M3,2026240001,90.0,70344.181696311,69956.312359889,0.0055444508627988005
M3,2026240001,91.0,11356.755376047,11286.470416283,0.006227364018302795
M3,2026240001,98.0,78303.705030586,78910.043970588,0.007683926018695348
M3,2026240001,105.0,79030.861764846,78786.427697196,0.0031024895377849324
M3,2026240001,112.0,78408.824443181,78706.621066046,0.0037836286049570127
M3,2026240001,119.0,79263.534045114,78655.354884971,0.007732202861870172
M3,2026240001,126.0,80337.553172316,80851.162864374,0.0063525331468586394
M3,2026240001,133.0,79078.564100797,78554.361504847,0.0066731189192806035
M3,2026240001,140.0,78473.557850046,78588.066877669,0.001457079072847661
M3,2026240001,147.0,78017.208815905,78579.469199272,0.007155309002420814
M3,2026240001,154.0,79033.063690819,78573.963395288,0.005842906170093263
M3,2026240001,161.0,78175.616484301,78570.433326964,0.005025005284367011
M3,2026240001,168.0,79020.535362723,78568.166709944,0.005757658244070473
M3,2026240001,175.0,78365.242770141,78566.708927201,0.002564268757224848
M3,2026240001,180.0,55727.373975171,56118.480633982,0.006969302347329878
M3,2026240001,182.0,22617.875675072,22447.289003231,0.0075994331349521094
M3,2026240001,189.0,80266.608672583,80746.668865526,0.0059452631258693905
M3,2026240001,196.0,81217.107292316,80914.845902055,0.003735549229456194
M3,2026240001,203.0,81031.719297276,80961.734381598,0.0008644196695211055
M3,2026240001,210.0,81390.110201548,80822.719914557,0.007020183032578214
M3,2026240001,217.0,78088.193885803,78564.243505753,0.006059367451493767
M3,2026240001,224.0,78342.450273409,78564.173155242,0.00282218819250942
M3,2026240001,231.0,78837.909415759,78564.127084731,0.0034848262328776914
M3,2026240001,238.0,78290.226527882,78564.096833004,0.003485947349514455
M3,2026240001,245.0,77955.086130005,78564.076913595,0.007751517073888156
M3,2026240001,252.0,78010.138802029,78564.063760643,0.007050614900746558
M3,2026240001,259.0,78628.51758693,78564.055050868,0.0008205092776876125
M3,2026240001,266.0,80204.600213951,80660.147821045,0.005647740791458717
M3,2026240001,273.0,79006.620641054,78564.045414479,0.005633304958268361
M3,2026240001,280.0,79160.934384192,78564.042841471,0.007597515620796499
M3,2026240001,287.0,78282.672433763,78564.041118002,0.0035813927114109376
M3,2026240001,294.0,78945.529600261,78564.039960341,0.00485577931217092
M3,2026240001,301.0,78904.995477275,78564.03918058,0.004339851925272234
M3,2026240001,308.0,78300.854570172,78564.038653949,0.003349930684396795
M3,2026240001,315.0,79198.886410867,78564.038297345,0.00808064513078175
M3,2026240001,322.0,78273.408133757,78564.038055252,0.003699274231431503
M3,2026240001,329.0,78669.959260276,78564.037890506,0.0013482169783280548
M3,2026240001,336.0,78482.425610624,78564.037778129,0.0010387980278645248
M3,2026240001,343.0,78013.742225359,78564.037701307,0.007004419478033473
M3,2026240001,350.0,79024.745682709,78564.037648674,0.005864108411729313
M3,2026240001,357.0,78185.132502279,78564.037612544,0.004822882348965466
M3,2026240001,360.0,33402.232713144,33670.301825822,0.007961589238633318
M3,2026240002,7.0,104136.366599692,103568.193618389,0.0054859794445822445
M3,2026240002,14.0,104465.880220237,104492.817936259,0.0002577949045113796
M3,2026240002,21.0,101510.872212654,100794.419052192,0.007108063791617418
M3,2026240002,28.0,97906.721170229,97861.561425028,0.0004614656106379955
M3,2026240002,30.0,27927.377083354,27862.428241413,0.0023310546151345452
M3,2026240002,35.0,69703.505252059,69374.975070819,0.004735571881714277
M3,2026240002,42.0,98112.414125154,98465.735411923,0.003588266367898562
M3,2026240002,49.0,97738.178878358,98015.261983321,0.0028269383701709375
M3,2026240002,56.0,95100.505607035,95197.280590523,0.0010165729828383646
M3,2026240002,63.0,94778.552561311,94849.175962992,0.0007445863494750925
M3,2026240002,70.0,99447.60106637,99366.804079046,0.0008131185064553237
M3,2026240002,77.0,95853.558019394,96426.227794829,0.0059389420133026585
M3,2026240002,84.0,93461.61906033,94027.039506366,0.006013381352900188
M3,2026240002,90.0,79874.210389521,80435.486846874,0.006977970537077857
M3,2026240002,91.0,13291.914397025,13394.374580935,0.007649493695348584
M3,2026240002,98.0,94437.026037511,93685.667617669,0.008019993227868017
M3,2026240002,105.0,94163.314300937,93580.338939669,0.006229677813454331
M3,2026240002,112.0,93821.359695932,93503.449139304,0.0033999874823267017
M3,2026240002,119.0,95513.107204804,95722.522251887,0.002187730140791167
M3,2026240002,126.0,93060.786067446,93406.384742878,0.0036999470259269918
M3,2026240002,133.0,92833.549509228,93376.494829717,0.005814582368712019
M3,2026240002,140.0,92668.307239104,93354.671798816,0.007352225084044432
M3,2026240002,147.0,95477.604507398,95580.012246273,0.0010714346699510317
M3,2026240002,154.0,93055.378867614,93327.085660991,0.002911339097890311
M3,2026240002,161.0,92830.371075036,93318.571380042,0.005231544994594852
M3,2026240002,168.0,92675.849448131,93312.344178534,0.006821120356650671
M3,2026240002,175.0,94058.653240565,93307.787535857,0.008047192249837206
M3,2026240002,180.0,67016.491378028,66646.320140386,0.005554263714219522
M3,2026240002,182.0,26832.454427194,26658.131577522,0.0065391998372079626
M3,2026240002,189.0,93600.316786241,93302.008506374,0.003197233206899596
M3,2026240002,196.0,93221.122497548,93300.218247443,0.0008477552505314613
M3,2026240002,203.0,92946.407242688,93298.905864548,0.0037781645839636657
M3,2026240002,210.0,92748.673707024,93297.943391267,0.005887264652121097
M3,2026240002,217.0,92597.685171896,93297.237246846,0.00749810064685113
M3,2026240002,224.0,93399.066223245,93296.71896206,0.001097008151236504
M3,2026240002,231.0,93031.858827931,93296.338416228,0.002834833529233001
M3,2026240002,238.0,93652.908952546,93296.058902747,0.003824920945170767
M3,2026240002,245.0,93218.607764309,93295.853526692,0.0008279656540244602
M3,2026240002,252.0,95062.534091746,95579.64294474,0.0054102404765518156
M3,2026240002,259.0,92785.974653891,93295.591585801,0.005462390272120439
M3,2026240002,266.0,95587.623604666,95579.450328501,8.551290195658631e-05
M3,2026240002,273.0,93366.420993874,93295.449903638,0.0007607133071258956
M3,2026240002,280.0,95289.302681185,95579.346081096,0.003034582384199438
M3,2026240002,287.0,93762.271632131,93295.373178358,0.005004518850901678
M3,2026240002,294.0,93299.709046052,93295.349225195,4.673138471758247e-05
M3,2026240002,301.0,93957.816380375,93295.331583751,0.007100942623579122
M3,2026240002,308.0,95384.616911797,95536.59831758,0.0015908186858170925
M3,2026240002,315.0,95636.038898168,95817.640906777,0.001895287828946694
M3,2026240002,322.0,95209.050175888,95626.3851817,0.004364224424242516
M3,2026240002,329.0,94996.732379683,95629.887924094,0.0066208960206412025
M3,2026240002,336.0,95044.497650257,95275.292913824,0.002422404135516504
M3,2026240002,343.0,100095.055051401,100876.079327477,0.007742413080315492
M3,2026240002,350.0,101157.340242506,101433.410103324,0.0027216856905114403
M3,2026240002,357.0,98749.67204311,99230.764476397,0.004848218552235763
M3,2026240002,360.0,42416.205778847,42104.575839222,0.007401331884091824
M3,2026240003,7.0,95701.718501091,95715.755693974,0.0001466549867493009
M3,2026240003,14.0,92882.598745028,93161.483151061,0.002993559104042935
M3,2026240003,21.0,91811.362324106,91349.021618799,0.0050612551411481155
M3,2026240003,28.0,92373.444423538,92650.441813508,0.002989703929610545
M3,2026240003,30.0,25207.042032383,25243.38904655,0.0014398626943464225
M3,2026240003,35.0,63009.547473138,62521.758324043,0.00780191028164698
M3,2026240003,42.0,86977.55373518,86393.765373539,0.006757297347984338
M3,2026240003,49.0,85871.925637252,85416.134120364,0.005336129076571426
M3,2026240003,56.0,87225.630932703,86970.492256593,0.00293362345653113
M3,2026240003,63.0,83012.211644177,83361.287056766,0.004187500276372733
M3,2026240003,70.0,84260.877232182,84662.438139549,0.004743082247467446
M3,2026240003,77.0,80833.951205194,81422.127126862,0.0072237847673960135
M3,2026240003,84.0,81309.007317337,80822.81549405,0.006015526931535822
M3,2026240003,90.0,71394.836629313,71345.798148932,0.0006873352272075635
M3,2026240003,91.0,11495.722683565,11463.691038015,0.002794182558111416
M3,2026240003,98.0,79964.29633644,80089.858781395,0.0015677695886281483
M3,2026240003,105.0,79274.032143031,79877.039139549,0.007549190643690722
M3,2026240003,112.0,80133.289826618,79728.986589724,0.005070969219444628
M3,2026240003,119.0,79156.325086459,79626.537274089,0.005905219587930242
M3,2026240003,126.0,79973.989444263,79555.913207746,0.005255124599290029
M3,2026240003,133.0,79269.903736785,79507.357025508,0.002986557440801617
M3,2026240003,140.0,82271.623682084,81803.281855473,0.005725220504459023
M3,2026240003,147.0,79152.179802661,79451.192158007,0.0037634722302384697
M3,2026240003,154.0,79952.343375433,79435.547761535,0.006505848180834922
M3,2026240003,161.0,81490.389899467,81868.7695052,0.004621782005761921
M3,2026240003,168.0,78769.136057752,79370.365787633,0.007574990034563766
M3,2026240003,175.0,78778.553014987,79412.493366505,0.007982879325954881
M3,2026240003,180.0,56278.107183948,56721.037851688,0.007808930945483754
M3,2026240003,182.0,22782.213977742,22688.023925656,0.004151531768242196
M3,2026240003,189.0,79298.138364089,79406.713781828,0.001367332969316905
M3,2026240003,196.0,82360.180895155,81801.895729261,0.006824843861097752
M3,2026240003,203.0,79142.156883609,79404.007702074,0.003297702799176958
M3,2026240003,210.0,79942.961036888,79403.255280181,0.006797023054062505
M3,2026240003,217.0,79269.254039671,79402.740296384,0.0016811290922044279
M3,2026240003,224.0,82104.658077313,81618.596621047,0.00595527828691739
M3,2026240003,231.0,79169.109392167,79402.146469673,0.002934896446344894
M3,2026240003,238.0,81262.387856158,81522.94166092,0.0031960795262481905
M3,2026240003,245.0,81874.310390805,81522.828534652,0.004311453153316398
M3,2026240003,252.0,79405.754638506,79401.790659716,4.992304023699107e-05
M3,2026240003,259.0,78791.426635625,79401.737607138,0.007686367954977
M3,2026240003,266.0,78833.426084441,79401.701271035,0.00715696486973504
M3,2026240003,273.0,78941.448629132,79401.676381974,0.005796196929495518
M3,2026240003,280.0,80077.39274175,79401.659332321,0.008510318488444185
M3,2026240003,287.0,79960.032068389,79401.647651917,0.00703240339444676
M3,2026240003,294.0,79287.598436872,79401.639649256,0.0014362576501916798
M3,2026240003,301.0,78835.785783924,79401.634165932,0.007126407257884655
M3,2026240003,308.0,81885.356570791,81617.839241709,0.0032776820798912547
M3,2026240003,315.0,78946.130293289,79401.627833691,0.005736627230817744
M3,2026240003,322.0,79575.670113489,79401.626069056,0.0021919455941825997
M3,2026240003,329.0,79646.505245416,79401.624859621,0.00308407272808253
M3,2026240003,336.0,79654.283339498,79401.624030648,0.0031820420795482815
M3,2026240003,343.0,79079.749948266,79401.62346242,0.004053739711082031
M3,2026240003,350.0,79983.532008872,79401.623072903,0.00732867809811286
M3,2026240003,357.0,82295.398794188,81833.447500619,0.005645018115184573
M3,2026240003,360.0,33898.821896682,34029.266856909,0.003833316796847738
M3,2026240004,7.0,93172.454586389,93463.705642849,0.003116194189570877
M3,2026240004,14.0,90682.492350532,90855.089723372,0.0018996995475488348
M3,2026240004,21.0,88400.33716202,88970.500118867,0.00640844949826337
M3,2026240004,28.0,87798.421212613,87676.794869942,0.0013872124642720421
M3,2026240004,30.0,24792.631963951,24874.29845327,0.0032831675422895445
M3,2026240004,35.0,62204.730118921,61921.755206617,0.0045698787342151395
M3,2026240004,42.0,86477.589976276,86198.603744485,0.00323655163392192
M3,2026240004,49.0,85971.121628201,85793.54325256,0.0020698337999427
M3,2026240004,56.0,87971.653183039,88024.420483183,0.0005994620567150357
M3,2026240004,63.0,84274.765776988,84767.003311103,0.005806947454641576
M3,2026240004,70.0,83528.556968549,83804.260733363,0.0032898537902648238
M3,2026240004,77.0,82404.018357941,83072.911951551,0.008051885721787486
M3,2026240004,84.0,82947.703664082,82528.375625241,0.005081016506918329
M3,2026240004,90.0,70882.150706872,70417.022081474,0.006605343589506364
M3,2026240004,91.0,11784.471273035,11713.033457644,0.0060990020774148316
M3,2026240004,98.0,81946.908810462,81842.948744833,0.001270238514415231
M3,2026240004,105.0,81214.30600528,81638.397111675,0.005194750526702288
M3,2026240004,112.0,82049.585589688,81493.943276469,0.006818203793795739
M3,2026240004,119.0,80966.726816462,81392.589670742,0.005232206715657354
M3,2026240004,126.0,81770.315021367,81321.805661597,0.00551524103678142
M3,2026240004,133.0,81081.276566916,81272.530975984,0.002353247853503144
M3,2026240004,140.0,80618.160521556,81238.305308202,0.007633649967134362
M3,2026240004,147.0,81632.415887566,81214.567442195,0.0051449937927505185
M3,2026240004,154.0,80700.467544696,81198.119078589,0.006128855440744179
M3,2026240004,161.0,81586.883637864,81186.728198944,0.0049288282432005635
M3,2026240004,168.0,80952.451175306,81178.842147595,0.0027887928221171586
M3,2026240004,175.0,80528.385691966,81173.383184754,0.007945923497114251
M3,2026240004,180.0,58290.549440464,57978.598724393,0.005380445939266086
M3,2026240004,182.0,23270.761327968,23191.005557286,0.0034390820391547697
M3,2026240004,189.0,80830.468414652,81166.988105105,0.004146016728096834
M3,2026240004,196.0,81387.005114999,81165.176583604,0.002733050560994095
M3,2026240004,203.0,80815.704131826,81163.921949887,0.004290303002804518
M3,2026240004,210.0,81766.067704285,81163.052780897,0.007429672772608383
M3,2026240004,217.0,80789.557456211,81162.450472768,0.00459440313081873
M3,2026240004,224.0,81646.736000597,81162.032958169,0.005972041664823885
M3,2026240004,231.0,80992.220550511,81161.743441916,0.0020887044094403317
M3,2026240004,238.0,80554.384028151,81161.542610533,0.00748086547954789
M3,2026240004,245.0,81585.998114938,81161.403244715,0.005231487545167072
M3,2026240004,252.0,80658.390750117,81161.306493713,0.006196496401089239
M3,2026240004,259.0,81552.62542665,81161.239298595,0.004822328138867883
M3,2026240004,266.0,80928.166857736,81161.19260991,0.0028711474619896797
M3,2026240004,273.0,80510.940274132,81161.160154562,0.008011466065686408
M3,2026240004,280.0,81555.769760577,81161.137582534,0.004862329309291572
M3,2026240004,287.0,80648.9847223,81161.121876216,0.006310129062743807
M3,2026240004,294.0,81547.820159537,81161.110941512,0.004764710752957561
M3,2026240004,301.0,80923.445274137,81161.103324598,0.002928225969409343
M3,2026240004,308.0,80506.771337017,81161.098015742,0.008062072775285643
M3,2026240004,315.0,81552.408771379,81161.094313342,0.004821453694626759
M3,2026240004,322.0,80646.440804333,81161.09172968,0.006341104023848357
M3,2026240004,329.0,81545.793105088,81161.08992552,0.004739995235660695
M3,2026240004,336.0,80921.728450085,81161.088664842,0.002949199162981329
M3,2026240004,343.0,80505.563267257,81161.0877833,0.008076832555438894
M3,2026240004,350.0,81551.849148171,81161.087166421,0.004814646961896113
M3,2026240004,357.0,80635.664225653,81161.08673442,0.006473822984730466
M3,2026240004,360.0,35039.614263885,34783.322787486,0.007368228675703273
M3,2026240005,7.0,110973.628291498,110523.620958914,0.004071594186651528
M3,2026240005,14.0,108520.202218978,108955.788691207,0.003997827719493639
M3,2026240005,21.0,105042.800347456,104911.969684911,0.00124705181818551
M3,2026240005,28.0,105005.979069809,104551.263489212,0.0043492117208503685
M3,2026240005,30.0,28992.199928159,29134.852741367,0.004896294293104733
M3,2026240005,35.0,72683.767383869,72729.761668407,0.0006323997698177334
M3,2026240005,42.0,106528.075602604,106804.678755911,0.0025898037101832728
M3,2026240005,49.0,103259.099782503,103468.928239226,0.002027936891719464
M3,2026240005,56.0,100901.477564992,100813.97574819,0.0008679532391477409
M3,2026240005,63.0,101813.693556655,101840.679086132,0.00026497790194610223
M3,2026240005,70.0,97861.445491904,98185.924382222,0.0033047393744021535
M3,2026240005,77.0,99484.267677301,100268.229091852,0.007818642272347711
M3,2026240005,84.0,98890.262850363,98569.427088714,0.003254921643809886
M3,2026240005,90.0,81652.429645868,81277.404935276,0.004614132438045284
M3,2026240005,91.0,13556.371330359,13445.582833811,0.008239768994573002
M3,2026240005,98.0,93876.281585467,93446.560147197,0.00459857952602115
M3,2026240005,105.0,92420.069169451,92498.383228189,0.000846653271169151
M3,2026240005,112.0,91274.942173423,91828.728019267,0.006030638317540563
M3,2026240005,119.0,91936.907609719,91376.561999079,0.006132268476522951
M3,2026240005,126.0,93755.626755921,93447.467340592,0.0032976754116388167
M3,2026240005,133.0,93664.932820566,93174.869164086,0.005259611962716734
M3,2026240005,140.0,90908.154868023,90731.389842599,0.0019482234949850551
M3,2026240005,147.0,90586.226889134,90706.582848842,0.0013268712802085678
M3,2026240005,154.0,90302.137950156,90662.42790485,0.003973972052371308
M3,2026240005,161.0,90125.611310329,90635.391958845,0.005624520813541287
M3,2026240005,168.0,89978.983009908,90618.836791699,0.007060935722026497
M3,2026240005,175.0,90256.088221078,90608.681668472,0.0038913870161371893
M3,2026240005,180.0,64307.952879536,64689.602667456,0.005899708333067195
M3,2026240005,182.0,25628.333221407,25775.75660338,0.005719458956780652
M3,2026240005,189.0,89590.211688425,89631.485639585,0.00046048496089822247
M3,2026240005,196.0,88959.396203936,88879.485339038,0.0008990923450240195
M3,2026240005,203.0,88017.139442819,88306.490870045,0.003276672239777109
M3,2026240005,210.0,87453.52507386,87879.846596059,0.004851186463246675
M3,2026240005,217.0,86903.369332145,87568.257668615,0.007592800795308064
M3,2026240005,224.0,87960.281288875,87344.193892777,0.007053558669902129
M3,2026240005,231.0,87617.01674625,87184.981856014,0.004955382005464014
M3,2026240005,238.0,89218.332050745,89260.52895611,0.0004727386881805117
M3,2026240005,245.0,86711.181023944,86994.406883972,0.0032556789588295454
M3,2026240005,252.0,86392.914233702,86939.774527586,0.006290104809398673
M3,2026240005,259.0,86437.865242083,86901.855011529,0.005339238953926105
M3,2026240005,266.0,89718.960526069,89330.499218932,0.004348585427525175
M3,2026240005,273.0,89152.291827381,89312.346041267,0.0017920726638625717
M3,2026240005,280.0,88541.328777588,89032.579971934,0.005517656508447315
M3,2026240005,287.0,86531.337535038,86836.258096255,0.003511442891505188
M3,2026240005,294.0,87514.217647171,86830.292707788,0.007876570699636178
M3,2026240005,301.0,86944.278746473,86826.180224943,0.0013601717963872342
M3,2026240005,308.0,86576.439437682,86823.345835294,0.0028437788850062995
M3,2026240005,315.0,86556.304472916,86821.392664499,0.0030532589198075566
M3,2026240005,322.0,86111.922380058,86820.046895929,0.008156232819360664
M3,2026240005,329.0,86967.843856724,86819.119710046,0.0017130344925714203
M3,2026240005,336.0,86582.236271956,86818.480945054,0.0027211334559921214
M3,2026240005,343.0,86565.767344058,86818.040895789,0.0029057733753036436
M3,2026240005,350.0,86110.516594381,86817.737748979,0.008146044494303959
M3,2026240005,357.0,86968.324014671,86817.528915514,0.001736919963521899
M3,2026240005,360.0,37150.393374611,37207.465361329,0.001533885368534625
M3,2026240006,7.0,109913.68646745,109558.445505061,0.003242479032550602
M3,2026240006,14.0,114390.737565847,114722.235714377,0.0028895718991681506
M3,2026240006,21.0,107615.543838181,107362.49659704,0.0023569425931920583
M3,2026240006,28.0,109835.79665302,109300.156976304,0.004900630443121224
M3,2026240006,30.0,30599.262683221,30395.806641702,0.006693556249955357
M3,2026240006,35.0,76395.96769678,75851.900498406,0.0071727563159137515
M3,2026240006,42.0,105074.686458005,105711.747162428,0.00602639462049703
M3,2026240006,49.0,105755.064163731,106329.240763901,0.0053999877742467225
M3,2026240006,56.0,106088.251590242,106487.503302664,0.003749282310500137
M3,2026240006,63.0,100410.867815653,100704.774916574,0.0029185021382003083
M3,2026240006,70.0,99272.225305027,99700.981751213,0.004300423512938834
M3,2026240006,77.0,98466.732843964,98935.577344669,0.004738886791671067
M3,2026240006,84.0,97871.25867921,98306.594877217,0.004428351918309406
M3,2026240006,90.0,83554.21239516,83921.235937787,0.004373428709976249
M3,2026240006,91.0,13901.540249539,13963.854193452,0.004462517514843406
M3,2026240006,98.0,97157.668101165,97607.881236969,0.004612467047727219
M3,2026240006,105.0,96953.056152738,97426.240565306,0.00485684770162933
M3,2026240006,112.0,99127.993073943,99735.209150422,0.006088281978365241
M3,2026240006,119.0,99354.028881592,99335.535828033,0.00018616755227479547
M3,2026240006,126.0,99461.573438834,99407.959671436,0.0005393307294025212
M3,2026240006,133.0,101020.79265402,101254.128898792,0.002304461529714301
M3,2026240006,140.0,99174.412810161,99397.540350483,0.002244799413901411
M3,2026240006,147.0,97195.000377868,97096.413658872,0.0010153487166102869
M3,2026240006,154.0,99028.610551754,99220.693639528,0.0019359176067832407
M3,2026240006,161.0,99002.780823807,99323.151784597,0.003225541628851911
M3,2026240006,168.0,96773.011105309,97069.704901346,0.0030565025034180186
M3,2026240006,175.0,96678.390519159,97065.322988096,0.003986310012943035
M3,2026240006,180.0,69001.442929274,69330.37910957,0.004744473988468356
M3,2026240006,182.0,27588.190820949,27731.777591907,0.005177698057116421
M3,2026240006,189.0,99070.496318722,98662.120292377,0.004139136936595387
M3,2026240006,196.0,95048.392882052,94869.053553674,0.0018903880839975192
M3,2026240006,203.0,93757.311947176,93698.227017741,0.0006305874861838884
M3,2026240006,210.0,92698.884381917,92809.614392798,0.0011930877162398164
M3,2026240006,217.0,93935.508939633,94321.302409451,0.0040902050752359715
M3,2026240006,224.0,91304.79500287,91664.181251809,0.003920683565063848
M3,2026240006,231.0,90941.218938628,91404.368751554,0.005067042410028412
M3,2026240006,238.0,90649.882870381,91201.234650553,0.006045442063197526
M3,2026240006,245.0,91667.435924234,91069.039556384,0.00657079915155482
M3,2026240006,252.0,93084.751840952,93002.902217543,0.0008800760133005703
M3,2026240006,259.0,90845.227867366,90929.804834915,0.0009301347088839822
M3,2026240006,266.0,90594.601708476,90895.390867908,0.00330917944859411
M3,2026240006,273.0,90793.079959445,90873.623814122,0.0008863281917945334
M3,2026240006,280.0,90997.439632394,90859.88483305,0.0015139222286793235
M3,2026240006,287.0,90721.449109196,90851.224231732,0.0014284355949348286
M3,2026240006,294.0,92661.786708269,93120.907371802,0.004930371454606486
M3,2026240006,301.0,90887.694203703,90842.334492886,0.0004993234824953186
M3,2026240006,308.0,90988.247805186,90840.172501822,0.0016300640926350306
M3,2026240006,315.0,90737.648323619,90838.81166264,0.0011136576664686902
M3,2026240006,322.0,92581.551055441,92991.502339299,0.004408481135859107
M3,2026240006,329.0,92491.36010009,93047.795761871,0.005980105785687265
M3,2026240006,336.0,90315.158808894,90837.076198122,0.005745642760337815
M3,2026240006,343.0,94090.341461332,93356.745579778,0.007857984733702106
M3,2026240006,350.0,95966.597145324,95569.836450709,0.004151526353397469
M3,2026240006,357.0,91264.741755963,90836.642611198,0.004712846407119706
M3,2026240006,360.0,41057.244068542,41140.351918557,0.002020105471618705
M3,2026240007,7.0,113368.129657497,113025.585279998,0.003030679970826196
M3,2026240007,14.0,105684.504880351,105907.671342432,0.002107179387973121
M3,2026240007,21.0,103674.601610414,104291.477203116,0.005914918546034026
M3,2026240007,28.0,99795.62470872,99762.648884315,0.0003305427910524056
M3,2026240007,30.0,28309.204765808,28159.315279797,0.005322909471401104
M3,2026240007,35.0,71440.446817149,70944.362700588,0.006992579786144051
M3,2026240007,42.0,99211.100085398,99717.984303591,0.00508317754047055
M3,2026240007,49.0,101363.89688048,100789.662364418,0.0056973552901265715
M3,2026240007,56.0,96910.120459137,96586.694054897,0.0033485606625709417
M3,2026240007,63.0,97326.55037256,97454.512469669,0.001313044351320626
M3,2026240007,70.0,94304.603395516,94171.001000063,0.0014187211990335132
M3,2026240007,77.0,93492.270818248,92886.810239101,0.006518262147106482
M3,2026240007,84.0,92736.131484609,92600.83469575,0.0014610752624803446
M3,2026240007,90.0,80059.617790643,80503.436175808,0.005513036539158082
M3,2026240007,91.0,12739.233875639,12817.846971012,0.006133096732297317
M3,2026240007,98.0,89634.88981564,89011.919930045,0.006998724284169953
M3,2026240007,105.0,89536.128500011,89157.353461124,0.004248388093441449
M3,2026240007,112.0,91325.633573476,91696.585393672,0.004045426758296572
M3,2026240007,119.0,92144.400116191,92147.957954647,3.8610062935499915e-05
M3,2026240007,126.0,94176.12541084,94428.737177618,0.002675157736175532
M3,2026240007,133.0,90782.475163597,90781.262552826,1.3357500621902187e-05
M3,2026240007,140.0,91509.339096518,91463.967169164,0.0004960634089934948
M3,2026240007,147.0,90904.692594661,90552.400248268,0.0038904804889447852
M3,2026240007,154.0,92359.684804648,91959.006728184,0.004357137932647953
M3,2026240007,161.0,92427.734727766,91732.70498642,0.007576684252894298
M3,2026240007,168.0,91599.467988878,91881.796485214,0.0030727359187131165
M3,2026240007,175.0,95497.671753117,95950.400000784,0.004718357064309208
M3,2026240007,180.0,65667.252536423,65686.829042581,0.0002980278762628651
M3,2026240007,182.0,26081.822724564,26222.138413735,0.00535103914704005
M3,2026240007,189.0,94734.669815152,94322.844981183,0.004366119724772363
M3,2026240007,196.0,92402.801370455,91793.981903024,0.006632455143673595
M3,2026240007,203.0,92223.986127967,91903.321984192,0.0034891463861355257
M3,2026240007,210.0,90830.811751873,90271.017495759,0.006201262283770015
M3,2026240007,217.0,91537.855988901,91531.276249226,7.188515166223038e-05
M3,2026240007,224.0,92724.156722456,92064.19775851,0.007168464832302296
M3,2026240007,231.0,91848.054522573,92028.706181507,0.0019629924882102086
M3,2026240007,238.0,91754.016110192,91991.15875655,0.002577885196397899
M3,2026240007,245.0,92322.452027818,91963.60658446,0.0039020375199012936
M3,2026240007,252.0,90474.149770062,90558.12786941,0.0009273391723502742
M3,2026240007,259.0,89463.475095279,89020.243272907,0.004979000349540752
M3,2026240007,266.0,92137.198100158,91708.797886501,0.004671309880074912
M3,2026240007,273.0,93295.874214794,93323.06311822,0.0002913417382319778
M3,2026240007,280.0,91184.212065327,91408.378759422,0.002452364839387361
M3,2026240007,287.0,94340.461605763,94284.633068032,0.0005921276449230682
M3,2026240007,294.0,91941.586993382,91909.768204753,0.00034619594032841007
M3,2026240007,301.0,93954.655419077,94326.841951055,0.003945711785528952
M3,2026240007,308.0,91989.804972339,91926.574012711,0.0006878420120307372
M3,2026240007,315.0,92239.955702127,92010.151933318,0.0024975914502949796
M3,2026240007,322.0,94147.817615459,94141.023927746,7.216500766139945e-05
M3,2026240007,329.0,91266.957050903,92025.025869253,0.00823763765551176
M3,2026240007,336.0,91494.074242478,92056.506768789,0.006109644457003025
M3,2026240007,343.0,91598.111195606,91785.930073674,0.0020462709035822275
M3,2026240007,350.0,91652.533107635,91969.323406201,0.00344452135596166
M3,2026240007,357.0,94633.403888281,94003.563256491,0.006700178269534933
M3,2026240007,360.0,39452.121859277,39328.663785017,0.003139137269825951
M3,2026240008,7.0,102789.268904391,102102.671434151,0.006724578902745159
M3,2026240008,14.0,98433.24737993,97817.050812821,0.0062994801211920665
M3,2026240008,21.0,97727.113879921,97461.948209875,0.0027207097222701907
M3,2026240008,28.0,92304.899628073,92654.204844503,0.003769987741152274
M3,2026240008,30.0,25593.313394596,25543.33918978,0.0019564476063487998
M3,2026240008,35.0,63738.308128627,63466.892634456,0.004276489408962329
M3,2026240008,42.0,91513.4473092,91010.014293501,0.005531622202315747
M3,2026240008,49.0,87314.855235926,87578.258644743,0.0030076346903113223
M3,2026240008,56.0,89654.538153756,90076.976279133,0.00468974584657387
M3,2026240008,63.0,90131.56667888,90675.652988678,0.006000357227821008
M3,2026240008,70.0,85329.689312982,85755.093639415,0.004960688728552501
M3,2026240008,77.0,84441.194829619,84041.925116763,0.004750839682709237
M3,2026240008,84.0,82597.372436906,82695.223162999,0.0011832693878839143
M3,2026240008,90.0,69631.381111749,70007.615927591,0.005374198376233047
M3,2026240008,91.0,11518.394292218,11512.77202691,0.0004883502682810748
M3,2026240008,98.0,79001.449566085,78873.292811776,0.0016248434639951688
M3,2026240008,105.0,75860.457912557,76294.183383055,0.005684908747503958
M3,2026240008,112.0,74522.528534291,74298.203823959,0.0030192480946580375
M3,2026240008,119.0,72453.386513393,72849.603074678,0.005438829376720787
M3,2026240008,126.0,72139.363439174,71874.165863547,0.003689748220946153
M3,2026240008,133.0,71451.554637078,71264.359809889,0.0026267664185628944
M3,2026240008,140.0,70445.331573911,70905.86557601,0.006495005714376502
M3,2026240008,147.0,70742.238437944,70703.921186251,0.0005419395565356194
M3,2026240008,154.0,70576.556359764,70592.98686302,0.0002327497954986642
M3,2026240008,161.0,71075.44338233,70532.790628196,0.007693623764222287
M3,2026240008,168.0,70371.66184184,70500.258293985,0.0018240564681160174
M3,2026240008,175.0,70022.092973452,70482.660262045,0.006534476520617543
M3,2026240008,180.0,50525.116116212,50338.605158526,0.003705127647034292
M3,2026240008,182.0,20110.851660594,20134.497871833,0.0011744127610989323
M3,2026240008,189.0,70069.231662303,70467.881813734,0.005657189363016971
M3,2026240008,196.0,70461.985763167,70465.008451561,4.289630357573573e-05
M3,2026240008,203.0,71047.497845222,70463.413802496,0.008289181735689728
M3,2026240008,210.0,70361.618010495,70462.520502673,0.001432002310705946
M3,2026240008,217.0,70660.873706651,70462.01498725,0.0028222116474666808
M3,2026240008,224.0,69976.785781701,70461.725802083,0.006882318235351475
M3,2026240008,231.0,70442.546414373,70461.558473441,0.00026982172236728676
M3,2026240008,238.0,70054.839306293,70461.460499894,0.005770831185107487
M3,2026240008,245.0,70654.231097397,70461.402434042,0.002736656618997981
M3,2026240008,252.0,70079.552620241,70461.36759472,0.00541878461223069
M3,2026240008,259.0,70800.924705545,70461.346432933,0.00481935543106906
M3,2026240008,266.0,70133.910999023,70461.333422217,0.004646838305372591
M3,2026240008,273.0,70562.769800058,70461.325327697,0.0014397184822908281
M3,2026240008,280.0,70468.836199409,70461.320233885,0.00010666796334571316
M3,2026240008,287.0,70991.372737535,70461.316993178,0.007522648837351694
M3,2026240008,294.0,70309.610081299,70461.314910002,0.0021530229587222146
M3,2026240008,301.0,69975.672005399,70461.313557844,0.0068923147742103825
M3,2026240008,308.0,70601.88865519,70461.312672207,0.001995080387403215
M3,2026240008,315.0,70045.629214494,70461.312087262,0.005899448370379671
M3,2026240008,322.0,70780.008508179,70461.311697952,0.004523004220999579
M3,2026240008,329.0,70120.550158565,70461.31143702,0.004836147263020795
M3,2026240008,336.0,70553.909674733,70461.311261017,0.0013141738644768597
M3,2026240008,343.0,70784.518297628,70461.311141618,0.004587015920841966
M3,2026240008,350.0,70059.745328773,70461.311060199,0.0056990953671430065
M3,2026240008,357.0,70498.029450851,70461.311004422,0.0005211150048953757
M3,2026240008,360.0,30044.941346029,30197.704703637,0.005058773807719176
M3,2026240009,7.0,107964.176112853,107553.673343732,0.0038167247696791117
M3,2026240009,14.0,107430.298524156,107692.907030425,0.002438493987304286
M3,2026240009,21.0,104028.883529414,103483.376676784,0.00527144426620149
M3,2026240009,28.0,102131.095351383,102298.484895395,0.001636285661348353
M3,2026240009,30.0,30781.596453934,30844.914799759,0.0020527969111296443
M3,2026240009,35.0,75058.589779653,75120.080891219,0.0008185708912512678
M3,2026240009,42.0,101060.306428572,100939.354495877,0.0011982633859614806
M3,2026240009,49.0,98630.352260345,98211.876297756,0.004260950695212018
M3,2026240009,56.0,96124.365086885,96834.688097397,0.007335418995696606
M3,2026240009,63.0,95183.088143494,95490.599515071,0.0032203313534382503
M3,2026240009,70.0,94726.11781282,94463.312064434,0.0027820933084237148
M3,2026240009,77.0,95166.756047668,95882.34751583,0.007463224323370497
M3,2026240009,84.0,92646.927141634,93159.084068463,0.0054976595353020356
M3,2026240009,90.0,79042.136255772,79538.219027004,0.006237036449905642
M3,2026240009,91.0,13149.021374615,13234.413576581,0.006452284528655384
M3,2026240009,98.0,91889.606001248,92503.191732571,0.006633130379942834
M3,2026240009,105.0,92263.59536479,92317.219256881,0.000580865547323117
M3,2026240009,112.0,91554.833614797,92189.687893925,0.006886391456910876
M3,2026240009,119.0,91870.473038603,92102.554347684,0.0025198140347432495
M3,2026240009,126.0,92391.518579761,92043.117691982,0.003785192163360993
M3,2026240009,133.0,94054.795237463,94200.923454129,0.0015512397469985132
M3,2026240009,140.0,91713.997549659,91974.903575822,0.002836708884917808
M3,2026240009,147.0,91509.125974358,91849.015242357,0.003700521634359907
M3,2026240009,154.0,91234.724183301,90566.157522556,0.007382080448521856
M3,2026240009,161.0,89643.559466255,89227.841489123,0.004659061232392021
M3,2026240009,168.0,90225.668954239,90558.050206828,0.0036703667076518898
M3,2026240009,175.0,87875.314903516,87412.413599875,0.00529560144351929
M3,2026240009,180.0,62403.95143875,62087.448118069,0.005097702197054763
M3,2026240009,182.0,24859.194999976,24849.57894494,0.00038697054212896855
M3,2026240009,189.0,91185.194705463,91496.326879876,0.0034004881400482518
M3,2026240009,196.0,90734.919005851,91434.399637785,0.0076500817493741205
M3,2026240009,203.0,94907.350151593,94493.241836575,0.004382411979622699
M3,2026240009,210.0,91483.741817725,91879.967672872,0.004312429196293546
M3,2026240009,217.0,91107.639299949,90744.231341287,0.004004749980141849
M3,2026240009,224.0,91292.745514373,91930.261568789,0.006934779076408545
M3,2026240009,231.0,88665.95270154,88263.677472129,0.004557653169822006
M3,2026240009,238.0,89107.147024651,89501.433079818,0.0044053602450742305
M3,2026240009,245.0,86228.431873167,86859.949594555,0.007270528296824873
M3,2026240009,252.0,86034.471113492,86453.242476336,0.004843905802129078
M3,2026240009,259.0,85873.474258759,86179.642740693,0.003552677548864236
M3,2026240009,266.0,88564.803248799,88054.107870564,0.005799790499106579
M3,2026240009,273.0,86294.163303891,85883.027454033,0.00478716065380957
M3,2026240009,280.0,88652.837993002,88011.619067053,0.007285616748630364
M3,2026240009,287.0,86306.581177413,85760.795166844,0.006364050257547188
M3,2026240009,294.0,86197.73245348,85730.700806861,0.005447659265858019
M3,2026240009,301.0,85117.457746885,85711.701267353,0.006933050116627851
M3,2026240009,308.0,85530.012558142,85699.728977278,0.0019803612118890587
M3,2026240009,315.0,86267.56198282,85692.193828806,0.006714359013417873
M3,2026240009,322.0,85432.23175135,85687.454888055,0.002978535621561281
M3,2026240009,329.0,88110.446367244,87917.41866086,0.0021955570275397325
M3,2026240009,336.0,87704.510479399,87996.898216334,0.0033227050369000486
M3,2026240009,343.0,91063.945454988,90477.570921391,0.006480882804716953
M3,2026240009,350.0,87029.376349297,87783.510282895,0.008590838201476516
M3,2026240009,357.0,85146.064775049,85680.224047455,0.0062343356164679545
M3,2026240009,360.0,36661.053410629,36719.999245469,0.0016052787595651663
M3,2026240010,7.0,95315.86084504,95980.87580792,0.0069286194492624575
M3,2026240010,14.0,94731.851769013,95014.61503352,0.0029759975810800914
M3,2026240010,21.0,93284.122636188,92580.51482702,0.007599955676230964
M3,2026240010,28.0,88460.626859139,88465.453244061,5.4556719544454744e-05
M3,2026240010,30.0,25143.416879938,25042.819625047,0.004017009921294383
M3,2026240010,35.0,62385.480056646,62259.965186674,0.002015980407243564
M3,2026240010,42.0,91018.419981117,90948.393006889,0.0007699638433709124
M3,2026240010,49.0,86252.21763156,86014.220637533,0.0027669493749169992
M3,2026240010,56.0,85859.988619614,85680.824516502,0.002091064180614737
M3,2026240010,63.0,85542.992505068,85464.707044194,0.0009159975337365882
M3,2026240010,70.0,85115.396333625,85324.93471879,0.0024557696511059014
M3,2026240010,77.0,84684.045341349,85234.552840898,0.006458736289455255
M3,2026240010,84.0,85770.391969563,85176.0396225,0.006977928883488487
M3,2026240010,90.0,73332.645409063,72977.260132496,0.004869808429663865
M3,2026240010,91.0,12209.413928569,12160.822865831,0.00399570516519315
M3,2026240010,98.0,85380.127527118,85113.401129619,0.003133776749125658
M3,2026240010,105.0,85261.802988434,85097.308569043,0.001933015534299112
M3,2026240010,112.0,87342.918058511,87410.978747766,0.0007786286142773346
M3,2026240010,119.0,85430.334018478,85079.889424278,0.0041190062254594425
M3,2026240010,126.0,89632.880461769,89961.770092638,0.003655882165616886
M3,2026240010,133.0,87022.769222554,87634.589689099,0.006981495191745141
M3,2026240010,140.0,84612.480062684,85070.390732582,0.005382726774318471
M3,2026240010,147.0,85483.320478796,85069.08231328,0.0048694326334743215
M3,2026240010,154.0,87268.122431708,87677.58020049,0.004670039568219174
M3,2026240010,161.0,84422.158255686,85020.49253726,0.007037530173231883
M3,2026240010,168.0,85604.338485143,85067.249849245,0.0063136945986831255
M3,2026240010,175.0,87743.983801027,87586.49221173,0.0017981264612845181
M3,2026240010,180.0,61224.451462471,60762.027982581,0.00761040233914782
M3,2026240010,182.0,24463.523894703,24304.79177945,0.0065308979683262325
M3,2026240010,189.0,85208.36221719,85066.704098622,0.0016652592817488305
M3,2026240010,196.0,84734.180826887,85066.626400282,0.003908061098258149
M3,2026240010,203.0,90188.390136841,89778.566168371,0.004564830849508217
M3,2026240010,210.0,85524.514996273,85066.538899497,0.0053837396313618745
M3,2026240010,217.0,87733.875870278,87629.23782653,0.0011940996674550226
M3,2026240010,224.0,87832.017390443,87379.820237135,0.005175075344407905
M3,2026240010,231.0,85143.670946072,85066.488214221,0.0009073224188664819
M3,2026240010,238.0,86946.842792942,87510.869419347,0.006445217950037929
M3,2026240010,245.0,85725.322571401,85066.475872963,0.007745080440641721
M3,2026240010,252.0,85482.241664816,85066.472489498,0.004887579831987583
M3,2026240010,259.0,87688.682885662,87282.123317503,0.004657993558200506
M3,2026240010,266.0,87298.578150494,87282.121755267,0.00018854256629025334
M3,2026240010,273.0,89175.185075368,89833.93693667,0.007332995566768843
M3,2026240010,280.0,84723.252390667,85066.466842595,0.004034662125594958
M3,2026240010,287.0,87819.468596131,87510.85490978,0.003526576064982697
M3,2026240010,294.0,84937.569357368,85066.466013282,0.0015152463944354975
M3,2026240010,301.0,84471.389845518,85066.465783895,0.006995423318616962
M3,2026240010,308.0,84453.34666864,84885.782156854,0.005094321772460364
M3,2026240010,315.0,83128.159178145,83536.274695758,0.004885488598807747
M3,2026240010,322.0,85002.042147963,84663.329377072,0.004000702232987373
M3,2026240010,329.0,81262.142968963,81224.360326286,0.0004651639301956686
M3,2026240010,336.0,80123.556624262,80475.913136832,0.0043784096238944255
M3,2026240010,343.0,79297.234380247,79942.801399161,0.008075361478648188
M3,2026240010,350.0,78960.549749409,79575.937834753,0.00773334379824612
M3,2026240010,357.0,79814.256012163,79330.26236404,0.0061009964381813
M3,2026240010,360.0,33988.365723263,33945.475591761,0.0012635006802617168
M3,2026240011,7.0,104476.366762005,103930.581782265,0.005251437742198148
M3,2026240011,14.0,103511.17425502,103346.485654274,0.001593557823503862
M3,2026240011,21.0,99888.202333849,100083.554134621,0.0019518871253236339
M3,2026240011,28.0,94906.997294938,95272.939330783,0.003840986101777208
M3,2026240011,30.0,26903.062304704,26875.858904229,0.0010121872038373423
M3,2026240011,35.0,66912.917559067,66658.674602459,0.003814101587291853
M3,2026240011,42.0,91869.137822373,92314.414309466,0.0048234773564212255
M3,2026240011,49.0,91212.451973904,91469.63936596,0.002811724128779215
M3,2026240011,56.0,90731.255313866,90890.00688846,0.001746633981322316
M3,2026240011,63.0,90379.738333713,90494.448123154,0.0012675892479601352
M3,2026240011,70.0,92504.723906991,92736.942132324,0.0025040530773771832
M3,2026240011,77.0,90240.196298334,90042.178376198,0.002199168497553208
M3,2026240011,84.0,89871.527571329,89917.630590021,0.0005127250172127267
M3,2026240011,90.0,78877.529532546,79459.625062387,0.007325676774638317
M3,2026240011,91.0,12742.390517782,12829.188833466,0.006765690084596733
M3,2026240011,98.0,92457.855620739,91891.484002165,0.006163483207656773
M3,2026240011,105.0,90195.11339284,89735.225437059,0.005124943449365586
M3,2026240011,112.0,90025.31855663,89708.041840848,0.0035367700517293064
M3,2026240011,119.0,89886.363579446,89689.346317082,0.002196662931040586
M3,2026240011,126.0,89810.256012155,89676.453733982,0.0014920558586083731
M3,2026240011,133.0,92264.261195733,92077.170721699,0.002031887736857886
M3,2026240011,140.0,89706.113493724,89661.35794053,0.0004991621164569771
M3,2026240011,147.0,91566.513265213,92194.788495426,0.00681465016044986
M3,2026240011,154.0,92754.400553129,92187.973451395,0.006144262429552689
M3,2026240011,161.0,90132.098178837,89651.974596426,0.005355415589810609
M3,2026240011,168.0,89969.911166556,89650.509277401,0.0035627448380320817
M3,2026240011,175.0,92233.55628939,92161.180449116,0.0007853180690753633
M3,2026240011,180.0,64142.766650997,64034.886296497,0.0016847122051639979
M3,2026240011,182.0,25642.801883667,25613.870487991,0.0011295206513035963
M3,2026240011,189.0,89254.275347582,89648.246379192,0.0043946317694111515
M3,2026240011,196.0,90320.199218686,89647.885691826,0.007499491166709162
M3,2026240011,203.0,89693.334111012,89647.630281878,0.0005098163664816741
M3,2026240011,210.0,89262.963482193,89647.449062217,0.004288862472340554
M3,2026240011,217.0,92736.40176095,92137.904591766,0.00649566724830303
M3,2026240011,224.0,90165.841276783,89647.228486415,0.005785039862627682
M3,2026240011,231.0,90000.285524821,89647.163025791,0.003939025922419928
M3,2026240011,238.0,89891.373708187,89647.116241164,0.002724655039275563
M3,2026240011,245.0,90053.942798243,89647.082748653,0.004538463908867308
M3,2026240011,252.0,89743.831556561,89647.058733337,0.0010794868743195345
M3,2026240011,259.0,89261.80502516,89647.041486858,0.004297257949716778
M3,2026240011,266.0,89176.58891205,89647.029082911,0.005247693935578203
M3,2026240011,273.0,90174.813996011,89647.020148957,0.005887466713082223
M3,2026240011,280.0,89572.705921425,89647.013705369,0.0008288930202205222
M3,2026240011,287.0,89147.201219213,89647.009051742,0.005575287316507353
M3,2026240011,294.0,97098.151138157,96915.265249955,0.001887069985624214
M3,2026240011,301.0,92417.458061821,92116.514712727,0.0032669858388858497
M3,2026240011,308.0,89955.457313485,89647.001483831,0.0034407824528257017
M3,2026240011,315.0,90110.358223558,89647.000202076,0.005168695220559824
M3,2026240011,322.0,92052.975802746,92116.510733574,0.0006897235937622368
M3,2026240011,329.0,91566.266976633,92116.510056339,0.0059733383230593075
M3,2026240011,336.0,89193.715143638,89646.998100609,0.0050563093753824406
M3,2026240011,343.0,90179.743766245,89646.997741339,0.005942709051374393
M3,2026240011,350.0,91791.614364598,92046.918748519,0.0027736331361456696
M3,2026240011,357.0,91368.494455937,92046.918557224,0.007370416217303625
M3,2026240011,360.0,38118.319600847,38420.141649611,0.007855828630633442
M4,2026240000,7.0,90574.911087128,90800.281626295,0.0024820466977684822
M4,2026240000,14.0,91013.730619012,91299.412489339,0.003129065812557725
M4,2026240000,21.0,88076.848881926,87464.525495359,0.007000819853524281
M4,2026240000,28.0,86443.537115731,86715.734046713,0.0031389566607989247
M4,2026240000,30.0,24629.070971733,24676.422331051,0.0019188907809547463
M4,2026240000,35.0,61336.004616349,61552.764091932,0.003521523018190685
M4,2026240000,42.0,86624.451760931,85933.632586251,0.008038984899033912
M4,2026240000,49.0,86201.144113685,85754.214991616,0.005211745243224509
M4,2026240000,56.0,91089.997157206,90637.264206213,0.004994997973051847
M4,2026240000,63.0,84927.903527893,85578.292530838,0.007599929651677094
M4,2026240000,70.0,85137.149797116,85537.310505782,0.004678200732520793
M4,2026240000,77.0,85235.663303494,85512.012364793,0.0032316987246200912
M4,2026240000,84.0,84853.236030334,85444.602777446,0.006921054436314804
M4,2026240000,90.0,73702.427498421,73115.21237022,0.008031367333348208
M4,2026240000,91.0,12265.110468279,12176.572566775,0.007271167729545207
M4,2026240000,98.0,85610.177344592,85174.774455051,0.005111876049296435
M4,2026240000,105.0,84635.14053064,85087.513033013,0.005316555699512479
M4,2026240000,112.0,85039.751258499,85022.536054358,0.00020247813038644908
M4,2026240000,119.0,85192.508074197,84974.20737717,0.002569023045523081
M4,2026240000,126.0,85000.377415988,84938.290791826,0.0007309615437654887
M4,2026240000,133.0,86947.668763902,87406.406111468,0.005248326386752229
M4,2026240000,140.0,85077.750572834,84844.664273182,0.00274721223365929
M4,2026240000,147.0,84782.411891248,84877.105015236,0.001115649785310117
M4,2026240000,154.0,84819.97673104,84866.193484552,0.0005445837926076881
M4,2026240000,161.0,84721.758312761,84858.095806768,0.0016066527620118049
M4,2026240000,168.0,84878.648850766,84852.086476934,0.00031304326074786383
M4,2026240000,175.0,84187.455849604,84847.626865772,0.007780665653883196
M4,2026240000,180.0,60794.752638033,60603.366991974,0.0031580035162790433
M4,2026240000,182.0,24257.303554548,24240.950218158,0.0006746161451110398
M4,2026240000,189.0,84720.372680718,84841.86086605,0.0014319368303791046
M4,2026240000,196.0,84526.301873139,84840.037729318,0.0036979693146763576
M4,2026240000,203.0,84737.914523257,84838.684491415,0.0011877832472543238
M4,2026240000,210.0,84555.529829991,84837.679982189,0.0033257645925399014
M4,2026240000,217.0,89647.133120198,89333.497748154,0.0035108372553395322
M4,2026240000,224.0,84411.255994269,84789.237851035,0.004457898978052707
M4,2026240000,231.0,86829.78797228,87123.613192065,0.0033725095759889255
M4,2026240000,238.0,84564.408142743,84788.521720409,0.0026432065699294855
M4,2026240000,245.0,90047.343305119,89677.985538778,0.004118711678478556
M4,2026240000,252.0,87525.922556627,87634.763903593,0.0012419882489298107
M4,2026240000,259.0,84327.845644008,84835.144883998,0.005979824053859605
M4,2026240000,266.0,84387.316906765,84835.052131177,0.005277714967625442
M4,2026240000,273.0,84745.508403176,84834.983255438,0.0010546928734880918
M4,2026240000,280.0,84899.247987031,84834.932108992,0.0007581296576789569
M4,2026240000,287.0,84997.558963384,84834.894127361,0.001917428408395221
M4,2026240000,294.0,87323.520758634,87393.577842454,0.0008016273683897068
M4,2026240000,301.0,82981.729039605,83668.648877705,0.00821000275866824
M4,2026240000,308.0,82548.621232114,82283.987489073,0.0032161025627999392
M4,2026240000,315.0,81759.225242183,81199.45962252,0.006893711143710198
M4,2026240000,322.0,80235.860834638,80386.551927957,0.0018745808808175307
M4,2026240000,329.0,79837.224202263,79802.151546083,0.0004394951201252175
M4,2026240000,336.0,79270.524719316,79381.209231489,0.0013943414725546136
M4,2026240000,343.0,78747.348350505,78458.433994791,0.0036823874885544114
M4,2026240000,350.0,77818.748193898,77459.103791545,0.004643023024393195
M4,2026240000,357.0,76822.294579597,76712.195728267,0.0014352196581622143
M4,2026240000,360.0,32740.265008933,32699.067396845,0.001259901745453989
M4,2026240001,7.0,99099.813393833,99603.013732514,0.005052059368729051
M4,2026240001,14.0,97271.230837625,97752.673597219,0.004925110913873804
M4,2026240001,21.0,96678.846041594,96470.083788335,0.0021640102823694885
M4,2026240001,28.0,95047.010449941,95595.05698028,0.005733000718353702
M4,2026240001,30.0,27085.815631058,27194.29928013,0.003989205529971597
M4,2026240001,35.0,67567.199648684,67808.901721046,0.0035644593294891233
M4,2026240001,42.0,94313.705466666,94604.362621647,0.003072344096259428
M4,2026240001,49.0,94064.287130237,94335.783121781,0.0028779746407947347
M4,2026240001,56.0,93891.326325794,94028.523867145,0.001459105553383541
M4,2026240001,63.0,93693.069576027,93796.463098999,0.0011023179292258098
M4,2026240001,70.0,93610.432721753,93864.867988345,0.00271065492388051
M4,2026240001,77.0,95950.921434394,95879.478390016,0.0007451338448816552
M4,2026240001,84.0,96980.644800154,97174.526945043,0.0019951951502543298
M4,2026240001,90.0,80167.122890123,80297.148082893,0.0016193002600263255
M4,2026240001,91.0,13276.113371084,13188.770616711,0.00662250917172921
M4,2026240001,98.0,90399.771804065,90872.386268386,0.0052008589597852236
M4,2026240001,105.0,90797.938228004,90145.679164069,0.007235610957546342
M4,2026240001,112.0,92126.965041158,91879.792595366,0.002690172004202565
M4,2026240001,119.0,91305.912972104,91512.617363879,0.0022587529209562407
M4,2026240001,126.0,91653.713671183,92029.629612669,0.004084727310847014
M4,2026240001,133.0,91281.4348592,91240.574793871,0.00044782779395368023
M4,2026240001,140.0,93466.429696876,92783.842992288,0.007356741029197676
M4,2026240001,147.0,93968.514389478,93930.904665312,0.00040039776365415655
M4,2026240001,154.0,93633.713058866,93651.605688333,0.00019105523429629933
M4,2026240001,161.0,93525.549008831,93900.642712163,0.003994580787713898
M4,2026240001,168.0,93968.878445843,93880.14368945,0.0009451919533329459
M4,2026240001,175.0,94181.693353333,93721.195147471,0.004913490541146116
M4,2026240001,180.0,67024.255741794,66939.298888995,0.0012691625727941044
M4,2026240001,182.0,26788.452068175,26778.705111276,0.00036398163609851174
M4,2026240001,189.0,93296.599655953,93715.382468627,0.004468666740107334
M4,2026240001,196.0,94233.41553617,93547.685241631,0.00733027538594648
M4,2026240001,203.0,92750.988124272,93169.162189845,0.004488331286278052
M4,2026240001,210.0,93858.377518306,93341.803827507,0.0055342158563125715
M4,2026240001,217.0,93498.21673843,93435.129642773,0.0006751967477136089
M4,2026240001,224.0,92838.384952116,92791.546995449,0.0005047653389085302
M4,2026240001,231.0,94165.508067072,93578.52001549,0.006272679365786589
M4,2026240001,238.0,93656.450337467,93568.550605126,0.0009394153459953765
M4,2026240001,245.0,93020.508896996,93026.332933938,6.260632616928437e-05
M4,2026240001,252.0,92712.529715662,92525.806932475,0.0020180616562823495
M4,2026240001,259.0,92572.74707912,92730.182783945,0.0016977827509712707
M4,2026240001,266.0,92240.134863868,92933.897189381,0.007465116028646
M4,2026240001,273.0,93208.19096494,93040.298328212,0.0018045152449505675
M4,2026240001,280.0,96058.663406497,95753.211152491,0.0031899948871641844
M4,2026240001,287.0,93146.439467496,92921.503189315,0.0024207128647362472
M4,2026240001,294.0,90849.765048672,90540.345163547,0.003417480732662085
M4,2026240001,301.0,91462.162723908,91739.450309726,0.0030225555623217817
M4,2026240001,308.0,92523.733282023,92277.698043348,0.0026662481172797657
M4,2026240001,315.0,92873.945321633,92396.944748758,0.0051625145633552826
M4,2026240001,322.0,91356.3527867,91902.861009292,0.0059465855207353055
M4,2026240001,329.0,89239.473954898,89414.219610884,0.0019543385464466903
M4,2026240001,336.0,89709.80972934,89628.759287953,0.0009042905651144229
M4,2026240001,343.0,90098.841466093,90610.910731399,0.00565129807406903
M4,2026240001,350.0,91409.396687775,90783.775371283,0.0068913339848818735
M4,2026240001,357.0,91104.412309736,91729.481773497,0.00681427008717276
M4,2026240001,360.0,39589.465948845,39632.125171808,0.0010763799008524893
M4,2026240002,7.0,100156.074399187,99782.409977063,0.003744792516134786
M4,2026240002,14.0,96331.402112152,96866.960740982,0.005528805949244725
M4,2026240002,21.0,95201.690674358,94765.678580618,0.0046009494182969075
M4,2026240002,28.0,92921.676327114,93283.761149723,0.003881541847651768
M4,2026240002,30.0,26440.462230568,26447.322510077,0.00025939410336857583
M4,2026240002,35.0,65923.444197093,65807.806306547,0.0017572062804727792
M4,2026240002,42.0,91216.715184292,91548.83963646,0.0036278390145289673
M4,2026240002,49.0,90822.686806785,91067.203630188,0.002685015171827936
M4,2026240002,56.0,90643.788409851,90740.053711084,0.0010608909439210365
M4,2026240002,63.0,90850.037566619,90438.32797356,0.004552379530715841
M4,2026240002,70.0,92658.171987069,92481.278510862,0.0019127490347813712
M4,2026240002,77.0,90087.092922025,89900.261023278,0.0020782130843715885
M4,2026240002,84.0,89853.063916759,89738.448877845,0.0012772121687774282
M4,2026240002,90.0,77291.250873033,76824.648604613,0.006073601075891966
M4,2026240002,91.0,12828.534425003,12797.36283624,0.002435782212467015
M4,2026240002,98.0,89496.031694821,89538.118164481,0.00047003969396242155
M4,2026240002,105.0,89036.08242606,89477.588504832,0.004934264391224145
M4,2026240002,112.0,88732.090078414,89433.852163801,0.00784671652185688
M4,2026240002,119.0,89950.152267856,89402.20342108,0.006129030670476683
M4,2026240002,126.0,89778.041754315,89379.268220997,0.004461588702337604
M4,2026240002,133.0,89647.535584826,89362.624025006,0.0031882631349351926
M4,2026240002,140.0,89917.609504047,89350.528834453,0.006346696286987555
M4,2026240002,147.0,89453.539169174,89341.728009812,0.0012514998517794299
M4,2026240002,154.0,88991.930449134,89335.316451495,0.0038437878321889206
M4,2026240002,161.0,89215.300719559,89330.640163193,0.0012911520999210936
M4,2026240002,168.0,89887.181110277,89327.225842206,0.006268584552935171
M4,2026240002,175.0,89312.477494434,89324.730434597,0.00013717298785439146
M4,2026240002,180.0,63534.634006281,63802.229888381,0.0041941462323205414
M4,2026240002,182.0,25361.272979193,25520.675042876,0.006245997153883891
M4,2026240002,189.0,89408.468363046,89321.568338278,0.0009728895986118558
M4,2026240002,196.0,94296.909986725,94112.76592151,0.0019566321679311926
M4,2026240002,203.0,89437.340446158,89273.238581624,0.0018381977302634445
M4,2026240002,210.0,88812.988745974,89319.343680253,0.005669040024428136
M4,2026240002,217.0,89598.952243028,89318.956683355,0.0031347831420110855
M4,2026240002,224.0,92010.581323605,91885.196179675,0.0013645848204407527
M4,2026240002,231.0,88898.351744204,89318.463322922,0.004703524479581908
M4,2026240002,238.0,89907.307812066,89318.309584096,0.00659437276312809
M4,2026240002,245.0,89315.657829903,89318.196454181,2.84222518902971e-05
M4,2026240002,252.0,88903.541978062,89318.113169758,0.0046415130927370245
M4,2026240002,259.0,88607.772328788,89318.0518318,0.007952250283621919
M4,2026240002,266.0,89871.800925467,89318.006639779,0.0062002535269451075
M4,2026240002,273.0,89339.804481101,89317.973331673,0.0002444205641225012
M4,2026240002,280.0,89952.471782077,89317.948774222,0.0071040929237969445
M4,2026240002,287.0,89325.092009699,89317.9306628,8.017815511235191e-05
M4,2026240002,294.0,89719.972741802,89317.917301508,0.004501397395292996
M4,2026240002,301.0,91568.093366238,91931.063409797,0.003948285052909813
M4,2026240002,308.0,88640.819943029,89271.268028786,0.007062161204584998
M4,2026240002,315.0,88972.449919144,89317.894791179,0.003867588604082512
M4,2026240002,322.0,89685.633913049,89317.890823402,0.004117238844948598
M4,2026240002,329.0,89167.707947528,89317.887892731,0.0016814094997785725
M4,2026240002,336.0,88787.469126727,89317.885727662,0.005938526159836423
M4,2026240002,343.0,88775.015963237,89317.884127883,0.006077933551008931
M4,2026240002,350.0,89004.056955848,89317.8829456,0.00351358517916427
M4,2026240002,357.0,89261.97777326,89317.882071709,0.0006259026429232895
M4,2026240002,360.0,38114.443466613,38279.092107696,0.004301268186292781
M4,2026240003,7.0,102140.673124118,101492.736711068,0.006384066821397773
M4,2026240003,14.0,97972.086393811,97638.305170833,0.003418547898737026
M4,2026240003,21.0,97485.711089557,98043.895965164,0.005693213943735356
M4,2026240003,28.0,96594.022365406,96574.883676182,0.00019817460291404095
M4,2026240003,30.0,27452.848749911,27358.097134689,0.0034633847067477535
M4,2026240003,35.0,67775.627298818,67696.660810123,0.0011664753881508545
M4,2026240003,42.0,92009.106606468,92745.338798326,0.007938212328480779
M4,2026240003,49.0,92560.629558163,93240.808294773,0.007294861006134517
M4,2026240003,56.0,91211.372925518,90841.435881135,0.0040723381438736396
M4,2026240003,63.0,88421.124170828,88696.208506675,0.003101421588120072
M4,2026240003,70.0,84526.570746231,84720.443932286,0.002288387277691311
M4,2026240003,77.0,85414.814809927,85723.273845145,0.0035983114197809495
M4,2026240003,84.0,88876.213722685,88230.260991574,0.007321215236716665
M4,2026240003,90.0,75199.099866349,75711.345053348,0.006765765244800017
M4,2026240003,91.0,12558.077473342,12595.829996009,0.0029972238970327773
M4,2026240003,98.0,87813.033488133,87220.719000937,0.006790983770606697
M4,2026240003,105.0,84793.200050869,84551.921954011,0.002853608661778553
M4,2026240003,112.0,81295.070018872,81124.115266975,0.002107323467681458
M4,2026240003,119.0,77835.13675734,78188.57071378,0.004520276470250278
M4,2026240003,126.0,76075.821701222,76016.121931189,0.0007853566916638671
M4,2026240003,133.0,74106.409701208,74508.210432923,0.005392704097714579
M4,2026240003,140.0,73088.841546129,73517.326146429,0.0058283485371402
M4,2026240003,147.0,73366.78510618,72890.739997327,0.0065309408145735265
M4,2026240003,154.0,72594.769224976,72503.225086834,0.0012626216010716291
M4,2026240003,161.0,71794.576162233,72266.041057311,0.006524017203379077
M4,2026240003,168.0,72131.954359905,72121.333985806,0.00014725703910409968
M4,2026240003,175.0,71522.008259369,72032.986567311,0.007093671001194976
M4,2026240003,180.0,51571.107353372,51417.619075161,0.0029851300190822626
M4,2026240003,182.0,20622.793929627,20561.287369044,0.002991376924948938
M4,2026240003,189.0,71510.524461285,71945.687944948,0.006048499862785286
M4,2026240003,196.0,71936.997818792,71925.208726017,0.00016390766163668937
M4,2026240003,203.0,71391.394894837,71912.538438071,0.007246907904423391
M4,2026240003,210.0,72110.053189998,71904.673862459,0.002856272290892318
M4,2026240003,217.0,71454.814518421,71899.778046827,0.006188663449228026
M4,2026240003,224.0,71898.453932581,71896.722599858,2.4080829562195836e-05
M4,2026240003,231.0,71779.877936461,71894.81155526,0.0015986357890467717
M4,2026240003,238.0,72322.595358859,71893.614058821,0.005966890184252396
M4,2026240003,245.0,71627.335231159,71892.862499309,0.003693374542605791
M4,2026240003,252.0,72361.149876429,71892.390181232,0.006520296432144183
M4,2026240003,259.0,71922.765640992,71892.093013844,0.0004266481314168118
M4,2026240003,266.0,71333.375851812,71891.905862948,0.007769024960901132
M4,2026240003,273.0,71810.497187561,71891.787899009,0.0011307370956218773
M4,2026240003,280.0,72377.341269462,71891.713489697,0.006754989639169021
M4,2026240003,287.0,71632.263507653,71891.666522984,0.0036082487425447203
M4,2026240003,294.0,72018.824018743,71891.636860289,0.0017691509612053442
M4,2026240003,301.0,71445.104198502,71891.618116044,0.006210931527807082
M4,2026240003,308.0,72140.270344093,71891.606265222,0.0034588749895730075
M4,2026240003,315.0,71473.158622126,71891.598769002,0.0058204317895407
M4,2026240003,322.0,71910.826645733,71891.594025,0.00026752252462667936
M4,2026240003,329.0,71464.134976099,71891.591021322,0.005945842053992515
M4,2026240003,336.0,72057.392462093,71891.589118619,0.0023062968214603765
M4,2026240003,343.0,71447.247536999,71891.587912743,0.006180700533187623
M4,2026240003,350.0,72237.278734198,71891.587148111,0.004808512369810575
M4,2026240003,357.0,71839.755055441,71891.586663021,0.0007209690310904834
M4,2026240003,360.0,30652.670273367,30810.679896455,0.005128404294193489
M4,2026240004,7.0,98334.595927613,97658.935273271,0.006918574859037321
M4,2026240004,14.0,95366.432722245,94886.068313287,0.005062538868951368
M4,2026240004,21.0,92855.266577239,92664.138064442,0.0020625941900423916
M4,2026240004,28.0,90399.62208408,90133.184806553,0.002956039754934041
M4,2026240004,30.0,25200.991017581,25371.592603375,0.006724118129317047
M4,2026240004,35.0,62647.307625269,62634.441560068,0.00020541518181592521
M4,2026240004,42.0,85552.00174938,86063.928978672,0.005948220530564791
M4,2026240004,49.0,84338.130946,84648.257260848,0.003663705844437195
M4,2026240004,56.0,83378.577319034,83639.251523427,0.003116649176612792
M4,2026240004,63.0,82696.372492952,82928.909834296,0.002804056411794796
M4,2026240004,70.0,82214.450790378,82433.436651568,0.0026565174289119326
M4,2026240004,77.0,81875.347611058,82090.032572256,0.0026152378610525347
M4,2026240004,84.0,81637.372846892,81852.966362522,0.0026339120646543886
M4,2026240004,90.0,70410.156104224,70027.574040161,0.005463305980635571
M4,2026240004,91.0,11732.286860276,11662.079852378,0.006020110373681379
M4,2026240004,98.0,81678.311402039,81577.234162613,0.0012390373425081977
M4,2026240004,105.0,81078.740690864,81499.832346834,0.0051667794134592
M4,2026240004,112.0,82006.730483308,81446.495798206,0.006878560944967476
M4,2026240004,119.0,80994.94606299,81409.695750992,0.0050945981823909536
M4,2026240004,126.0,81845.057810141,81384.266168333,0.005661925375783622
M4,2026240004,133.0,81184.942259422,81366.663893983,0.0022333671538725206
M4,2026240004,140.0,80742.381115192,81354.457809691,0.007523579051203409
M4,2026240004,147.0,81773.601734472,81345.978133143,0.005256849953037516
M4,2026240004,154.0,80847.18291678,81340.076398171,0.0060596633691148705
M4,2026240004,161.0,81743.741165278,81335.961403195,0.0050135236007301555
M4,2026240004,168.0,81114.186901527,81333.087099796,0.002691404028478641
M4,2026240004,175.0,80693.054241407,81331.075927923,0.007844746663396284
M4,2026240004,180.0,58411.42325981,58092.735389528,0.005485847208693217
M4,2026240004,182.0,23318.187818796,23236.930940198,0.0034968851440459548
M4,2026240004,189.0,80998.835565953,81328.676762715,0.004055656748533324
M4,2026240004,196.0,81561.252702528,81327.980983125,0.0028682836655123615
M4,2026240004,203.0,80990.727825181,81327.491038494,0.004140828753140785
M4,2026240004,210.0,81943.589543648,81327.145542323,0.0075798061915771835
M4,2026240004,217.0,80960.082456522,81326.901574438,0.004510427802050943
M4,2026240004,224.0,81822.880298752,81326.729074847,0.006100715343517455
M4,2026240004,231.0,81168.834513674,81326.606955947,0.0019399855493599035
M4,2026240004,238.0,80730.846949966,81326.520401076,0.007324467445211469
M4,2026240004,245.0,81764.986664014,81326.458983991,0.005392189522346163
M4,2026240004,252.0,80820.094171754,81326.415357284,0.006225790025364183
M4,2026240004,259.0,81719.076088314,81326.384336069,0.004828589829129377
M4,2026240004,266.0,81098.311191981,81326.362256693,0.002804146876657172
M4,2026240004,273.0,80682.939036422,81326.346527128,0.007911427454710232
M4,2026240004,280.0,81731.584262522,81326.335311353,0.004982997815129889
M4,2026240004,287.0,80817.254462947,81326.32730735,0.0062596315517740985
M4,2026240004,294.0,81723.707029955,81326.321590809,0.00488630779522309
M4,2026240004,301.0,81101.433625475,81326.317504859,0.0027652042571652802
M4,2026240004,308.0,80685.017702278,81326.314582243,0.007885478190659576
M4,2026240004,315.0,81732.896996289,81326.312490274,0.004999421387310862
M4,2026240004,322.0,80828.398827896,81326.310991856,0.006122399477948183
M4,2026240004,329.0,81733.699806144,81326.309917884,0.005009324641328684
M4,2026240004,336.0,81107.33069971,81326.309147653,0.002692590506541069
M4,2026240004,343.0,80688.537216605,81326.30859492,0.00784212869529957
M4,2026240004,350.0,81735.275287352,81326.308198032,0.005028718238680495
M4,2026240004,357.0,80809.719576801,81326.307912896,0.0063520446132668915
M4,2026240004,360.0,35116.009184649,34854.131896132,0.007513522049478044
M4,2026240005,7.0,108911.555327334,108371.619535539,0.00498226190684496
M4,2026240005,14.0,104102.053190815,103883.343233925,0.002105341916052019
M4,2026240005,21.0,98856.698211806,98902.871849191,0.0004668584088782209
M4,2026240005,28.0,99141.799417156,98563.723271634,0.005864999072010219
M4,2026240005,30.0,27100.402809569,27273.387486219,0.006342617936162325
M4,2026240005,35.0,67379.514511892,67677.731303237,0.004406424175314105
M4,2026240005,42.0,93584.752554134,93799.318859206,0.0022875038718998585
M4,2026240005,49.0,95801.259238181,96032.000299741,0.002402751799814708
M4,2026240005,56.0,92521.599019709,92519.414026493,2.3616591598504735e-05
M4,2026240005,63.0,92880.522894219,92121.656923779,0.008237650035625033
M4,2026240005,70.0,92903.745982504,93635.234371867,0.007812106140066234
M4,2026240005,77.0,93410.762021394,93590.606645071,0.0019216097653800403
M4,2026240005,84.0,90822.658263572,91226.781631819,0.004429876413683002
M4,2026240005,90.0,77468.780821167,78081.590056725,0.007848319112261996
M4,2026240005,91.0,12964.840190303,13005.651354654,0.0031379562036618846
M4,2026240005,98.0,90976.812392044,90989.170930178,0.00013582427455562286
M4,2026240005,105.0,93491.367892721,92889.030922908,0.006484478994219444
M4,2026240005,112.0,90482.920217229,90823.536037661,0.0037503034487753138
M4,2026240005,119.0,90928.07836338,90835.575361507,0.001018356536025231
M4,2026240005,126.0,93398.305827069,93089.174413566,0.003320809486714568
M4,2026240005,133.0,90547.298881758,90792.331505862,0.0026988251104464863
M4,2026240005,140.0,90624.387761492,90779.273558489,0.0017061801766589913
M4,2026240005,147.0,90444.441628493,90769.820054443,0.0035846543020007747
M4,2026240005,154.0,91282.042506655,90762.957724048,0.005719125903600443
M4,2026240005,161.0,90920.004758358,90757.96467859,0.0017854089207691383
M4,2026240005,168.0,92559.928868924,93044.333492802,0.005206170066396071
M4,2026240005,175.0,93457.239661824,93141.649836877,0.0033882782353513254
M4,2026240005,180.0,64423.989656969,64821.394087319,0.006130760313711641
M4,2026240005,182.0,26088.613519616,25928.326493852,0.006181927159934726
M4,2026240005,189.0,90261.940980107,90748.295994014,0.005359384532565555
M4,2026240005,196.0,90808.693119545,90747.251334985,0.0006770649651215312
M4,2026240005,203.0,90237.060387523,90746.484520489,0.005613706532631362
M4,2026240005,210.0,90570.762705213,90745.9211712,0.00193020759199245
M4,2026240005,217.0,90690.858882995,90745.506993826,0.0006022128548437596
M4,2026240005,224.0,90448.380739138,90745.202293675,0.003270933856937279
M4,2026240005,231.0,90407.067592695,90744.97800919,0.0037237368271859144
M4,2026240005,238.0,90742.189795752,90744.812838173,2.890570093175152e-05
M4,2026240005,245.0,90150.989583965,90744.691149872,0.0065425487528130676
M4,2026240005,252.0,91088.643369532,90744.60146476,0.003791320907454889
M4,2026240005,259.0,90548.011945175,90744.535345501,0.0021656775207207104
M4,2026240005,266.0,93051.322046953,92979.301388384,0.0007745880802885942
M4,2026240005,273.0,93044.153084597,92792.058657343,0.0027167672632947186
M4,2026240005,280.0,90493.764368425,90744.424087347,0.002762260286987055
M4,2026240005,287.0,90845.055931506,90744.404507893,0.0011091749861473071
M4,2026240005,294.0,90786.823459981,90744.390057907,0.00046761460457129573
M4,2026240005,301.0,92513.746057014,92932.051336729,0.004501194945103691
M4,2026240005,308.0,90231.546677609,90744.371518447,0.005651312938276865
M4,2026240005,315.0,90789.317969201,90744.365705419,0.0004953725053071826
M4,2026240005,322.0,90322.466114207,90744.361413318,0.004649272886382109
M4,2026240005,329.0,92489.807090539,92839.109137095,0.0037624450493184314
M4,2026240005,336.0,91019.629221769,90744.355903433,0.0030335034680167537
M4,2026240005,343.0,91285.114747141,90744.354174911,0.005959164921573729
M4,2026240005,350.0,90649.445570176,90744.352898287,0.001045875859816669
M4,2026240005,357.0,90231.498919885,90744.351955367,0.005651624860732483
M4,2026240005,360.0,38959.334840479,38890.436327214,0.0017716055609482907
M4,2026240006,7.0,106320.688239774,105846.385096779,0.004481051880622279
M4,2026240006,14.0,103610.919458544,103786.203548532,0.0016888958647189576
M4,2026240006,21.0,102857.165576532,102288.924330552,0.005555256834490652
M4,2026240006,28.0,100710.972596238,101232.941867457,0.005156120740839563
M4,2026240006,30.0,28700.273099829,28778.264256111,0.0027100715869422306
M4,2026240006,35.0,72118.803110043,71855.190364641,0.003668666717939812
M4,2026240006,42.0,100730.852856167,99966.212487705,0.007648988087410495
M4,2026240006,49.0,102961.529592182,102407.717848584,0.005407910216462918
M4,2026240006,56.0,100038.706430839,99465.665954315,0.005761188758211245
M4,2026240006,63.0,98854.185884154,99321.387355413,0.0047039362185624985
M4,2026240006,70.0,99042.026110927,99226.353072754,0.0018576412023512334
M4,2026240006,77.0,99866.916843895,99808.374542272,0.0005865469895836314
M4,2026240006,84.0,98327.595699411,98822.269841347,0.0050056949990136095
M4,2026240006,90.0,83602.887731995,83687.701841435,0.0010134596550482949
M4,2026240006,91.0,13926.278484586,13863.982602106,0.004493361270558556
M4,2026240006,98.0,96884.899255127,96482.884963891,0.004166690199888379
M4,2026240006,105.0,95089.041853743,95670.6320734,0.006079088295463591
M4,2026240006,112.0,94976.822251888,94781.289749758,0.002062986298733162
M4,2026240006,119.0,92961.781964497,92654.568238697,0.003315688925434904
M4,2026240006,126.0,90485.471224717,90765.4854438,0.003085029708306766
M4,2026240006,133.0,89704.121966566,89317.816293037,0.00432506849766228
M4,2026240006,140.0,88623.863972289,88260.802075126,0.0041135123251424405
M4,2026240006,147.0,87855.89484546,87525.360715004,0.003776438368900514
M4,2026240006,154.0,86956.893187827,87034.959527981,0.0008969538284085731
M4,2026240006,161.0,86449.376886564,86718.626170919,0.0031048610459339984
M4,2026240006,168.0,85955.744659101,86519.226390962,0.006512792073691761
M4,2026240006,175.0,87035.146837589,86395.312069828,0.007405896829724523
M4,2026240006,180.0,61727.473613488,61662.16946801,0.0010590633777795093
M4,2026240006,182.0,24614.39660345,24656.713959193,0.0017162609670142441
M4,2026240006,189.0,86746.793813893,86271.873344672,0.005504928209030649
M4,2026240006,196.0,85713.236120675,86242.944159675,0.006142044942473892
M4,2026240006,203.0,86460.194442185,86225.093262251,0.0027265981518738614
M4,2026240006,210.0,85956.332346769,86214.030837771,0.00298905512824134
M4,2026240006,217.0,85618.098079743,86207.137633014,0.006832839709613912
M4,2026240006,224.0,86763.616816317,86202.814706,0.0065056125165940185
M4,2026240006,231.0,86580.907337881,86200.084142708,0.004417898183748038
M4,2026240006,238.0,86732.431632247,86198.345865004,0.00619600946959511
M4,2026240006,245.0,86719.788833027,86197.230024195,0.006062361965521728
M4,2026240006,252.0,86272.666751117,86196.507465433,0.0008835541940552706
M4,2026240006,259.0,85819.615357818,86196.035349461,0.004367022103939051
M4,2026240006,266.0,86083.217719442,86195.724043288,0.001305242517476993
M4,2026240006,273.0,86722.689055507,86195.516890774,0.00611600444836388
M4,2026240006,280.0,86131.097392738,86195.377799923,0.0007457523689287003
M4,2026240006,287.0,85705.234380828,86195.283588786,0.0056853366861218295
M4,2026240006,294.0,85663.533074723,86195.21923936,0.00616839506098972
M4,2026240006,301.0,86576.464231305,86195.174936458,0.004423557294571046
M4,2026240006,308.0,85938.313514261,86195.144207775,0.002979642251017109
M4,2026240006,315.0,85657.842388658,86195.122747159,0.006233303479096279
M4,2026240006,322.0,86631.069306196,86195.107664404,0.005057846710852748
M4,2026240006,329.0,86838.511052486,86195.097003001,0.007464624692778041
M4,2026240006,336.0,86166.673676559,86195.089427644,0.00032966786476675523
M4,2026240006,343.0,85971.145625776,86195.084019852,0.0025980413688607277
M4,2026240006,350.0,86180.325484242,86195.080143255,0.0001711775079097987
M4,2026240006,357.0,86024.084243411,86195.077353915,0.0019837920650840374
M4,2026240006,360.0,37207.010555214,36940.746784341,0.007207861076210604
M4,2026240007,7.0,110629.797139721,110327.512499237,0.0027398844915142977
M4,2026240007,14.0,109431.391190456,110212.01782856,0.007082953869135268
M4,2026240007,21.0,105316.912590704,105558.69340977,0.0022904870385940354
M4,2026240007,28.0,104131.972124829,103661.26334306,0.004540835858918922
M4,2026240007,30.0,28981.50466574,29135.492577383,0.005285234537703835
M4,2026240007,35.0,71754.541397922,71688.923218912,0.0009153182397458378
M4,2026240007,42.0,99673.366091611,99132.484782597,0.005456145986859613
M4,2026240007,49.0,97775.681524674,97649.921130055,0.0012878699046926277
M4,2026240007,56.0,98855.496463854,98588.763555688,0.002705510228002146
M4,2026240007,63.0,96084.664788729,95592.249015702,0.005151210250803125
M4,2026240007,70.0,95303.874218523,94983.20287939,0.0033760847119483563
M4,2026240007,77.0,94253.482634141,94664.971225024,0.004346788316291483
M4,2026240007,84.0,94574.555796819,94459.737376459,0.0012155276263621133
M4,2026240007,90.0,81215.10442337,80822.824796993,0.004853574808382525
M4,2026240007,91.0,13384.259166476,13460.794855439,0.005685822403873499
M4,2026240007,98.0,93509.93984307,94166.481637143,0.006972138946455498
M4,2026240007,105.0,93331.343091337,93951.223421628,0.006597895245165161
M4,2026240007,112.0,95309.38069747,95994.922994695,0.007141443274691665
M4,2026240007,119.0,93335.50979909,93571.912333438,0.002526426236813415
M4,2026240007,126.0,94027.93135898,93796.128014001,0.0024713530279671368
M4,2026240007,133.0,93722.557298162,93960.665629531,0.0025341277626512834
M4,2026240007,140.0,93531.956039919,93949.469672661,0.004444023305258734
M4,2026240007,147.0,93253.839887273,93673.765250282,0.00448284919354975
M4,2026240007,154.0,94257.654815913,93901.219347409,0.0037958555914517703
M4,2026240007,161.0,94011.071251191,93927.702471065,0.0008875845776348791
M4,2026240007,168.0,93394.096410943,93914.3375819,0.005539528727477986
M4,2026240007,175.0,93523.381396689,93874.927938018,0.003744839533310808
M4,2026240007,180.0,66702.617481977,67090.557874925,0.0057823396501073855
M4,2026240007,182.0,29262.265773783,29151.968046554,0.0037835430888529314
M4,2026240007,189.0,93639.523162629,93709.465755549,0.00074637703198998
M4,2026240007,196.0,93447.380518973,93914.422101945,0.004973054963432798
M4,2026240007,203.0,94356.905075402,93827.459799486,0.005642754019425189
M4,2026240007,210.0,93930.893022357,93901.894782362,0.0003088142157537844
M4,2026240007,217.0,96059.034470101,96028.867168852,0.0003141482570648454
M4,2026240007,224.0,94236.385191574,93876.486707863,0.0038337447036228345
M4,2026240007,231.0,94459.821333806,93923.484442563,0.005710359814972446
M4,2026240007,238.0,93223.586121995,93903.097268196,0.007236301740508604
M4,2026240007,245.0,94427.718871231,93923.30448279,0.005370492352443015
M4,2026240007,252.0,93402.750772455,93662.016794423,0.002768102063583247
M4,2026240007,259.0,93721.45859769,93764.984688273,0.0004642041027118201
M4,2026240007,266.0,94508.061501815,93916.05742825,0.006303544780052929
M4,2026240007,273.0,92013.577253295,92635.043869098,0.00670876365839668
M4,2026240007,280.0,92688.247001989,92562.017121587,0.0013637330335636853
M4,2026240007,287.0,93552.369138407,93921.922015411,0.003934681798178694
M4,2026240007,294.0,93104.030599732,93595.154150764,0.005247318148981351
M4,2026240007,301.0,96462.3264962,96020.41326306,0.004602284223973415
M4,2026240007,308.0,94046.46065428,93870.235146872,0.0018773310531530552
M4,2026240007,315.0,93903.881726289,93923.101922699,0.0002046375813463679
M4,2026240007,322.0,93400.148896354,93871.066599004,0.00501664378292036
M4,2026240007,329.0,93119.231670909,93764.751968345,0.006884466538704521
M4,2026240007,336.0,93823.59378068,93868.828965757,0.0004818978309987604
M4,2026240007,343.0,92906.579772667,93605.013061689,0.007461494488139258
M4,2026240007,350.0,94121.962940685,93890.285832067,0.0024675301237486267
M4,2026240007,357.0,93556.189298311,93713.726723553,0.001681049625811187
M4,2026240007,360.0,40015.121096004,40242.245831044,0.00564393786553509
M4,2026240008,7.0,98155.862114019,98056.243628285,0.0010159321023109438
M4,2026240008,14.0,96258.03454343,96299.598494274,0.0004316108425569251
M4,2026240008,21.0,94872.226873309,95154.816322415,0.002969786081542094
M4,2026240008,28.0,94556.673001928,94123.739843532,0.004599617047895455
M4,2026240008,30.0,26686.674409359,26679.966196698,0.0002514325772208257
M4,2026240008,35.0,66382.653713246,66373.411300772,0.00013924871861903103
M4,2026240008,42.0,91585.639045631,91667.626412387,0.0008943982730300453
M4,2026240008,49.0,90482.629104154,89840.64701166,0.0071457866104935736
M4,2026240008,56.0,88843.287684979,88446.877425614,0.004481902254812704
M4,2026240008,63.0,87181.573325186,87411.324955652,0.0026283966131685284
M4,2026240008,70.0,87160.07591683,86661.892132211,0.005748591132293487
M4,2026240008,77.0,86348.949434805,86132.129342996,0.0025172963151250797
M4,2026240008,84.0,86123.476938008,85764.758593542,0.004182584436178902
M4,2026240008,90.0,72986.993898923,73309.394998303,0.0043978142145009785
M4,2026240008,91.0,12101.279548727,12204.255414971,0.008437701665738583
M4,2026240008,98.0,85728.325761423,85343.738891288,0.004506327882176445
M4,2026240008,105.0,85766.851929204,85229.527440125,0.006304440552676678
M4,2026240008,112.0,85163.774204734,85153.062142816,0.0001257977299752298
M4,2026240008,119.0,84698.867998551,85101.975700676,0.004736760795575834
M4,2026240008,126.0,87698.625683968,87481.173348196,0.002485704380146919
M4,2026240008,133.0,85135.195425672,85045.103160034,0.001059346891125141
M4,2026240008,140.0,85378.076025266,85029.891248585,0.004094851487732431
M4,2026240008,147.0,84514.109920687,85019.716839916,0.005946937228466792
M4,2026240008,154.0,85295.972716175,85012.902290785,0.003329734872734576
M4,2026240008,161.0,84852.525199442,85008.330880447,0.0018328283756579575
M4,2026240008,168.0,84503.937360012,85005.258991889,0.005897536667994084
M4,2026240008,175.0,85270.998124088,85003.191030433,0.003150553413449218
M4,2026240008,180.0,60219.654488002,60715.681452189,0.008169668071297138
M4,2026240008,182.0,24406.011908561,24286.114853835,0.004936856119127955
M4,2026240008,189.0,84594.255364814,85000.853849019,0.004783463527639462
M4,2026240008,196.0,85241.336134979,85000.215771939,0.002836702952460187
M4,2026240008,203.0,86596.637661408,87320.954987707,0.008294885533500598
M4,2026240008,210.0,85053.29067102,84999.48873942,0.0006329677083698445
M4,2026240008,217.0,85039.510596711,84999.288397459,0.000473206305727245
M4,2026240008,224.0,84519.500857502,84999.15170358,0.0056430074473060934
M4,2026240008,231.0,85341.430277679,84999.058259762,0.004027950720003232
M4,2026240008,238.0,87712.11205767,87072.393291649,0.007346975796085743
M4,2026240008,245.0,87726.744836173,87243.964815402,0.0055336781379951685
M4,2026240008,252.0,84414.169929714,84998.920169299,0.006879501979793503
M4,2026240008,259.0,84774.637363839,84893.383593769,0.0013987689605849418
M4,2026240008,266.0,86325.509541622,85907.783738221,0.00486249074558714
M4,2026240008,273.0,81534.148754738,82230.301667821,0.008465892730093513
M4,2026240008,280.0,80877.378435502,81233.550557753,0.004384544560781871
M4,2026240008,287.0,80219.944027942,80456.58826251,0.002941266087444571
M4,2026240008,294.0,81852.88378522,82231.058813348,0.004598931761129464
M4,2026240008,301.0,79246.252576958,79588.538706837,0.0043006962489889845
M4,2026240008,308.0,81080.264788424,81735.688217396,0.008018815810649883
M4,2026240008,315.0,83095.68617481,83783.579097976,0.008210354947496126
M4,2026240008,322.0,83903.040039229,83713.723762471,0.0022614724115626763
M4,2026240008,329.0,83488.788427736,82988.739121586,0.0060255079356897395
M4,2026240008,336.0,84626.53091625,84596.178205236,0.00035879529853418166
M4,2026240008,343.0,81221.307362107,81150.465653394,0.0008729673716917796
M4,2026240008,350.0,80425.913833749,80551.778673282,0.0015625333370167087
M4,2026240008,357.0,80665.064208168,80114.708989874,0.006869590181792526
M4,2026240008,360.0,34352.819009643,34233.171827523,0.003495065625902681
M4,2026240009,7.0,105650.672178335,105236.769388801,0.003933062483178463
M4,2026240009,14.0,102590.634863657,102744.206765275,0.0014947013213974924
M4,2026240009,21.0,100998.757498082,100333.045150341,0.006635025845607392
M4,2026240009,28.0,98257.070397214,98564.297031526,0.0031170174552529093
M4,2026240009,30.0,27902.673277212,27911.393384601,0.0003124210700928367
M4,2026240009,35.0,69477.990744141,69397.688872705,0.001157126018754085
M4,2026240009,42.0,98867.328627824,98644.307761689,0.002260858950663346
M4,2026240009,49.0,95426.928437531,95453.692495362,0.00028038787323297844
M4,2026240009,56.0,93716.848526882,94469.725977049,0.007969510257179326
M4,2026240009,63.0,96129.462917735,95922.728610243,0.0021552171261934937
M4,2026240009,70.0,93593.617505561,93258.239870556,0.003596225228682186
M4,2026240009,77.0,93214.997295397,92901.56689838,0.00337379021130876
M4,2026240009,84.0,92206.138192526,92650.391214281,0.004794939513288502
M4,2026240009,90.0,79225.581837043,79272.101194279,0.0005868313887882363
M4,2026240009,91.0,13161.189942109,13201.986725804,0.003090200326838666
M4,2026240009,98.0,91845.138746157,92350.591407741,0.005473193553816619
M4,2026240009,105.0,92948.98510174,92264.180291487,0.007422217463912009
M4,2026240009,112.0,91739.027437638,92145.198140443,0.0044079421500178
M4,2026240009,119.0,92045.427925136,91940.904735519,0.0011368518715111243
M4,2026240009,126.0,90841.527105763,91173.675018426,0.0036430242895865916
M4,2026240009,133.0,89443.943478097,89682.346055076,0.0026582999605361994
M4,2026240009,140.0,88356.614164464,88498.702824917,0.0016055451200691468
M4,2026240009,147.0,87590.011796695,87601.097117874,0.00012654317746818103
M4,2026240009,154.0,87386.3074831,86945.493893215,0.00506999926214004
M4,2026240009,161.0,85852.56725145,86482.290989914,0.007281533956326903
M4,2026240009,168.0,85525.563186567,86163.725362225,0.007406390252687186
M4,2026240009,175.0,85729.847016694,85949.010019452,0.0025499188729272084
M4,2026240009,180.0,61002.929179143,61301.58095932,0.00487184466539597
M4,2026240009,182.0,24460.012982531,24504.724296721,0.001824599764869981
M4,2026240009,189.0,85034.227624171,85712.310821765,0.007911152914825022
M4,2026240009,196.0,85789.584040792,85650.721834018,0.00162126137177346
M4,2026240009,203.0,85350.476600138,85610.465024347,0.003036876673138633
M4,2026240009,210.0,85035.670369614,85584.164340444,0.0064088254533648
M4,2026240009,217.0,85104.545720818,85566.965445189,0.00540418515445896
M4,2026240009,224.0,86078.673347702,85555.696300363,0.006112708679302633
M4,2026240009,231.0,85543.828409326,85548.292043223,5.217677396465187e-05
M4,2026240009,238.0,85159.017241842,85543.410643474,0.0044935477641178554
M4,2026240009,245.0,85191.680553126,85540.179889283,0.0040741010436039105
M4,2026240009,252.0,86136.683188659,85538.032306318,0.006998651549490685
M4,2026240009,259.0,85578.090525785,85536.597990477,0.0004850851715263253
M4,2026240009,266.0,85187.60553491,85535.635212816,0.004068826718128526
M4,2026240009,273.0,87276.370035089,87790.749403809,0.005859152270747977
M4,2026240009,280.0,86168.394228452,85534.544689327,0.007410450846815524
M4,2026240009,287.0,86137.705792582,85534.243882054,0.00705520833691046
M4,2026240009,294.0,85194.024256061,85534.037447915,0.003975179963427383
M4,2026240009,301.0,85227.175370903,85533.894967129,0.003585942115039595
M4,2026240009,308.0,86186.182350486,85533.796069253,0.007627234043310564
M4,2026240009,315.0,85596.434041525,85533.727042004,0.0007331260040873679
M4,2026240009,322.0,85219.868749983,85533.678604732,0.0036688455339233717
M4,2026240009,329.0,85210.60122698,85533.644440994,0.0037767970267753226
M4,2026240009,336.0,85192.505907536,85533.620227245,0.003988072979989962
M4,2026240009,343.0,85620.605201989,85533.602987125,0.001017169998989687
M4,2026240009,350.0,85826.010678502,85533.590659974,0.0034187740310175694
M4,2026240009,357.0,85544.838876699,85533.581811124,0.0001316098932915062
M4,2026240009,360.0,36836.999314197,36657.247279563,0.004903587911638139
M4,2026240010,7.0,106490.934219199,106682.301281671,0.0017938032848272914
M4,2026240010,14.0,107752.637626503,108280.390799461,0.00487394965110003
M4,2026240010,21.0,103579.224808609,103920.198873743,0.003281114440016227
M4,2026240010,28.0,103500.033736358,103694.782901931,0.0018780999402562102
M4,2026240010,30.0,31162.205799195,31038.153084821,0.00399678144620877
M4,2026240010,35.0,70878.120062037,70634.398098255,0.003450471304971954
M4,2026240010,42.0,97721.753595234,97602.794111743,0.0012188122745215794
M4,2026240010,49.0,97929.532632324,98668.9502895,0.0074939244312067005
M4,2026240010,56.0,94995.656891827,95626.229180481,0.006594135249899605
M4,2026240010,63.0,96694.043608703,97355.369299193,0.006792904133079863
M4,2026240010,70.0,94357.50028919,94666.714857905,0.0032663494151997994
M4,2026240010,77.0,93650.625299506,93777.305419994,0.0013508611696682357
M4,2026240010,84.0,92243.710480663,92891.739025512,0.006976169804195689
M4,2026240010,90.0,78555.881340931,78984.151347766,0.005422227111732116
M4,2026240010,91.0,13055.526916706,13115.797084279,0.004595234829093393
M4,2026240010,98.0,94291.883941283,93889.018357621,0.004290870122078566
M4,2026240010,105.0,93926.831530118,93467.245614514,0.004917079909463263
M4,2026240010,112.0,91188.573426208,90737.552396009,0.004970610494655838
M4,2026240010,119.0,90876.103649487,90508.793128102,0.00405828548465045
M4,2026240010,126.0,90554.478308147,90345.313193737,0.0023151739367094104
M4,2026240010,133.0,90104.872913899,90228.877881981,0.0013743379170047072
M4,2026240010,140.0,90824.355498632,90146.124926796,0.0075236797187540096
M4,2026240010,147.0,90391.27053629,90087.379959062,0.0033732868839796795
M4,2026240010,154.0,90167.113065252,90045.698098986,0.0013483705366193206
M4,2026240010,161.0,90034.379541554,90016.122757785,0.00020281682002818094
M4,2026240010,168.0,90461.836212104,89995.129822514,0.0051859071764263
M4,2026240010,175.0,90396.8244155,89980.219526238,0.004629960800890479
M4,2026240010,180.0,64494.112942241,64264.898884888,0.003566706885567011
M4,2026240010,182.0,25739.710867288,25704.72211655,0.0013611798866897554
M4,2026240010,189.0,90095.789710935,89962.080438674,0.0014862847947602082
M4,2026240010,196.0,89634.397432074,89956.710144888,0.003582975770177387
M4,2026240010,203.0,89889.415490241,89952.881426304,0.000705546448948375
M4,2026240010,210.0,89856.351004584,89950.148758046,0.0010427748564852733
M4,2026240010,217.0,89705.907136392,89948.196175049,0.002693650889735311
M4,2026240010,224.0,89783.333189259,89946.799395047,0.0018173654525498535
M4,2026240010,231.0,89744.345595967,89945.799058699,0.002239720641100098
M4,2026240010,238.0,89861.170170161,89945.081818181,0.0009329209148936626
M4,2026240010,245.0,90177.758738178,89944.566964745,0.002592616555977285
M4,2026240010,252.0,90272.905367086,89944.196966046,0.0036545815308583734
M4,2026240010,259.0,89943.292775751,89943.930764238,7.093179957510655e-06
M4,2026240010,266.0,89860.052931143,89943.739024847,0.0009304271160095468
M4,2026240010,273.0,90236.025239273,89943.600765182,0.0032511982131385535
M4,2026240010,280.0,91696.636794965,92373.308978168,0.0073254080717507905
M4,2026240010,287.0,90233.673981393,89943.428833734,0.003226974459641103
M4,2026240010,294.0,90074.957538211,89943.376656515,0.0014629301966113616
M4,2026240010,301.0,89213.142483323,89943.338870901,0.008118404283680013
M4,2026240010,308.0,90456.808904174,89943.311479443,0.005709122960725816
M4,2026240010,315.0,89317.926105224,89943.291603078,0.006952886498903703
M4,2026240010,322.0,90474.164245426,89943.27716594,0.005902465378335532
M4,2026240010,329.0,89924.722246644,89943.266669624,0.00020617911341959223
M4,2026240010,336.0,90507.620610281,89943.259031395,0.006274640089358974
M4,2026240010,343.0,90007.004042668,89943.253468047,0.0007087866200398898
M4,2026240010,350.0,92888.413808071,92505.501046166,0.004139351255596145
M4,2026240010,357.0,90546.230313977,89943.246453466,0.00670404821136809
M4,2026240010,360.0,38566.223411183,38547.10492337,0.000495977268617193
M4,2026240011,7.0,101817.623460199,101115.795161845,0.006940837455025277
M4,2026240011,14.0,97472.613253088,96916.930164319,0.005733601836406307
M4,2026240011,21.0,93944.38935922,93810.062257757,0.001431905045472812
M4,2026240011,28.0,91037.756728315,91587.263874242,0.0059998205283381114
M4,2026240011,30.0,25728.70215148,25840.345788532,0.004320516372561328
M4,2026240011,35.0,64108.370601009,64072.673565038,0.000557133548278865
M4,2026240011,42.0,89213.442565914,88713.240531279,0.005638414645203103
M4,2026240011,49.0,87484.580811555,87900.692042754,0.00473387889820717
M4,2026240011,56.0,92024.790208172,91849.109376354,0.0019127113263356843
M4,2026240011,63.0,88995.401708733,89045.407358923,0.0005615747254480419
M4,2026240011,70.0,86029.590678537,86744.8222121,0.00824523603050546
M4,2026240011,77.0,86946.1480564,86580.454458615,0.004223743107744867
M4,2026240011,84.0,86299.253807527,86469.575238267,0.001969726696016304
M4,2026240011,90.0,73597.092036922,74055.937036546,0.006195924567095444
M4,2026240011,91.0,12239.341571887,12338.460450049,0.008033326245464174
M4,2026240011,98.0,86906.473950482,86343.150942895,0.006524235002259475
M4,2026240011,105.0,86644.868505258,86308.028540057,0.0039027651413062283
M4,2026240011,112.0,86092.527937261,86283.830252835,0.0022171282268466847
M4,2026240011,119.0,86152.117594132,85919.938738063,0.002702269804647018
M4,2026240011,126.0,84043.109461465,84451.197308336,0.004832232814663934
M4,2026240011,133.0,82980.169767148,83184.212150868,0.0024528979531588104
M4,2026240011,140.0,81974.734831184,82210.842439388,0.00287197650818468
M4,2026240011,147.0,81612.423740367,81494.783950811,0.001443525387183045
M4,2026240011,154.0,80853.309393787,80988.55162676,0.0016698932164668698
M4,2026240011,161.0,80104.727145209,80642.44417962,0.006667915883269856
M4,2026240011,168.0,80916.102865591,80411.910534761,0.006270120029197009
M4,2026240011,175.0,79865.554993054,80261.261812877,0.004930234223647734
M4,2026240011,180.0,57689.117160774,57267.673998633,0.007359180716001562
M4,2026240011,182.0,22958.607116752,22896.440919082,0.002715103097887512
M4,2026240011,189.0,79960.082788955,80102.023521424,0.0017719993357100789
M4,2026240011,196.0,79501.784751443,80062.566350374,0.007004292074237066
M4,2026240011,203.0,80501.770198802,80037.583910791,0.005799603952667727
M4,2026240011,210.0,79588.43411616,80021.801537672,0.005415616909199178
M4,2026240011,217.0,80453.682213997,80011.844202564,0.005522157573501447
M4,2026240011,224.0,79827.079106382,80005.566298094,0.002230934670807288
M4,2026240011,231.0,79411.111198396,80001.60929273,0.007381077700241532
M4,2026240011,238.0,80439.575772257,79999.115135719,0.005505818855505565
M4,2026240011,245.0,79555.505542349,79997.54268159,0.005525633968538492
M4,2026240011,252.0,80433.273147146,79996.550931582,0.005459263061697705
M4,2026240011,259.0,79812.597640474,79995.9250965,0.0022917099315351223
M4,2026240011,266.0,79400.604238941,79995.529901756,0.007436986335932053
M4,2026240011,273.0,80431.106661582,79995.280145162,0.005448152886384466
M4,2026240011,280.0,79540.186570168,79995.122150571,0.005687041511689769
M4,2026240011,287.0,80419.490877866,79995.02209115,0.0053061900055774835
M4,2026240011,294.0,79803.361212719,79994.958639445,0.002395118767291007
M4,2026240011,301.0,79394.532138473,79994.918341174,0.007505304276208827
M4,2026240011,308.0,80427.964042216,79994.892703053,0.005413737359091048
M4,2026240011,315.0,79557.111575473,79994.876359258,0.005472410280615996
M4,2026240011,322.0,80438.022005502,79994.865916666,0.005539806633311325
M4,2026240011,329.0,79816.295743829,79994.859227271,0.0022321869825994607
M4,2026240011,336.0,79403.810941931,79994.854929589,0.007388525026743591
M4,2026240011,343.0,80434.37888126,79994.852159414,0.005494437579184493
M4,2026240011,350.0,79551.872039334,79994.850367276,0.005537585555922302
M4,2026240011,357.0,80430.135869815,79994.849203155,0.0054414336797429
M4,2026240011,360.0,34266.089290937,34283.506550983,0.0005080361316045482
