cell_id,seed,pre_bottleneck_reconstructed,pre_bottleneck_frozen,second_constraint,pre_q1,pre_q2,pre_headroom,pre_forcegen_ratio_indigenous,pre_logistics_ratio_indigenous,pre_command_ratio_indigenous,factor_expected_initial_bottleneck,factor_starting_structure,factor_support_intensity,factor_support_target,delta_composite_capability_h30,delta_q_feasible_h360,first_persistent_migration_days,ever_persistently_migrated,modal_post_bottleneck,initially_effective,autonomy_class_360,observed_target_match
migration_001,2026210000,forcegen,forcegen,logistics,0.4091520848805031,0.8620864740984183,0.45293438921791523,0.4091520848805031,0.8620864740984183,1.8357953343999998,forcegen,forcegen_constrained,0.0,none,0.0,0.0,7.0,True,logistics,False,neutral_or_mixed,False
migration_001,2026210001,logistics,logistics,command,0.9601751205022931,1.83689126975,0.8767161492477068,4.14033916644791,0.9601751205022931,1.83689126975,forcegen,forcegen_constrained,0.0,none,0.0,0.0,,False,logistics,False,neutral_or_mixed,False
migration_001,2026210002,logistics,logistics,forcegen,0.9385075437726698,1.6190810195334933,0.6805734757608235,1.6190810195334933,0.9385075437726698,1.7564992046666668,forcegen,forcegen_constrained,0.0,none,0.0,0.0,,False,logistics,False,neutral_or_mixed,False
migration_001,2026210003,logistics,logistics,command,0.965228199480318,1.8298273083333332,0.8645991088530152,-1.0,0.965228199480318,1.8298273083333332,forcegen,forcegen_constrained,0.0,none,0.0,0.0,,False,logistics,False,neutral_or_mixed,False
migration_001,2026210004,forcegen,forcegen,logistics,0.2165516834287648,0.9608472890323799,0.7442956056036152,0.2165516834287648,0.9608472890323799,1.8526132940000002,forcegen,forcegen_constrained,0.0,none,0.0,0.0,7.0,True,logistics,False,neutral_or_mixed,False
migration_001,2026210005,forcegen,forcegen,logistics,0.33322046802671523,0.9636534127568822,0.630432944730167,0.33322046802671523,0.9636534127568822,1.8425647756666665,forcegen,forcegen_constrained,0.0,none,0.0,0.0,7.0,True,logistics,False,neutral_or_mixed,False
migration_001,2026210006,logistics,logistics,command,0.8135595827227666,1.8063850804000001,0.9928254976772335,2.1357085263786724,0.8135595827227666,1.8063850804000001,forcegen,forcegen_constrained,0.0,none,0.0,0.0,,False,logistics,False,neutral_or_mixed,False
migration_001,2026210007,forcegen,forcegen,logistics,0.5269572979873965,0.941151718804406,0.4141944208170094,0.5269572979873965,0.941151718804406,1.8244363421818184,forcegen,forcegen_constrained,0.0,none,0.0,0.0,7.0,True,logistics,False,neutral_or_mixed,False
migration_001,2026210008,logistics,logistics,forcegen,0.8628344104645512,1.7176453019493618,0.8548108914848106,1.7176453019493618,0.8628344104645512,1.8060804080000001,forcegen,forcegen_constrained,0.0,none,0.0,0.0,,False,logistics,False,neutral_or_mixed,False
migration_001,2026210009,forcegen,forcegen,logistics,0.14783092082996513,0.8458280001543559,0.6979970793243908,0.14783092082996513,0.8458280001543559,1.7744177743999998,forcegen,forcegen_constrained,0.0,none,0.0,0.0,7.0,True,logistics,False,neutral_or_mixed,False
migration_001,2026210010,logistics,logistics,command,0.9340196286577055,1.8222843855,0.8882647568422944,2.8071471358721185,0.9340196286577055,1.8222843855,forcegen,forcegen_constrained,0.0,none,0.0,0.0,,False,logistics,False,neutral_or_mixed,False
migration_001,2026210011,logistics,logistics,command,0.8902193336570946,1.748373317,0.8581539833429054,-1.0,0.8902193336570946,1.748373317,forcegen,forcegen_constrained,0.0,none,0.0,0.0,,False,logistics,False,neutral_or_mixed,False
migration_002,2026210000,forcegen,forcegen,logistics,0.23260183372055732,0.8620864740961482,0.6294846403755909,0.23260183372055732,0.8620864740961482,1.8357953343999998,forcegen,forcegen_constrained,0.5,forcegen,5.189999999766215e-07,0.0,7.0,True,logistics,False,neutral_or_mixed,True
migration_002,2026210001,logistics,logistics,command,0.960175122289707,1.83689126975,0.8767161474602929,2.3542391904026636,0.960175122289707,1.83689126975,forcegen,forcegen_constrained,0.5,forcegen,4.6500000006055586e-07,0.0,,False,logistics,False,neutral_or_mixed,False
migration_002,2026210002,forcegen,forcegen,logistics,0.9204150556209019,0.9385075437789797,0.018092488158077846,0.9204150556209019,0.9385075437789797,1.7564992046666668,forcegen,forcegen_constrained,0.5,forcegen,2.980000000096794e-07,0.0,7.0,True,logistics,False,neutral_or_mixed,True
migration_002,2026210003,logistics,logistics,command,0.965228199480318,1.8298273083333332,0.8645991088530152,-1.0,0.965228199480318,1.8298273083333332,forcegen,forcegen_constrained,0.5,forcegen,4.820000000238522e-07,0.0,,False,logistics,False,neutral_or_mixed,False
migration_002,2026210004,forcegen,forcegen,logistics,0.1231318803569913,0.9608472890051337,0.8377154086481424,0.1231318803569913,0.9608472890051337,1.8526132940000002,forcegen,forcegen_constrained,0.5,forcegen,3.860000000743824e-07,0.0,7.0,True,logistics,False,neutral_or_mixed,True
migration_002,2026210005,forcegen,forcegen,logistics,0.1894413894166972,0.9636534127465987,0.7742120233299015,0.1894413894166972,0.9636534127465987,1.8425647756666665,forcegen,forcegen_constrained,0.5,forcegen,2.960000000662433e-07,0.0,7.0,True,logistics,False,neutral_or_mixed,True
migration_002,2026210006,logistics,logistics,forcegen,0.8135595827151605,1.2142877582320406,0.4007281755168801,1.2142877582320406,0.8135595827151605,1.8063850804000001,forcegen,forcegen_constrained,0.5,forcegen,2.2099999996694208e-07,0.0,,False,logistics,False,neutral_or_mixed,False
migration_002,2026210007,forcegen,forcegen,logistics,0.2996027551074882,0.9411517185878113,0.6415489634803231,0.2996027551074882,0.9411517185878113,1.8244363421818184,forcegen,forcegen_constrained,0.5,forcegen,3.979999999570438e-07,0.0,7.0,True,logistics,False,neutral_or_mixed,True
migration_002,2026210008,logistics,logistics,forcegen,0.8628344104699824,0.976643217187057,0.1138088067170746,0.976643217187057,0.8628344104699824,1.8060804080000001,forcegen,forcegen_constrained,0.5,forcegen,3.2899999991009565e-07,0.0,,False,logistics,False,neutral_or_mixed,False
migration_002,2026210009,forcegen,forcegen,logistics,0.08405000323727417,0.8458279906817032,0.761777987444429,0.08405000323727417,0.8458279906817032,1.7744177743999998,forcegen,forcegen_constrained,0.5,forcegen,2.1000000005599873e-07,0.0,7.0,True,logistics,False,neutral_or_mixed,True
migration_002,2026210010,logistics,logistics,forcegen,0.934019628658545,1.5959103099746588,0.6618906813161137,1.5959103099746588,0.934019628658545,1.8222843855,forcegen,forcegen_constrained,0.5,forcegen,3.1999999994258843e-07,0.0,,False,logistics,False,neutral_or_mixed,False
migration_002,2026210011,logistics,logistics,command,0.8902193336882254,1.748373317,0.8581539833117746,-1.0,0.8902193336882254,1.748373317,forcegen,forcegen_constrained,0.5,forcegen,3.539999999802035e-07,0.0,,False,logistics,False,neutral_or_mixed,False
migration_003,2026210000,forcegen,forcegen,logistics,0.15948985282376538,0.8620864740946115,0.7025966212708461,0.15948985282376538,0.8620864740946115,1.8357953343999998,forcegen,forcegen_constrained,1.0,forcegen,5.289999999158468e-07,0.0,7.0,True,logistics,False,neutral_or_mixed,True
migration_003,2026210001,logistics,logistics,forcegen,0.9601751235203697,1.6145382903819117,0.654363166861542,1.6145382903819117,0.9601751235203697,1.83689126975,forcegen,forcegen_constrained,1.0,forcegen,4.710000000018866e-07,0.0,,False,logistics,False,neutral_or_mixed,False
migration_003,2026210002,forcegen,forcegen,logistics,0.6311126384201192,0.9385075437834318,0.3073949053633126,0.6311126384201192,0.9385075437834318,1.7564992046666668,forcegen,forcegen_constrained,1.0,forcegen,2.9300000004006677e-07,0.0,7.0,True,logistics,False,neutral_or_mixed,True
migration_003,2026210003,logistics,logistics,command,0.965228199480318,1.8298273083333332,0.8645991088530152,-1.0,0.965228199480318,1.8298273083333332,forcegen,forcegen_constrained,1.0,forcegen,4.18000000057539e-07,0.0,,False,logistics,False,neutral_or_mixed,False
migration_003,2026210004,forcegen,forcegen,logistics,0.08444398722117244,0.9608472889876782,0.8764033017665058,0.08444398722117244,0.9608472889876782,1.8526132940000002,forcegen,forcegen_constrained,1.0,forcegen,4.179999999465167e-07,0.0,7.0,True,logistics,False,neutral_or_mixed,True
migration_003,2026210005,forcegen,forcegen,logistics,0.12990340404033585,0.963653412739911,0.8337500086995752,0.12990340404033585,0.963653412739911,1.8425647756666665,forcegen,forcegen_constrained,1.0,forcegen,2.7099999999613544e-07,0.0,7.0,True,logistics,False,neutral_or_mixed,True
migration_003,2026210006,logistics,logistics,forcegen,0.8135595827098024,0.8326998152988089,0.019140232589006434,0.8326998152988089,0.8135595827098024,1.8063850804000001,forcegen,forcegen_constrained,1.0,forcegen,2.270000000192951e-07,0.0,,False,logistics,False,neutral_or_mixed,False
migration_003,2026210007,forcegen,forcegen,logistics,0.20545125417588467,0.9411517184504222,0.7357004642745375,0.20545125417588467,0.9411517184504222,1.8244363421818184,forcegen,forcegen_constrained,1.0,forcegen,3.9800000006806613e-07,0.0,7.0,True,logistics,False,neutral_or_mixed,True
migration_003,2026210008,forcegen,forcegen,logistics,0.6697561191726258,0.8628344104742991,0.1930782913016733,0.6697561191726258,0.8628344104742991,1.8060804080000001,forcegen,forcegen_constrained,1.0,forcegen,3.4499999990167396e-07,0.0,7.0,True,logistics,False,neutral_or_mixed,True
migration_003,2026210009,forcegen,forcegen,logistics,0.05763738028506498,0.8458279848619266,0.7881906045768616,0.05763738028506498,0.8458279848619266,1.7744177743999998,forcegen,forcegen_constrained,1.0,forcegen,2.2799999999101317e-07,0.0,7.0,True,logistics,False,neutral_or_mixed,True
migration_003,2026210010,logistics,logistics,forcegen,0.9340196286590725,1.0943346449546445,0.160315016295572,1.0943346449546445,0.9340196286590725,1.8222843855,forcegen,forcegen_constrained,1.0,forcegen,3.3300000001901253e-07,0.0,,False,logistics,False,neutral_or_mixed,False
migration_003,2026210011,logistics,logistics,command,0.8902193337072857,1.748373317,0.8581539832927143,-1.0,0.8902193337072857,1.748373317,forcegen,forcegen_constrained,1.0,forcegen,3.9800000006806613e-07,0.0,,False,logistics,False,neutral_or_mixed,False
migration_004,2026210000,forcegen,forcegen,logistics,0.12423293079154163,0.8620864740935523,0.7378535433020107,0.12423293079154163,0.8620864740935523,1.8357953343999998,forcegen,forcegen_constrained,1.5,forcegen,4.919999999630775e-07,0.0,7.0,True,logistics,False,neutral_or_mixed,True
migration_004,2026210001,logistics,logistics,forcegen,0.9601751243803175,1.2577964572810068,0.29762133290068926,1.2577964572810068,0.9601751243803175,1.83689126975,forcegen,forcegen_constrained,1.5,forcegen,4.249999999705878e-07,0.0,,False,logistics,False,neutral_or_mixed,False
migration_004,2026210002,forcegen,forcegen,logistics,0.49160738929594905,0.9385075437866361,0.4469001544906871,0.49160738929594905,0.9385075437866361,1.7564992046666668,forcegen,forcegen_constrained,1.5,forcegen,2.7699999993746616e-07,0.0,7.0,True,logistics,False,neutral_or_mixed,True
migration_004,2026210003,logistics,logistics,command,0.965228199480318,1.8298273083333332,0.8645991088530152,-1.0,0.965228199480318,1.8298273083333332,forcegen,forcegen_constrained,1.5,forcegen,3.659999999738872e-07,0.0,,False,logistics,False,neutral_or_mixed,False
migration_004,2026210004,forcegen,forcegen,logistics,0.06578597019432444,0.960847288976138,0.8950613187818136,0.06578597019432444,0.960847288976138,1.8526132940000002,forcegen,forcegen_constrained,1.5,forcegen,3.829999999371836e-07,0.0,7.0,True,logistics,False,neutral_or_mixed,True
migration_004,2026210005,forcegen,forcegen,logistics,0.10119225157171811,0.9636534127353783,0.8624611611636602,0.10119225157171811,0.9636534127353783,1.8425647756666665,forcegen,forcegen_constrained,1.5,forcegen,2.460000000370499e-07,0.0,7.0,True,logistics,False,neutral_or_mixed,True
migration_004,2026210006,forcegen,forcegen,logistics,0.6486734375835622,0.8135595827059985,0.16488614512243627,0.6486734375835622,0.8135595827059985,1.8063850804000001,forcegen,forcegen_constrained,1.5,forcegen,2.1000000005599873e-07,0.0,7.0,True,logistics,False,neutral_or_mixed,True
migration_004,2026210007,forcegen,forcegen,logistics,0.16004665347579228,0.9411517183604486,0.7811050648846564,0.16004665347579228,0.9411517183604486,1.8244363421818184,forcegen,forcegen_constrained,1.5,forcegen,3.669999999456053e-07,0.0,7.0,True,logistics,False,neutral_or_mixed,True
migration_004,2026210008,forcegen,forcegen,logistics,0.521749520447888,0.8628344104777316,0.34108489002984355,0.521749520447888,0.8628344104777316,1.8060804080000001,forcegen,forcegen_constrained,1.5,forcegen,3.309999999645541e-07,0.0,7.0,True,logistics,False,neutral_or_mixed,True
migration_004,2026210009,forcegen,forcegen,logistics,0.04489973173610908,0.8458279811775458,0.8009282494414367,0.04489973173610908,0.8458279811775458,1.7744177743999998,forcegen,forcegen_constrained,1.5,forcegen,2.2799999999101317e-07,0.0,7.0,True,logistics,False,neutral_or_mixed,True
migration_004,2026210010,forcegen,forcegen,logistics,0.8524565002091616,0.9340196286593914,0.08156312845022973,0.8524565002091616,0.9340196286593914,1.8222843855,forcegen,forcegen_constrained,1.5,forcegen,3.010000000358559e-07,0.0,7.0,True,logistics,False,neutral_or_mixed,True
migration_004,2026210011,logistics,logistics,command,0.8902193337195639,1.748373317,0.8581539832804361,-1.0,0.8902193337195639,1.748373317,forcegen,forcegen_constrained,1.5,forcegen,3.9800000006806613e-07,0.0,,False,logistics,False,neutral_or_mixed,False
migration_005,2026210000,forcegen,forcegen,logistics,0.31516799589317357,0.78724064517983,0.4720726492866564,0.31516799589317357,0.78724064517983,1.8298456617777776,forcegen,forcegen_constrained,0.5,logistics,0.024669603999999956,-0.05351991199999995,7.0,True,logistics,True,dependency_gain,False
migration_005,2026210001,logistics,logistics,command,0.9556660365512679,1.8197580253333332,0.8640919887820653,2.5525713865030104,0.9556660365512679,1.8197580253333332,forcegen,forcegen_constrained,0.5,logistics,0.010252436000000031,-0.04152116800000005,,False,logistics,True,double_harm,True
migration_005,2026210002,forcegen,forcegen,logistics,0.7591085661699246,0.9055779464146746,0.14646938024474998,0.7591085661699246,0.9055779464146746,1.8127544295,forcegen,forcegen_constrained,0.5,logistics,0.009105764000000072,-0.051241619000000016,7.0,True,logistics,True,dependency_gain,False
migration_005,2026210003,logistics,logistics,command,0.9241913562180157,1.8156675780000002,0.8914762217819845,-1.0,0.9241913562180157,1.8156675780000002,forcegen,forcegen_constrained,0.5,logistics,0.008332907,-0.129932147,,False,logistics,True,dependency_gain,True
migration_005,2026210004,forcegen,forcegen,logistics,0.2909867426937408,0.8942673392340008,0.60328059654026,0.2909867426937408,0.8942673392340008,1.8015497190000003,forcegen,forcegen_constrained,0.5,logistics,0.007862894999999925,-0.05184545100000004,7.0,True,logistics,True,double_harm,False
migration_005,2026210005,forcegen,forcegen,logistics,0.3480315460554551,0.9225513702751266,0.5745198242196714,0.3480315460554551,0.9225513702751266,1.8475818895555554,forcegen,forcegen_constrained,0.5,logistics,0.007264651000000066,-0.052246667999999996,7.0,True,logistics,True,double_harm,False
migration_005,2026210006,logistics,logistics,command,0.7601554345314704,1.796674777,1.0365193424685297,2.1722186673553514,0.7601554345314704,1.796674777,forcegen,forcegen_constrained,0.5,logistics,0.022592802999999995,-0.05273118999999993,,False,logistics,True,dependency_gain,True
migration_005,2026210007,logistics,logistics,forcegen,0.8791885816787441,0.9116356697981675,0.03244708811942332,0.9116356697981675,0.8791885816787441,1.82783731625,forcegen,forcegen_constrained,0.5,logistics,0.0069318760000000035,-0.26841034500000005,,False,logistics,True,double_harm,True
migration_005,2026210008,logistics,logistics,command,0.7669023062650431,1.7861807426666667,1.0192784364016236,1.797792162797176,0.7669023062650431,1.7861807426666667,forcegen,forcegen_constrained,0.5,logistics,0.0203063,-0.050693023999999975,,False,logistics,True,dependency_gain,True
migration_005,2026210009,logistics,logistics,forcegen,0.8360000686010164,0.8731361206184015,0.037136052017385124,0.8731361206184015,0.8360000686010164,1.764674414,forcegen,forcegen_constrained,0.5,logistics,0.01731394899999994,-0.05588766199999995,,False,logistics,True,dependency_gain,True
migration_005,2026210010,forcegen,forcegen,logistics,0.30997770033999655,0.9595315760410777,0.6495538757010813,0.30997770033999655,0.9595315760410777,1.7880259535,forcegen,forcegen_constrained,0.5,logistics,1.0364999999956659e-05,-0.27364371200000004,7.0,True,logistics,True,dependency_gain,False
migration_005,2026210011,logistics,logistics,command,0.938112412986953,1.748373317,0.810260904013047,-1.0,0.938112412986953,1.748373317,forcegen,forcegen_constrained,0.5,logistics,0.012942810999999943,-0.25598769600000004,,False,logistics,True,dependency_gain,True
migration_006,2026210000,forcegen,forcegen,logistics,0.4628771853080929,0.9651082294338941,0.5022310441258011,0.4628771853080929,0.9651082294338941,1.829183444,forcegen,forcegen_constrained,1.0,logistics,0.01898633500000002,-0.10585259399999991,7.0,True,logistics,True,dependency_gain,False
migration_006,2026210001,forcegen,forcegen,logistics,0.5506604890136166,0.914705249559847,0.36404476054623036,0.5506604890136166,0.914705249559847,1.8197580253333332,forcegen,forcegen_constrained,1.0,logistics,0.01810210999999995,0.192312092,7.0,True,logistics,True,productive_autonomy,False
migration_006,2026210002,logistics,logistics,command,0.8666050012848681,1.7479749434285714,0.8813699421437033,7.594748450001258,0.8666050012848681,1.7479749434285714,forcegen,forcegen_constrained,1.0,logistics,4.0221999999978664e-05,0.0,,False,logistics,True,neutral_or_mixed,True
migration_006,2026210003,logistics,logistics,command,0.9052885632364701,1.8164445349999998,0.9111559717635297,-1.0,0.9052885632364701,1.8164445349999998,forcegen,forcegen_constrained,1.0,logistics,0.011605878999999986,-0.09461829499999996,,False,logistics,True,dependency_gain,True
migration_006,2026210004,logistics,logistics,forcegen,0.7254437466731077,1.5207191789645695,0.7952754322914618,1.5207191789645695,0.7254437466731077,1.8211829675000002,forcegen,forcegen_constrained,1.0,logistics,0.015584163999999956,-0.08482993800000005,,False,logistics,True,dependency_gain,True
migration_006,2026210005,forcegen,forcegen,logistics,0.23073735767487988,0.8663140886530989,0.635576730978219,0.23073735767487988,0.8663140886530989,1.8510477874285713,forcegen,forcegen_constrained,1.0,logistics,0.017195410000000022,-0.09661252100000006,7.0,True,logistics,True,dependency_gain,False
migration_006,2026210006,logistics,logistics,command,0.7551610798098618,1.796674777,1.0415136971901382,2.117247132436318,0.7551610798098618,1.796674777,forcegen,forcegen_constrained,1.0,logistics,0.043914478000000035,-0.10200031399999998,,False,logistics,True,dependency_gain,True
migration_006,2026210007,logistics,logistics,forcegen,0.9127287487451357,1.0961095716159193,0.1833808228707836,1.0961095716159193,0.9127287487451357,1.8123022484,forcegen,forcegen_constrained,1.0,logistics,0.012583554999999969,0.21790053399999998,,False,logistics,True,productive_autonomy,True
migration_006,2026210008,logistics,logistics,forcegen,0.8731303520076223,1.5083549088575514,0.6352245568499291,1.5083549088575514,0.8731303520076223,1.8101942404444447,forcegen,forcegen_constrained,1.0,logistics,0.02668221999999998,-0.08817551400000001,,False,logistics,True,dependency_gain,True
migration_006,2026210009,forcegen,forcegen,logistics,0.12720456613671843,0.7745439400204891,0.6473393738837707,0.12720456613671843,0.7745439400204891,1.7794381114285716,forcegen,forcegen_constrained,1.0,logistics,0.026397358999999954,-0.10384320199999997,7.0,True,logistics,True,dependency_gain,False
migration_006,2026210010,forcegen,forcegen,logistics,0.63632265075295,0.8624281639018145,0.2261055131488645,0.63632265075295,0.8624281639018145,1.7919941928888892,forcegen,forcegen_constrained,1.0,logistics,0.015152744999999967,-0.09042793000000005,7.0,True,logistics,True,dependency_gain,False
migration_006,2026210011,logistics,logistics,command,0.9594504461062803,1.8295039604999999,0.8700535143937196,-1.0,0.9594504461062803,1.8295039604999999,forcegen,forcegen_constrained,1.0,logistics,0.014981845999999965,0.22733452899999995,,False,logistics,True,productive_autonomy,True
migration_007,2026210000,forcegen,forcegen,logistics,0.2183143000044924,0.8403165834236911,0.6220022834191987,0.2183143000044924,0.8403165834236911,1.8203741946666667,forcegen,forcegen_constrained,1.5,logistics,0.04412669899999999,-0.139611398,7.0,True,logistics,True,dependency_gain,False
migration_007,2026210001,forcegen,forcegen,logistics,0.5644159545075469,0.8452706946488089,0.280854740141262,0.5644159545075469,0.8452706946488089,1.823141288,forcegen,forcegen_constrained,1.5,logistics,0.022999879,-0.10096607800000001,7.0,True,logistics,True,dependency_gain,False
migration_007,2026210002,logistics,logistics,command,0.8804513898482544,1.8227482575555554,0.9422968677073009,2.072858800172671,0.8804513898482544,1.8227482575555554,forcegen,forcegen_constrained,1.5,logistics,0.028017257000000018,-0.10101061300000003,,False,logistics,True,dependency_gain,True
migration_007,2026210003,logistics,logistics,command,0.8548402624957747,1.830911649111111,0.9760713866153363,9.581873974906276,0.8548402624957747,1.830911649111111,forcegen,forcegen_constrained,1.5,logistics,0.016589286999999953,-0.130374153,,False,logistics,True,dependency_gain,True
migration_007,2026210004,logistics,logistics,forcegen,0.7459296512615797,1.5787825724661095,0.8328529212045298,1.5787825724661095,0.7459296512615797,1.8220435870000002,forcegen,forcegen_constrained,1.5,logistics,0.027565087000000044,-0.15096992499999995,,False,logistics,True,dependency_gain,True
migration_007,2026210005,forcegen,forcegen,logistics,0.6185891606665882,0.9191767162912656,0.3005875556246774,0.6185891606665882,0.9191767162912656,1.7792570171666666,forcegen,forcegen_constrained,1.5,logistics,0.016667066000000008,0.056645767000000014,7.0,True,logistics,True,productive_autonomy,False
migration_007,2026210006,forcegen,forcegen,logistics,0.40148846048562653,0.7951913257731364,0.3937028652875099,0.40148846048562653,0.7951913257731364,1.770442666,forcegen,forcegen_constrained,1.5,logistics,0.04586557400000002,-0.13741724199999994,7.0,True,logistics,True,dependency_gain,False
migration_007,2026210007,logistics,logistics,forcegen,0.8786325556968904,1.6593656973882573,0.780733141691367,1.6593656973882573,0.8786325556968904,1.7568324713333334,forcegen,forcegen_constrained,1.5,logistics,0.030292632999999958,-0.12598524300000002,,False,logistics,True,dependency_gain,True
migration_007,2026210008,forcegen,forcegen,logistics,0.7076078541370876,0.8494720704547847,0.14186421631769708,0.7076078541370876,0.8494720704547847,1.7779875025,forcegen,forcegen_constrained,1.5,logistics,0.029250190000000065,-0.129264818,7.0,True,logistics,True,dependency_gain,False
migration_007,2026210009,forcegen,forcegen,logistics,0.23538785354155645,0.7756135261576721,0.5402256726161156,0.23538785354155645,0.7756135261576721,1.7586297448571429,forcegen,forcegen_constrained,1.5,logistics,0.03244033499999999,-0.14886294600000005,7.0,True,logistics,True,dependency_gain,False
migration_007,2026210010,forcegen,forcegen,logistics,0.20138790896636655,0.927604968762724,0.7262170597963575,0.20138790896636655,0.927604968762724,1.819051443,forcegen,forcegen_constrained,1.5,logistics,0.017461037000000013,-0.092874189,7.0,True,logistics,True,dependency_gain,False
migration_007,2026210011,logistics,logistics,command,0.9677639987533997,1.846178546285714,0.8784145475323144,-1.0,0.9677639987533997,1.846178546285714,forcegen,forcegen_constrained,1.5,logistics,0.029694953999999996,-0.446366005,,False,logistics,True,dependency_gain,True
migration_008,2026210000,forcegen,forcegen,logistics,0.4091520848805031,0.8620864740984183,0.45293438921791523,0.4091520848805031,0.8620864740984183,1.8357953343999998,forcegen,forcegen_constrained,0.5,command,0.0,0.0,7.0,True,logistics,False,neutral_or_mixed,False
migration_008,2026210001,logistics,logistics,command,0.9601751205022931,1.83689126975,0.8767161492477068,4.14033916644791,0.9601751205022931,1.83689126975,forcegen,forcegen_constrained,0.5,command,0.0,0.0,,False,logistics,False,neutral_or_mixed,False
migration_008,2026210002,logistics,logistics,forcegen,0.9385075437726698,1.6190810195334933,0.6805734757608235,1.6190810195334933,0.9385075437726698,1.7564992046666668,forcegen,forcegen_constrained,0.5,command,0.0,0.0,,False,logistics,False,neutral_or_mixed,False
migration_008,2026210003,logistics,logistics,command,0.965228199480318,1.8298273083333332,0.8645991088530152,-1.0,0.965228199480318,1.8298273083333332,forcegen,forcegen_constrained,0.5,command,0.0,0.0,,False,logistics,False,neutral_or_mixed,False
migration_008,2026210004,forcegen,forcegen,logistics,0.2165516834287648,0.9608472890323799,0.7442956056036152,0.2165516834287648,0.9608472890323799,1.8526132940000002,forcegen,forcegen_constrained,0.5,command,0.0,0.0,7.0,True,logistics,False,neutral_or_mixed,False
migration_008,2026210005,forcegen,forcegen,logistics,0.33322046802671523,0.9636534127568822,0.630432944730167,0.33322046802671523,0.9636534127568822,1.8425647756666665,forcegen,forcegen_constrained,0.5,command,0.0,0.0,7.0,True,logistics,False,neutral_or_mixed,False
migration_008,2026210006,logistics,logistics,command,0.8135595827227666,1.8063850804000001,0.9928254976772335,2.1357085263786724,0.8135595827227666,1.8063850804000001,forcegen,forcegen_constrained,0.5,command,0.0,0.0,,False,logistics,False,neutral_or_mixed,False
migration_008,2026210007,forcegen,forcegen,logistics,0.5269572979873965,0.941151718804406,0.4141944208170094,0.5269572979873965,0.941151718804406,1.8244363421818184,forcegen,forcegen_constrained,0.5,command,0.0,0.0,7.0,True,logistics,False,neutral_or_mixed,False
migration_008,2026210008,logistics,logistics,forcegen,0.8628344104645512,1.7176453019493618,0.8548108914848106,1.7176453019493618,0.8628344104645512,1.8060804080000001,forcegen,forcegen_constrained,0.5,command,0.0,0.0,,False,logistics,False,neutral_or_mixed,False
migration_008,2026210009,forcegen,forcegen,logistics,0.14783092082996513,0.8458280001543559,0.6979970793243908,0.14783092082996513,0.8458280001543559,1.7744177743999998,forcegen,forcegen_constrained,0.5,command,0.0,0.0,7.0,True,logistics,False,neutral_or_mixed,False
migration_008,2026210010,logistics,logistics,command,0.9340196286577055,1.8222843855,0.8882647568422944,2.8071471358721185,0.9340196286577055,1.8222843855,forcegen,forcegen_constrained,0.5,command,0.0,0.0,,False,logistics,False,neutral_or_mixed,False
migration_008,2026210011,logistics,logistics,command,0.8902193336570946,1.748373317,0.8581539833429054,-1.0,0.8902193336570946,1.748373317,forcegen,forcegen_constrained,0.5,command,0.0,0.0,,False,logistics,False,neutral_or_mixed,False
migration_009,2026210000,forcegen,forcegen,logistics,0.4091520848805031,0.8620864740984183,0.45293438921791523,0.4091520848805031,0.8620864740984183,1.8357953343999998,forcegen,forcegen_constrained,1.0,command,0.0,0.0,7.0,True,logistics,False,neutral_or_mixed,False
migration_009,2026210001,logistics,logistics,command,0.9601751205022931,1.83689126975,0.8767161492477068,4.14033916644791,0.9601751205022931,1.83689126975,forcegen,forcegen_constrained,1.0,command,0.0,0.0,,False,logistics,False,neutral_or_mixed,False
migration_009,2026210002,logistics,logistics,forcegen,0.9385075437726698,1.6190810195334933,0.6805734757608235,1.6190810195334933,0.9385075437726698,1.7564992046666668,forcegen,forcegen_constrained,1.0,command,0.0,0.0,,False,logistics,False,neutral_or_mixed,False
migration_009,2026210003,logistics,logistics,command,0.965228199480318,1.8298273083333332,0.8645991088530152,-1.0,0.965228199480318,1.8298273083333332,forcegen,forcegen_constrained,1.0,command,0.0,0.0,,False,logistics,False,neutral_or_mixed,False
migration_009,2026210004,forcegen,forcegen,logistics,0.2165516834287648,0.9608472890323799,0.7442956056036152,0.2165516834287648,0.9608472890323799,1.8526132940000002,forcegen,forcegen_constrained,1.0,command,0.0,0.0,7.0,True,logistics,False,neutral_or_mixed,False
migration_009,2026210005,forcegen,forcegen,logistics,0.33322046802671523,0.9636534127568822,0.630432944730167,0.33322046802671523,0.9636534127568822,1.8425647756666665,forcegen,forcegen_constrained,1.0,command,0.0,0.0,7.0,True,logistics,False,neutral_or_mixed,False
migration_009,2026210006,logistics,logistics,command,0.8135595827227666,1.8063850804000001,0.9928254976772335,2.1357085263786724,0.8135595827227666,1.8063850804000001,forcegen,forcegen_constrained,1.0,command,0.0,0.0,,False,logistics,False,neutral_or_mixed,False
migration_009,2026210007,forcegen,forcegen,logistics,0.5269572979873965,0.941151718804406,0.4141944208170094,0.5269572979873965,0.941151718804406,1.8244363421818184,forcegen,forcegen_constrained,1.0,command,0.0,0.0,7.0,True,logistics,False,neutral_or_mixed,False
migration_009,2026210008,logistics,logistics,forcegen,0.8628344104645512,1.7176453019493618,0.8548108914848106,1.7176453019493618,0.8628344104645512,1.8060804080000001,forcegen,forcegen_constrained,1.0,command,0.0,0.0,,False,logistics,False,neutral_or_mixed,False
migration_009,2026210009,forcegen,forcegen,logistics,0.14783092082996513,0.8458280001543559,0.6979970793243908,0.14783092082996513,0.8458280001543559,1.7744177743999998,forcegen,forcegen_constrained,1.0,command,0.0,0.0,7.0,True,logistics,False,neutral_or_mixed,False
migration_009,2026210010,logistics,logistics,command,0.9340196286577055,1.8222843855,0.8882647568422944,2.8071471358721185,0.9340196286577055,1.8222843855,forcegen,forcegen_constrained,1.0,command,0.0,0.0,,False,logistics,False,neutral_or_mixed,False
migration_009,2026210011,logistics,logistics,command,0.8902193336570946,1.748373317,0.8581539833429054,-1.0,0.8902193336570946,1.748373317,forcegen,forcegen_constrained,1.0,command,0.0,0.0,,False,logistics,False,neutral_or_mixed,False
migration_010,2026210000,forcegen,forcegen,logistics,0.4091520848805031,0.8620864740984183,0.45293438921791523,0.4091520848805031,0.8620864740984183,1.8357953343999998,forcegen,forcegen_constrained,1.5,command,0.0,0.0,7.0,True,logistics,False,neutral_or_mixed,False
migration_010,2026210001,logistics,logistics,command,0.9601751205022931,1.83689126975,0.8767161492477068,4.14033916644791,0.9601751205022931,1.83689126975,forcegen,forcegen_constrained,1.5,command,0.0,0.0,,False,logistics,False,neutral_or_mixed,False
migration_010,2026210002,logistics,logistics,forcegen,0.9385075437726698,1.6190810195334933,0.6805734757608235,1.6190810195334933,0.9385075437726698,1.7564992046666668,forcegen,forcegen_constrained,1.5,command,0.0,0.0,,False,logistics,False,neutral_or_mixed,False
migration_010,2026210003,logistics,logistics,command,0.965228199480318,1.8298273083333332,0.8645991088530152,-1.0,0.965228199480318,1.8298273083333332,forcegen,forcegen_constrained,1.5,command,0.0,0.0,,False,logistics,False,neutral_or_mixed,False
migration_010,2026210004,forcegen,forcegen,logistics,0.2165516834287648,0.9608472890323799,0.7442956056036152,0.2165516834287648,0.9608472890323799,1.8526132940000002,forcegen,forcegen_constrained,1.5,command,0.0,0.0,7.0,True,logistics,False,neutral_or_mixed,False
migration_010,2026210005,forcegen,forcegen,logistics,0.33322046802671523,0.9636534127568822,0.630432944730167,0.33322046802671523,0.9636534127568822,1.8425647756666665,forcegen,forcegen_constrained,1.5,command,0.0,0.0,7.0,True,logistics,False,neutral_or_mixed,False
migration_010,2026210006,logistics,logistics,command,0.8135595827227666,1.8063850804000001,0.9928254976772335,2.1357085263786724,0.8135595827227666,1.8063850804000001,forcegen,forcegen_constrained,1.5,command,0.0,0.0,,False,logistics,False,neutral_or_mixed,False
migration_010,2026210007,forcegen,forcegen,logistics,0.5269572979873965,0.941151718804406,0.4141944208170094,0.5269572979873965,0.941151718804406,1.8244363421818184,forcegen,forcegen_constrained,1.5,command,0.0,0.0,7.0,True,logistics,False,neutral_or_mixed,False
migration_010,2026210008,logistics,logistics,forcegen,0.8628344104645512,1.7176453019493618,0.8548108914848106,1.7176453019493618,0.8628344104645512,1.8060804080000001,forcegen,forcegen_constrained,1.5,command,0.0,0.0,,False,logistics,False,neutral_or_mixed,False
migration_010,2026210009,forcegen,forcegen,logistics,0.14783092082996513,0.8458280001543559,0.6979970793243908,0.14783092082996513,0.8458280001543559,1.7744177743999998,forcegen,forcegen_constrained,1.5,command,0.0,0.0,7.0,True,logistics,False,neutral_or_mixed,False
migration_010,2026210010,logistics,logistics,command,0.9340196286577055,1.8222843855,0.8882647568422944,2.8071471358721185,0.9340196286577055,1.8222843855,forcegen,forcegen_constrained,1.5,command,0.0,0.0,,False,logistics,False,neutral_or_mixed,False
migration_010,2026210011,logistics,logistics,command,0.8902193336570946,1.748373317,0.8581539833429054,-1.0,0.8902193336570946,1.748373317,forcegen,forcegen_constrained,1.5,command,0.0,0.0,,False,logistics,False,neutral_or_mixed,False
migration_011,2026210000,forcegen,forcegen,logistics,0.3730621282191386,0.8473526386914562,0.4742905104723176,0.3730621282191386,0.8473526386914562,1.8391424355000001,forcegen,forcegen_constrained,0.5,balanced,0.002696042000000065,-0.017500639999999956,7.0,True,logistics,True,double_harm,False
migration_011,2026210001,logistics,logistics,command,0.9423107746443856,1.83689126975,0.8945804951056143,3.602632279497054,0.9423107746443856,1.83689126975,forcegen,forcegen_constrained,0.5,balanced,0.0037601919999999955,-0.013709744000000024,,False,logistics,True,double_harm,False
migration_011,2026210002,logistics,logistics,forcegen,0.9207154794828141,1.4468747572925325,0.5261592778097184,1.4468747572925325,0.9207154794828141,1.7564992046666668,forcegen,forcegen_constrained,0.5,balanced,0.002714337000000011,-0.017298545000000054,,False,logistics,True,double_harm,False
migration_011,2026210003,logistics,logistics,command,0.9461964935028201,1.7935784283333334,0.8473819348305133,-1.0,0.9461964935028201,1.7935784283333334,forcegen,forcegen_constrained,0.5,balanced,0.0020164569999999715,-0.264105044,,False,logistics,True,dependency_gain,False
migration_011,2026210004,logistics,logistics,forcegen,0.9793622161347808,1.1490415835812617,0.16967936744648093,1.1490415835812617,0.9793622161347808,1.8219131541818185,forcegen,forcegen_constrained,0.5,balanced,0.0026041669999999906,0.19429716600000002,,False,logistics,True,productive_autonomy,False
migration_011,2026210005,forcegen,forcegen,logistics,0.4992168552856692,0.9419320551401535,0.4427151998544843,0.4992168552856692,0.9419320551401535,1.8514102863333335,forcegen,forcegen_constrained,0.5,balanced,0.0034924139999999992,-0.22050909399999996,7.0,True,logistics,True,double_harm,False
migration_011,2026210006,logistics,logistics,command,0.7999802352370776,1.8063850804000001,1.0064048451629226,1.8877897084436646,0.7999802352370776,1.8063850804000001,forcegen,forcegen_constrained,0.5,balanced,0.010012660999999978,-0.020499035000000054,,False,logistics,True,dependency_gain,False
migration_011,2026210007,forcegen,forcegen,logistics,0.47580840309816136,0.9376851075346266,0.4618767044364653,0.47580840309816136,0.9376851075346266,1.8244363421818184,forcegen,forcegen_constrained,0.5,balanced,0.002221725999999924,-0.22360550199999996,7.0,True,logistics,True,double_harm,False
migration_011,2026210008,logistics,logistics,forcegen,0.87461376419914,1.5623185257853471,0.6877047615862071,1.5623185257853471,0.87461376419914,1.8060804080000001,forcegen,forcegen_constrained,0.5,balanced,-0.007629126000000097,-0.021355887000000018,,False,logistics,False,dependency_gain,False
migration_011,2026210009,forcegen,forcegen,logistics,0.13709536661492233,0.826868028993675,0.6897726623787526,0.13709536661492233,0.826868028993675,1.8116834512,forcegen,forcegen_constrained,0.5,balanced,0.011082924999999966,-0.02221180300000003,7.0,True,logistics,True,dependency_gain,False
migration_011,2026210010,forcegen,forcegen,logistics,0.26762306835819577,1.0205029566480501,0.7528798882898544,0.26762306835819577,1.0205029566480501,1.7880259535,forcegen,forcegen_constrained,0.5,balanced,1.0170000000031543e-05,-0.08345098399999995,7.0,True,logistics,True,dependency_gain,False
migration_011,2026210011,logistics,logistics,command,0.9068982689863391,1.748373317,0.8414750480136609,-1.0,0.9068982689863391,1.748373317,forcegen,forcegen_constrained,0.5,balanced,0.011017309000000086,-0.019924117999999935,,False,logistics,True,dependency_gain,False
migration_012,2026210000,forcegen,forcegen,logistics,0.2511743374256824,0.7789088727081681,0.5277345352824857,0.2511743374256824,0.7789088727081681,1.8298456617777776,forcegen,forcegen_constrained,1.0,balanced,0.01844805000000005,-0.04071322899999996,7.0,True,logistics,True,dependency_gain,False
migration_012,2026210001,logistics,logistics,command,0.964801803139165,1.8197580253333332,0.8549562221941682,2.0201181150440632,0.964801803139165,1.8197580253333332,forcegen,forcegen_constrained,1.0,balanced,0.007531274999999948,0.19229503599999997,,False,logistics,True,productive_autonomy,False
migration_012,2026210002,forcegen,forcegen,logistics,0.5866225003289699,0.9146586538662175,0.3280361535372476,0.5866225003289699,0.9146586538662175,1.8127544295,forcegen,forcegen_constrained,1.0,balanced,0.006994203999999948,-0.03582844799999996,7.0,True,logistics,True,double_harm,False
migration_012,2026210003,logistics,logistics,command,0.9304339799285803,1.8068688562857143,0.8764348763571339,-1.0,0.9304339799285803,1.8068688562857143,forcegen,forcegen_constrained,1.0,balanced,0.004046463,-0.10219851899999999,,False,logistics,True,double_harm,False
migration_012,2026210004,forcegen,forcegen,logistics,0.23185007188113554,0.901880553634911,0.6700304817537754,0.23185007188113554,0.901880553634911,1.8035177073333335,forcegen,forcegen_constrained,1.0,balanced,0.003969185999999958,-0.039430571000000025,7.0,True,logistics,True,dependency_gain,False
migration_012,2026210005,forcegen,forcegen,logistics,0.4849733476572766,1.0164644212951888,0.5314910736379121,0.4849733476572766,1.0164644212951888,1.8666851908333335,forcegen,forcegen_constrained,1.0,balanced,-0.01661316800000001,-0.08184494399999998,7.0,True,logistics,False,dependency_gain,False
migration_012,2026210006,logistics,logistics,forcegen,0.7763313920857675,1.72392267679352,0.9475912847077526,1.72392267679352,0.7763313920857675,1.796674777,forcegen,forcegen_constrained,1.0,balanced,0.015728319000000046,-0.04007711299999994,,False,logistics,True,dependency_gain,False
migration_012,2026210007,forcegen,forcegen,logistics,0.7301958260403739,0.8776616805411279,0.147465854500754,0.7301958260403739,0.8776616805411279,1.82783731625,forcegen,forcegen_constrained,1.0,balanced,0.004120157999999985,0.21924904300000003,7.0,True,logistics,True,contraction_autonomy,False
migration_012,2026210008,logistics,logistics,forcegen,0.7861071928006041,1.4294169405405064,0.6433097477399022,1.4294169405405064,0.7861071928006041,1.7861807426666667,forcegen,forcegen_constrained,1.0,balanced,0.015863604999999947,-0.03850828400000006,,False,logistics,True,dependency_gain,False
migration_012,2026210009,forcegen,forcegen,logistics,0.6970137183905217,0.8507444520365809,0.15373073364605916,0.6970137183905217,0.8507444520365809,1.764674414,forcegen,forcegen_constrained,1.0,balanced,0.013562917000000008,-0.042510862999999954,7.0,True,logistics,True,dependency_gain,False
migration_012,2026210010,forcegen,forcegen,logistics,0.2454791151725948,1.0084652617683025,0.7629861465957077,0.2454791151725948,1.0084652617683025,1.7880259535,forcegen,forcegen_constrained,1.0,balanced,-2.547999999991113e-06,-0.02598436999999998,7.0,True,logistics,False,dependency_gain,False
migration_012,2026210011,logistics,logistics,command,0.9013450207284769,1.748373317,0.8470282962715231,-1.0,0.9013450207284769,1.748373317,forcegen,forcegen_constrained,1.0,balanced,0.006008310000000017,-0.039069355999999944,,False,logistics,True,dependency_gain,False
migration_013,2026210000,forcegen,forcegen,logistics,0.3263919320773921,0.9341648585230536,0.6077729264456615,0.3263919320773921,0.9341648585230536,1.8237191993333335,forcegen,forcegen_constrained,1.5,balanced,0.011087938999999936,-0.062433791000000016,7.0,True,logistics,True,dependency_gain,False
migration_013,2026210001,logistics,logistics,command,0.9492536583929911,1.8197580253333332,0.8705043669403421,1.8636915243313783,0.9492536583929911,1.8197580253333332,forcegen,forcegen_constrained,1.5,balanced,0.01080627700000003,-0.04428853399999999,,False,logistics,True,dependency_gain,False
migration_013,2026210002,forcegen,forcegen,logistics,0.5497784973804172,0.9067272817110092,0.3569487843305921,0.5497784973804172,0.9067272817110092,1.8127544295,forcegen,forcegen_constrained,1.5,balanced,0.010193231999999997,0.0,7.0,True,logistics,True,neutral_or_mixed,False
migration_013,2026210003,logistics,logistics,command,0.921475366156569,1.8156675780000002,0.8941922118434312,-1.0,0.921475366156569,1.8156675780000002,forcegen,forcegen_constrained,1.5,balanced,0.008896283000000005,-0.03917991700000001,,False,logistics,True,double_harm,False
migration_013,2026210004,logistics,logistics,forcegen,0.8012342145813903,1.1202220738156685,0.3189878592342782,1.1202220738156685,0.8012342145813903,1.8159643331428572,forcegen,forcegen_constrained,1.5,balanced,0.009785393000000031,-0.04824575799999997,,False,logistics,True,dependency_gain,False
migration_013,2026210005,forcegen,forcegen,logistics,0.20270286614052582,0.9287319135332567,0.7260290473927309,0.20270286614052582,0.9287319135332567,1.8628817652000003,forcegen,forcegen_constrained,1.5,balanced,0.00799221299999997,-0.04041147700000003,7.0,True,logistics,True,dependency_gain,False
migration_013,2026210006,logistics,logistics,forcegen,0.7580856963815932,1.5848942848475847,0.8268085884659915,1.5848942848475847,0.7580856963815932,1.796674777,forcegen,forcegen_constrained,1.5,balanced,0.02510974499999996,-0.05893399299999991,,False,logistics,True,dependency_gain,False
migration_013,2026210007,forcegen,forcegen,logistics,0.6647363307304996,0.8667434595453709,0.20200712881487126,0.6647363307304996,0.8667434595453709,1.82783731625,forcegen,forcegen_constrained,1.5,balanced,0.006161262999999972,-0.05610604200000002,7.0,True,logistics,True,double_harm,False
migration_013,2026210008,forcegen,forcegen,logistics,0.48922272205838857,0.8612676533929146,0.372044931334526,0.48922272205838857,0.8612676533929146,1.7904905169999998,forcegen,forcegen_constrained,1.5,balanced,0.015452964000000069,-0.06101087599999999,7.0,True,logistics,True,dependency_gain,False
migration_013,2026210009,forcegen,forcegen,logistics,0.32037147728246995,0.8167668430042204,0.49639536572175047,0.32037147728246995,0.8167668430042204,1.7809133480000001,forcegen,forcegen_constrained,1.5,balanced,0.01833462100000005,-0.06273194999999998,7.0,True,logistics,True,dependency_gain,False
migration_013,2026210010,forcegen,forcegen,logistics,0.22561621823286007,0.97940834265016,0.7537921244172999,0.22561621823286007,0.97940834265016,1.7880259535,forcegen,forcegen_constrained,1.5,balanced,0.004533388000000027,-0.03026525499999999,7.0,True,logistics,True,dependency_gain,False
migration_013,2026210011,logistics,logistics,command,0.928948598088865,1.748373317,0.819424718911135,-1.0,0.928948598088865,1.748373317,forcegen,forcegen_constrained,1.5,balanced,-0.00199126500000002,0.13719477800000002,,False,logistics,False,contraction_autonomy,False
migration_014,2026210000,logistics,logistics,none,0.9260085686463474,-1.0,-1.0,-1.0,0.9260085686463474,-1.0,logistics,logistics_constrained,0.0,none,0.0,0.0,,False,logistics,False,neutral_or_mixed,False
migration_014,2026210001,logistics,logistics,none,0.9613948894409778,-1.0,-1.0,-1.0,0.9613948894409778,-1.0,logistics,logistics_constrained,0.0,none,0.0,0.0,,False,logistics,False,neutral_or_mixed,False
migration_014,2026210002,logistics,logistics,none,0.960035441648081,-1.0,-1.0,-1.0,0.960035441648081,-1.0,logistics,logistics_constrained,0.0,none,0.0,0.0,,False,logistics,False,neutral_or_mixed,False
migration_014,2026210003,logistics,logistics,none,0.9543350017436252,-1.0,-1.0,-1.0,0.9543350017436252,-1.0,logistics,logistics_constrained,0.0,none,0.0,0.0,,False,logistics,False,neutral_or_mixed,False
migration_014,2026210004,logistics,logistics,none,0.9705726511721247,-1.0,-1.0,-1.0,0.9705726511721247,-1.0,logistics,logistics_constrained,0.0,none,0.0,0.0,,False,logistics,False,neutral_or_mixed,False
migration_014,2026210005,forcegen,forcegen,logistics,0.45861457507444753,0.9089938599826337,0.4503792849081862,0.45861457507444753,0.9089938599826337,1.770968054,logistics,logistics_constrained,0.0,none,0.0,0.0,7.0,True,logistics,False,neutral_or_mixed,False
migration_014,2026210006,logistics,logistics,forcegen,0.9435265912938551,1.4060424219195433,0.46251583062568824,1.4060424219195433,0.9435265912938551,1.784740422,logistics,logistics_constrained,0.0,none,0.0,0.0,,False,logistics,False,neutral_or_mixed,False
migration_014,2026210007,logistics,logistics,none,0.9915913377147951,-1.0,-1.0,-1.0,0.9915913377147951,-1.0,logistics,logistics_constrained,0.0,none,0.0,0.0,,False,logistics,False,neutral_or_mixed,False
migration_014,2026210008,logistics,logistics,none,0.9796514039284244,-1.0,-1.0,-1.0,0.9796514039284244,-1.0,logistics,logistics_constrained,0.0,none,0.0,0.0,,False,logistics,False,neutral_or_mixed,False
migration_014,2026210009,logistics,logistics,forcegen,0.9693201745755182,1.421779657357227,0.4524594827817088,1.421779657357227,0.9693201745755182,1.813391216,logistics,logistics_constrained,0.0,none,0.0,0.0,,False,logistics,False,neutral_or_mixed,False
migration_014,2026210010,logistics,logistics,forcegen,0.8927040672980745,1.3341357338347217,0.4414316665366472,1.3341357338347217,0.8927040672980745,1.864110036,logistics,logistics_constrained,0.0,none,0.0,0.0,,False,logistics,False,neutral_or_mixed,False
migration_014,2026210011,logistics,logistics,none,0.9454734666229317,-1.0,-1.0,-1.0,0.9454734666229317,-1.0,logistics,logistics_constrained,0.0,none,0.0,0.0,,False,logistics,False,neutral_or_mixed,False
migration_015,2026210000,logistics,logistics,none,0.9239850201181409,-1.0,-1.0,-1.0,0.9239850201181409,-1.0,logistics,logistics_constrained,0.5,forcegen,0.0,0.0,,False,logistics,False,neutral_or_mixed,False
migration_015,2026210001,logistics,logistics,none,0.9613948894853475,-1.0,-1.0,-1.0,0.9613948894853475,-1.0,logistics,logistics_constrained,0.5,forcegen,0.0,0.0,,False,logistics,False,neutral_or_mixed,False
migration_015,2026210002,logistics,logistics,none,0.9600354416487186,-1.0,-1.0,-1.0,0.9600354416487186,-1.0,logistics,logistics_constrained,0.5,forcegen,0.0,0.0,,False,logistics,False,neutral_or_mixed,False
migration_015,2026210003,logistics,logistics,none,0.9532350365837063,-1.0,-1.0,-1.0,0.9532350365837063,-1.0,logistics,logistics_constrained,0.5,forcegen,0.0,0.0,,False,logistics,False,neutral_or_mixed,False
migration_015,2026210004,logistics,logistics,none,0.9705726511721247,-1.0,-1.0,-1.0,0.9705726511721247,-1.0,logistics,logistics_constrained,0.5,forcegen,0.0,0.0,,False,logistics,False,neutral_or_mixed,False
migration_015,2026210005,forcegen,forcegen,logistics,0.2849105178154224,0.9089938599826337,0.6240833421672113,0.2849105178154224,0.9089938599826337,1.770968054,logistics,logistics_constrained,0.5,forcegen,0.0,0.0,7.0,True,logistics,False,neutral_or_mixed,True
migration_015,2026210006,forcegen,forcegen,logistics,0.8785047524428491,0.9435265916371471,0.06502183919429805,0.8785047524428491,0.9435265916371471,1.784740422,logistics,logistics_constrained,0.5,forcegen,0.0,0.0,7.0,True,logistics,False,neutral_or_mixed,True
migration_015,2026210007,logistics,logistics,none,0.9901333685565299,-1.0,-1.0,-1.0,0.9901333685565299,-1.0,logistics,logistics_constrained,0.5,forcegen,0.0,0.0,,False,logistics,False,neutral_or_mixed,False
migration_015,2026210008,logistics,logistics,none,0.9810587951111771,-1.0,-1.0,-1.0,0.9810587951111771,-1.0,logistics,logistics_constrained,0.5,forcegen,0.0,0.0,,False,logistics,False,neutral_or_mixed,False
migration_015,2026210009,forcegen,forcegen,logistics,0.8837480171716677,0.9693201748521494,0.08557215768048165,0.8837480171716677,0.9693201748521494,1.813391216,logistics,logistics_constrained,0.5,forcegen,0.0,0.0,7.0,True,logistics,False,neutral_or_mixed,True
migration_015,2026210010,forcegen,forcegen,logistics,0.8175470952538569,0.8927040673030221,0.07515697204916516,0.8175470952538569,0.8927040673030221,1.864110036,logistics,logistics_constrained,0.5,forcegen,0.0,0.0,7.0,True,logistics,False,neutral_or_mixed,True
migration_015,2026210011,logistics,logistics,none,0.945473466622932,-1.0,-1.0,-1.0,0.945473466622932,-1.0,logistics,logistics_constrained,0.5,forcegen,0.0,0.0,,False,logistics,False,neutral_or_mixed,False
migration_016,2026210000,logistics,logistics,none,0.9260259660167526,-1.0,-1.0,-1.0,0.9260259660167526,-1.0,logistics,logistics_constrained,1.0,forcegen,0.0,0.0,,False,logistics,False,neutral_or_mixed,False
migration_016,2026210001,logistics,logistics,none,0.9613948895012674,-1.0,-1.0,-1.0,0.9613948895012674,-1.0,logistics,logistics_constrained,1.0,forcegen,0.0,0.0,,False,logistics,False,neutral_or_mixed,False
migration_016,2026210002,logistics,logistics,none,0.9588701258727509,-1.0,-1.0,-1.0,0.9588701258727509,-1.0,logistics,logistics_constrained,1.0,forcegen,0.0,0.0,,False,logistics,False,neutral_or_mixed,False
migration_016,2026210003,logistics,logistics,none,0.9532350294006382,-1.0,-1.0,-1.0,0.9532350294006382,-1.0,logistics,logistics_constrained,1.0,forcegen,0.0,0.0,,False,logistics,False,neutral_or_mixed,False
migration_016,2026210004,logistics,logistics,none,0.9705726511721247,-1.0,-1.0,-1.0,0.9705726511721247,-1.0,logistics,logistics_constrained,1.0,forcegen,0.0,0.0,,False,logistics,False,neutral_or_mixed,False
migration_016,2026210005,forcegen,forcegen,logistics,0.20569136739676555,0.9089938599826337,0.7033024925858682,0.20569136739676555,0.9089938599826337,1.770968054,logistics,logistics_constrained,1.0,forcegen,0.0,0.0,7.0,True,logistics,False,neutral_or_mixed,True
migration_016,2026210006,forcegen,forcegen,logistics,0.6371232567766526,0.943526591677797,0.30640333490114435,0.6371232567766526,0.943526591677797,1.784740422,logistics,logistics_constrained,1.0,forcegen,0.0,0.0,7.0,True,logistics,False,neutral_or_mixed,True
migration_016,2026210007,logistics,logistics,none,0.9901333685564487,-1.0,-1.0,-1.0,0.9901333685564487,-1.0,logistics,logistics_constrained,1.0,forcegen,0.0,0.0,,False,logistics,False,neutral_or_mixed,False
migration_016,2026210008,logistics,logistics,none,0.981058795110924,-1.0,-1.0,-1.0,0.981058795110924,-1.0,logistics,logistics_constrained,1.0,forcegen,0.0,0.0,,False,logistics,False,neutral_or_mixed,False
migration_016,2026210009,forcegen,forcegen,logistics,0.6369251830218008,0.9693201744408685,0.3323949914190677,0.6369251830218008,0.9693201744408685,1.813391216,logistics,logistics_constrained,1.0,forcegen,0.0,0.0,7.0,True,logistics,False,neutral_or_mixed,True
migration_016,2026210010,forcegen,forcegen,logistics,0.5835849588092485,0.8927040673066907,0.3091191084974422,0.5835849588092485,0.8927040673066907,1.864110036,logistics,logistics_constrained,1.0,forcegen,0.0,0.0,7.0,True,logistics,False,neutral_or_mixed,True
migration_016,2026210011,logistics,logistics,none,0.9454734666229289,-1.0,-1.0,-1.0,0.9454734666229289,-1.0,logistics,logistics_constrained,1.0,forcegen,0.0,0.0,,False,logistics,False,neutral_or_mixed,False
migration_017,2026210000,logistics,logistics,none,0.9239850201181192,-1.0,-1.0,-1.0,0.9239850201181192,-1.0,logistics,logistics_constrained,1.5,forcegen,0.0,0.0,,False,logistics,False,neutral_or_mixed,False
migration_017,2026210001,logistics,logistics,none,0.9613948895049618,-1.0,-1.0,-1.0,0.9613948895049618,-1.0,logistics,logistics_constrained,1.5,forcegen,0.0,0.0,,False,logistics,False,neutral_or_mixed,False
migration_017,2026210002,logistics,logistics,none,0.9588741521696328,-1.0,-1.0,-1.0,0.9588741521696328,-1.0,logistics,logistics_constrained,1.5,forcegen,0.0,0.0,,False,logistics,False,neutral_or_mixed,False
migration_017,2026210003,logistics,logistics,none,0.9543350017435878,-1.0,-1.0,-1.0,0.9543350017435878,-1.0,logistics,logistics_constrained,1.5,forcegen,0.0,0.0,,False,logistics,False,neutral_or_mixed,False
migration_017,2026210004,logistics,logistics,none,0.9705726511721247,-1.0,-1.0,-1.0,0.9705726511721247,-1.0,logistics,logistics_constrained,1.5,forcegen,0.0,0.0,,False,logistics,False,neutral_or_mixed,False
migration_017,2026210005,forcegen,forcegen,logistics,0.16445360494299327,0.9089938599826337,0.7445402550396405,0.16445360494299327,0.9089938599826337,1.770968054,logistics,logistics_constrained,1.5,forcegen,0.0,0.0,7.0,True,logistics,False,neutral_or_mixed,True
migration_017,2026210006,forcegen,forcegen,logistics,0.5111211089831397,0.9435265917096276,0.43240548272648793,0.5111211089831397,0.9435265917096276,1.784740422,logistics,logistics_constrained,1.5,forcegen,0.0,0.0,7.0,True,logistics,False,neutral_or_mixed,True
migration_017,2026210007,logistics,logistics,none,0.9915913377147252,-1.0,-1.0,-1.0,0.9915913377147252,-1.0,logistics,logistics_constrained,1.5,forcegen,0.0,0.0,,False,logistics,False,neutral_or_mixed,False
migration_017,2026210008,logistics,logistics,none,0.9810587951107117,-1.0,-1.0,-1.0,0.9810587951107117,-1.0,logistics,logistics_constrained,1.5,forcegen,0.0,0.0,,False,logistics,False,neutral_or_mixed,False
migration_017,2026210009,forcegen,forcegen,logistics,0.5078688545868288,0.9693201741501353,0.46145131956330643,0.5078688545868288,0.9693201741501353,1.813391216,logistics,logistics_constrained,1.5,forcegen,0.0,0.0,7.0,True,logistics,False,neutral_or_mixed,True
migration_017,2026210010,forcegen,forcegen,logistics,0.46268052940437016,0.8927040673079735,0.4300235379036033,0.46268052940437016,0.8927040673079735,1.864110036,logistics,logistics_constrained,1.5,forcegen,0.0,0.0,7.0,True,logistics,False,neutral_or_mixed,True
migration_017,2026210011,logistics,logistics,none,0.9454734666229289,-1.0,-1.0,-1.0,0.9454734666229289,-1.0,logistics,logistics_constrained,1.5,forcegen,0.0,0.0,,False,logistics,False,neutral_or_mixed,False
migration_018,2026210000,logistics,logistics,none,0.7466621921114449,-1.0,-1.0,-1.0,0.7466621921114449,-1.0,logistics,logistics_constrained,0.5,logistics,0.0,-0.2000658099999999,,False,logistics,False,neutral_or_mixed,True
migration_018,2026210001,logistics,logistics,none,0.7711868970573146,-1.0,-1.0,-1.0,0.7711868970573146,-1.0,logistics,logistics_constrained,0.5,logistics,0.0,-0.18858615899999998,,False,logistics,False,neutral_or_mixed,True
migration_018,2026210002,logistics,logistics,forcegen,0.768171187827244,1.2807906363843633,0.5126194485571193,1.2807906363843633,0.768171187827244,1.819946798,logistics,logistics_constrained,0.5,logistics,0.0,-0.19334574299999996,,False,logistics,False,neutral_or_mixed,True
migration_018,2026210003,logistics,logistics,none,0.772069324705624,-1.0,-1.0,-1.0,0.772069324705624,-1.0,logistics,logistics_constrained,0.5,logistics,0.0,-0.18420324600000004,,False,logistics,False,neutral_or_mixed,True
migration_018,2026210004,logistics,logistics,none,0.7641825985558853,-1.0,-1.0,-1.0,0.7641825985558853,-1.0,logistics,logistics_constrained,0.5,logistics,0.0,-0.194081587,,False,logistics,False,neutral_or_mixed,True
migration_018,2026210005,logistics,logistics,forcegen,0.6323762145074696,0.6799878337700075,0.047611619262537874,0.6799878337700075,0.6323762145074696,1.895770742,logistics,logistics_constrained,0.5,logistics,0.0,-0.18587475399999998,,False,logistics,False,neutral_or_mixed,True
migration_018,2026210006,logistics,logistics,none,0.7480525129093104,-1.0,-1.0,-1.0,0.7480525129093104,-1.0,logistics,logistics_constrained,0.5,logistics,0.0,-0.17608168999999996,,False,logistics,False,neutral_or_mixed,True
migration_018,2026210007,logistics,logistics,none,0.7393972676543855,-1.0,-1.0,-1.0,0.7393972676543855,-1.0,logistics,logistics_constrained,0.5,logistics,0.0,-0.218149382,,False,logistics,False,neutral_or_mixed,True
migration_018,2026210008,logistics,logistics,none,0.7504790767714051,-1.0,-1.0,-1.0,0.7504790767714051,-1.0,logistics,logistics_constrained,0.5,logistics,0.0,-0.230010006,,False,logistics,False,neutral_or_mixed,True
migration_018,2026210009,logistics,logistics,forcegen,0.6731285805913313,0.7149318096515759,0.041803229060244584,0.7149318096515759,0.6731285805913313,1.813391216,logistics,logistics_constrained,0.5,logistics,0.0,-0.26555400900000004,,False,logistics,False,neutral_or_mixed,True
migration_018,2026210010,logistics,logistics,forcegen,0.7391157831668556,1.372360609507056,0.6332448263402004,1.372360609507056,0.7391157831668556,1.822543736,logistics,logistics_constrained,0.5,logistics,0.0,-0.19521498299999995,,False,logistics,False,neutral_or_mixed,True
migration_018,2026210011,logistics,logistics,none,0.7547855513409893,-1.0,-1.0,-1.0,0.7547855513409893,-1.0,logistics,logistics_constrained,0.5,logistics,0.0,-0.18283677099999995,,False,logistics,False,neutral_or_mixed,True
migration_019,2026210000,logistics,logistics,none,0.619851205980249,-1.0,-1.0,-1.0,0.619851205980249,-1.0,logistics,logistics_constrained,1.0,logistics,0.0,-0.336185238,,False,logistics,False,neutral_or_mixed,True
migration_019,2026210001,logistics,logistics,none,0.6460128962228211,-1.0,-1.0,-1.0,0.6460128962228211,-1.0,logistics,logistics_constrained,1.0,logistics,0.0,-0.317320523,,False,logistics,False,neutral_or_mixed,True
migration_019,2026210002,logistics,logistics,none,0.637579761526196,-1.0,-1.0,-1.0,0.637579761526196,-1.0,logistics,logistics_constrained,1.0,logistics,0.0,-0.320258119,,False,logistics,False,neutral_or_mixed,True
migration_019,2026210003,logistics,logistics,none,0.65050719780385,-1.0,-1.0,-1.0,0.65050719780385,-1.0,logistics,logistics_constrained,1.0,logistics,0.0,-0.31095342000000004,,False,logistics,False,neutral_or_mixed,True
migration_019,2026210004,logistics,logistics,none,0.6420347960733593,-1.0,-1.0,-1.0,0.6420347960733593,-1.0,logistics,logistics_constrained,1.0,logistics,0.0,-0.32744352899999996,,False,logistics,False,neutral_or_mixed,True
migration_019,2026210005,logistics,logistics,forcegen,0.524981392437253,0.6812623367239844,0.15628094428673145,0.6812623367239844,0.524981392437253,1.895770743,logistics,logistics_constrained,1.0,logistics,0.0,-0.323233538,,False,logistics,False,neutral_or_mixed,True
migration_019,2026210006,logistics,logistics,forcegen,0.6224417865984158,1.4099318481017389,0.7874900615033231,1.4099318481017389,0.6224417865984158,1.784740422,logistics,logistics_constrained,1.0,logistics,0.0,-0.310084499,,False,logistics,False,neutral_or_mixed,True
migration_019,2026210007,logistics,logistics,none,0.5820457091868191,-1.0,-1.0,-1.0,0.5820457091868191,-1.0,logistics,logistics_constrained,1.0,logistics,0.0,-0.39410941200000005,,False,logistics,False,neutral_or_mixed,True
migration_019,2026210008,logistics,logistics,none,0.6041611801660567,-1.0,-1.0,-1.0,0.6041611801660567,-1.0,logistics,logistics_constrained,1.0,logistics,0.0,-0.37376179900000006,,False,logistics,False,neutral_or_mixed,True
migration_019,2026210009,logistics,logistics,forcegen,0.5215986209167688,0.709886209504334,0.18828758858756522,0.709886209504334,0.5215986209167688,1.813391216,logistics,logistics_constrained,1.0,logistics,0.0,-0.41489601,,False,logistics,False,neutral_or_mixed,True
migration_019,2026210010,logistics,logistics,forcegen,0.5841706133924279,0.6936140866054191,0.1094434732129912,0.6936140866054191,0.5841706133924279,1.864110036,logistics,logistics_constrained,1.0,logistics,0.0,-0.320103821,,False,logistics,False,neutral_or_mixed,True
migration_019,2026210011,logistics,logistics,none,0.6290341049889625,-1.0,-1.0,-1.0,0.6290341049889625,-1.0,logistics,logistics_constrained,1.0,logistics,0.0,-0.32136591800000003,,False,logistics,False,neutral_or_mixed,True
migration_020,2026210000,logistics,logistics,none,0.5344511574404662,-1.0,-1.0,-1.0,0.5344511574404662,-1.0,logistics,logistics_constrained,1.5,logistics,0.0,-0.42794726699999996,,False,logistics,False,neutral_or_mixed,True
migration_020,2026210001,logistics,logistics,forcegen,0.5253714555893599,1.4117146607099171,0.8863432051205572,1.4117146607099171,0.5253714555893599,1.843440864,logistics,logistics_constrained,1.5,logistics,0.0,-0.4146821650000001,,False,logistics,False,neutral_or_mixed,True
migration_020,2026210002,logistics,logistics,none,0.5441531149390864,-1.0,-1.0,-1.0,0.5441531149390864,-1.0,logistics,logistics_constrained,1.5,logistics,0.0,-0.414080762,,False,logistics,False,neutral_or_mixed,True
migration_020,2026210003,logistics,logistics,none,0.5597295586236603,-1.0,-1.0,-1.0,0.5597295586236603,-1.0,logistics,logistics_constrained,1.5,logistics,0.0,-0.403501698,,False,logistics,False,neutral_or_mixed,True
migration_020,2026210004,logistics,logistics,none,0.5379438733761608,-1.0,-1.0,-1.0,0.5379438733761608,-1.0,logistics,logistics_constrained,1.5,logistics,0.0,-0.422228441,,False,logistics,False,neutral_or_mixed,True
migration_020,2026210005,logistics,logistics,forcegen,0.5140956531944928,0.6732791716797701,0.15918351848527734,0.6732791716797701,0.5140956531944928,1.715524954,logistics,logistics_constrained,1.5,logistics,0.0,-0.428272725,,False,logistics,False,neutral_or_mixed,True
migration_020,2026210006,logistics,logistics,none,0.5540068704453855,-1.0,-1.0,-1.0,0.5540068704453855,-1.0,logistics,logistics_constrained,1.5,logistics,0.0,-0.40768210299999996,,False,logistics,False,neutral_or_mixed,True
migration_020,2026210007,logistics,logistics,none,0.48827774797737766,-1.0,-1.0,-1.0,0.48827774797737766,-1.0,logistics,logistics_constrained,1.5,logistics,0.0,-0.4943021980000001,,False,logistics,False,neutral_or_mixed,True
migration_020,2026210008,logistics,logistics,none,0.5042487299834527,-1.0,-1.0,-1.0,0.5042487299834527,-1.0,logistics,logistics_constrained,1.5,logistics,0.0,-0.468278038,,False,logistics,False,neutral_or_mixed,True
migration_020,2026210009,logistics,logistics,forcegen,0.45603335876163514,1.4174535797034713,0.9614202209418361,1.4174535797034713,0.45603335876163514,1.813391216,logistics,logistics_constrained,1.5,logistics,0.0,-0.48565515200000003,,False,logistics,False,neutral_or_mixed,True
migration_020,2026210010,logistics,logistics,forcegen,0.5180674067439343,1.356546214260265,0.8384788075163306,1.356546214260265,0.5180674067439343,1.864110036,logistics,logistics_constrained,1.5,logistics,0.0,-0.420785435,,False,logistics,False,neutral_or_mixed,True
migration_020,2026210011,logistics,logistics,none,0.5364456006918719,-1.0,-1.0,-1.0,0.5364456006918719,-1.0,logistics,logistics_constrained,1.5,logistics,0.0,-0.41511689799999996,,False,logistics,False,neutral_or_mixed,True
migration_021,2026210000,logistics,logistics,none,0.9260085686463474,-1.0,-1.0,-1.0,0.9260085686463474,-1.0,logistics,logistics_constrained,0.5,command,0.0,0.0,,False,logistics,False,neutral_or_mixed,False
migration_021,2026210001,logistics,logistics,none,0.9613948894409778,-1.0,-1.0,-1.0,0.9613948894409778,-1.0,logistics,logistics_constrained,0.5,command,0.0,0.0,,False,logistics,False,neutral_or_mixed,False
migration_021,2026210002,logistics,logistics,none,0.960035441648081,-1.0,-1.0,-1.0,0.960035441648081,-1.0,logistics,logistics_constrained,0.5,command,0.0,0.0,,False,logistics,False,neutral_or_mixed,False
migration_021,2026210003,logistics,logistics,none,0.9543350017436252,-1.0,-1.0,-1.0,0.9543350017436252,-1.0,logistics,logistics_constrained,0.5,command,0.0,0.0,,False,logistics,False,neutral_or_mixed,False
migration_021,2026210004,logistics,logistics,none,0.9705726511721247,-1.0,-1.0,-1.0,0.9705726511721247,-1.0,logistics,logistics_constrained,0.5,command,0.0,0.0,,False,logistics,False,neutral_or_mixed,False
migration_021,2026210005,forcegen,forcegen,logistics,0.45861457507444753,0.9089938599826337,0.4503792849081862,0.45861457507444753,0.9089938599826337,1.770968054,logistics,logistics_constrained,0.5,command,0.0,0.0,7.0,True,logistics,False,neutral_or_mixed,False
migration_021,2026210006,logistics,logistics,forcegen,0.9435265912938551,1.4060424219195433,0.46251583062568824,1.4060424219195433,0.9435265912938551,1.784740422,logistics,logistics_constrained,0.5,command,0.0,0.0,,False,logistics,False,neutral_or_mixed,False
migration_021,2026210007,logistics,logistics,none,0.9915913377147951,-1.0,-1.0,-1.0,0.9915913377147951,-1.0,logistics,logistics_constrained,0.5,command,0.0,0.0,,False,logistics,False,neutral_or_mixed,False
migration_021,2026210008,logistics,logistics,none,0.9796514039284244,-1.0,-1.0,-1.0,0.9796514039284244,-1.0,logistics,logistics_constrained,0.5,command,0.0,0.0,,False,logistics,False,neutral_or_mixed,False
migration_021,2026210009,logistics,logistics,forcegen,0.9693201745755182,1.421779657357227,0.4524594827817088,1.421779657357227,0.9693201745755182,1.813391216,logistics,logistics_constrained,0.5,command,0.0,0.0,,False,logistics,False,neutral_or_mixed,False
migration_021,2026210010,logistics,logistics,forcegen,0.8927040672980745,1.3341357338347217,0.4414316665366472,1.3341357338347217,0.8927040672980745,1.864110036,logistics,logistics_constrained,0.5,command,0.0,0.0,,False,logistics,False,neutral_or_mixed,False
migration_021,2026210011,logistics,logistics,none,0.9454734666229317,-1.0,-1.0,-1.0,0.9454734666229317,-1.0,logistics,logistics_constrained,0.5,command,0.0,0.0,,False,logistics,False,neutral_or_mixed,False
migration_022,2026210000,logistics,logistics,none,0.9260085686463474,-1.0,-1.0,-1.0,0.9260085686463474,-1.0,logistics,logistics_constrained,1.0,command,0.0,0.0,,False,logistics,False,neutral_or_mixed,False
migration_022,2026210001,logistics,logistics,none,0.9613948894409778,-1.0,-1.0,-1.0,0.9613948894409778,-1.0,logistics,logistics_constrained,1.0,command,0.0,0.0,,False,logistics,False,neutral_or_mixed,False
migration_022,2026210002,logistics,logistics,none,0.960035441648081,-1.0,-1.0,-1.0,0.960035441648081,-1.0,logistics,logistics_constrained,1.0,command,0.0,0.0,,False,logistics,False,neutral_or_mixed,False
migration_022,2026210003,logistics,logistics,none,0.9543350017436252,-1.0,-1.0,-1.0,0.9543350017436252,-1.0,logistics,logistics_constrained,1.0,command,0.0,0.0,,False,logistics,False,neutral_or_mixed,False
migration_022,2026210004,logistics,logistics,none,0.9705726511721247,-1.0,-1.0,-1.0,0.9705726511721247,-1.0,logistics,logistics_constrained,1.0,command,0.0,0.0,,False,logistics,False,neutral_or_mixed,False
migration_022,2026210005,forcegen,forcegen,logistics,0.45861457507444753,0.9089938599826337,0.4503792849081862,0.45861457507444753,0.9089938599826337,1.770968054,logistics,logistics_constrained,1.0,command,0.0,0.0,7.0,True,logistics,False,neutral_or_mixed,False
migration_022,2026210006,logistics,logistics,forcegen,0.9435265912938551,1.4060424219195433,0.46251583062568824,1.4060424219195433,0.9435265912938551,1.784740422,logistics,logistics_constrained,1.0,command,0.0,0.0,,False,logistics,False,neutral_or_mixed,False
migration_022,2026210007,logistics,logistics,none,0.9915913377147951,-1.0,-1.0,-1.0,0.9915913377147951,-1.0,logistics,logistics_constrained,1.0,command,0.0,0.0,,False,logistics,False,neutral_or_mixed,False
migration_022,2026210008,logistics,logistics,none,0.9796514039284244,-1.0,-1.0,-1.0,0.9796514039284244,-1.0,logistics,logistics_constrained,1.0,command,0.0,0.0,,False,logistics,False,neutral_or_mixed,False
migration_022,2026210009,logistics,logistics,forcegen,0.9693201745755182,1.421779657357227,0.4524594827817088,1.421779657357227,0.9693201745755182,1.813391216,logistics,logistics_constrained,1.0,command,0.0,0.0,,False,logistics,False,neutral_or_mixed,False
migration_022,2026210010,logistics,logistics,forcegen,0.8927040672980745,1.3341357338347217,0.4414316665366472,1.3341357338347217,0.8927040672980745,1.864110036,logistics,logistics_constrained,1.0,command,0.0,0.0,,False,logistics,False,neutral_or_mixed,False
migration_022,2026210011,logistics,logistics,none,0.9454734666229317,-1.0,-1.0,-1.0,0.9454734666229317,-1.0,logistics,logistics_constrained,1.0,command,0.0,0.0,,False,logistics,False,neutral_or_mixed,False
migration_023,2026210000,logistics,logistics,none,0.9260085686463474,-1.0,-1.0,-1.0,0.9260085686463474,-1.0,logistics,logistics_constrained,1.5,command,0.0,0.0,,False,logistics,False,neutral_or_mixed,False
migration_023,2026210001,logistics,logistics,none,0.9613948894409778,-1.0,-1.0,-1.0,0.9613948894409778,-1.0,logistics,logistics_constrained,1.5,command,0.0,0.0,,False,logistics,False,neutral_or_mixed,False
migration_023,2026210002,logistics,logistics,none,0.960035441648081,-1.0,-1.0,-1.0,0.960035441648081,-1.0,logistics,logistics_constrained,1.5,command,0.0,0.0,,False,logistics,False,neutral_or_mixed,False
migration_023,2026210003,logistics,logistics,none,0.9543350017436252,-1.0,-1.0,-1.0,0.9543350017436252,-1.0,logistics,logistics_constrained,1.5,command,0.0,0.0,,False,logistics,False,neutral_or_mixed,False
migration_023,2026210004,logistics,logistics,none,0.9705726511721247,-1.0,-1.0,-1.0,0.9705726511721247,-1.0,logistics,logistics_constrained,1.5,command,0.0,0.0,,False,logistics,False,neutral_or_mixed,False
migration_023,2026210005,forcegen,forcegen,logistics,0.45861457507444753,0.9089938599826337,0.4503792849081862,0.45861457507444753,0.9089938599826337,1.770968054,logistics,logistics_constrained,1.5,command,0.0,0.0,7.0,True,logistics,False,neutral_or_mixed,False
migration_023,2026210006,logistics,logistics,forcegen,0.9435265912938551,1.4060424219195433,0.46251583062568824,1.4060424219195433,0.9435265912938551,1.784740422,logistics,logistics_constrained,1.5,command,0.0,0.0,,False,logistics,False,neutral_or_mixed,False
migration_023,2026210007,logistics,logistics,none,0.9915913377147951,-1.0,-1.0,-1.0,0.9915913377147951,-1.0,logistics,logistics_constrained,1.5,command,0.0,0.0,,False,logistics,False,neutral_or_mixed,False
migration_023,2026210008,logistics,logistics,none,0.9796514039284244,-1.0,-1.0,-1.0,0.9796514039284244,-1.0,logistics,logistics_constrained,1.5,command,0.0,0.0,,False,logistics,False,neutral_or_mixed,False
migration_023,2026210009,logistics,logistics,forcegen,0.9693201745755182,1.421779657357227,0.4524594827817088,1.421779657357227,0.9693201745755182,1.813391216,logistics,logistics_constrained,1.5,command,0.0,0.0,,False,logistics,False,neutral_or_mixed,False
migration_023,2026210010,logistics,logistics,forcegen,0.8927040672980745,1.3341357338347217,0.4414316665366472,1.3341357338347217,0.8927040672980745,1.864110036,logistics,logistics_constrained,1.5,command,0.0,0.0,,False,logistics,False,neutral_or_mixed,False
migration_023,2026210011,logistics,logistics,none,0.9454734666229317,-1.0,-1.0,-1.0,0.9454734666229317,-1.0,logistics,logistics_constrained,1.5,command,0.0,0.0,,False,logistics,False,neutral_or_mixed,False
migration_024,2026210000,logistics,logistics,none,0.8520520442577497,-1.0,-1.0,-1.0,0.8520520442577497,-1.0,logistics,logistics_constrained,0.5,balanced,0.0,-0.057540598,,False,logistics,False,neutral_or_mixed,False
migration_024,2026210001,logistics,logistics,none,0.8822422016335695,-1.0,-1.0,-1.0,0.8822422016335695,-1.0,logistics,logistics_constrained,0.5,balanced,0.0,-0.08018725599999998,,False,logistics,False,neutral_or_mixed,False
migration_024,2026210002,logistics,logistics,none,0.8789476568722592,-1.0,-1.0,-1.0,0.8789476568722592,-1.0,logistics,logistics_constrained,0.5,balanced,0.0,-0.08120516,,False,logistics,False,neutral_or_mixed,False
migration_024,2026210003,logistics,logistics,none,0.8757553995562606,-1.0,-1.0,-1.0,0.8757553995562606,-1.0,logistics,logistics_constrained,0.5,balanced,0.0,-0.07809502199999996,,False,logistics,False,neutral_or_mixed,False
migration_024,2026210004,logistics,logistics,none,0.8855239554442141,-1.0,-1.0,-1.0,0.8855239554442141,-1.0,logistics,logistics_constrained,0.5,balanced,0.0,-0.07270373600000002,,False,logistics,False,neutral_or_mixed,False
migration_024,2026210005,forcegen,forcegen,logistics,0.4149547086503479,0.7071512680677444,0.29219655941739653,0.4149547086503479,0.7071512680677444,1.8356888133333333,logistics,logistics_constrained,0.5,balanced,0.0,-0.080949873,7.0,True,logistics,False,neutral_or_mixed,False
migration_024,2026210006,logistics,logistics,none,0.8594445333206295,-1.0,-1.0,-1.0,0.8594445333206295,-1.0,logistics,logistics_constrained,0.5,balanced,0.0,-0.07973420799999997,,False,logistics,False,neutral_or_mixed,False
migration_024,2026210007,logistics,logistics,none,0.8605509044572135,-1.0,-1.0,-1.0,0.8605509044572135,-1.0,logistics,logistics_constrained,0.5,balanced,0.0,-0.06860851499999998,,False,logistics,False,neutral_or_mixed,False
migration_024,2026210008,logistics,logistics,none,0.8821262507551044,-1.0,-1.0,-1.0,0.8821262507551044,-1.0,logistics,logistics_constrained,0.5,balanced,0.0,-0.10026785000000005,,False,logistics,False,neutral_or_mixed,False
migration_024,2026210009,logistics,logistics,forcegen,0.8471516950758797,1.280962883147524,0.4338111880716442,1.280962883147524,0.8471516950758797,1.813391216,logistics,logistics_constrained,0.5,balanced,0.0,-0.11946487100000003,,False,logistics,False,neutral_or_mixed,False
migration_024,2026210010,logistics,logistics,none,0.8670023897490784,-1.0,-1.0,-1.0,0.8670023897490784,-1.0,logistics,logistics_constrained,0.5,balanced,0.0,-0.08203903199999996,,False,logistics,False,neutral_or_mixed,False
migration_024,2026210011,logistics,logistics,none,0.8669877780763342,-1.0,-1.0,-1.0,0.8669877780763342,-1.0,logistics,logistics_constrained,0.5,balanced,0.0,-0.08037067200000003,,False,logistics,False,neutral_or_mixed,False
migration_025,2026210000,logistics,logistics,none,0.7881660178669689,-1.0,-1.0,-1.0,0.7881660178669689,-1.0,logistics,logistics_constrained,1.0,balanced,0.0,-0.15727085399999996,,False,logistics,False,neutral_or_mixed,False
migration_025,2026210001,logistics,logistics,none,0.8111488055384068,-1.0,-1.0,-1.0,0.8111488055384068,-1.0,logistics,logistics_constrained,1.0,balanced,0.0,-0.1484401230000001,,False,logistics,False,neutral_or_mixed,False
migration_025,2026210002,logistics,logistics,forcegen,0.8077683889413241,1.0646853320245966,0.2569169430832725,1.0646853320245966,0.8077683889413241,1.819946798,logistics,logistics_constrained,1.0,balanced,0.0,-0.152374581,,False,logistics,False,neutral_or_mixed,False
migration_025,2026210003,logistics,logistics,none,0.8105370763691622,-1.0,-1.0,-1.0,0.8105370763691622,-1.0,logistics,logistics_constrained,1.0,balanced,0.0,-0.144839763,,False,logistics,False,neutral_or_mixed,False
migration_025,2026210004,logistics,logistics,none,0.8072083842384711,-1.0,-1.0,-1.0,0.8072083842384711,-1.0,logistics,logistics_constrained,1.0,balanced,0.0,-0.15735611500000002,,False,logistics,False,neutral_or_mixed,False
migration_025,2026210005,forcegen,forcegen,logistics,0.5708069573338747,0.6609836918925832,0.09017673455870856,0.5708069573338747,0.6609836918925832,1.895770742,logistics,logistics_constrained,1.0,balanced,0.0,-0.15766122999999999,7.0,True,logistics,False,neutral_or_mixed,False
migration_025,2026210006,logistics,logistics,none,0.7889177197287739,-1.0,-1.0,-1.0,0.7889177197287739,-1.0,logistics,logistics_constrained,1.0,balanced,0.0,-0.14988729499999998,,False,logistics,False,neutral_or_mixed,False
migration_025,2026210007,logistics,logistics,none,0.7776826726763518,-1.0,-1.0,-1.0,0.7776826726763518,-1.0,logistics,logistics_constrained,1.0,balanced,0.0,-0.145794192,,False,logistics,False,neutral_or_mixed,False
migration_025,2026210008,logistics,logistics,none,0.8020743957922597,-1.0,-1.0,-1.0,0.8020743957922597,-1.0,logistics,logistics_constrained,1.0,balanced,0.0,-0.18040165200000002,,False,logistics,False,neutral_or_mixed,False
migration_025,2026210009,logistics,logistics,forcegen,0.7526450939917448,1.1746674231113179,0.42202232911957305,1.1746674231113179,0.7526450939917448,1.813391216,logistics,logistics_constrained,1.0,balanced,0.0,-0.21256113999999993,,False,logistics,False,neutral_or_mixed,False
migration_025,2026210010,logistics,logistics,forcegen,0.7890286644040899,1.164957071368877,0.37592840696478713,1.164957071368877,0.7890286644040899,1.822543736,logistics,logistics_constrained,1.0,balanced,0.0,-0.15392271999999996,,False,logistics,False,neutral_or_mixed,False
migration_025,2026210011,logistics,logistics,none,0.7998946458737709,-1.0,-1.0,-1.0,0.7998946458737709,-1.0,logistics,logistics_constrained,1.0,balanced,0.0,-0.13504775300000005,,False,logistics,False,neutral_or_mixed,False
migration_026,2026210000,logistics,logistics,none,0.7293081198200001,-1.0,-1.0,-1.0,0.7293081198200001,-1.0,logistics,logistics_constrained,1.5,balanced,0.0,-0.219081639,,False,logistics,False,neutral_or_mixed,False
migration_026,2026210001,logistics,logistics,none,0.7533880612897712,-1.0,-1.0,-1.0,0.7533880612897712,-1.0,logistics,logistics_constrained,1.5,balanced,0.0,-0.20727192400000005,,False,logistics,False,neutral_or_mixed,False
migration_026,2026210002,logistics,logistics,forcegen,0.7500016608204055,0.9717040167250107,0.2217023559046052,0.9717040167250107,0.7500016608204055,1.819946798,logistics,logistics_constrained,1.5,balanced,0.0,-0.21238106299999993,,False,logistics,False,neutral_or_mixed,False
migration_026,2026210003,logistics,logistics,none,0.7552288499633307,-1.0,-1.0,-1.0,0.7552288499633307,-1.0,logistics,logistics_constrained,1.5,balanced,0.0,-0.20255476100000003,,False,logistics,False,neutral_or_mixed,False
migration_026,2026210004,logistics,logistics,none,0.7446549163542939,-1.0,-1.0,-1.0,0.7446549163542939,-1.0,logistics,logistics_constrained,1.5,balanced,0.0,-0.213169269,,False,logistics,False,neutral_or_mixed,False
migration_026,2026210005,forcegen,forcegen,logistics,0.5217816111744236,0.6133931659162628,0.09161155474183924,0.5217816111744236,0.6133931659162628,1.895770742,logistics,logistics_constrained,1.5,balanced,0.0,-0.219210958,7.0,True,logistics,False,neutral_or_mixed,False
migration_026,2026210006,logistics,logistics,none,0.7628792997176937,-1.0,-1.0,-1.0,0.7628792997176937,-1.0,logistics,logistics_constrained,1.5,balanced,0.0,-0.2047149439999999,,False,logistics,False,neutral_or_mixed,False
migration_026,2026210007,logistics,logistics,none,0.7158724981464796,-1.0,-1.0,-1.0,0.7158724981464796,-1.0,logistics,logistics_constrained,1.5,balanced,0.0,-0.22329670300000004,,False,logistics,False,neutral_or_mixed,False
migration_026,2026210008,logistics,logistics,none,0.7293807047358759,-1.0,-1.0,-1.0,0.7293807047358759,-1.0,logistics,logistics_constrained,1.5,balanced,0.0,-0.251534025,,False,logistics,False,neutral_or_mixed,False
migration_026,2026210009,forcegen,forcegen,logistics,0.5477701922490729,0.6505150971792487,0.10274490493017585,0.5477701922490729,0.6505150971792487,1.813391216,logistics,logistics_constrained,1.5,balanced,0.0,-0.287915724,7.0,True,logistics,False,neutral_or_mixed,False
migration_026,2026210010,forcegen,forcegen,logistics,0.5314096036372987,0.7088854664684573,0.17747586283115857,0.5314096036372987,0.7088854664684573,1.801144694,logistics,logistics_constrained,1.5,balanced,0.0,-0.199245291,7.0,True,logistics,False,neutral_or_mixed,False
migration_026,2026210011,logistics,logistics,none,0.737468601707943,-1.0,-1.0,-1.0,0.737468601707943,-1.0,logistics,logistics_constrained,1.5,balanced,0.0,-0.20911604900000003,,False,logistics,False,neutral_or_mixed,False
migration_027,2026210000,command,command,logistics,0.3553947344,0.8761127271061631,0.520717992706163,-1.0,0.8761127271061631,0.3553947344,command,command_constrained,0.0,none,0.0,0.0,7.0,True,logistics,False,neutral_or_mixed,False
migration_027,2026210001,command,command,logistics,0.3485225044,0.9430614167618205,0.5945389123618205,79.82424550239351,0.9430614167618205,0.3485225044,command,command_constrained,0.0,none,0.0,0.0,7.0,True,logistics,False,neutral_or_mixed,False
migration_027,2026210002,command,command,logistics,0.322688056,0.9341259966003963,0.6114379406003962,-1.0,0.9341259966003963,0.322688056,command,command_constrained,0.0,none,0.0,0.0,7.0,True,logistics,False,neutral_or_mixed,False
migration_027,2026210003,command,command,logistics,0.3132308483333333,1.1120165007281568,0.7987856523948236,-1.0,1.1120165007281568,0.3132308483333333,command,command_constrained,0.0,none,0.0,0.0,21.0,True,logistics,False,neutral_or_mixed,False
migration_027,2026210004,command,command,logistics,0.324543474,0.8579209061789622,0.5333774321789622,-1.0,0.8579209061789622,0.324543474,command,command_constrained,0.0,none,0.0,0.0,30.0,True,logistics,False,neutral_or_mixed,False
migration_027,2026210005,command,command,logistics,0.347404016,0.8842209561444303,0.5368169401444303,-1.0,0.8842209561444303,0.347404016,command,command_constrained,0.0,none,0.0,0.0,30.0,True,logistics,False,neutral_or_mixed,False
migration_027,2026210006,command,command,logistics,0.36557211575,0.9827915034297657,0.6172193876797658,-1.0,0.9827915034297657,0.36557211575,command,command_constrained,0.0,none,0.0,0.0,28.0,True,logistics,False,neutral_or_mixed,False
migration_027,2026210007,command,command,logistics,0.3820389,0.9257829828488571,0.5437440828488571,-1.0,0.9257829828488571,0.3820389,command,command_constrained,0.0,none,0.0,0.0,30.0,True,logistics,False,neutral_or_mixed,False
migration_027,2026210008,command,command,logistics,0.288891834,0.7910344457138122,0.5021426117138121,-1.0,0.7910344457138122,0.288891834,command,command_constrained,0.0,none,0.0,0.0,7.0,True,logistics,False,neutral_or_mixed,False
migration_027,2026210009,command,command,logistics,0.31432173,0.7770123989773666,0.4626906689773666,-1.0,0.7770123989773666,0.31432173,command,command_constrained,0.0,none,0.0,0.0,7.0,True,logistics,False,neutral_or_mixed,False
migration_027,2026210010,command,command,logistics,0.34516454799999996,0.9652968569453546,0.6201323089453546,21.45283619391344,0.9652968569453546,0.34516454799999996,command,command_constrained,0.0,none,0.0,0.0,7.0,True,logistics,False,neutral_or_mixed,False
migration_027,2026210011,logistics,logistics,none,0.9630092386030565,-1.0,-1.0,-1.0,0.9630092386030565,-1.0,command,command_constrained,0.0,none,0.0,0.0,,False,logistics,False,neutral_or_mixed,False
migration_028,2026210000,command,command,logistics,0.3553947344,0.876112727107683,0.5207179927076829,-1.0,0.876112727107683,0.3553947344,command,command_constrained,0.5,forcegen,0.0,0.0,7.0,True,logistics,False,neutral_or_mixed,False
migration_028,2026210001,command,command,logistics,0.3485225044,0.9430614167424286,0.5945389123424286,50.11569690883765,0.9430614167424286,0.3485225044,command,command_constrained,0.5,forcegen,8.699999998196262e-08,0.0,7.0,True,logistics,False,neutral_or_mixed,False
migration_028,2026210002,command,command,logistics,0.322688056,0.9341259965555978,0.6114379405555979,-1.0,0.9341259965555978,0.322688056,command,command_constrained,0.5,forcegen,6.099999994013672e-08,0.0,7.0,True,logistics,False,neutral_or_mixed,False
migration_028,2026210003,command,command,logistics,0.3132308483333333,1.112016500718834,0.7987856523855008,-1.0,1.112016500718834,0.3132308483333333,command,command_constrained,0.5,forcegen,0.0,0.0,21.0,True,logistics,False,neutral_or_mixed,False
migration_028,2026210004,command,command,logistics,0.324543474,0.8579209073825399,0.5333774333825398,-1.0,0.8579209073825399,0.324543474,command,command_constrained,0.5,forcegen,0.0,0.0,30.0,True,logistics,False,neutral_or_mixed,False
migration_028,2026210005,command,command,logistics,0.347404016,0.8842209561424518,0.5368169401424518,-1.0,0.8842209561424518,0.347404016,command,command_constrained,0.5,forcegen,0.0,0.0,30.0,True,logistics,False,neutral_or_mixed,False
migration_028,2026210006,command,command,logistics,0.36557211575,0.9827915034159749,0.6172193876659748,-1.0,0.9827915034159749,0.36557211575,command,command_constrained,0.5,forcegen,0.0,0.0,28.0,True,logistics,False,neutral_or_mixed,False
migration_028,2026210007,command,command,logistics,0.3820389,0.9257829828488571,0.5437440828488571,-1.0,0.9257829828488571,0.3820389,command,command_constrained,0.5,forcegen,0.0,0.0,30.0,True,logistics,False,neutral_or_mixed,False
migration_028,2026210008,command,command,logistics,0.288891834,0.791034445704983,0.502142611704983,-1.0,0.791034445704983,0.288891834,command,command_constrained,0.5,forcegen,7.000000024071085e-09,0.0,7.0,True,logistics,False,neutral_or_mixed,False
migration_028,2026210009,command,command,logistics,0.31432173,0.7770123989773666,0.4626906689773666,-1.0,0.7770123989773666,0.31432173,command,command_constrained,0.5,forcegen,0.0,0.0,7.0,True,logistics,False,neutral_or_mixed,False
migration_028,2026210010,command,command,logistics,0.34516454799999996,0.9652968569585564,0.6201323089585564,13.48293475164061,0.9652968569585564,0.34516454799999996,command,command_constrained,0.5,forcegen,0.0,0.0,7.0,True,logistics,False,neutral_or_mixed,False
migration_028,2026210011,logistics,logistics,none,0.9630092386030565,-1.0,-1.0,-1.0,0.9630092386030565,-1.0,command,command_constrained,0.5,forcegen,0.0,0.0,,False,logistics,False,neutral_or_mixed,False
migration_029,2026210000,command,command,logistics,0.3553947344,0.8761127271087775,0.5207179927087775,-1.0,0.8761127271087775,0.3553947344,command,command_constrained,1.0,forcegen,0.0,0.0,7.0,True,logistics,False,neutral_or_mixed,False
migration_029,2026210001,command,command,logistics,0.3485225044,0.9430614167138371,0.5945389123138372,36.521761872511554,0.9430614167138371,0.3485225044,command,command_constrained,1.0,forcegen,1.1499999996722465e-07,0.0,7.0,True,logistics,False,neutral_or_mixed,False
migration_029,2026210002,command,command,logistics,0.322688056,0.9341259965367525,0.6114379405367525,-1.0,0.9341259965367525,0.322688056,command,command_constrained,1.0,forcegen,1.9999999989472883e-08,0.0,7.0,True,logistics,False,neutral_or_mixed,False
migration_029,2026210003,command,command,logistics,0.3132308483333333,1.1120165007122031,0.7987856523788699,-1.0,1.1120165007122031,0.3132308483333333,command,command_constrained,1.0,forcegen,0.0,0.0,21.0,True,logistics,False,neutral_or_mixed,False
migration_029,2026210004,command,command,logistics,0.324543474,0.8579209082199601,0.5333774342199602,-1.0,0.8579209082199601,0.324543474,command,command_constrained,1.0,forcegen,0.0,0.0,30.0,True,logistics,False,neutral_or_mixed,False
migration_029,2026210005,command,command,logistics,0.347404016,0.8842209561408944,0.5368169401408944,-1.0,0.8842209561408944,0.347404016,command,command_constrained,1.0,forcegen,0.0,0.0,30.0,True,logistics,False,neutral_or_mixed,False
migration_029,2026210006,command,command,logistics,0.36557211575,0.9827915034093643,0.6172193876593643,-1.0,0.9827915034093643,0.36557211575,command,command_constrained,1.0,forcegen,0.0,0.0,28.0,True,logistics,False,neutral_or_mixed,False
migration_029,2026210007,command,command,logistics,0.3820389,0.9257829828488571,0.5437440828488571,-1.0,0.9257829828488571,0.3820389,command,command_constrained,1.0,forcegen,0.0,0.0,30.0,True,logistics,False,neutral_or_mixed,False
migration_029,2026210008,command,command,logistics,0.288891834,0.7910344457010297,0.5021426117010297,-1.0,0.7910344457010297,0.288891834,command,command_constrained,1.0,forcegen,7.999999995789153e-09,0.0,7.0,True,logistics,False,neutral_or_mixed,False
migration_029,2026210009,command,command,logistics,0.31432173,0.7770123989773666,0.4626906689773666,-1.0,0.7770123989773666,0.31432173,command,command_constrained,1.0,forcegen,0.0,0.0,7.0,True,logistics,False,neutral_or_mixed,False
migration_029,2026210010,command,command,logistics,0.34516454799999996,0.9652968569671591,0.6201323089671591,9.82442160172264,0.9652968569671591,0.34516454799999996,command,command_constrained,1.0,forcegen,0.0,0.0,7.0,True,logistics,False,neutral_or_mixed,False
migration_029,2026210011,logistics,logistics,none,0.9630092386030565,-1.0,-1.0,-1.0,0.9630092386030565,-1.0,command,command_constrained,1.0,forcegen,0.0,0.0,,False,logistics,False,neutral_or_mixed,False
migration_030,2026210000,command,command,logistics,0.3553947344,0.8761127271096125,0.5207179927096125,-1.0,0.8761127271096125,0.3553947344,command,command_constrained,1.5,forcegen,0.0,0.0,7.0,True,logistics,False,neutral_or_mixed,False
migration_030,2026210001,command,command,logistics,0.3485225044,0.9430614166880548,0.5945389122880548,29.419879581344393,0.9430614166880548,0.3485225044,command,command_constrained,1.5,forcegen,9.499999997775177e-08,0.0,7.0,True,logistics,False,neutral_or_mixed,False
migration_030,2026210002,command,command,logistics,0.322688056,0.9341259965293249,0.6114379405293249,-1.0,0.9341259965293249,0.322688056,command,command_constrained,1.5,forcegen,9.999999717180685e-10,0.0,7.0,True,logistics,False,neutral_or_mixed,False
migration_030,2026210003,command,command,logistics,0.3132308483333333,1.1120165007074123,0.7987856523740791,-1.0,1.1120165007074123,0.3132308483333333,command,command_constrained,1.5,forcegen,0.0,0.0,21.0,True,logistics,False,neutral_or_mixed,False
migration_030,2026210004,command,command,logistics,0.324543474,0.8579209088108881,0.5333774348108882,-1.0,0.8579209088108881,0.324543474,command,command_constrained,1.5,forcegen,0.0,0.0,30.0,True,logistics,False,neutral_or_mixed,False
migration_030,2026210005,command,command,logistics,0.347404016,0.8842209561396723,0.5368169401396723,-1.0,0.8842209561396723,0.347404016,command,command_constrained,1.5,forcegen,0.0,0.0,30.0,True,logistics,False,neutral_or_mixed,False
migration_030,2026210006,command,command,logistics,0.36557211575,0.9827915034041701,0.6172193876541701,-1.0,0.9827915034041701,0.36557211575,command,command_constrained,1.5,forcegen,0.0,0.0,28.0,True,logistics,False,neutral_or_mixed,False
migration_030,2026210007,command,command,logistics,0.3820389,0.9257829828488571,0.5437440828488571,-1.0,0.9257829828488571,0.3820389,command,command_constrained,1.5,forcegen,0.0,0.0,30.0,True,logistics,False,neutral_or_mixed,False
migration_030,2026210008,command,command,logistics,0.288891834,0.7910344456979379,0.502142611697938,-1.0,0.7910344456979379,0.288891834,command,command_constrained,1.5,forcegen,7.000000024071085e-09,0.0,7.0,True,logistics,False,neutral_or_mixed,False
migration_030,2026210009,command,command,logistics,0.31432173,0.7770123989773666,0.4626906689773666,-1.0,0.7770123989773666,0.31432173,command,command_constrained,1.5,forcegen,0.0,0.0,7.0,True,logistics,False,neutral_or_mixed,False
migration_030,2026210010,command,command,logistics,0.34516454799999996,0.9652968569722311,0.6201323089722311,7.908942837341326,0.9652968569722311,0.34516454799999996,command,command_constrained,1.5,forcegen,0.0,0.0,7.0,True,logistics,False,neutral_or_mixed,False
migration_030,2026210011,logistics,logistics,none,0.9630092386030565,-1.0,-1.0,-1.0,0.9630092386030565,-1.0,command,command_constrained,1.5,forcegen,0.0,0.0,,False,logistics,False,neutral_or_mixed,False
migration_031,2026210000,command,command,logistics,0.3553947344,0.8454122085349819,0.49001747413498187,-1.0,0.8454122085349819,0.3553947344,command,command_constrained,0.5,logistics,0.004721936000000038,-0.05003023699999998,7.0,True,logistics,True,dependency_gain,False
migration_031,2026210001,command,command,logistics,0.33656566699999996,0.9247242725369809,0.588158605536981,84.31686818520608,0.9247242725369809,0.33656566699999996,command,command_constrained,0.5,logistics,3.0540000000023326e-06,-0.047582360000000046,28.0,True,logistics,True,dependency_gain,False
migration_031,2026210002,command,command,logistics,0.32294133199999997,0.9129892270319311,0.5900478950319311,-1.0,0.9129892270319311,0.32294133199999997,command,command_constrained,0.5,logistics,0.00581474999999998,-0.04257208000000001,70.0,True,logistics,True,dependency_gain,False
migration_031,2026210003,command,command,logistics,0.3132308483333333,1.1109445274075858,0.7977136790742525,-1.0,1.1109445274075858,0.3132308483333333,command,command_constrained,0.5,logistics,0.00562570699999998,0.0,21.0,True,logistics,True,neutral_or_mixed,False
migration_031,2026210004,command,command,logistics,0.33992067200000003,0.8798858432639199,0.53996517126392,-1.0,0.8798858432639199,0.33992067200000003,command,command_constrained,0.5,logistics,0.008020723999999979,-0.04389009799999999,7.0,True,logistics,True,dependency_gain,False
migration_031,2026210005,command,command,logistics,0.243961212,0.8678501901213418,0.6238889781213418,-1.0,0.8678501901213418,0.243961212,command,command_constrained,0.5,logistics,0.005383136000000066,-0.43783986999999996,30.0,True,logistics,True,dependency_gain,False
migration_031,2026210006,command,command,logistics,0.32862659925,0.9789338677291192,0.6503072684791191,-1.0,0.9789338677291192,0.32862659925,command,command_constrained,0.5,logistics,0.009091035999999941,-0.39494441700000005,21.0,True,logistics,True,double_harm,False
migration_031,2026210007,command,command,logistics,0.33366130039999997,0.8874749875284522,0.5538136871284522,-1.0,0.8874749875284522,0.33366130039999997,command,command_constrained,0.5,logistics,0.004807990000000095,0.0,7.0,True,logistics,True,neutral_or_mixed,False
migration_031,2026210008,command,command,logistics,0.2897646405454546,0.8225956183959205,0.532830977850466,-1.0,0.8225956183959205,0.2897646405454546,command,command_constrained,0.5,logistics,0.014076831999999984,-0.05060452400000004,28.0,True,logistics,True,dependency_gain,False
migration_031,2026210009,command,command,logistics,0.31432173,0.7312140241879722,0.4168922941879722,-1.0,0.7312140241879722,0.31432173,command,command_constrained,0.5,logistics,0.006675321000000012,-0.05570440799999998,7.0,True,logistics,True,dependency_gain,False
migration_031,2026210010,command,command,logistics,0.3173844175,0.9859233903785821,0.6685389728785821,31.36187797804223,0.9859233903785821,0.3173844175,command,command_constrained,0.5,logistics,0.01212914800000009,-0.03860388699999995,7.0,True,logistics,True,dependency_gain,False
migration_031,2026210011,command,command,logistics,0.318383228,0.8910324487438853,0.5726492207438854,-1.0,0.8910324487438853,0.318383228,command,command_constrained,0.5,logistics,0.04345710700000005,0.0,7.0,True,logistics,True,neutral_or_mixed,False
migration_032,2026210000,command,command,logistics,0.3469725805714286,0.8662867042348312,0.5193141236634027,-1.0,0.8662867042348312,0.3469725805714286,command,command_constrained,1.0,logistics,0.010881863000000047,-0.10559881599999998,14.0,True,logistics,True,dependency_gain,False
migration_032,2026210001,command,command,logistics,0.3180804664,0.884109036791642,0.566028570391642,90.86567666276471,0.884109036791642,0.3180804664,command,command_constrained,1.0,logistics,0.013008774999999972,-0.07098775800000001,28.0,True,logistics,True,dependency_gain,False
migration_032,2026210002,command,command,logistics,0.3041826653333333,0.8998359254858773,0.5956532601525439,-1.0,0.8998359254858773,0.3041826653333333,command,command_constrained,1.0,logistics,0.010322311000000028,-0.06953509699999993,7.0,True,logistics,True,double_harm,False
migration_032,2026210003,command,command,logistics,0.30764556,0.8906646351682684,0.5830190751682685,49.78658935724498,0.8906646351682684,0.30764556,command,command_constrained,1.0,logistics,0.091591965,-0.448293524,7.0,True,logistics,True,double_harm,False
migration_032,2026210004,command,command,logistics,0.31808324466666665,0.8705408247752622,0.5524575801085956,-1.0,0.8705408247752622,0.31808324466666665,command,command_constrained,1.0,logistics,-0.0012890939999999906,0.010829945000000007,14.0,True,logistics,False,productive_autonomy,False
migration_032,2026210005,command,command,logistics,0.243961212,0.8587739836825908,0.6148127716825909,-1.0,0.8587739836825908,0.243961212,command,command_constrained,1.0,logistics,0.009922776000000022,-0.43783887799999993,49.0,True,logistics,True,dependency_gain,False
migration_032,2026210006,command,command,logistics,0.34572991740000003,0.9639099494058919,0.6181800320058919,-1.0,0.9639099494058919,0.34572991740000003,command,command_constrained,1.0,logistics,0.014182087999999982,-0.07442961599999998,7.0,True,logistics,True,dependency_gain,False
migration_032,2026210007,command,command,logistics,0.33366130039999997,0.85545160268781,0.52179030228781,-1.0,0.85545160268781,0.33366130039999997,command,command_constrained,1.0,logistics,0.011975854000000008,-0.08182418699999994,7.0,True,logistics,True,dependency_gain,False
migration_032,2026210008,command,command,logistics,0.2897646405454546,0.8279548347729706,0.538190194227516,-1.0,0.8279548347729706,0.2897646405454546,command,command_constrained,1.0,logistics,0.035256813000000053,-0.09523236000000002,7.0,True,logistics,True,dependency_gain,False
migration_032,2026210009,command,command,logistics,0.31432173,0.6936883104068953,0.37936658040689525,-1.0,0.6936883104068953,0.31432173,command,command_constrained,1.0,logistics,-0.003392599999999968,-0.11238086299999994,7.0,True,logistics,False,dependency_gain,False
migration_032,2026210010,command,command,logistics,0.31862106040000004,0.9627292107549079,0.6441081503549079,23.430088499693692,0.9627292107549079,0.31862106040000004,command,command_constrained,1.0,logistics,0.026259634999999948,-0.07182822499999997,14.0,True,logistics,True,dependency_gain,False
migration_032,2026210011,command,command,logistics,0.318383228,0.8603333962366745,0.5419501682366745,-1.0,0.8603333962366745,0.318383228,command,command_constrained,1.0,logistics,0.07470323099999998,0.0,7.0,True,logistics,True,neutral_or_mixed,False
migration_033,2026210000,command,command,logistics,0.34349210488888887,0.8539266669956115,0.5104345621067226,-1.0,0.8539266669956115,0.34349210488888887,command,command_constrained,1.5,logistics,0.024120624000000035,-0.109485379,14.0,True,logistics,True,dependency_gain,False
migration_033,2026210001,command,command,logistics,0.3180804664,0.8393346809561046,0.5212542145561047,97.28533572986336,0.8393346809561046,0.3180804664,command,command_constrained,1.5,logistics,0.01795557400000003,0.0,28.0,True,logistics,True,neutral_or_mixed,False
migration_033,2026210002,command,command,logistics,0.31506378542857144,0.8653579414316331,0.5502941560030616,55.68358372707275,0.8653579414316331,0.31506378542857144,command,command_constrained,1.5,logistics,0.015890594000000036,-0.100365449,21.0,True,logistics,True,dependency_gain,False
migration_033,2026210003,command,command,logistics,0.2973210886666667,0.8718251258987332,0.5745040372320664,-1.0,0.8718251258987332,0.2973210886666667,command,command_constrained,1.5,logistics,0.025703012999999997,0.37157330599999994,7.0,True,logistics,True,contraction_autonomy,False
migration_033,2026210004,command,command,logistics,0.324543474,0.8651610764682498,0.5406176024682499,-1.0,0.8651610764682498,0.324543474,command,command_constrained,1.5,logistics,0.025930771999999935,0.0,21.0,True,logistics,True,neutral_or_mixed,False
migration_033,2026210005,command,command,logistics,0.36595432899999997,0.8848710036264688,0.5189166746264688,48.58378336131197,0.8848710036264688,0.36595432899999997,command,command_constrained,1.5,logistics,0.01697126400000004,0.19314857100000005,7.0,True,logistics,True,productive_autonomy,False
migration_033,2026210006,command,command,logistics,0.35079390899999996,0.9111456434483893,0.5603517344483894,-1.0,0.9111456434483893,0.35079390899999996,command,command_constrained,1.5,logistics,0.023168469999999997,-0.070303012,30.0,True,logistics,True,dependency_gain,False
migration_033,2026210007,command,command,logistics,0.3653270837142858,0.7986501281717502,0.4333230444574644,46.09855722436599,0.7986501281717502,0.3653270837142858,command,command_constrained,1.5,logistics,0.01889209199999997,0.20778239200000004,30.0,True,logistics,True,productive_autonomy,False
migration_033,2026210008,command,command,logistics,0.29071054454545453,0.7678237288953399,0.47711318434988537,-1.0,0.7678237288953399,0.29071054454545453,command,command_constrained,1.5,logistics,0.05112819999999996,-0.130236617,14.0,True,logistics,True,dependency_gain,False
migration_033,2026210009,command,command,logistics,0.31475485950000004,0.7028131836569222,0.3880583241569222,-1.0,0.7028131836569222,0.31475485950000004,command,command_constrained,1.5,logistics,0.02501511600000006,-0.14437182399999993,7.0,True,logistics,True,dependency_gain,False
migration_033,2026210010,command,command,logistics,0.319445489,0.928928014499557,0.609482525499557,24.19142586415555,0.928928014499557,0.319445489,command,command_constrained,1.5,logistics,0.037807748000000085,-0.10021244100000004,7.0,True,logistics,True,dependency_gain,False
migration_033,2026210011,command,command,logistics,0.402071426,0.8755026854245661,0.4734312594245661,-1.0,0.8755026854245661,0.402071426,command,command_constrained,1.5,logistics,0.011483956999999934,0.26383008499999994,7.0,True,logistics,True,contraction_autonomy,False
migration_034,2026210000,command,command,logistics,0.34005763733333333,0.8880417643760854,0.5479841270427521,-1.0,0.8880417643760854,0.34005763733333333,command,command_constrained,0.5,command,-2.609799999997442e-05,0.0,21.0,True,logistics,False,neutral_or_mixed,True
migration_034,2026210001,command,command,logistics,0.34415971,1.029212188908132,0.685052478908132,-1.0,1.029212188908132,0.34415971,command,command_constrained,0.5,command,0.0,0.17134729800000004,7.0,True,logistics,False,contraction_autonomy,True
migration_034,2026210002,command,command,logistics,0.34042942171428564,0.968630436145237,0.6282010144309513,-1.0,0.968630436145237,0.34042942171428564,command,command_constrained,0.5,command,-0.002103727999999916,0.012899795000000047,14.0,True,logistics,False,contraction_autonomy,True
migration_034,2026210003,command,command,logistics,0.29953097300000003,1.0982769018898797,0.7987459288898797,64.92913083671758,1.0982769018898797,0.29953097300000003,command,command_constrained,0.5,command,-0.004936779999999974,0.711864398,28.0,True,logistics,False,contraction_autonomy,True
migration_034,2026210004,command,command,logistics,0.324543474,0.9064208188704133,0.5818773448704133,-1.0,0.9064208188704133,0.324543474,command,command_constrained,0.5,command,0.0,0.0,7.0,True,logistics,False,neutral_or_mixed,True
migration_034,2026210005,command,command,logistics,0.31947270066666666,0.8661374237640563,0.5466647230973897,-1.0,0.8661374237640563,0.31947270066666666,command,command_constrained,0.5,command,0.08174559199999998,0.005353153999999916,30.0,True,logistics,True,productive_autonomy,True
migration_034,2026210006,command,command,logistics,0.3255261091428571,1.032183895981988,0.7066577868391308,-1.0,1.032183895981988,0.3255261091428571,command,command_constrained,0.5,command,-3.8605999999941076e-05,0.37831667300000005,35.0,True,logistics,False,contraction_autonomy,True
migration_034,2026210007,command,command,logistics,0.3820389,0.9250978876328486,0.5430589876328487,-1.0,0.9250978876328486,0.3820389,command,command_constrained,0.5,command,0.0,0.0,7.0,True,logistics,False,neutral_or_mixed,True
migration_034,2026210008,command,command,logistics,0.3133089905,0.9174139735541189,0.604104983054119,-1.0,0.9174139735541189,0.3133089905,command,command_constrained,0.5,command,0.0,0.0,7.0,True,logistics,False,neutral_or_mixed,True
migration_034,2026210009,command,command,logistics,0.31432173,0.7770123989773666,0.4626906689773666,-1.0,0.7770123989773666,0.31432173,command,command_constrained,0.5,command,0.0,0.0,7.0,True,logistics,False,neutral_or_mixed,True
migration_034,2026210010,command,command,logistics,0.34516454799999996,0.9652968569453546,0.6201323089453546,21.45283619391344,0.9652968569453546,0.34516454799999996,command,command_constrained,0.5,command,0.0,0.0,7.0,True,logistics,False,neutral_or_mixed,True
migration_034,2026210011,command,command,logistics,0.345665572,0.9154226097638621,0.5697570377638621,173.78054485857484,0.9154226097638621,0.345665572,command,command_constrained,0.5,command,0.0,0.210541341,7.0,True,logistics,False,productive_autonomy,True
migration_035,2026210000,command,command,logistics,0.347865044,0.8651636756526726,0.5172986316526726,25.303332293211547,0.8651636756526726,0.347865044,command,command_constrained,1.0,command,0.0,0.0,28.0,True,logistics,False,neutral_or_mixed,True
migration_035,2026210001,command,command,logistics,0.347067601,0.9230018304599382,0.5759342294599382,67.83136317009377,0.9230018304599382,0.347067601,command,command_constrained,1.0,command,0.009241743999999996,-1.0000000050247593e-08,7.0,True,logistics,True,neutral_or_mixed,True
migration_035,2026210002,command,command,logistics,0.3234156357142857,0.9081866021057219,0.5847709663914362,-1.0,0.9081866021057219,0.3234156357142857,command,command_constrained,1.0,command,0.00010961000000009324,0.0,7.0,True,logistics,True,neutral_or_mixed,True
migration_035,2026210003,command,command,logistics,0.32935561480000003,1.0351196915305987,0.7057640767305986,63.41091065819002,1.0351196915305987,0.32935561480000003,command,command_constrained,1.0,command,0.027495696000000014,0.38680614300000005,7.0,True,logistics,True,contraction_autonomy,True
migration_035,2026210004,command,command,logistics,0.2872306225,0.8888375276395261,0.6016069051395261,-1.0,0.8888375276395261,0.2872306225,command,command_constrained,1.0,command,0.0,0.0,7.0,True,logistics,False,neutral_or_mixed,True
migration_035,2026210005,command,command,logistics,0.352148486,0.9527952333458136,0.6006467473458137,-1.0,0.9527952333458136,0.352148486,command,command_constrained,1.0,command,0.0,0.010378098000000002,7.0,True,logistics,False,productive_autonomy,True
migration_035,2026210006,command,command,logistics,0.35536318133333333,0.9643933441916339,0.6090301628583006,-1.0,0.9643933441916339,0.35536318133333333,command,command_constrained,1.0,command,0.004527267000000057,-1.154000000003208e-06,14.0,True,logistics,True,double_harm,True
migration_035,2026210007,command,command,logistics,0.3820389,0.9019461072764379,0.5199072072764379,52.94794636625361,0.9019461072764379,0.3820389,command,command_constrained,1.0,command,-0.014161804,0.0,28.0,True,logistics,False,neutral_or_mixed,True
migration_035,2026210008,command,command,logistics,0.30134736,0.7994914879399843,0.49814412793998425,-1.0,0.7994914879399843,0.30134736,command,command_constrained,1.0,command,0.0,-4.999999969612645e-09,7.0,True,logistics,False,neutral_or_mixed,True
migration_035,2026210009,command,command,logistics,0.31432173,0.7897973893188509,0.4754756593188509,-1.0,0.7897973893188509,0.31432173,command,command_constrained,1.0,command,0.0,5.999999941330714e-09,7.0,True,logistics,False,neutral_or_mixed,True
migration_035,2026210010,command,command,logistics,0.359474818,0.9243512660284341,0.5648764480284341,24.81841618600543,0.9243512660284341,0.359474818,command,command_constrained,1.0,command,0.0,-0.26951741399999996,14.0,True,logistics,False,double_harm,True
migration_035,2026210011,logistics,logistics,none,0.9155419423401484,-1.0,-1.0,-1.0,0.9155419423401484,-1.0,command,command_constrained,1.0,command,0.0,0.0,,False,logistics,False,neutral_or_mixed,False
migration_036,2026210000,command,command,logistics,0.3553947344,0.7990898856426869,0.4436951512426869,-1.0,0.7990898856426869,0.3553947344,command,command_constrained,1.5,command,0.0,-0.074293952,7.0,True,logistics,False,double_harm,True
migration_036,2026210001,command,command,logistics,0.3258596115,0.9487992832115701,0.6229396717115702,31.717116477264888,0.9487992832115701,0.3258596115,command,command_constrained,1.5,command,-9.912599999994942e-05,0.13137887299999995,7.0,True,logistics,False,contraction_autonomy,True
migration_036,2026210002,command,command,logistics,0.29552087875,1.025052169390414,0.729531290640414,46.488722833108056,1.025052169390414,0.29552087875,command,command_constrained,1.5,command,0.026341590000000026,-0.31316959699999997,30.0,True,logistics,True,double_harm,True
migration_036,2026210003,command,command,logistics,0.347403972,0.9767370953471359,0.629333123347136,-1.0,0.9767370953471359,0.347403972,command,command_constrained,1.5,command,0.0,0.5547791799999999,7.0,True,logistics,False,contraction_autonomy,True
migration_036,2026210004,command,command,logistics,0.3260944404,0.9617096307487829,0.6356151903487829,37.84821999330695,0.9617096307487829,0.3260944404,command,command_constrained,1.5,command,0.0,0.0,7.0,True,logistics,False,neutral_or_mixed,True
migration_036,2026210005,command,command,logistics,0.325589308,1.0342658365641726,0.7086765285641725,-1.0,1.0342658365641726,0.325589308,command,command_constrained,1.5,command,1.0159000000009577e-05,0.359907051,7.0,True,logistics,True,productive_autonomy,True
migration_036,2026210006,command,command,logistics,0.32653176685714286,0.957634819249757,0.6311030523926142,102.68897995452221,0.957634819249757,0.32653176685714286,command,command_constrained,1.5,command,-9.240799999998828e-05,-0.356367062,14.0,True,logistics,False,dependency_gain,True
migration_036,2026210007,command,command,logistics,0.3820389,0.7720469681841353,0.3900080681841353,-1.0,0.7720469681841353,0.3820389,command,command_constrained,1.5,command,0.0,0.0,7.0,True,logistics,False,neutral_or_mixed,True
migration_036,2026210008,command,command,logistics,0.31787947,1.0027414221034159,0.6848619521034158,71.28454221080216,1.0027414221034159,0.31787947,command,command_constrained,1.5,command,0.011569511000000032,0.19065481299999998,14.0,True,logistics,True,contraction_autonomy,True
migration_036,2026210009,logistics,logistics,none,0.778917101570023,-1.0,-1.0,-1.0,0.778917101570023,-1.0,command,command_constrained,1.5,command,0.0,-3.999999997894577e-09,,False,logistics,False,neutral_or_mixed,False
migration_036,2026210010,command,command,logistics,0.342428143,0.9091424165666806,0.5667142735666806,69.63513747677975,0.9091424165666806,0.342428143,command,command_constrained,1.5,command,-0.00520681700000003,0.0,7.0,True,logistics,False,neutral_or_mixed,True
migration_036,2026210011,command,command,logistics,0.318383228,0.8893232196286446,0.5709399916286446,40.788329345767934,0.8893232196286446,0.318383228,command,command_constrained,1.5,command,0.0,0.0,7.0,True,logistics,False,neutral_or_mixed,True
migration_037,2026210000,command,command,logistics,0.346765544,0.8834794409063679,0.5367138969063678,81.05111627139235,0.8834794409063679,0.346765544,command,command_constrained,0.5,balanced,8.500000000521979e-07,-0.021154614999999932,7.0,True,logistics,False,dependency_gain,False
migration_037,2026210001,command,command,logistics,0.327315153,0.8703692185937041,0.5430540655937041,-1.0,0.8703692185937041,0.327315153,command,command_constrained,0.5,balanced,0.005442716999999986,-0.02381221499999997,7.0,True,logistics,True,double_harm,False
migration_037,2026210002,command,command,logistics,0.32294133199999997,0.9290963101836104,0.6061549781836104,-1.0,0.9290963101836104,0.32294133199999997,command,command_constrained,0.5,balanced,0.001958153000000018,-0.01807017200000005,7.0,True,logistics,True,double_harm,False
migration_037,2026210003,command,command,logistics,0.36144964371428573,0.9467911508318341,0.5853415071175483,-1.0,0.9467911508318341,0.36144964371428573,command,command_constrained,0.5,balanced,-0.003883403999999979,-0.05035498500000002,28.0,True,logistics,False,dependency_gain,False
migration_037,2026210004,command,command,logistics,0.33992067200000003,0.8951212183858002,0.5552005463858001,-1.0,0.8951212183858002,0.33992067200000003,command,command_constrained,0.5,balanced,0.008583566999999959,0.19792620000000005,7.0,True,logistics,True,contraction_autonomy,False
migration_037,2026210005,command,command,logistics,0.347404016,0.8737862614635177,0.5263822454635176,-1.0,0.8737862614635177,0.347404016,command,command_constrained,0.5,balanced,0.0022937160000000567,0.19305427500000005,30.0,True,logistics,True,contraction_autonomy,False
migration_037,2026210006,command,command,logistics,0.3622043535,0.9842661853604655,0.6220618318604655,-1.0,0.9842661853604655,0.3622043535,command,command_constrained,0.5,balanced,0.008655940000000029,0.21926298200000005,30.0,True,logistics,True,productive_autonomy,False
migration_037,2026210007,command,command,logistics,0.3820389,0.9118385482600581,0.529799648260058,-1.0,0.9118385482600581,0.3820389,command,command_constrained,0.5,balanced,0.0018562720000000477,-0.019017295000000045,30.0,True,logistics,True,dependency_gain,False
migration_037,2026210008,command,command,logistics,0.31800216049999996,0.9030655613028992,0.5850634008028992,-1.0,0.9030655613028992,0.31800216049999996,command,command_constrained,0.5,balanced,0.012786081000000005,-0.019368241000000008,28.0,True,logistics,True,double_harm,False
migration_037,2026210009,command,command,logistics,0.31432173,0.7556339715192384,0.44131224151923837,-1.0,0.7556339715192384,0.31432173,command,command_constrained,0.5,balanced,0.002619232000000027,-0.021643340999999983,7.0,True,logistics,True,dependency_gain,False
migration_037,2026210010,command,command,logistics,0.327696915,0.9925214507747422,0.6648245357747422,20.054097241127216,0.9925214507747422,0.327696915,command,command_constrained,0.5,balanced,0.005577047999999918,-0.018823627999999926,21.0,True,logistics,True,double_harm,False
migration_037,2026210011,logistics,logistics,none,0.9518920345303671,-1.0,-1.0,-1.0,0.9518920345303671,-1.0,command,command_constrained,0.5,balanced,0.02109705000000006,-0.40064894900000003,,False,logistics,True,double_harm,False
migration_038,2026210000,command,command,logistics,0.346765544,0.8744010229011112,0.5276354789011113,74.142505433303,0.8744010229011112,0.346765544,command,command_constrained,1.0,balanced,1.593000000021938e-06,-0.041432687000000024,28.0,True,logistics,True,dependency_gain,False
migration_038,2026210001,command,command,logistics,0.314106257,0.9857558115862379,0.671649554586238,-1.0,0.9857558115862379,0.314106257,command,command_constrained,1.0,balanced,0.005439540999999992,-0.03222654899999999,14.0,True,logistics,True,double_harm,False
migration_038,2026210002,command,command,logistics,0.3225071445714286,0.9485973790897917,0.6260902345183631,-1.0,0.9485973790897917,0.3225071445714286,command,command_constrained,1.0,balanced,0.003606347999999926,-0.030988660999999973,14.0,True,logistics,True,dependency_gain,False
migration_038,2026210003,command,command,logistics,0.31969526485714284,1.0123213488376048,0.692626083980462,62.19565185435854,1.0123213488376048,0.31969526485714284,command,command_constrained,1.0,balanced,0.001387640999999995,0.379803537,7.0,True,logistics,True,productive_autonomy,False
migration_038,2026210004,command,command,logistics,0.33992067200000003,0.8859328356509589,0.546012163650959,-1.0,0.8859328356509589,0.33992067200000003,command,command_constrained,1.0,balanced,0.008238079000000065,-0.233175586,7.0,True,logistics,True,double_harm,False
migration_038,2026210005,command,command,logistics,0.3272311792,0.826814903974029,0.499583724774029,-1.0,0.826814903974029,0.3272311792,command,command_constrained,1.0,balanced,0.011968955000000059,-0.03534942600000002,7.0,True,logistics,True,double_harm,False
migration_038,2026210006,command,command,logistics,0.32983049475,0.9067069245897331,0.5768764298397331,-1.0,0.9067069245897331,0.32983049475,command,command_constrained,1.0,balanced,0.028545460999999994,-0.265241704,21.0,True,logistics,True,dependency_gain,False
migration_038,2026210007,command,command,logistics,0.3820389,0.900381183792478,0.518342283792478,-1.0,0.900381183792478,0.3820389,command,command_constrained,1.0,balanced,0.0039600179999998986,-0.032093271000000034,30.0,True,logistics,True,dependency_gain,False
migration_038,2026210008,command,command,logistics,0.31800216049999996,0.8990642122740292,0.5810620517740293,-1.0,0.8990642122740292,0.31800216049999996,command,command_constrained,1.0,balanced,0.016880925999999907,-0.038000435999999915,28.0,True,logistics,True,double_harm,False
migration_038,2026210009,command,command,logistics,0.31432173,0.7504516708862375,0.4361299408862375,-1.0,0.7504516708862375,0.31432173,command,command_constrained,1.0,balanced,0.010721538999999947,-0.04236885800000001,7.0,True,logistics,True,dependency_gain,False
migration_038,2026210010,command,command,logistics,0.3173844175,0.9700541732860588,0.6526697557860588,25.95590512549784,0.9700541732860588,0.3173844175,command,command_constrained,1.0,balanced,0.010823826999999953,-0.24156371499999996,7.0,True,logistics,True,dependency_gain,False
migration_038,2026210011,command,command,logistics,0.318383228,0.8997251394198826,0.5813419114198826,-1.0,0.8997251394198826,0.318383228,command,command_constrained,1.0,balanced,0.03408641300000004,-0.18433449000000002,7.0,True,logistics,True,double_harm,False
migration_039,2026210000,command,command,logistics,0.34005763733333333,0.8773619956634965,0.5373043583301631,-1.0,0.8773619956634965,0.34005763733333333,command,command_constrained,1.5,balanced,0.006977659999999997,-0.059329721999999974,21.0,True,logistics,True,dependency_gain,False
migration_039,2026210001,command,command,logistics,0.349613203,0.9216096314123214,0.5719964284123215,-1.0,0.9216096314123214,0.349613203,command,command_constrained,1.5,balanced,0.03338474300000005,0.20125747900000002,49.0,True,logistics,True,productive_autonomy,False
migration_039,2026210002,command,command,logistics,0.34042942171428564,0.9237923466758062,0.5833629249615206,-1.0,0.9237923466758062,0.34042942171428564,command,command_constrained,1.5,balanced,0.0033863929999999876,0.20309205500000005,14.0,True,logistics,True,productive_autonomy,False
migration_039,2026210003,command,command,logistics,0.30988070490909086,0.9794609844291265,0.6695802795200356,-1.0,0.9794609844291265,0.30988070490909086,command,command_constrained,1.5,balanced,0.024562616999999953,-0.253968125,7.0,True,logistics,True,dependency_gain,False
migration_039,2026210004,command,command,logistics,0.31485313,0.8794339638041492,0.5645808338041491,78.73127425351073,0.8794339638041492,0.31485313,command,command_constrained,1.5,balanced,0.04381519199999995,-0.15807969499999996,7.0,True,logistics,True,double_harm,False
migration_039,2026210005,command,command,logistics,0.3272311792,0.8517544495894966,0.5245232703894966,-1.0,0.8517544495894966,0.3272311792,command,command_constrained,1.5,balanced,0.017605127000000054,-0.048421680999999994,7.0,True,logistics,True,dependency_gain,False
migration_039,2026210006,command,command,logistics,0.32029435249999993,0.9672166299632251,0.6469222774632252,-1.0,0.9672166299632251,0.32029435249999993,command,command_constrained,1.5,balanced,0.0010753070000000253,0.45489085700000004,21.0,True,logistics,True,productive_autonomy,False
migration_039,2026210007,command,command,logistics,0.3820389,0.8803801584279203,0.49834125842792026,-1.0,0.8803801584279203,0.3820389,command,command_constrained,1.5,balanced,0.0051366259999999775,-0.059426892000000064,7.0,True,logistics,True,dependency_gain,False
migration_039,2026210008,command,command,logistics,0.3133089905,0.8889544881742543,0.5756454976742542,-1.0,0.8889544881742543,0.3133089905,command,command_constrained,1.5,balanced,0.009893696000000007,-0.05570789300000001,7.0,True,logistics,True,dependency_gain,False
migration_039,2026210009,command,command,logistics,0.31432173,0.7331908226954456,0.41886909269544553,-1.0,0.7331908226954456,0.31432173,command,command_constrained,1.5,balanced,-0.003874264000000016,-0.062279703999999936,7.0,True,logistics,False,dependency_gain,False
migration_039,2026210010,command,command,logistics,0.3173844175,0.9368828204079755,0.6194984029079755,24.340907920711295,0.9368828204079755,0.3173844175,command,command_constrained,1.5,balanced,0.016628026000000018,-0.24543970199999998,7.0,True,logistics,True,dependency_gain,False
migration_039,2026210011,command,command,logistics,0.3320244,0.8579852761673827,0.5259608761673827,82.33607964294967,0.8579852761673827,0.3320244,command,command_constrained,1.5,balanced,0.05032793400000002,0.0,7.0,True,logistics,True,neutral_or_mixed,False
migration_040,2026210000,command,command,logistics,0.762887288,0.856979373813198,0.09409208581319795,-1.0,0.856979373813198,0.762887288,mixed,near_tie_low,0.0,none,0.0,0.0,7.0,True,logistics,False,neutral_or_mixed,False
migration_040,2026210001,forcegen,forcegen,command,0.3732215947434192,0.7557357,0.3825141052565808,0.3732215947434192,0.8826109409058882,0.7557357,mixed,near_tie_low,0.0,none,0.0,0.0,7.0,True,logistics,False,neutral_or_mixed,False
migration_040,2026210002,command,command,logistics,0.765520976,0.8749489213099798,0.10942794530997979,4.1516014315198815,0.8749489213099798,0.765520976,mixed,near_tie_low,0.0,none,0.0,0.0,7.0,True,logistics,False,neutral_or_mixed,False
migration_040,2026210003,forcegen,forcegen,command,0.35293866317808414,0.75184049,0.39890182682191583,0.35293866317808414,0.7911876918606142,0.75184049,mixed,near_tie_low,0.0,none,0.0,0.0,7.0,True,logistics,False,neutral_or_mixed,False
migration_040,2026210004,logistics,logistics,none,0.8378725661451264,-1.0,-1.0,-1.0,0.8378725661451264,-1.0,mixed,near_tie_low,0.0,none,0.0,0.0,,False,logistics,False,neutral_or_mixed,False
migration_040,2026210005,forcegen,forcegen,command,0.35936535098819605,0.798636234,0.4392708830118039,0.35936535098819605,0.912458689503187,0.798636234,mixed,near_tie_low,0.0,none,0.0,0.0,7.0,True,logistics,False,neutral_or_mixed,False
migration_040,2026210006,logistics,logistics,none,0.87112226009544,-1.0,-1.0,-1.0,0.87112226009544,-1.0,mixed,near_tie_low,0.0,none,0.0,0.0,,False,logistics,False,neutral_or_mixed,False
migration_040,2026210007,logistics,logistics,none,0.8413463382107933,-1.0,-1.0,-1.0,0.8413463382107933,-1.0,mixed,near_tie_low,0.0,none,0.0,0.0,,False,logistics,False,neutral_or_mixed,False
migration_040,2026210008,logistics,logistics,none,0.8841436269576879,-1.0,-1.0,-1.0,0.8841436269576879,-1.0,mixed,near_tie_low,0.0,none,0.0,0.0,,False,logistics,False,neutral_or_mixed,False
migration_040,2026210009,forcegen,forcegen,command,0.37257586702675277,0.647134926,0.2745590589732472,0.37257586702675277,0.9202523879065092,0.647134926,mixed,near_tie_low,0.0,none,0.0,0.0,7.0,True,logistics,False,neutral_or_mixed,False
migration_040,2026210010,logistics,logistics,none,0.8524072588954649,-1.0,-1.0,-1.0,0.8524072588954649,-1.0,mixed,near_tie_low,0.0,none,0.0,0.0,,False,logistics,False,neutral_or_mixed,False
migration_040,2026210011,logistics,logistics,none,0.8720565774329827,-1.0,-1.0,-1.0,0.8720565774329827,-1.0,mixed,near_tie_low,0.0,none,0.0,0.0,,False,logistics,False,neutral_or_mixed,False
migration_041,2026210000,command,command,logistics,0.762887288,0.8569793738129257,0.09409208581292561,-1.0,0.8569793738129257,0.762887288,mixed,near_tie_low,0.5,forcegen,2.9599999995522097e-07,0.0,7.0,True,logistics,False,neutral_or_mixed,False
migration_041,2026210001,forcegen,forcegen,command,0.2238383718533243,0.7557357,0.5318973281466757,0.2238383718533243,0.882610944150933,0.7557357,mixed,near_tie_low,0.5,forcegen,4.630000000060974e-07,0.0,7.0,True,logistics,False,neutral_or_mixed,True
migration_041,2026210002,command,command,logistics,0.765520976,0.8749489213316283,0.10942794533162825,2.4785594600056773,0.8749489213316283,0.765520976,mixed,near_tie_low,0.5,forcegen,4.5200000009515406e-07,0.0,7.0,True,logistics,False,neutral_or_mixed,False
migration_041,2026210003,forcegen,forcegen,command,0.2116367436611405,0.75184049,0.5402037463388595,0.2116367436611405,0.7911876918284592,0.75184049,mixed,near_tie_low,0.5,forcegen,0.0,0.0,7.0,True,logistics,False,neutral_or_mixed,True
migration_041,2026210004,logistics,logistics,none,0.8378725661451264,-1.0,-1.0,-1.0,0.8378725661451264,-1.0,mixed,near_tie_low,0.5,forcegen,3.3300000001901253e-07,0.0,,False,logistics,False,neutral_or_mixed,False
migration_041,2026210005,forcegen,forcegen,command,0.2154983614920476,0.798636234,0.5831378725079523,0.2154983614920476,0.912458689503187,0.798636234,mixed,near_tie_low,0.5,forcegen,3.270000000776818e-07,0.0,7.0,True,logistics,False,neutral_or_mixed,True
migration_041,2026210006,logistics,logistics,none,0.87112226009544,-1.0,-1.0,-1.0,0.87112226009544,-1.0,mixed,near_tie_low,0.5,forcegen,2.2799999999101317e-07,0.0,,False,logistics,False,neutral_or_mixed,False
migration_041,2026210007,logistics,logistics,none,0.8413463382107933,-1.0,-1.0,-1.0,0.8413463382107933,-1.0,mixed,near_tie_low,0.5,forcegen,4.279999999967643e-07,0.0,,False,logistics,False,neutral_or_mixed,False
migration_041,2026210008,logistics,logistics,none,0.8841436269627119,-1.0,-1.0,-1.0,0.8841436269627119,-1.0,mixed,near_tie_low,0.5,forcegen,0.0,0.0,,False,logistics,False,neutral_or_mixed,False
migration_041,2026210009,forcegen,forcegen,command,0.22339901431847597,0.647134926,0.423735911681524,0.22339901431847597,0.9202523879907066,0.647134926,mixed,near_tie_low,0.5,forcegen,0.0,0.0,7.0,True,logistics,False,neutral_or_mixed,True
migration_041,2026210010,logistics,logistics,none,0.8524072589034857,-1.0,-1.0,-1.0,0.8524072589034857,-1.0,mixed,near_tie_low,0.5,forcegen,1.299999999870849e-07,0.0,,False,logistics,False,neutral_or_mixed,False
migration_041,2026210011,logistics,logistics,none,0.8720565774320129,-1.0,-1.0,-1.0,0.8720565774320129,-1.0,mixed,near_tie_low,0.5,forcegen,1.0000000005838672e-07,0.0,,False,logistics,False,neutral_or_mixed,False
migration_042,2026210000,command,command,logistics,0.762887288,0.8569793738128304,0.09409208581283035,-1.0,0.8569793738128304,0.762887288,mixed,near_tie_low,1.0,forcegen,2.8100000004638304e-07,0.0,7.0,True,logistics,False,neutral_or_mixed,False
migration_042,2026210001,forcegen,forcegen,command,0.15940904163857597,0.7557357,0.5963266583614241,0.15940904163857597,0.8826109463871884,0.7557357,mixed,near_tie_low,1.0,forcegen,3.149999999729758e-07,0.0,7.0,True,logistics,False,neutral_or_mixed,True
migration_042,2026210002,command,command,logistics,0.765520976,0.8749489213429841,0.10942794534298406,1.7578926873997418,0.8749489213429841,0.765520976,mixed,near_tie_low,1.0,forcegen,2.989999999813975e-07,0.0,7.0,True,logistics,False,neutral_or_mixed,False
migration_042,2026210003,forcegen,forcegen,command,0.15069500602773678,0.75184049,0.6011454839722632,0.15069500602773678,0.7911876918060388,0.75184049,mixed,near_tie_low,1.0,forcegen,0.0,0.0,7.0,True,logistics,False,neutral_or_mixed,True
migration_042,2026210004,logistics,logistics,none,0.8378725661451264,-1.0,-1.0,-1.0,0.8378725661451264,-1.0,mixed,near_tie_low,1.0,forcegen,1.4199999998076862e-07,0.0,,False,logistics,False,neutral_or_mixed,False
migration_042,2026210005,forcegen,forcegen,command,0.15345928109149454,0.798636234,0.6451769529085054,0.15345928109149454,0.912458689503187,0.798636234,mixed,near_tie_low,1.0,forcegen,3.439999999299559e-07,0.0,7.0,True,logistics,False,neutral_or_mixed,True
migration_042,2026210006,logistics,logistics,none,0.87112226009544,-1.0,-1.0,-1.0,0.87112226009544,-1.0,mixed,near_tie_low,1.0,forcegen,2.690000000526993e-07,0.0,,False,logistics,False,neutral_or_mixed,False
migration_042,2026210007,logistics,logistics,none,0.8413463382107933,-1.0,-1.0,-1.0,0.8413463382107933,-1.0,mixed,near_tie_low,1.0,forcegen,4.510000000124137e-07,0.0,,False,logistics,False,neutral_or_mixed,False
migration_042,2026210008,logistics,logistics,none,0.8841436269663534,-1.0,-1.0,-1.0,0.8841436269663534,-1.0,mixed,near_tie_low,1.0,forcegen,0.0,0.0,,False,logistics,False,neutral_or_mixed,False
migration_042,2026210009,forcegen,forcegen,command,0.15907216940145488,0.647134926,0.48806275659854514,0.15907216940145488,0.9202523880479668,0.647134926,mixed,near_tie_low,1.0,forcegen,0.0,0.0,7.0,True,logistics,False,neutral_or_mixed,True
migration_042,2026210010,logistics,logistics,none,0.852407258909744,-1.0,-1.0,-1.0,0.852407258909744,-1.0,mixed,near_tie_low,1.0,forcegen,1.330000000132614e-07,0.0,,False,logistics,False,neutral_or_mixed,False
migration_042,2026210011,logistics,logistics,none,0.8720565774313503,-1.0,-1.0,-1.0,0.8720565774313503,-1.0,mixed,near_tie_low,1.0,forcegen,4.2000000033404206e-08,0.0,,False,logistics,False,neutral_or_mixed,False
migration_043,2026210000,command,command,logistics,0.762887288,0.8569793738127832,0.09409208581278317,-1.0,0.8569793738127832,0.762887288,mixed,near_tie_low,1.5,forcegen,2.590000000024517e-07,0.0,7.0,True,logistics,False,neutral_or_mixed,False
migration_043,2026210001,forcegen,forcegen,command,0.127233185662073,0.7557357,0.628502514337927,0.127233185662073,0.8826109479515452,0.7557357,mixed,near_tie_low,1.5,forcegen,3.2900000002111796e-07,0.0,7.0,True,logistics,False,neutral_or_mixed,True
migration_043,2026210002,command,command,logistics,0.765520976,0.8749489213491002,0.10942794534910016,1.3985481022726387,0.8749489213491002,0.765520976,mixed,near_tie_low,1.5,forcegen,3.149999999729758e-07,0.0,7.0,True,logistics,False,neutral_or_mixed,False
migration_043,2026210003,forcegen,forcegen,command,0.12026185430270997,0.75184049,0.63157863569729,0.12026185430270997,0.7911876917902069,0.75184049,mixed,near_tie_low,1.5,forcegen,0.0,0.0,7.0,True,logistics,False,neutral_or_mixed,True
migration_043,2026210004,logistics,logistics,none,0.8378725661451264,-1.0,-1.0,-1.0,0.8378725661451264,-1.0,mixed,near_tie_low,1.5,forcegen,1.4800000003312164e-07,0.0,,False,logistics,False,neutral_or_mixed,False
migration_043,2026210005,forcegen,forcegen,command,0.12248153261453502,0.798636234,0.676154701385465,0.12248153261453502,0.912458689503187,0.798636234,mixed,near_tie_low,1.5,forcegen,3.5700000000638e-07,0.0,7.0,True,logistics,False,neutral_or_mixed,True
migration_043,2026210006,logistics,logistics,none,0.87112226009544,-1.0,-1.0,-1.0,0.87112226009544,-1.0,mixed,near_tie_low,1.5,forcegen,2.8399999996153724e-07,0.0,,False,logistics,False,neutral_or_mixed,False
migration_043,2026210007,logistics,logistics,none,0.8413463382107933,-1.0,-1.0,-1.0,0.8413463382107933,-1.0,mixed,near_tie_low,1.5,forcegen,4.7499999999978115e-07,0.0,,False,logistics,False,neutral_or_mixed,False
migration_043,2026210008,logistics,logistics,none,0.8841436269690199,-1.0,-1.0,-1.0,0.8841436269690199,-1.0,mixed,near_tie_low,1.5,forcegen,0.0,0.0,,False,logistics,False,neutral_or_mixed,False
migration_043,2026210009,forcegen,forcegen,command,0.12695348497305795,0.647134926,0.5201814410269421,0.12695348497305795,0.9202523880874149,0.647134926,mixed,near_tie_low,1.5,forcegen,0.0,0.0,7.0,True,logistics,False,neutral_or_mixed,True
migration_043,2026210010,logistics,logistics,none,0.8524072589146416,-1.0,-1.0,-1.0,0.8524072589146416,-1.0,mixed,near_tie_low,1.5,forcegen,1.4100000000905055e-07,0.0,,False,logistics,False,neutral_or_mixed,False
migration_043,2026210011,logistics,logistics,none,0.8720565774308796,-1.0,-1.0,-1.0,0.8720565774308796,-1.0,mixed,near_tie_low,1.5,forcegen,4.5000000059580714e-08,0.0,,False,logistics,False,neutral_or_mixed,False
migration_044,2026210000,logistics,logistics,command,0.6430863093551761,0.762887288,0.11980097864482397,-1.0,0.6430863093551761,0.762887288,mixed,near_tie_low,0.5,logistics,0.0,-0.12799119999999997,,False,logistics,False,neutral_or_mixed,True
migration_044,2026210001,forcegen,forcegen,logistics,0.3260857979114339,0.7053565729912659,0.379270775079832,0.3260857979114339,0.7053565729912659,0.7557357,mixed,near_tie_low,0.5,logistics,0.0,-0.129737675,7.0,True,logistics,False,neutral_or_mixed,False
migration_044,2026210002,forcegen,forcegen,logistics,0.3615045360187515,0.7553593032330727,0.39385476721432117,0.3615045360187515,0.7553593032330727,0.765520976,mixed,near_tie_low,0.5,logistics,0.0,-0.12278233500000002,7.0,True,logistics,False,neutral_or_mixed,False
migration_044,2026210003,logistics,logistics,none,0.7397980953696148,-1.0,-1.0,-1.0,0.7397980953696148,-1.0,mixed,near_tie_low,0.5,logistics,0.029618541999999914,-0.09601232800000004,,False,logistics,True,dependency_gain,True
migration_044,2026210004,logistics,logistics,none,0.7974349714199495,-1.0,-1.0,-1.0,0.7974349714199495,-1.0,mixed,near_tie_low,0.5,logistics,0.0,-0.09904073499999999,,False,logistics,False,neutral_or_mixed,True
migration_044,2026210005,logistics,logistics,forcegen,0.8463589465414281,2.5766158042399554,1.7302568576985273,2.5766158042399554,0.8463589465414281,-1.0,mixed,near_tie_low,0.5,logistics,0.0,-0.09634399999999999,,False,logistics,False,neutral_or_mixed,True
migration_044,2026210006,logistics,logistics,none,0.7847800070337805,-1.0,-1.0,-1.0,0.7847800070337805,-1.0,mixed,near_tie_low,0.5,logistics,0.031091895999999952,-0.09601066000000003,,False,logistics,True,dependency_gain,True
migration_044,2026210007,logistics,logistics,command,0.7366024409929439,0.79095577,0.05435332900705603,-1.0,0.7366024409929439,0.79095577,mixed,near_tie_low,0.5,logistics,0.026740713000000027,-0.10106338299999995,,False,logistics,True,dependency_gain,True
migration_044,2026210008,logistics,logistics,none,0.7829358089046851,-1.0,-1.0,-1.0,0.7829358089046851,-1.0,mixed,near_tie_low,0.5,logistics,0.0,-0.11434354099999999,,False,logistics,False,neutral_or_mixed,True
migration_044,2026210009,logistics,logistics,none,0.8063907110715517,-1.0,-1.0,-1.0,0.8063907110715517,-1.0,mixed,near_tie_low,0.5,logistics,0.0,-0.130844587,,False,logistics,False,neutral_or_mixed,True
migration_044,2026210010,logistics,logistics,command,0.7611733629870604,0.765122306,0.003948943012939576,-1.0,0.7611733629870604,0.765122306,mixed,near_tie_low,0.5,logistics,0.026878933999999965,-0.09701330200000002,,False,logistics,True,dependency_gain,True
migration_044,2026210011,logistics,logistics,none,0.7941198643660413,-1.0,-1.0,-1.0,0.7941198643660413,-1.0,mixed,near_tie_low,0.5,logistics,0.03173915999999999,-0.10038328399999996,,False,logistics,True,dependency_gain,True
migration_045,2026210000,logistics,logistics,none,0.7218329489773827,-1.0,-1.0,-1.0,0.7218329489773827,-1.0,mixed,near_tie_low,1.0,logistics,0.048881840999999926,-0.17966018900000003,,False,logistics,True,dependency_gain,True
migration_045,2026210001,forcegen,forcegen,logistics,0.37316114040743437,0.7547826109355994,0.38162147052816503,0.37316114040743437,0.7547826109355994,0.7557357,mixed,near_tie_low,1.0,logistics,0.05776088300000004,-0.18290978800000002,7.0,True,logistics,True,dependency_gain,False
migration_045,2026210002,forcegen,forcegen,logistics,0.37258855887258613,0.6362318426729681,0.26364328380038193,0.37258855887258613,0.6362318426729681,0.765520976,mixed,near_tie_low,1.0,logistics,0.05575445400000001,-0.17921149000000003,7.0,True,logistics,True,dependency_gain,False
migration_045,2026210003,logistics,logistics,command,0.6737533544716886,0.7796639,0.10591054552831136,-1.0,0.6737533544716886,0.7796639,mixed,near_tie_low,1.0,logistics,0.05297405399999999,-0.17503390100000005,,False,logistics,True,dependency_gain,True
migration_045,2026210004,logistics,logistics,command,0.688351800287476,0.75845695,0.07010514971252402,-1.0,0.688351800287476,0.75845695,mixed,near_tie_low,1.0,logistics,0.05671752299999999,-0.180301881,,False,logistics,True,dependency_gain,True
migration_045,2026210005,logistics,logistics,forcegen,0.7747558750863308,3.116782224559482,2.342026349473151,3.116782224559482,0.7747558750863308,-1.0,mixed,near_tie_low,1.0,logistics,0.0,-0.175655479,,False,logistics,False,neutral_or_mixed,True
migration_045,2026210006,logistics,logistics,none,0.7130176930435819,-1.0,-1.0,-1.0,0.7130176930435819,-1.0,mixed,near_tie_low,1.0,logistics,0.05642599000000004,-0.17508335799999997,,False,logistics,True,dependency_gain,True
migration_045,2026210007,logistics,logistics,none,0.6512164904643727,-1.0,-1.0,-1.0,0.6512164904643727,-1.0,mixed,near_tie_low,1.0,logistics,0.050630387,-0.17869786799999998,,False,logistics,True,dependency_gain,True
migration_045,2026210008,logistics,logistics,none,0.7026150906487701,-1.0,-1.0,-1.0,0.7026150906487701,-1.0,mixed,near_tie_low,1.0,logistics,0.0,-0.20519939899999995,,False,logistics,False,neutral_or_mixed,True
migration_045,2026210009,logistics,logistics,none,0.6825646184184886,-1.0,-1.0,-1.0,0.6825646184184886,-1.0,mixed,near_tie_low,1.0,logistics,0.0,-0.231389442,,False,logistics,False,neutral_or_mixed,True
migration_045,2026210010,logistics,logistics,none,0.6862082398516233,-1.0,-1.0,-1.0,0.6862082398516233,-1.0,mixed,near_tie_low,1.0,logistics,0.04838814400000002,-0.17689245799999997,,False,logistics,True,dependency_gain,True
migration_045,2026210011,logistics,logistics,none,0.7084853531710162,-1.0,-1.0,-1.0,0.7084853531710162,-1.0,mixed,near_tie_low,1.0,logistics,0.057280157,-0.18244863899999997,,False,logistics,True,dependency_gain,True
migration_046,2026210000,logistics,logistics,none,0.6688611304951696,-1.0,-1.0,-1.0,0.6688611304951696,-1.0,mixed,near_tie_low,1.5,logistics,0.061120471999999926,-0.24728550900000001,,False,logistics,True,dependency_gain,True
migration_046,2026210001,forcegen,forcegen,logistics,0.3480705332405022,0.6884729380238525,0.34040240478335027,0.3480705332405022,0.6884729380238525,0.7557357,mixed,near_tie_low,1.5,logistics,0.08315157800000006,-0.25159596799999995,7.0,True,logistics,True,dependency_gain,False
migration_046,2026210002,logistics,logistics,command,0.6517263933988889,0.765520976,0.11379458260111108,-1.0,0.6517263933988889,0.765520976,mixed,near_tie_low,1.5,logistics,0.06602699899999998,-0.24376649900000003,,False,logistics,True,dependency_gain,True
migration_046,2026210003,logistics,logistics,command,0.6205706349488103,0.7796639,0.1590932650511897,-1.0,0.6205706349488103,0.7796639,mixed,near_tie_low,1.5,logistics,0.073423927,-0.24142106600000002,,False,logistics,True,dependency_gain,True
migration_046,2026210004,logistics,logistics,none,0.6567034940961975,-1.0,-1.0,-1.0,0.6567034940961975,-1.0,mixed,near_tie_low,1.5,logistics,0.07551293400000003,-0.24767615799999998,,False,logistics,True,dependency_gain,True
migration_046,2026210005,logistics,logistics,forcegen,0.6664708725526662,7.421497985542154,6.755027112989488,7.421497985542154,0.6664708725526662,-1.0,mixed,near_tie_low,1.5,logistics,0.0,-0.24219468600000005,,False,logistics,False,neutral_or_mixed,True
migration_046,2026210006,logistics,logistics,none,0.6542322913464568,-1.0,-1.0,-1.0,0.6542322913464568,-1.0,mixed,near_tie_low,1.5,logistics,0.078920451,-0.241097094,,False,logistics,True,dependency_gain,True
migration_046,2026210007,logistics,logistics,command,0.6141685718749654,0.79095577,0.17678719812503452,-1.0,0.6141685718749654,0.79095577,mixed,near_tie_low,1.5,logistics,0.06693056199999992,-0.24614306799999996,,False,logistics,True,dependency_gain,True
migration_046,2026210008,logistics,logistics,none,0.6158665425593077,-1.0,-1.0,-1.0,0.6158665425593077,-1.0,mixed,near_tie_low,1.5,logistics,0.0,-0.28576214099999997,,False,logistics,False,neutral_or_mixed,True
migration_046,2026210009,forcegen,forcegen,logistics,0.37244461905781345,0.5923167182547776,0.21987209919696415,0.37244461905781345,0.5923167182547776,0.711105604,mixed,near_tie_low,1.5,logistics,0.0,-0.315298242,7.0,True,logistics,False,neutral_or_mixed,False
migration_046,2026210010,logistics,logistics,none,0.6354557540563304,-1.0,-1.0,-1.0,0.6354557540563304,-1.0,mixed,near_tie_low,1.5,logistics,0.06796364899999996,-0.243762888,,False,logistics,True,dependency_gain,True
migration_046,2026210011,logistics,logistics,none,0.6276546154489813,-1.0,-1.0,-1.0,0.6276546154489813,-1.0,mixed,near_tie_low,1.5,logistics,0.08088171600000005,-0.250791467,,False,logistics,True,dependency_gain,True
migration_047,2026210000,forcegen,forcegen,logistics,0.37253904629758616,0.755110980967224,0.3825719346696378,0.37253904629758616,0.755110980967224,0.762887288,mixed,near_tie_low,0.5,command,0.0,0.0,7.0,True,logistics,False,neutral_or_mixed,False
migration_047,2026210001,logistics,logistics,none,0.9015784781394014,-1.0,-1.0,-1.0,0.9015784781394014,-1.0,mixed,near_tie_low,0.5,command,0.0,0.0,,False,logistics,False,neutral_or_mixed,False
migration_047,2026210002,logistics,logistics,none,0.8480455872413485,-1.0,-1.0,-1.0,0.8480455872413485,-1.0,mixed,near_tie_low,0.5,command,0.0,0.0,,False,logistics,False,neutral_or_mixed,False
migration_047,2026210003,logistics,logistics,none,0.8989908190785685,-1.0,-1.0,-1.0,0.8989908190785685,-1.0,mixed,near_tie_low,0.5,command,0.0,0.0,,False,logistics,False,neutral_or_mixed,False
migration_047,2026210004,logistics,logistics,none,0.8659024817513002,-1.0,-1.0,-1.0,0.8659024817513002,-1.0,mixed,near_tie_low,0.5,command,0.0,0.0,,False,logistics,False,neutral_or_mixed,False
migration_047,2026210005,forcegen,forcegen,command,0.35936535098819605,0.798636234,0.4392708830118039,0.35936535098819605,0.912458689503187,0.798636234,mixed,near_tie_low,0.5,command,0.0,0.0,7.0,True,logistics,False,neutral_or_mixed,False
migration_047,2026210006,logistics,logistics,none,0.8801759660128262,-1.0,-1.0,-1.0,0.8801759660128262,-1.0,mixed,near_tie_low,0.5,command,0.0,0.0,,False,logistics,False,neutral_or_mixed,False
migration_047,2026210007,logistics,logistics,none,0.8413463382107933,-1.0,-1.0,-1.0,0.8413463382107933,-1.0,mixed,near_tie_low,0.5,command,0.0,0.0,,False,logistics,False,neutral_or_mixed,False
migration_047,2026210008,logistics,logistics,none,0.8618316297604116,-1.0,-1.0,-1.0,0.8618316297604116,-1.0,mixed,near_tie_low,0.5,command,0.0,0.0,,False,logistics,False,neutral_or_mixed,False
migration_047,2026210009,forcegen,forcegen,command,0.18713627040679096,0.711105604,0.5239693335932091,0.18713627040679096,0.7642314673670674,0.711105604,mixed,near_tie_low,0.5,command,0.0,0.0,7.0,True,logistics,False,neutral_or_mixed,False
migration_047,2026210010,command,command,logistics,0.765122306,0.8853684186663758,0.12024611266637586,-1.0,0.8853684186663758,0.765122306,mixed,near_tie_low,0.5,command,0.0,0.0,7.0,True,logistics,False,neutral_or_mixed,True
migration_047,2026210011,logistics,logistics,none,0.8594065858288661,-1.0,-1.0,-1.0,0.8594065858288661,-1.0,mixed,near_tie_low,0.5,command,0.0,0.0,,False,logistics,False,neutral_or_mixed,False
migration_048,2026210000,logistics,logistics,forcegen,0.8606080220805398,2.2899628529769753,1.4293548308964357,2.2899628529769753,0.8606080220805398,-1.0,mixed,near_tie_low,1.0,command,0.0,0.0,,False,logistics,False,neutral_or_mixed,False
migration_048,2026210001,logistics,logistics,none,0.9015784781394014,-1.0,-1.0,-1.0,0.9015784781394014,-1.0,mixed,near_tie_low,1.0,command,0.0,0.0,,False,logistics,False,neutral_or_mixed,False
migration_048,2026210002,logistics,logistics,none,0.8613057386974688,-1.0,-1.0,-1.0,0.8613057386974688,-1.0,mixed,near_tie_low,1.0,command,0.0,0.0,,False,logistics,False,neutral_or_mixed,False
migration_048,2026210003,logistics,logistics,none,0.8716106181262775,-1.0,-1.0,-1.0,0.8716106181262775,-1.0,mixed,near_tie_low,1.0,command,0.0,0.0,,False,logistics,False,neutral_or_mixed,False
migration_048,2026210004,logistics,logistics,none,0.9188294861281086,-1.0,-1.0,-1.0,0.9188294861281086,-1.0,mixed,near_tie_low,1.0,command,0.0,0.0,,False,logistics,False,neutral_or_mixed,False
migration_048,2026210005,logistics,logistics,none,0.8721380935256722,-1.0,-1.0,-1.0,0.8721380935256722,-1.0,mixed,near_tie_low,1.0,command,0.0,0.0,,False,logistics,False,neutral_or_mixed,False
migration_048,2026210006,logistics,logistics,none,0.8383789526136086,-1.0,-1.0,-1.0,0.8383789526136086,-1.0,mixed,near_tie_low,1.0,command,0.0,0.0,,False,logistics,False,neutral_or_mixed,False
migration_048,2026210007,logistics,logistics,none,0.8640236414281732,-1.0,-1.0,-1.0,0.8640236414281732,-1.0,mixed,near_tie_low,1.0,command,0.0,0.0,,False,logistics,False,neutral_or_mixed,False
migration_048,2026210008,command,command,logistics,0.716501394,0.8110560642511072,0.0945546702511072,-1.0,0.8110560642511072,0.716501394,mixed,near_tie_low,1.0,command,0.0,0.0,7.0,True,logistics,False,neutral_or_mixed,True
migration_048,2026210009,logistics,logistics,none,0.9243946088778426,-1.0,-1.0,-1.0,0.9243946088778426,-1.0,mixed,near_tie_low,1.0,command,0.0,0.0,,False,logistics,False,neutral_or_mixed,False
migration_048,2026210010,forcegen,forcegen,command,0.360005100775016,0.73818436,0.37817925922498397,0.360005100775016,0.9920229945156205,0.73818436,mixed,near_tie_low,1.0,command,0.0,0.0,7.0,True,logistics,False,neutral_or_mixed,False
migration_048,2026210011,logistics,logistics,none,0.9107042955670344,-1.0,-1.0,-1.0,0.9107042955670344,-1.0,mixed,near_tie_low,1.0,command,0.0,0.0,,False,logistics,False,neutral_or_mixed,False
migration_049,2026210000,logistics,logistics,forcegen,0.8606080220805398,2.2899628529769753,1.4293548308964357,2.2899628529769753,0.8606080220805398,-1.0,mixed,near_tie_low,1.5,command,0.0,0.0,,False,logistics,False,neutral_or_mixed,False
migration_049,2026210001,logistics,logistics,none,0.9015784781394014,-1.0,-1.0,-1.0,0.9015784781394014,-1.0,mixed,near_tie_low,1.5,command,0.0,0.0,,False,logistics,False,neutral_or_mixed,False
migration_049,2026210002,forcegen,forcegen,command,0.34946107084166605,0.765520976,0.41605990515833396,0.34946107084166605,0.8227198719152413,0.765520976,mixed,near_tie_low,1.5,command,0.0,0.0,7.0,True,logistics,False,neutral_or_mixed,False
migration_049,2026210003,logistics,logistics,none,0.8570537432985593,-1.0,-1.0,-1.0,0.8570537432985593,-1.0,mixed,near_tie_low,1.5,command,0.0,0.0,,False,logistics,False,neutral_or_mixed,False
migration_049,2026210004,logistics,logistics,none,0.79316350068663,-1.0,-1.0,-1.0,0.79316350068663,-1.0,mixed,near_tie_low,1.5,command,0.0,0.0,,False,logistics,False,neutral_or_mixed,False
migration_049,2026210005,forcegen,forcegen,command,0.3720086149710711,0.798636234,0.4266276190289288,0.3720086149710711,0.8421314270291168,0.798636234,mixed,near_tie_low,1.5,command,0.0,0.0,7.0,True,logistics,False,neutral_or_mixed,False
migration_049,2026210006,logistics,logistics,none,0.8383789526136086,-1.0,-1.0,-1.0,0.8383789526136086,-1.0,mixed,near_tie_low,1.5,command,0.0,0.0,,False,logistics,False,neutral_or_mixed,False
migration_049,2026210007,logistics,logistics,none,0.8640236414281732,-1.0,-1.0,-1.0,0.8640236414281732,-1.0,mixed,near_tie_low,1.5,command,0.0,0.0,,False,logistics,False,neutral_or_mixed,False
migration_049,2026210008,command,command,logistics,0.716501394,0.8110560642511072,0.0945546702511072,-1.0,0.8110560642511072,0.716501394,mixed,near_tie_low,1.5,command,0.0,0.0,7.0,True,logistics,False,neutral_or_mixed,True
migration_049,2026210009,logistics,logistics,none,0.9140199306282488,-1.0,-1.0,-1.0,0.9140199306282488,-1.0,mixed,near_tie_low,1.5,command,0.0,0.0,,False,logistics,False,neutral_or_mixed,False
migration_049,2026210010,command,command,logistics,0.765122306,0.8410301213755806,0.07590781537558067,-1.0,0.8410301213755806,0.765122306,mixed,near_tie_low,1.5,command,0.0,0.0,7.0,True,logistics,False,neutral_or_mixed,True
migration_049,2026210011,forcegen,forcegen,command,0.36718625588975884,0.587626656,0.22044040011024113,0.36718625588975884,0.9068581914655435,0.587626656,mixed,near_tie_low,1.5,command,0.0,0.0,7.0,True,logistics,False,neutral_or_mixed,False
migration_050,2026210000,command,command,logistics,0.762887288,0.7854690141281498,0.022581726128149793,-1.0,0.7854690141281498,0.762887288,mixed,near_tie_low,0.5,balanced,0.010870869000000005,-0.04016737199999998,7.0,True,logistics,True,dependency_gain,False
migration_050,2026210001,forcegen,forcegen,command,0.33676469803282694,0.7557357,0.4189710019671731,0.33676469803282694,0.879876294046771,0.7557357,mixed,near_tie_low,0.5,balanced,0.013054471000000012,-0.040290640000000044,7.0,True,logistics,True,dependency_gain,False
migration_050,2026210002,logistics,logistics,forcegen,0.8387172834374628,3.7968065690610056,2.958089285623543,3.7968065690610056,0.8387172834374628,-1.0,mixed,near_tie_low,0.5,balanced,0.010424810000000062,-0.03868443899999996,,False,logistics,True,dependency_gain,False
migration_050,2026210003,logistics,logistics,forcegen,0.824293129229742,19.263187803954697,18.438894674724956,19.263187803954697,0.824293129229742,-1.0,mixed,near_tie_low,0.5,balanced,0.0,-0.038314260000000044,,False,logistics,False,neutral_or_mixed,False
migration_050,2026210004,logistics,logistics,none,0.7976168068322922,-1.0,-1.0,-1.0,0.7976168068322922,-1.0,mixed,near_tie_low,0.5,balanced,0.011944723000000046,-0.03950301199999995,,False,logistics,True,dependency_gain,False
migration_050,2026210005,logistics,logistics,forcegen,0.8643612154310826,1.7066732512413172,0.8423120358102346,1.7066732512413172,0.8643612154310826,-1.0,mixed,near_tie_low,0.5,balanced,0.012355883000000012,-0.037517354999999974,,False,logistics,True,dependency_gain,False
migration_050,2026210006,logistics,logistics,none,0.8330891035978896,-1.0,-1.0,-1.0,0.8330891035978896,-1.0,mixed,near_tie_low,0.5,balanced,0.012139119999999948,-0.03819468599999998,,False,logistics,True,dependency_gain,False
migration_050,2026210007,command,command,logistics,0.79095577,0.7964239304560955,0.00546816045609555,-1.0,0.7964239304560955,0.79095577,mixed,near_tie_low,0.5,balanced,0.011131455999999984,-0.04043474700000005,7.0,True,logistics,True,dependency_gain,False
migration_050,2026210008,logistics,logistics,none,0.8438253028720413,-1.0,-1.0,-1.0,0.8438253028720413,-1.0,mixed,near_tie_low,0.5,balanced,0.0,-0.04618425699999995,,False,logistics,False,neutral_or_mixed,False
migration_050,2026210009,forcegen,forcegen,command,0.3362605654119939,0.711105604,0.3748450385880061,0.3362605654119939,0.8333855208459625,0.711105604,mixed,near_tie_low,0.5,balanced,0.0,-0.054599811,7.0,True,logistics,False,neutral_or_mixed,False
migration_050,2026210010,command,command,logistics,0.765122306,0.8375967340587048,0.07247442805870485,-1.0,0.8375967340587048,0.765122306,mixed,near_tie_low,0.5,balanced,0.011238923999999928,-0.038065530000000014,7.0,True,logistics,True,dependency_gain,False
migration_050,2026210011,logistics,logistics,none,0.8528522127771442,-1.0,-1.0,-1.0,0.8528522127771442,-1.0,mixed,near_tie_low,0.5,balanced,0.0,-0.040142542,,False,logistics,False,neutral_or_mixed,False
migration_051,2026210000,logistics,logistics,command,0.7507908729388059,0.762887288,0.012096415061194188,-1.0,0.7507908729388059,0.762887288,mixed,near_tie_low,1.0,balanced,0.020204219000000023,-0.077203672,,False,logistics,True,dependency_gain,False
migration_051,2026210001,forcegen,forcegen,command,0.30602852408852044,0.7557357,0.4497071759114796,0.30602852408852044,0.8466722126765741,0.7557357,mixed,near_tie_low,1.0,balanced,0.024557724000000003,-0.07745636099999997,7.0,True,logistics,True,dependency_gain,False
migration_051,2026210002,command,command,logistics,0.765520976,0.7817977958180445,0.01627681981804452,-1.0,0.7817977958180445,0.765520976,mixed,near_tie_low,1.0,balanced,0.019860928000000055,-0.07224563299999998,7.0,True,logistics,True,dependency_gain,False
migration_051,2026210003,logistics,logistics,none,0.8168932754932882,-1.0,-1.0,-1.0,0.8168932754932882,-1.0,mixed,near_tie_low,1.0,balanced,0.024470604000000007,-0.07236893700000002,,False,logistics,True,dependency_gain,False
migration_051,2026210004,logistics,logistics,none,0.8204143833352676,-1.0,-1.0,-1.0,0.8204143833352676,-1.0,mixed,near_tie_low,1.0,balanced,0.0,-0.07617329500000003,,False,logistics,False,neutral_or_mixed,False
migration_051,2026210005,forcegen,forcegen,logistics,0.2954076427863811,0.78269345207407,0.48728580928768894,0.2954076427863811,0.78269345207407,0.798636234,mixed,near_tie_low,1.0,balanced,0.025074179999999946,-0.07330132499999997,7.0,True,logistics,True,dependency_gain,False
migration_051,2026210006,logistics,logistics,forcegen,0.8630340680362428,1.9577615048877428,1.0947274368515,1.9577615048877428,0.8630340680362428,-1.0,mixed,near_tie_low,1.0,balanced,0.02369837500000005,-0.07374796800000005,,False,logistics,True,dependency_gain,False
migration_051,2026210007,logistics,logistics,command,0.7653083514043233,0.79095577,0.025647418595676652,-1.0,0.7653083514043233,0.79095577,mixed,near_tie_low,1.0,balanced,0.021439561999999968,-0.07776982799999999,,False,logistics,True,dependency_gain,False
migration_051,2026210008,logistics,logistics,none,0.8009121529700252,-1.0,-1.0,-1.0,0.8009121529700252,-1.0,mixed,near_tie_low,1.0,balanced,0.0,-0.08835626600000002,,False,logistics,False,neutral_or_mixed,False
migration_051,2026210009,forcegen,forcegen,command,0.30519145070367226,0.711105604,0.40591415329632774,0.30519145070367226,0.8506586513362586,0.711105604,mixed,near_tie_low,1.0,balanced,0.0,-0.10278009899999996,7.0,True,logistics,False,neutral_or_mixed,False
migration_051,2026210010,forcegen,forcegen,logistics,0.3063155345779143,0.73835418127217,0.43203864669425573,0.3063155345779143,0.73835418127217,0.765122306,mixed,near_tie_low,1.0,balanced,0.0,-0.091755802,7.0,True,logistics,False,neutral_or_mixed,False
migration_051,2026210011,logistics,logistics,none,0.8052685822857018,-1.0,-1.0,-1.0,0.8052685822857018,-1.0,mixed,near_tie_low,1.0,balanced,0.023280795999999992,-0.07613239999999999,,False,logistics,True,dependency_gain,False
migration_052,2026210000,logistics,logistics,command,0.7512797151505771,0.762887288,0.011607572849422931,-1.0,0.7512797151505771,0.762887288,mixed,near_tie_low,1.5,balanced,0.0,-0.13512393499999997,,False,logistics,False,neutral_or_mixed,False
migration_052,2026210001,logistics,logistics,none,0.7584182883668041,-1.0,-1.0,-1.0,0.7584182883668041,-1.0,mixed,near_tie_low,1.5,balanced,0.0,-0.11016809900000002,,False,logistics,False,neutral_or_mixed,False
migration_052,2026210002,logistics,logistics,none,0.7462082247880353,-1.0,-1.0,-1.0,0.7462082247880353,-1.0,mixed,near_tie_low,1.5,balanced,0.03227928099999999,-0.10474042800000005,,False,logistics,True,dependency_gain,False
migration_052,2026210003,logistics,logistics,forcegen,0.7942970486101146,8.028675315525941,7.234378266915827,8.028675315525941,0.7942970486101146,-1.0,mixed,near_tie_low,1.5,balanced,0.03469351300000001,-0.10454645900000004,,False,logistics,True,dependency_gain,False
migration_052,2026210004,forcegen,forcegen,logistics,0.2811917519980348,0.7462629356030616,0.46507118360502675,0.2811917519980348,0.7462629356030616,0.778034746,mixed,near_tie_low,1.5,balanced,0.0,-0.11322318600000003,7.0,True,logistics,False,neutral_or_mixed,False
migration_052,2026210005,logistics,logistics,forcegen,0.8346415580451348,2.0167086698007894,1.1820671117556545,2.0167086698007894,0.8346415580451348,-1.0,mixed,near_tie_low,1.5,balanced,0.0,-0.10708640800000002,,False,logistics,False,neutral_or_mixed,False
migration_052,2026210006,logistics,logistics,none,0.777548508779752,-1.0,-1.0,-1.0,0.777548508779752,-1.0,mixed,near_tie_low,1.5,balanced,0.0,-0.10842997300000001,,False,logistics,False,neutral_or_mixed,False
migration_052,2026210007,logistics,logistics,command,0.7209128390899546,0.79095577,0.07004293091004532,-1.0,0.7209128390899546,0.79095577,mixed,near_tie_low,1.5,balanced,0.02947163900000005,-0.11228720999999997,,False,logistics,True,dependency_gain,False
migration_052,2026210008,logistics,logistics,none,0.7463908338986259,-1.0,-1.0,-1.0,0.7463908338986259,-1.0,mixed,near_tie_low,1.5,balanced,0.0,-0.12677314399999995,,False,logistics,False,neutral_or_mixed,False
migration_052,2026210009,forcegen,forcegen,command,0.27871252104244576,0.711105604,0.43239308295755424,0.27871252104244576,0.7653238400291894,0.711105604,mixed,near_tie_low,1.5,balanced,0.0,-0.15470999900000004,7.0,True,logistics,False,neutral_or_mixed,False
migration_052,2026210010,forcegen,forcegen,logistics,0.2799868620339848,0.7271086102840358,0.447121748250051,0.2799868620339848,0.7271086102840358,0.765122306,mixed,near_tie_low,1.5,balanced,0.031697854000000025,-0.10762044599999998,7.0,True,logistics,True,dependency_gain,False
migration_052,2026210011,logistics,logistics,command,0.7549290874821863,0.781413782,0.026484694517813656,-1.0,0.7549290874821863,0.781413782,mixed,near_tie_low,1.5,balanced,0.033947569000000066,-0.11203227599999999,,False,logistics,True,dependency_gain,False
