cell_id,seed,structure,capacity,support_intensity,pre_bottleneck,migrated,first_migration,delta_cap_h7,delta_cap_h30,delta_cap_h90,delta_cap_h180,delta_cap_h360,q_on_h360,q_off_h360,delta_q_h360,bott_on_h360,bott_off_h360,same_terminal_bottleneck,common_bottleneck,I_on,I_off,D_on,D_off,delta_I,delta_D,delta_log_I,delta_log_D,delta_log_q_decomp,q_off,q_on_observed,q_on_control_demand,q_off_supported_demand,observed_effect,production_only_effect,demand_only_effect,residual_nonadditivity
phase_084,2026200004,command_constrained,0.3,2.0,logistics,True,28.0,0.0014634140000000517,-0.0009897689999999182,-0.0036978899999999815,0.07738996799999998,-0.015562324000000016,0.697603281,1.0,-0.302396719,logistics,logistics,True,logistics,25321.830039128,69724.163334344,36298.324158601,34580.591744145,-44402.333295216005,1717.732414455997,-1.0128800628431052,0.04847898134319497,-1.0613590441863001,1.0,0.6976032813109339,0.7322555445690242,1.0,-0.30239671868906615,-0.2677444554309758,0.0,-0.03465226325809034
phase_084,2026200005,command_constrained,0.3,2.0,logistics,False,,0.004089421999999954,0.01296860699999991,0.013295949999999945,0.03821160800000001,-0.01458688500000005,0.761686961,0.815353574,-0.053666612999999974,logistics,logistics,True,logistics,31225.901691956,31225.901691956,40995.715141352,38297.375136675,0.0,2698.3400046769966,0.0,0.06808619294782725,-0.06808619294782725,0.8153535739856205,0.7616869612907112,0.8153535739856205,0.7616869612907112,-0.053666612694909244,0.0,-0.053666612694909244,0.0
phase_084,2026200006,command_constrained,0.3,2.0,logistics,True,105.0,1.3479999999566061e-06,2.4680000000332214e-06,0.026229530999999917,0.05197432600000007,-0.25955119000000004,0.741321901,0.986850464,-0.24552856300000003,logistics,logistics,True,logistics,28152.598662456,37337.336612306,37976.213316278,37834.847290225,-9184.737949849998,141.3660260530014,-0.2823541424103078,0.003729434432739915,-0.28608357684304775,0.9868504642267305,0.7413219013700021,0.7440917746146024,0.9831769244960987,-0.24552856285672842,-0.2427586896121281,-0.0036735397306317807,0.0009036664860314625
phase_084,2026200007,command_constrained,0.3,2.0,logistics,False,,0.006158223000000018,0.027967827999999972,0.04933920199999997,0.03527710100000003,-0.04629029200000001,1.0,0.784214493,0.215785507,logistics,logistics,True,logistics,66789.797037635,25563.059611344,35656.499478723,32597.025214425,41226.737426291,3059.474264298002,0.960402004469543,0.0897104106941035,0.8706915937754396,0.7842144932916059,1.0,1.0,0.7169256653081727,0.21578550670839414,0.21578550670839414,-0.06728882798343316,0.06728882798343316
phase_084,2026200008,command_constrained,0.3,2.0,logistics,True,14.0,0.003504390000000024,0.011917417000000041,0.014888926000000025,0.009377018999999986,-0.08756664400000003,0.855451903,1.0,-0.14454809700000004,logistics,logistics,True,logistics,30657.07411773,66084.514388647,35837.285527388,33302.230612374,-35427.440270917,2535.0549150139996,-0.7680710049588549,0.07336446650571135,-0.8414354714645663,1.0,0.8554519034177654,0.920571191598765,1.0,-0.14454809658223455,-0.07942880840123501,0.0,-0.06511928818099955
phase_084,2026200009,command_constrained,0.3,2.0,logistics,False,,2.2069999999763112e-06,0.012875764999999983,0.0337268329999999,0.03350337999999997,0.04043992799999996,0.746758895,0.804220358,-0.05746146299999999,logistics,logistics,True,logistics,28954.783979405,28954.783979405,38773.939187238,36003.545165982,0.0,2770.3940212559974,0.0,0.07413094008515735,-0.07413094008515735,0.8042203579097251,0.7467588949263927,0.8042203579097251,0.7467588949263927,-0.057461462983332434,0.0,-0.057461462983332434,0.0
phase_084,2026200010,command_constrained,0.3,2.0,logistics,False,,0.010378243999999981,0.03459104700000004,0.0512356530000001,0.07001090799999998,0.08904484599999996,0.930558738,0.999999995,-0.06944125700000003,logistics,logistics,True,logistics,35110.585261174,35110.585261174,37730.649154164,35110.585431176,0.0,2620.0637229880012,0.0,0.07197007483864391,-0.07197007483864391,0.9999999951580983,0.9305587380093924,0.9999999951580983,0.9305587380093924,-0.06944125714870597,0.0,-0.06944125714870597,0.0
phase_084,2026200011,command_constrained,0.3,2.0,logistics,True,14.0,0.003918735000000062,0.012426401000000031,0.049977099999999997,0.03574451199999995,0.17989541399999998,1.0,0.952955942,0.047044058,logistics,logistics,True,logistics,41265.420780038,32357.365517621,37578.489676206,33954.733983899,8908.055262417001,3623.7556923070006,0.24318320282946543,0.10140351945118557,0.14177968337827984,0.9529559422543126,1.0,1.0,0.8610608301831002,0.04704405774568743,0.04704405774568743,-0.09189511207121237,0.09189511207121237
phase_009,2026200004,forcegen_constrained,0.15,0.25,logistics,False,,8.160000000145828e-07,0.010407659000000069,0.01377229999999996,0.02050569899999999,-0.0012123929999999783,0.77196348,0.788001203,-0.016037722999999948,logistics,logistics,True,logistics,26112.249663566,26112.249663566,33825.757738959,33137.322100407,0.0,688.4356385520005,0.0,0.02056237247615442,-0.02056237247615442,0.7880012025246084,0.7719634801703518,0.7880012025246084,0.7719634801703518,-0.0160377223542566,0.0,-0.0160377223542566,0.0
phase_009,2026200005,forcegen_constrained,0.15,0.25,logistics,False,,0.0003588520000000761,0.0012255749999999788,0.004485833999999911,0.06196104899999999,0.01917034800000006,0.792023518,0.807247532,-0.015224013999999952,logistics,logistics,True,logistics,29336.361810107,29621.099971608,37039.76098697,36693.949259779,-284.73816150100174,345.8117271910014,-0.009659180253904836,0.009380085759403555,-0.01903926601330839,0.8072475317906515,0.7920235181978378,0.7994877194170864,0.7997108831784371,-0.015224013592813668,-0.007759812373565045,-0.0075366486122143694,7.244739296574654e-05
phase_086,2026200001,command_constrained,0.4,0.25,command,True,21.0,0.0027031499999999875,0.0012959219999999494,0.01714400199999999,-0.0005015680000000078,-0.20547499199999997,0.990175178,0.814572778,0.17560239999999994,logistics,logistics,True,logistics,35400.147890872,30947.343162118,35751.399006125,37992.115619848,4452.804728754003,-2240.7166137230015,0.13442884529746205,-0.06078925309765624,0.19521809839511828,0.8145727779884507,0.9901751784540566,0.9317761675893118,0.8656260740122657,0.17560240046560582,0.11720338960086107,0.05105329602381492,0.007345714840929829
phase_086,2026200002,command_constrained,0.4,0.25,command,True,21.0,0.0005317670000000163,0.001503887000000037,0.00605938100000003,0.02142158400000005,-0.041366126999999975,0.976704717,1.0,-0.023295283000000055,logistics,logistics,True,logistics,38208.9556075,74943.496788683,39120.273429455,38686.715777242,-36734.541181183,433.5576522129995,-0.6736645253323102,0.011144555109662141,-0.6848090804419724,1.0,0.9767047174760072,0.9876505368795597,1.0,-0.023295282523992822,-0.012349463120440274,0.0,-0.010945819403552548
phase_086,2026200003,command_constrained,0.4,0.25,logistics,True,21.0,1.7810000000340054e-06,0.001786142000000046,9.141999999906503e-06,-0.004329394999999958,-0.02331296999999999,0.779588592,0.791607591,-0.01201899900000003,logistics,logistics,True,logistics,28028.457898152,28028.457898152,35952.8836117,35407.010011687,0.0,545.8736000130011,0.0,0.015299469215659932,-0.015299469215659932,0.7916075909516358,0.7795885915818672,0.7916075909516358,0.7795885915818672,-0.01201899936976858,0.0,-0.01201899936976858,0.0
phase_086,2026200005,command_constrained,0.4,0.25,command,True,14.0,2.8790000000666893e-06,0.000741899999999962,-0.013559173000000091,0.04612065399999998,0.03272027200000005,0.621193025,1.0,-0.37880697500000005,logistics,logistics,True,logistics,24299.293055356,69695.599570562,39117.137629682,36792.953547398,-45396.306515206,2324.184082284002,-1.053689924370988,0.06125432636419048,-1.1149442507351786,1.0,0.6211930250468467,0.6604333360748759,1.0,-0.3788069749531533,-0.33956666392512413,0.0,-0.03924031102802916
phase_086,2026200006,command_constrained,0.4,0.25,command,True,21.0,0.00045814799999999156,0.0017880270000000253,0.001076680000000052,-0.0028313629999999756,-0.011414908000000001,1.0,1.0,0.0,logistics,logistics,True,logistics,68885.502910893,66890.858510295,35385.200711126,34778.015974553,1994.644400598001,607.1847365729991,0.029383434495191978,0.017308211431927335,0.012075223063264643,1.0,1.0,1.0,1.0,0.0,0.0,0.0,0.0
phase_086,2026200007,command_constrained,0.4,0.25,command,True,7.0,0.0009112509999998908,0.0016065630000000608,-0.05379425800000004,0.025658079000000056,0.023274644999999983,0.77044467,0.783622428,-0.013177757999999984,logistics,logistics,True,logistics,25609.53976153,25609.53976153,33239.946714055,32680.968343943,0.0,558.9783701119959,0.0,0.016959466278607668,-0.016959466278607668,0.7836224279528241,0.7704446695367716,0.7836224279528241,0.7704446695367716,-0.01317775841605251,0.0,-0.01317775841605251,0.0
phase_086,2026200008,command_constrained,0.4,0.25,logistics,True,147.0,0.0003741780000000583,0.0011111299999999602,0.0014181739999999943,-0.0010303280000000248,-0.00824440500000001,0.988432429,0.999499744,-0.011067315000000022,logistics,logistics,True,logistics,30244.596056753,30244.596056753,30598.546927552,30259.733659952,0.0,338.8132676000023,0.0,0.011134615201677621,-0.011134615201677621,0.9994997443345301,0.9884324287804565,0.9994997443345301,0.9884324287804565,-0.011067315554073698,0.0,-0.011067315554073698,0.0
phase_086,2026200009,command_constrained,0.4,0.25,logistics,True,35.0,8.100000000732521e-07,1.9129999999645264e-06,0.00573692800000003,-0.0035863240000000296,0.025190869000000005,1.0,0.794979601,0.20502039900000002,logistics,logistics,True,logistics,69452.456415996,27419.913119604,35229.663710565,34491.341765746,42032.543296392,738.3219448189993,0.9293729325110887,0.021180117536819247,0.9081928149742694,0.7949796011367476,1.0,1.0,0.7783189003697774,0.2050203988632524,0.2050203988632524,-0.016660700766970238,0.016660700766970238
phase_009,2026200006,forcegen_constrained,0.15,0.25,logistics,False,,0.00040493500000005067,0.0013492670000000428,-0.0010460389999999986,-0.03058785399999997,0.01029263799999991,0.782052085,0.797130575,-0.015078489999999944,logistics,logistics,True,logistics,27522.168562238,27522.168562238,35192.244993484,34526.549895171,0.0,665.6950983129937,0.0,0.019097155391492246,-0.019097155391492246,0.7971305747548016,0.7820520846946211,0.7971305747548016,0.7820520846946211,-0.015078490060180583,0.0,-0.015078490060180583,0.0
phase_086,2026200010,command_constrained,0.4,0.25,logistics,False,,4.0299999992665647e-07,0.0020916529999999156,0.002806949000000003,-0.0022416200000000552,0.003075326000000045,0.961055647,0.995210168,-0.03415452099999994,logistics,logistics,True,logistics,36006.536385342,36006.536385342,37465.610347462,36179.83171497,0.0,1285.7786324920016,0.0,0.03492162619215387,-0.03492162619215387,0.9952101676151164,0.9610556468028061,0.9952101676151164,0.9610556468028061,-0.034154520812310296,0.0,-0.034154520812310296,0.0
phase_086,2026200011,command_constrained,0.4,0.25,logistics,True,7.0,0.00047499099999992467,0.0011557899999999899,-0.005811148000000044,0.008973565999999988,-0.05317819200000007,0.751581893,0.743656743,0.007925150000000047,logistics,logistics,True,logistics,27993.233070259,27993.233070259,37245.752372092,37642.680367541,0.0,-396.92799544899754,0.0,-0.010600614752408935,0.010600614752408935,0.7436567427434673,0.751581892898857,0.7436567427434673,0.751581892898857,0.007925150155389749,0.0,0.007925150155389749,0.0
phase_087,2026200000,command_constrained,0.4,0.5,logistics,True,14.0,0.001068846999999984,0.004000899999999974,0.004744901999999995,-0.0016979770000000727,-0.007495436999999994,0.79967781,0.822678409,-0.023000598999999955,logistics,logistics,True,logistics,30734.820058038,30734.820058038,38434.003892041,37359.458734483,0.0,1074.545157558001,0.0,0.028356460355147703,-0.028356460355147703,0.8226784086052505,0.7996778098990263,0.8226784086052505,0.7996778098990263,-0.023000598706224284,0.0,-0.023000598706224284,0.0
phase_087,2026200001,command_constrained,0.4,0.5,command,True,28.0,0.00046466499999997524,0.0015076830000000374,-0.01592809500000003,0.002915950999999972,0.008517778999999948,0.981247224,0.999994466,-0.018747241999999997,logistics,logistics,True,logistics,35331.458046684,35331.458046684,36006.683310281,35331.653579178,0.0,675.0297311030008,0.0,0.018925304631607038,-0.018925304631607038,0.9999944657983935,0.9812472240839744,0.9999944657983935,0.9812472240839744,-0.018747241714419105,0.0,-0.018747241714419105,0.0
phase_087,2026200002,command_constrained,0.4,0.5,command,True,21.0,0.0010810650000000477,0.0033036600000000416,-0.004699334999999971,0.004975366000000037,0.009540966999999956,1.0,0.987317086,0.01268291399999999,logistics,logistics,True,logistics,47378.545170376,38196.078317133,39445.741382667,38686.738914039,9182.466853243,759.0024686280012,0.21543664420789493,0.019429214129423066,0.19600743007847188,0.9873170856298785,1.0,1.0,0.968319442816123,0.012682914370121479,0.012682914370121479,-0.01899764281375549,0.01899764281375549
phase_087,2026200003,command_constrained,0.4,0.5,command,True,28.0,0.0007471900000000087,1.1699999999947863e-06,-0.049058924000000004,-0.016385505999999994,0.03606074599999998,0.969385494,1.0,-0.03061450600000004,logistics,logistics,True,logistics,36949.625256843,67499.307138734,38116.544419251,34859.547805867,-30549.681881891003,3256.996613383999,-0.6025618277703741,0.08932135631642783,-0.6918831840868019,1.0,0.9693854944044026,1.0,1.0,-0.03061450559559742,0.0,0.0,-0.03061450559559742
phase_087,2026200004,command_constrained,0.4,0.5,command,True,30.0,0.000653285000000059,0.02776119899999996,0.0025347009999999726,-0.01949802299999992,-0.031091947999999925,0.630589815,1.0,-0.369410185,logistics,logistics,True,logistics,25133.058529953,83538.949786267,39856.429533258,39100.83092555,-58405.891256314,755.5986077080015,-1.201128935137727,0.01914001753251317,-1.2202689526702402,1.0,0.6305898151007441,0.6427755609032361,1.0,-0.3694101848992559,-0.35722443909676393,0.0,-0.012185745802491987
phase_087,2026200005,command_constrained,0.4,0.5,command,True,14.0,0.0007060309999999959,0.00234341700000007,0.013363085000000052,-0.021295096999999985,0.03135595399999991,0.779033489,0.801542544,-0.022509055,logistics,logistics,True,logistics,28712.136208462,28692.429547702,36856.100065065,35796.514805693,19.706660760002706,1059.5852593720047,0.0006865886458529064,0.029170605786365305,-0.028484017140512397,0.8015425441121106,0.7790334885615728,0.8020930630904797,0.7784987965913098,-0.022509055550537727,0.0005505189783691078,-0.02304374752080074,-1.5827008106095164e-05
phase_087,2026200006,command_constrained,0.4,0.5,logistics,True,7.0,5.960000000193588e-07,0.0024664229999999954,-0.030589197000000068,-0.02726029299999999,-0.10847397699999994,0.7649009,1.0,-0.2350991,logistics,logistics,True,logistics,29202.163161529,43173.76964591,38177.707919876,39123.20093875,-13971.606484380998,-945.4930188740036,-0.39099033931201577,-0.024463882440065022,-0.36652645687195073,1.0,0.7649009003582908,0.7464154890405554,1.0,-0.23509909964170916,-0.25358451095944456,0.0,0.0184854113177354
phase_087,2026200007,command_constrained,0.4,0.5,logistics,True,161.0,9.280000000666533e-07,-0.005733244999999942,0.019737603000000048,0.04625927799999996,0.036096919000000005,1.0,1.0,0.0,logistics,logistics,True,logistics,66154.486476948,49249.472352325,35588.38288843,36304.954258916,16905.014124623005,-716.5713704859954,0.2950940571395444,-0.019934951675775338,0.31502900881531976,1.0,1.0,1.0,1.0,0.0,0.0,0.0,0.0
phase_009,2026200007,forcegen_constrained,0.15,0.25,logistics,False,,0.005688281000000073,-0.00658497399999991,0.010495343999999962,0.004279146999999983,-0.0008019679999999862,0.952194696,1.0,-0.04780530400000005,logistics,logistics,True,logistics,30907.443506599,33844.850032286,32459.163705991,32104.067333964,-2937.406525686998,355.0963720269974,-0.0907898018599032,0.011000067589526557,-0.10178986944942975,1.0,0.9521946956660009,0.9627267219783379,1.0,-0.0478053043339991,-0.03727327802166214,0.0,-0.010532026312336962
phase_087,2026200008,command_constrained,0.4,0.5,logistics,True,147.0,0.0008432080000000397,0.002389917000000019,0.0033561100000000232,0.00027583500000005756,-0.009005114999999897,0.977387851,0.999286655,-0.021898803999999994,logistics,logistics,True,logistics,30245.08357508,30245.08357508,30944.812275576,30266.674169465,0.0,678.1381061110005,0.0,0.02215812395447441,-0.02215812395447441,0.9992866545473706,0.9773878511763252,0.9992866545473706,0.9773878511763252,-0.02189880337104544,0.0,-0.02189880337104544,0.0
phase_087,2026200009,command_constrained,0.4,0.5,command,True,21.0,8.860000000332491e-07,0.003094594000000006,0.002302297999999925,-0.005867897000000011,0.011020856999999995,0.720126764,0.788008241,-0.06788147700000002,logistics,logistics,True,logistics,25554.099095997,25586.205626101,35485.556669555,32469.464516353,-32.10653010399983,3016.092153202,-0.0012556254600640754,0.08882566497913601,-0.09008129043920009,0.7880082411958073,0.7201267640792361,0.7870194189105543,0.721031541490592,-0.06788147711657111,-0.0009888222852529882,-0.06697669970521525,8.404487389712667e-05
phase_087,2026200010,command_constrained,0.4,0.5,logistics,False,,0.00340929500000009,0.009804892999999981,0.012292842000000026,0.011832269000000006,0.01081207999999989,0.981840056,0.999999999,-0.01815994300000001,logistics,logistics,True,logistics,36494.720236827,36494.720236827,37169.720270758,36494.720288036,0.0,674.9999827220017,0.0,0.018326858125644673,-0.018326858125644673,0.9999999985968108,0.9818400561259528,0.9999999985968108,0.9818400561259528,-0.018159942470857948,0.0,-0.018159942470857948,0.0
phase_088,2026200000,command_constrained,0.4,0.75,logistics,True,84.0,2.0170000000208077e-06,0.006599737999999911,0.007467576000000031,-0.007801653999999991,0.16893518799999996,0.795838161,0.999826228,-0.20398806699999994,logistics,logistics,True,logistics,30875.88036228,35262.563470856,38796.682401895,35268.692165003,-4386.683108576002,3527.990236892001,-0.13284656798018457,0.09533907497057127,-0.22818564295075583,0.999826228482805,0.7958381606560226,0.87544727255064,0.9089066715955493,-0.20398806782678236,-0.12437895593216497,-0.09091955688725573,0.011310444992638335
phase_088,2026200001,command_constrained,0.4,0.75,logistics,True,14.0,0.0013486500000000623,-0.017491822999999962,-0.00368855899999998,-0.013492959999999998,0.006819842999999937,0.792080916,0.815574991,-0.023494075000000003,logistics,logistics,True,logistics,30917.053943809,30917.053943809,39032.696442371,37908.290816135,0.0,1124.4056262360027,0.0,0.029229822002629142,-0.029229822002629142,0.8155749910689643,0.7920809157895569,0.8155749910689643,0.7920809157895569,-0.02349407527940739,0.0,-0.02349407527940739,0.0
phase_088,2026200002,command_constrained,0.4,0.75,command,True,14.0,0.0010177539999999263,0.0025616339999999793,0.004186817000000009,0.001630094999999998,-0.24483606599999996,0.949925122,1.0,-0.05007487799999999,logistics,logistics,True,logistics,32556.234562556,68104.328788575,34272.421915808,35208.478423204,-35548.094226019006,-936.0565073959951,-0.738071887978932,-0.02694591290485707,-0.7111259750740749,1.0,0.9499251217941964,0.9246703072831445,1.0,-0.050074878205803586,-0.07532969271685552,0.0,0.025254814511051937
phase_088,2026200003,command_constrained,0.4,0.75,command,True,28.0,0.0013318230000000097,0.004766394999999979,0.0041480799999999984,0.04692837799999994,-0.0018763150000000728,0.769017022,0.796792105,-0.027775082999999978,logistics,logistics,True,logistics,27727.557612377,27727.557612377,36055.843770926,34798.986397252,0.0,1256.857373674,0.0,0.03548069258211775,-0.03548069258211775,0.7967921046851693,0.7690170222763002,0.7967921046851693,0.7690170222763002,-0.027775082408869056,0.0,-0.027775082408869056,0.0
phase_088,2026200004,command_constrained,0.4,0.75,logistics,False,,0.0010265619999999531,0.004700965000000057,0.006603374999999967,0.016751497000000004,0.015716962,0.967312899,0.999999977,-0.032687078000000036,logistics,logistics,True,logistics,29963.059559665,29963.059559665,30975.560858885,29963.060250564,0.0,1012.5006083209992,0.0,0.033233236198174414,-0.033233236198174414,0.9999999769416409,0.9673128985837369,0.9999999769416409,0.9673128985837369,-0.032687078357903965,0.0,-0.032687078357903965,0.0
phase_088,2026200005,command_constrained,0.4,0.75,logistics,True,63.0,3.7399999996967637e-07,0.005867141999999936,-0.001650620000000047,0.01525410599999999,0.024502673999999947,1.0,0.987002267,0.012997732999999956,logistics,logistics,True,logistics,51556.032606856,37945.492961694,39579.640364813,38445.193301665,13610.539645162004,1134.4470631479999,0.3065184937463472,0.029081177370628413,0.2774373163757188,0.9870022674603288,1.0,1.0,0.9587124241641218,0.01299773253967118,0.01299773253967118,-0.028289843296206985,0.028289843296206985
phase_009,2026200008,forcegen_constrained,0.15,0.25,logistics,False,,1.0660000000495273e-06,2.830999999980932e-06,0.0017600120000000885,-0.00015305099999995964,0.003215227999999959,0.795173618,0.806527627,-0.011354009000000054,logistics,logistics,True,logistics,29478.922551119,29478.922551119,37072.309586925,36550.418827507,0.0,521.8907594180055,0.0,0.014177673459764022,-0.014177673459764022,0.806527626680268,0.7951736182499914,0.806527626680268,0.7951736182499914,-0.011354008430276563,0.0,-0.011354008430276563,0.0
phase_088,2026200006,command_constrained,0.4,0.75,logistics,True,7.0,0.0013806779999999685,0.004177761999999974,0.015243120000000054,0.00016655399999998544,-0.01070212199999998,0.784871942,0.810785946,-0.02591400399999999,logistics,logistics,True,logistics,29212.343489992,29212.343489992,37219.248055747,36029.661863619,0.0,1189.5861921279939,0.0,0.03248350845707487,-0.03248350845707487,0.81078594632855,0.7848719416963434,0.81078594632855,0.7848719416963434,-0.0259140046322065,0.0,-0.0259140046322065,0.0
phase_088,2026200008,command_constrained,0.4,0.75,logistics,True,147.0,0.0012038209999999383,0.003405649000000066,0.004986734999999909,0.0003853150000000527,0.002741239999999978,0.967086296,0.99955037,-0.032464074000000065,logistics,logistics,True,logistics,30245.302793166,30245.302793166,31274.667960268,30258.908112348,0.0,1015.7598479200024,0.0,0.03301781534056163,-0.03301781534056163,0.9995503697908898,0.9670862958989771,0.9995503697908898,0.9670862958989771,-0.03246407389191275,0.0,-0.03246407389191275,0.0
phase_088,2026200009,command_constrained,0.4,0.75,logistics,True,35.0,1.1170000000504388e-06,-0.06062701599999998,0.003344166000000093,4.2787000000044095e-05,-0.330603907,0.963372585,1.0,-0.036627414999999997,logistics,logistics,True,logistics,28838.9701792,64547.48865921,29935.427508743,32487.744855356,-35708.518480009996,-2552.3173466129992,-0.805673607471808,-0.08182029133952477,-0.7238533161322833,1.0,0.9633725849005241,0.8876876590726348,1.0,-0.03662741509947587,-0.1123123409273652,0.0,0.07568492582788933
phase_089,2026200000,command_constrained,0.4,1.0,logistics,True,77.0,0.0022165660000000864,0.006167786000000008,0.017303085999999968,0.0036353420000000414,-0.0210765690000001,0.767127625,0.804845973,-0.03771834800000007,logistics,logistics,True,logistics,29011.347499274,29011.347499274,37818.149889697,36045.837945376,0.0,1772.3119443210016,0.0,0.04799773841194414,-0.04799773841194414,0.8048459725984983,0.767127624801596,0.8048459725984983,0.767127624801596,-0.03771834779690231,0.0,-0.03771834779690231,0.0
phase_089,2026200001,command_constrained,0.4,1.0,logistics,False,,1.2409999999851706e-06,0.00558497899999999,0.008292212999999937,0.015428490000000017,0.01334672299999995,0.963231771,0.999999568,-0.03676779699999999,logistics,logistics,True,logistics,35367.264635554,35367.264635554,36717.294511808,35367.27989747,0.0,1350.0146143380043,0.0,0.03746078813302369,-0.03746078813302369,0.999999568473571,0.963231771452555,0.999999568473571,0.963231771452555,-0.03676779702101596,0.0,-0.03676779702101596,0.0
phase_089,2026200002,command_constrained,0.4,1.0,logistics,True,49.0,1.0240000000161231e-06,0.003235571000000048,0.01853423199999993,0.020020822999999965,0.0191165390000001,0.959417406,0.999999936,-0.040582530000000006,logistics,logistics,True,logistics,31915.525547829,31915.525547829,33265.526919827,31915.527596078,0.0,1349.9993237490016,0.0,0.04142898327529208,-0.04142898327529208,0.9999999358228061,0.9594174060356346,0.9999999358228061,0.9594174060356346,-0.04058252978717147,0.0,-0.04058252978717147,0.0
phase_089,2026200003,command_constrained,0.4,1.0,command,True,30.0,0.001217428999999992,0.0011576819999999932,0.09959243799999995,-0.028548801999999984,-0.003550435000000074,0.762609842,0.796471906,-0.033862063999999914,logistics,logistics,True,logistics,27647.002266951,27672.810742289,36253.141158848,34744.23961061,-25.80847533799897,1508.9015482379982,-0.0009330645136531451,0.042512238535586486,-0.04344530304923963,0.7964719059166986,0.7626098424357756,0.7957290928453163,0.7633217386884317,-0.03386206348092302,-0.0007428130713822423,-0.033150167228266914,3.091681872613439e-05
phase_009,2026200009,forcegen_constrained,0.15,0.25,logistics,False,,0.0004685959999999323,0.011733945000000023,0.0033821649999999925,0.04209845600000006,0.07693128900000001,0.764103093,0.791198579,-0.027095486000000002,logistics,logistics,True,logistics,31206.032806686,26942.370791785,40840.081773607,34052.60261493,4263.662014900998,6787.479158677001,0.14691126553777617,0.18175753081860174,-0.03484626528082557,0.7911985787533433,0.7641030931248763,0.9164066887799068,0.659704134314358,-0.027095485628466975,0.1252081100265635,-0.13149444443898528,-0.020809151216045207
phase_089,2026200004,command_constrained,0.4,1.0,command,True,21.0,0.0014602409999999733,0.003499809999999992,0.06175089500000008,-0.007923769999999997,0.19060135099999997,1.0,0.994998211,0.005001789000000034,logistics,logistics,True,logistics,39726.855232066,31690.610392624,37081.325550461,31849.916972871,8036.244839442003,5231.4085775899985,0.22600697832804073,0.15207871325546785,0.07392826507257289,0.9949982105013745,1.0,1.0,0.8546245292525693,0.0050017894986255085,0.0050017894986255085,-0.14037368124880523,0.14037368124880523
phase_089,2026200005,command_constrained,0.4,1.0,command,True,7.0,4.789999999976757e-07,0.0011118740000000127,0.005948338000000053,0.023774288000000032,0.03495240899999996,1.0,0.632131266,0.367868734,logistics,logistics,True,logistics,84682.078739904,24302.539067918,39691.4257296,38445.399508748,60379.539671986,1246.0262208519998,1.2483231608659597,0.03189614765643254,1.2164270132095272,0.632131266119061,1.0,1.0,0.6122868760996486,0.367868733880939,0.367868733880939,-0.019844390019412406,0.019844390019412406
phase_089,2026200006,command_constrained,0.4,1.0,command,True,42.0,0.002225426000000086,6.903300000005164e-05,0.03144839899999996,0.05764931300000009,-0.013082601999999999,0.788110993,0.812207384,-0.02409639100000005,logistics,logistics,True,logistics,30551.961596092,30584.108676877,38766.064511188,37655.541300698,-32.14708078500189,1110.5232104899987,-0.0010516568567233416,0.029065115202931358,-0.0301167720596547,0.8122073835733196,0.7881109929865233,0.8113536690953284,0.7889402512873169,-0.024096390586796246,-0.0008537144779912076,-0.023267132286002634,2.4456177197595963e-05
phase_089,2026200007,command_constrained,0.4,1.0,command,True,7.0,0.0011482950000000214,0.008341186,0.03457625399999997,-0.022581199999999968,0.199924367,0.749715152,0.999893348,-0.2501781959999999,logistics,logistics,True,logistics,25240.979267249,30299.805040226,33667.425842395,30303.036917963,-5058.825772977001,3364.3889244320017,-0.18267244303128788,0.10528284188460443,-0.2879552849158923,0.9998933480579604,0.7497151515357264,0.8329521339917809,0.8999739149071387,-0.25017819652223394,-0.16694121406617946,-0.09991943315082163,0.016682450694767148
phase_089,2026200008,command_constrained,0.4,1.0,logistics,True,294.0,0.0018068749999999856,0.005106409000000034,0.023668274000000045,0.026136372000000074,0.003618029000000078,0.743318749,0.780869252,-0.03755050300000007,logistics,logistics,True,logistics,25198.933591051,25198.933591051,33900.575785894,32270.362198489,0.0,1630.2135874049964,0.0,0.04928276907563429,-0.04928276907563429,0.7808692519797901,0.7433187492212524,0.7808692519797901,0.7433187492212524,-0.03755050275853766,0.0,-0.03755050275853766,0.0
phase_089,2026200009,command_constrained,0.4,1.0,logistics,False,,0.0033046909999999707,0.006402185000000005,0.01548293199999995,-0.021325413000000015,0.262119962,0.746052773,0.999923957,-0.2538711840000001,logistics,logistics,True,logistics,25510.17621839,30578.799985617,34193.52776648,30581.12547786,-5068.623767227,3612.40228862,-0.1812295179803793,0.11165337536398853,-0.29288289334436785,0.999923956616813,0.7460527732794417,0.8341804240284993,0.8942861992611792,-0.25387118333737124,-0.16574353258831365,-0.10563775735563374,0.017510106606576148
phase_089,2026200010,command_constrained,0.4,1.0,logistics,True,7.0,0.00434875400000001,0.016443261000000042,0.020981149000000032,0.020466199000000018,0.01961652700000005,0.961659478,0.999999996,-0.038340518000000046,logistics,logistics,True,logistics,33860.791889297,33860.791889297,35210.792026282,33860.79202431,0.0,1350.0000019719955,0.0,0.03909485968960826,-0.03909485968960826,0.9999999960127038,0.9616594782651485,0.9999999960127038,0.9616594782651485,-0.038340517747555314,0.0,-0.038340517747555314,0.0
phase_089,2026200011,command_constrained,0.4,1.0,logistics,True,322.0,0.0018068820000000096,0.0048089809999999344,0.004846106999999988,0.0019474550000000423,0.24631206800000005,0.758077815,0.999099792,-0.24102197699999994,logistics,logistics,True,logistics,27434.562905213,31859.363811797,36189.639611043,31888.069699912,-4424.8009065840015,4301.569911130999,-0.14952769766948446,0.12654093003861708,-0.27606862770810153,0.9990997922299737,0.7580778145367755,0.860339404780237,0.8803448764401443,-0.24102197769319822,-0.13876038744973673,-0.11875491578982944,0.016493325546367954
phase_090,2026200000,command_constrained,0.4,1.5,logistics,True,112.0,5.560999999931759e-06,0.003128933000000056,0.013853197999999955,-0.006120870999999917,-0.21387416800000003,0.932383011,0.809988932,0.12239407899999999,logistics,logistics,True,logistics,33619.144849439,29988.182878984,36057.225882697,37022.953904685,3630.9619704549987,-965.7280219879976,0.11429229186004412,-0.026430811873454432,0.14072310373349856,0.8099889316284189,0.932383011350078,0.9080621966575371,0.8316830300961842,0.12239407972165905,0.09807326502911817,0.021694098467765266,0.002626716224775616
phase_090,2026200001,command_constrained,0.4,1.5,logistics,False,,1.8600000000201788e-06,0.00817382599999994,0.01089219600000002,0.024585165000000075,0.020123840999999976,0.945845901,0.999999562,-0.054153660999999964,logistics,logistics,True,logistics,35368.977795431,35368.977795431,37394.01710548,35368.99327534,0.0,2025.0238301400022,0.0,0.055675181040444374,-0.055675181040444374,0.9999995623310824,0.9458459008472712,0.9999995623310824,0.9458459008472712,-0.05415366148381129,0.0,-0.05415366148381129,0.0
phase_009,2026200010,forcegen_constrained,0.15,0.25,logistics,False,,0.0007130589999999604,0.0021121669999999426,0.0058596050000000455,0.004810052999999925,0.004692036999999982,0.990088087,0.999999995,-0.00991190800000008,logistics,logistics,True,logistics,33712.451767319,33712.451767319,34049.951934623,33712.451920762,0.0,337.50001386099757,0.0,0.009961358672665234,-0.009961358672665234,0.9999999954484768,0.9900880868216198,0.9999999954484768,0.9900880868216198,-0.009911908626857091,0.0,-0.009911908626857091,0.0
phase_090,2026200002,command_constrained,0.4,1.5,command,True,7.0,1.8920000000033355e-06,0.011028818999999968,0.013414609999999993,-0.005538800999999927,-0.18831583500000004,0.940302453,0.795757275,0.144545178,logistics,logistics,True,logistics,31959.818574107,27551.244042291,33988.870801195,34622.673136493,4408.574531816001,-633.8023352980017,0.14843175384751944,-0.018475618759631062,0.1669073726071505,0.7957572754037708,0.940302452559952,0.9230892845307401,0.8105960390223478,0.1445451771561812,0.1273320091269693,0.014838763618576944,0.002374404410634967
phase_090,2026200003,command_constrained,0.4,1.5,logistics,True,21.0,0.0018482659999999873,0.012088867999999975,0.05029409699999998,0.031149774999999935,0.09269869799999997,0.893430401,0.796274554,0.09715584700000002,logistics,logistics,True,logistics,35121.953364548,27640.125787153,39311.347957295,34711.803408731,7481.827577394997,4599.544548564001,0.2395578371405371,0.124433444304242,0.11512439283629511,0.7962745542687859,0.8934304008781877,1.0,0.7031080648055933,0.0971558466094018,0.2037254457312141,-0.09316648946319261,-0.013403109658619683
phase_090,2026200004,command_constrained,0.4,1.5,logistics,True,7.0,0.0021080869999999807,0.008008161999999985,0.02489833100000005,0.03620672300000005,0.03436648799999997,0.939493439,0.999999964,-0.06050652499999998,logistics,logistics,True,logistics,31442.490085943,31442.490085943,33467.492976668,31442.491227212,0.0,2025.0017494560016,0.0,0.062414406893977835,-0.062414406893977835,0.9999999637029716,0.9394934394357911,0.9999999637029716,0.9394934394357911,-0.060506524267180506,0.0,-0.060506524267180506,0.0
phase_090,2026200005,command_constrained,0.4,1.5,command,True,21.0,0.001146635000000007,0.003758601000000028,0.01716658300000007,-0.035278648000000024,0.024265756000000027,1.0,1.0,0.0,logistics,logistics,True,logistics,66472.092639318,68613.718625597,40410.0428758,38422.406409268,-2141.625986279003,1987.6364665319998,-0.03171029468251857,0.0504375504444066,-0.08214784512692516,1.0,1.0,1.0,1.0,0.0,0.0,0.0,0.0
phase_090,2026200006,command_constrained,0.4,1.5,logistics,False,,3.4500000000159403e-06,6.987000000013843e-06,0.011018466999999976,0.025131622999999936,0.024572044000000015,0.76124725,0.806020547,-0.04477329699999999,logistics,logistics,True,logistics,29307.251148311,29307.251148311,38498.991143425,36360.426853004,0.0,2138.5642904210035,0.0,0.05715102801158058,-0.05715102801158058,0.806020547195246,0.7612472503273946,0.806020547195246,0.7612472503273946,-0.044773296867851364,0.0,-0.044773296867851364,0.0
phase_090,2026200009,command_constrained,0.4,1.5,command,True,35.0,0.0021717580000000236,0.04427424099999999,0.010298746000000025,-0.015152826000000008,0.005229605000000026,1.0,1.0,0.0,logistics,logistics,True,logistics,42992.052660065,38460.450078915,36227.483725147,34476.896940124,4531.60258115,1750.5867850229988,0.111384834140894,0.049528603888004036,0.06185623025288997,1.0,1.0,1.0,1.0,0.0,0.0,0.0,0.0
phase_090,2026200010,command_constrained,0.4,1.5,logistics,False,,0.0051027109999999265,0.038733908999999955,0.03866256999999995,0.03779105199999999,0.036692448000000044,0.945963026,0.999999997,-0.054036970999999934,logistics,logistics,True,logistics,35449.343119201,35468.327694694,37474.343212405,35468.327804321,-18.984575492999284,2006.0154080840002,-0.000535397616098103,0.05501639408456534,-0.05555179170066344,0.999999996909158,0.9459630264438185,0.9994647425944426,0.9464696283977312,-0.05403697046533951,-0.0005352543147153499,-0.053530368511426785,2.8652360802627896e-05
phase_009,2026200011,forcegen_constrained,0.15,0.25,logistics,False,,1.0059999999700864e-06,0.0013561890000000076,0.0005484409999999551,0.005304408000000094,-0.009562533000000095,0.777260484,0.790979447,-0.013718962999999973,logistics,logistics,True,logistics,26759.83110174,26759.83110174,34428.395197561,33831.259696518,0.0,597.1355010430052,0.0,0.017496447501849914,-0.017496447501849914,0.7909794474633232,0.7772604836264845,0.7909794474633232,0.7772604836264845,-0.013718963836838682,0.0,-0.013718963836838682,0.0
phase_091,2026200000,command_constrained,0.4,2.0,logistics,True,21.0,0.00655249400000002,0.01834790800000008,0.057261479000000004,0.003021667999999922,-0.146820603,0.930736059,1.0,-0.069263941,logistics,logistics,True,logistics,36389.972596854,69762.58185955,39098.058190649,38672.221774867,-33372.609262696,425.83641578199604,-0.6508045309339721,0.01095124440425547,-0.6617557753382275,1.0,0.9307360590495339,0.9409847928753804,1.0,-0.06926394095046606,-0.059015207124619606,0.0,-0.010248733825846457
phase_091,2026200001,command_constrained,0.4,2.0,command,True,49.0,-6.189100000009162e-05,0.042904834,-0.020809555000000035,0.05645794699999995,-0.009855975999999989,0.759490023,0.815196561,-0.05570653800000003,logistics,logistics,True,logistics,31001.721977625,30998.201704047,40819.129992872,38025.43236935,3.5202735780003422,2793.697623521999,0.00011355735209789348,0.07089563515732196,-0.07078207780522407,0.8151965611581783,0.7594900230122162,0.8152891379773926,0.7594037822329881,-0.05570653814596205,9.257681921426286e-05,-0.05579277892519019,-6.3360399861212e-06
phase_091,2026200002,command_constrained,0.4,2.0,logistics,True,7.0,0.0022710479999999977,0.0032577819999999313,-0.010011149999999969,0.04571504900000001,0.050145303000000085,1.0,0.805308311,0.194691689,logistics,logistics,True,logistics,68389.426061035,29249.753638303,41321.246559814,36321.186873174,39139.67242273201,5000.059686639994,0.849347071907052,0.12897558080798335,0.7203714910990687,0.8053083105581607,1.0,1.0,0.7078623244330958,0.19469168944183934,0.19469168944183934,-0.09744598612506483,0.09744598612506483
phase_091,2026200003,command_constrained,0.4,2.0,logistics,True,7.0,3.701999999994321e-06,0.010557321000000064,0.02236438400000007,-0.10517251399999994,-0.09537031600000001,0.923015643,0.798561982,0.1244536610000001,logistics,logistics,True,logistics,33490.849974381,28033.309587199,36284.16293613,35104.738547771,5457.540387182002,1179.4243883590025,0.1778788351871114,0.03304524059960232,0.14483359458750908,0.7985619818546974,0.9230156427567039,0.9540264750528253,0.7726045557822363,0.12445366090200649,0.15546449319812794,-0.0259574260724611,-0.0050534062236603505
phase_091,2026200004,command_constrained,0.4,2.0,logistics,True,7.0,0.003045377999999932,0.013453618999999972,0.017142310999999966,0.09009215200000009,0.19617254400000006,0.744494666,0.999996807,-0.255502141,logistics,logistics,True,logistics,28934.143095614,33309.200688086,38864.137516303,33309.307028741,-4375.057592472,5554.8304875620015,-0.14081133598078746,0.154235062362809,-0.29504639834359647,0.9999968074792156,0.744494666412615,0.8686504066460499,0.8570677960912736,-0.25550214106660063,-0.13134640083316573,-0.142929011387942,0.01877327115450711
phase_091,2026200005,command_constrained,0.4,2.0,logistics,True,30.0,0.004288198000000021,0.007112479999999977,-0.027823445999999974,0.050248861000000034,-0.023970879000000056,0.701934687,1.0,-0.29806531300000005,logistics,logistics,True,logistics,28731.133693317,69711.12855502,40931.349068446,36868.718970297,-40979.994861703,4062.6300981489985,-0.8863786361774211,0.10453278320061798,-0.9909114193780391,1.0,0.7019346869137486,0.7792821257626015,1.0,-0.2980653130862514,-0.22071787423739853,0.0,-0.07734743884885287
phase_091,2026200006,command_constrained,0.4,2.0,command,True,21.0,0.003174051000000011,0.008007317999999986,0.009763791999999993,0.068652767,0.1636943580000001,0.748252086,0.999984211,-0.251732125,logistics,logistics,True,logistics,28592.00034654,34021.234619088,38211.721552338,34021.771786877,-5429.2342725479975,4189.949765461002,-0.17385790675045162,0.11614164910991966,-0.2899995558603713,0.999984211057779,0.7482520856166603,0.8404030373741033,0.8903350395372698,-0.25173212544111867,-0.15958117368367575,-0.10964917152050924,0.017498219763066314
phase_091,2026200008,command_constrained,0.4,2.0,logistics,True,42.0,7.568000000013342e-06,0.01734413800000001,0.05467261000000001,0.017277768000000027,-0.08993413800000005,0.733020385,1.0,-0.266979615,logistics,logistics,True,logistics,27747.965306656,46406.695293041,37854.288736752,37768.259685764,-18658.729986385,86.02905098799965,-0.514281228709747,0.002275223194519332,-0.5165564519042664,1.0,0.7330203850776895,0.7346900687911507,1.0,-0.2669796149223105,-0.26530993120884927,0.0,-0.001669683713461212
phase_091,2026200009,command_constrained,0.4,2.0,command,True,7.0,3.071999999937347e-06,0.005518734000000025,0.015640606999999918,-0.007844486999999956,0.172385487,0.89927464,0.999984117,-0.10070947699999999,logistics,logistics,True,logistics,33775.639904221,33748.851406289,37558.759455986,33749.387437227,26.78849793200061,3809.3720187590006,0.0007934454245414413,0.10694435832049713,-0.10615091289595568,0.9999841173135662,0.899274640415152,1.0,0.8985613980631677,-0.10070947689841414,1.588268643382129e-05,-0.10142271925039847,0.0006973596655505121
phase_010,2026200000,forcegen_constrained,0.15,0.5,logistics,False,,0.0024061220000000105,0.008169415999999985,0.010897898000000072,0.008753524000000068,0.007099830000000029,0.980535923,0.999999997,-0.019464073999999942,logistics,logistics,True,logistics,34004.275692796,34004.275692796,34679.275795254,34004.27579788,0.0,674.9999973739978,0.0,0.01965599373413873,-0.01965599373413873,0.9999999969096828,0.9805359227671538,0.9999999969096828,0.9805359227671538,-0.01946407414252893,0.0,-0.01946407414252893,0.0
phase_091,2026200010,command_constrained,0.4,2.0,command,True,7.0,0.006837171000000031,0.02524096099999995,0.0462232090000001,0.052107707,0.05432690600000001,0.926172656,0.999999995,-0.07382733900000005,logistics,logistics,True,logistics,34149.750588572,34122.511715367,36871.905453081,34122.511893481,27.238873205002164,2749.393559600001,0.0007979485000523059,0.0774925519214597,-0.07669460342140738,0.9999999947801614,0.9261726555473813,1.0,0.9254339122448508,-0.07382733923278018,5.219838561387746e-09,-0.07456608253531061,0.0007387380826918699
phase_091,2026200011,command_constrained,0.4,2.0,logistics,True,21.0,3.448000000072504e-06,0.017684456999999987,-0.02472775599999999,0.004275265999999944,-0.010706855999999987,0.930584207,1.0,-0.069415793,logistics,logistics,True,logistics,36576.557045516,68302.653072436,39304.940666266,37076.654986338,-31726.096026920008,2228.285679927998,-0.6245410929150609,0.05836270176842536,-0.6829037946834863,1.0,0.9305842071123728,0.9865117837354455,1.0,-0.06941579288762723,-0.013488216264554542,0.0,-0.05592757662307268
phase_010,2026200001,forcegen_constrained,0.15,0.5,logistics,False,,0.0008805399999999297,0.0035154210000000186,0.017748915999999948,0.0013472639999999592,0.00754880400000002,0.788490106,0.812102075,-0.023611968999999955,logistics,logistics,True,logistics,30562.988834661,30562.988834661,38761.410699015,37634.417872307,0.0,1126.9928267080031,0.0,0.02950618145815861,-0.02950618145815861,0.8121020747115246,0.7884901061002317,0.8121020747115246,0.7884901061002317,-0.02361196861129289,0.0,-0.02361196861129289,0.0
phase_093,2026200000,command_constrained,0.55,0.25,logistics,False,,0.0009439369999999503,0.002076524000000024,0.001900950999999984,-0.0036213259999999803,0.004256541000000058,0.800793916,0.819373506,-0.01857958999999998,logistics,logistics,True,logistics,31115.999974287,31115.999974287,38856.439017246,37975.355243384,0.0,881.0837738619957,0.0,0.022936400447302854,-0.022936400447302854,0.8193735061822226,0.8007939163050044,0.8193735061822226,0.8007939163050044,-0.018579589877218194,0.0,-0.018579589877218194,0.0
phase_093,2026200001,command_constrained,0.55,0.25,logistics,False,,5.860000000801335e-07,0.0016659879999999516,0.010874595999999959,-0.010700829000000023,-0.175189885,0.990172518,0.803236886,0.18693563199999996,logistics,logistics,True,logistics,34213.786462644,28780.856890555,34553.358962069,35831.094668513,5432.929572089,-1277.735706443993,0.17291820094664734,-0.036311316772457844,0.2092295177191052,0.8032368856385099,0.9901725183997951,0.9548629976049762,0.8329394812860081,0.18693563276128522,0.15162611196646625,0.02970259564749822,0.0056069251473207515
phase_093,2026200002,command_constrained,0.55,0.25,logistics,True,70.0,0.0004337449999999299,-0.04739228299999998,-0.0009085180000000248,-0.0048418169999999705,0.004897609999999997,0.790095825,0.802110456,-0.012014630999999998,logistics,logistics,True,logistics,28662.985684488,28662.985684488,36277.859967857,35734.462096092,0.0,543.3978717650025,0.0,0.01509208897443353,-0.01509208897443353,0.8021104559349908,0.790095824557569,0.8021104559349908,0.790095824557569,-0.012014631377421758,0.0,-0.012014631377421758,0.0
phase_093,2026200003,command_constrained,0.55,0.25,logistics,False,,4.12000000005186e-07,0.0017135369999999872,0.00164639600000005,-0.0013273499999999494,0.0061343630000000315,1.0,0.795995723,0.204004277,logistics,logistics,True,logistics,67414.527555266,27591.711515377,35104.502283013,34663.140434331,39822.816039889,441.3618486819978,0.8933451168474144,0.012652505358055616,0.8806926114893587,0.7959957225355632,1.0,1.0,0.7859878283683451,0.20400427746443683,0.20400427746443683,-0.010007894167218034,0.010007894167218034
phase_093,2026200004,command_constrained,0.55,0.25,command,True,7.0,9.210000000425822e-07,-0.0007161629999999919,0.021162165999999982,0.007118230000000003,0.0023462300000000047,0.849223676,0.954234491,-0.10501081499999998,logistics,logistics,True,logistics,29534.488400577,32910.019821774,34778.220682045,34488.398947533,-3375.5314211970035,289.82173451199924,-0.10821848645038568,0.008368343291219214,-0.11658682974160489,0.9542344911933959,0.8492236756616134,0.856360089243564,0.9462824485084858,-0.10501081553178249,-0.09787440194983188,-0.007952042684910121,0.0008156291029595142
phase_093,2026200005,command_constrained,0.55,0.25,logistics,True,84.0,6.229999999218805e-07,-0.0033492209999999023,-0.004501625000000065,0.018022699999999947,-0.011545167000000078,0.973916523,0.984689815,-0.01077329199999999,logistics,logistics,True,logistics,34112.969580106,34112.969580106,35026.584706972,34643.365937056,0.0,383.21876991599856,0.0,0.011001088166500576,-0.011001088166500576,0.9846898145545764,0.9739165227067045,0.9846898145545764,0.9739165227067045,-0.010773291847871902,0.0,-0.010773291847871902,0.0
phase_010,2026200002,forcegen_constrained,0.15,0.5,logistics,False,,0.0009520590000000606,0.005930733000000021,0.00823929999999995,-0.0024008290000000487,-0.015510042999999918,0.784369897,0.80311019,-0.018740292999999908,logistics,logistics,True,logistics,28844.23719265,28844.23719265,36773.768747186,35915.665818138,0.0,858.1029290480001,0.0,0.023611211149884622,-0.023611211149884622,0.8031101898181487,0.7843698966768866,0.8031101898181487,0.7843698966768866,-0.018740293141262132,0.0,-0.018740293141262132,0.0
phase_093,2026200006,command_constrained,0.55,0.25,logistics,True,119.0,6.639999999835666e-07,0.0016108890000000597,0.02380534500000009,0.10107571800000004,-0.003283635999999923,0.883361412,0.802902544,0.0804588679999999,logistics,logistics,True,logistics,34011.277841239,28554.389840011,38502.109548035,35563.954866603,5456.888001228002,2938.1546814319954,0.17488148682600785,0.07938041206538438,0.09550107476062347,0.8029025440819445,0.8833614116339974,0.9563412721901166,0.7416318268064434,0.08045886755205289,0.15343872810817205,-0.06127071727550115,-0.011709143280618006
phase_093,2026200007,command_constrained,0.55,0.25,logistics,True,42.0,8.409999999736684e-07,2.2920000000148377e-06,0.014611062999999924,0.0037275150000000146,0.03749701299999997,0.97323247,1.0,-0.026767529999999984,logistics,logistics,True,logistics,36245.279899521,40712.716522252,37242.160561931,36879.584687162,-4467.436622730995,362.5758747689979,-0.11623132575758661,0.009783330532709454,-0.12601465629029607,1.0,0.9732324696696301,0.9828006526369099,1.0,-0.026767530330369937,-0.017199347363090145,0.0,-0.009568182967279792
phase_093,2026200008,command_constrained,0.55,0.25,logistics,True,98.0,0.0003856050000000666,0.0012692260000000122,0.004078095000000004,0.001831104999999944,0.044155477,1.0,0.799290779,0.200709221,logistics,logistics,True,logistics,67928.685374411,28160.88545699,35758.087978153,35232.341237156,39767.799917421,525.746740997005,0.8805244357841964,0.014812034777570893,0.8657124010066255,0.7992907785330926,1.0,1.0,0.7875389051616899,0.2007092214669074,0.2007092214669074,-0.01175187337140271,0.01175187337140271
phase_093,2026200009,command_constrained,0.55,0.25,logistics,True,42.0,0.0004534090000000157,1.0189999999354882e-06,0.003605095999999919,-0.0010190320000000863,-0.009841264999999932,0.795778714,0.803643883,-0.007865169000000005,logistics,logistics,True,logistics,28483.568652604,28483.568652604,35793.328165605,35443.023037035,0.0,350.30512857000576,0.0,0.009835089708363155,-0.009835089708363155,0.8036438828268416,0.7957787138658653,0.8036438828268416,0.7957787138658653,-0.007865168960976332,0.0,-0.007865168960976332,0.0
phase_093,2026200010,command_constrained,0.55,0.25,logistics,False,,0.000815674000000044,0.0018046070000000691,0.001596407999999938,-0.003796715000000006,-0.010233052999999992,0.795371215,0.811513341,-0.01614212600000009,logistics,logistics,True,logistics,30292.974120445,30292.974120445,38086.585914476,37328.990908735,0.0,757.5950057410009,0.0,0.020091883486625217,-0.020091883486625217,0.8115133407840508,0.7953712151692547,0.8115133407840508,0.7953712151692547,-0.01614212561479611,0.0,-0.01614212561479611,0.0
phase_093,2026200011,command_constrained,0.55,0.25,logistics,True,14.0,0.0004697869999999993,0.001329743999999966,-0.006985342999999977,-0.0019163399999999609,0.002204212999999955,0.783355995,0.799653173,-0.01629717800000008,logistics,logistics,True,logistics,28242.827413131,28242.827413131,36053.630256475,35318.846163287,0.0,734.7840931879982,0.0,0.02059085213815503,-0.02059085213815503,0.7996531733386201,0.7833559952831315,0.7996531733386201,0.7833559952831315,-0.01629717805548858,0.0,-0.01629717805548858,0.0
phase_094,2026200000,command_constrained,0.55,0.5,logistics,False,,0.001709070999999951,0.004107218999999995,0.0049143490000000956,-0.0019822749999999223,-0.039215836000000004,0.800933818,1.0,-0.19906618200000004,logistics,logistics,True,logistics,31145.076597744,69806.43565332,38885.955263434,38004.571594068,-38661.359055576,881.3836693659978,-0.8070700287605601,0.022926680621310442,-0.8299967093818705,1.0,0.8009338175377408,0.8195086878075827,1.0,-0.19906618246225916,-0.18049131219241732,0.0,-0.018574870269841837
phase_094,2026200001,command_constrained,0.55,0.5,logistics,False,,1.1659999999968917e-06,0.0034613610000000516,0.009635496999999993,-0.170458754,-0.03765659399999999,0.97975943,0.999955839,-0.02019640899999997,logistics,logistics,True,logistics,32675.581729162,34242.048771962,33350.617226907,34243.561003598,-1566.467042799999,-892.9437766909978,-0.046826322267523576,-0.026422267395286567,-0.02040405487223701,0.9999558389492308,0.9797594301433081,0.9542109748962367,1.0,-0.02019640880592266,-0.04574486405299405,4.4161050769209176e-05,0.02550429419630218
phase_094,2026200002,command_constrained,0.55,0.5,command,True,30.0,1.4579999999542181e-06,-0.010658242999999956,0.037848829000000084,-0.032936090000000084,-0.054189076999999974,0.774713164,0.79339253,-0.018679365999999975,logistics,logistics,True,logistics,27169.193598599,27154.965115101,35070.003794855,34226.393748232,14.22848349799824,843.6100466229982,0.0005238363247684461,0.024349078910814104,-0.02382524258604566,0.7933925296030849,0.7747131639200135,0.7938082463041392,0.7743074472973057,-0.01867936568307138,0.0004157167010542251,-0.01908508230577921,-1.0000078346394936e-05
phase_094,2026200003,command_constrained,0.55,0.5,logistics,False,,0.0011032049999999405,0.005062597999999974,0.010627977999999927,-0.211222338,-0.271611791,0.978949021,0.795811659,0.18313736200000008,logistics,logistics,True,logistics,31390.979587139,27560.464333548,32066.00028588,34631.893140929,3830.515253591002,-2565.892855049002,0.1301382832477696,-0.07697873689415079,0.2071170201419204,0.795811658964038,0.9789490209966025,0.9064182388008182,0.8594918009055225,0.18313736203256448,0.11060657983678013,0.06368014194148441,0.008850640254299935
phase_010,2026200003,forcegen_constrained,0.15,0.5,logistics,False,,2.2950000000410142e-06,0.017875176000000104,0.02216519699999997,0.015678357999999948,-0.01689837999999999,0.989388872,0.974574749,0.014814123000000068,logistics,logistics,True,logistics,41088.596434041,39393.239683133,41529.268837771,40420.952531672,1695.3567509080021,1108.3163060989973,0.042136404041842816,0.027050174299509983,0.015086229742332834,0.9745747493769787,0.989388871606398,1.0,0.9485656931986417,0.014814122229419247,0.025425250623021256,-0.026009056178337042,0.015397927784735033
phase_094,2026200004,command_constrained,0.55,0.5,logistics,True,7.0,0.0008902359999999332,-0.022967744000000012,0.011626941000000057,0.005280343999999992,0.08980575299999993,1.0,0.808135768,0.19186423200000002,logistics,logistics,True,logistics,103377.213102205,29791.108128539,41526.741914935,36863.989068787,73586.104973666,4662.752846148003,1.2441745975629992,0.11910243465791415,1.125072162905085,0.8081357682954431,1.0,1.0,0.7173957492153915,0.1918642317045569,0.1918642317045569,-0.09074001908005158,0.09074001908005158
phase_094,2026200005,command_constrained,0.55,0.5,logistics,False,,0.0005968280000000492,-0.015316737000000025,0.00785324300000001,-0.0289875289999999,-0.008630662999999927,0.779381759,0.801922028,-0.022540269000000057,logistics,logistics,True,logistics,28215.219686159,28629.302574403,36202.052927799,35700.855658404,-414.08288824400006,501.19726939500106,-0.014569221316784195,0.013941171415527287,-0.02851039273231148,0.8019220280974876,0.779381758886192,0.7903233456399559,0.7908198640419919,-0.022540269211295594,-0.011598682457531706,-0.011102164055495689,0.0001605773017318013
phase_094,2026200006,command_constrained,0.55,0.5,logistics,True,7.0,0.0008256559999999524,-0.017039943999999974,-0.017661475000000038,-0.05049907500000006,-0.023434742000000064,0.778846775,0.798352324,-0.01950554900000001,logistics,logistics,True,logistics,27996.812711005,27996.812711005,35946.496298269,35068.242268405,0.0,878.2540298639942,0.0,0.02473567677310477,-0.02473567677310477,0.7983523239266811,0.7788467749039893,0.7983523239266811,0.7788467749039893,-0.01950554902269175,0.0,-0.01950554902269175,0.0
phase_094,2026200007,command_constrained,0.55,0.5,logistics,True,21.0,1.2230000000501562e-06,-0.0017289639999999995,0.005225582000000006,-0.020201475000000024,-0.04347863900000004,1.0,0.986479478,0.01352052199999998,logistics,logistics,True,logistics,67039.753527338,36420.08713792,36315.194827612,36919.254747128,30619.666389418002,-604.0599195159957,0.6101653127846537,-0.016496979838163815,0.6266622926228175,0.9864794776431173,1.0,1.0,1.0,0.013520522356882725,0.013520522356882725,0.013520522356882725,-0.013520522356882725
phase_094,2026200008,command_constrained,0.55,0.5,command,True,14.0,6.169999999805498e-07,0.0023029079999999924,0.00025897600000002186,-0.038461619999999974,0.04276638300000002,1.0,1.0,0.0,logistics,logistics,True,logistics,43077.893565015,69793.14222901,37103.313211104,34707.262406559,-26715.248663995,2396.050804545004,-0.482525800871811,0.06675731419769887,-0.5492831150695099,1.0,1.0,1.0,1.0,0.0,0.0,0.0,0.0
phase_094,2026200010,command_constrained,0.55,0.5,logistics,True,175.0,1.7399999999723192e-06,0.005041516000000024,0.008570002000000021,0.012632297999999986,-0.026750662999999952,0.980309463,0.999544052,-0.01923458899999997,logistics,logistics,True,logistics,34711.775732453,34711.775732453,35408.997911055,34727.609708831,0.0,681.3882022239995,0.0,0.019430926701731247,-0.019430926701731247,0.9995440522249947,0.9803094631383421,0.9995440522249947,0.9803094631383421,-0.019234589086652543,0.0,-0.019234589086652543,0.0
phase_095,2026200000,command_constrained,0.55,0.75,command,True,7.0,0.0020787380000000244,0.004648984999999994,0.007108714999999988,0.007804325999999917,-0.08125792500000006,0.786640226,1.0,-0.21335977399999995,logistics,logistics,True,logistics,31140.376937659,69855.976719996,39586.555466047,38004.864174692,-38715.599782337005,1581.691291355004,-0.8079303761645159,0.0407753960495881,-0.848705772214104,1.0,0.7866402259819699,0.8193787193797114,1.0,-0.21335977401803008,-0.1806212806202886,0.0,-0.032738493397741486
phase_095,2026200001,command_constrained,0.55,0.75,logistics,False,,0.002157823999999975,0.005448086000000019,0.0047909609999999825,0.00045394099999995774,-0.05371660199999995,0.914530872,0.929285808,-0.014754935999999996,logistics,logistics,True,logistics,34117.817023655,34133.524305286,37306.359001637,36730.921760836,-15.707281631002843,575.4372408010022,-0.00046027760341316393,0.015544839635215359,-0.016005117238628522,0.9292858079505251,0.9145308718590821,0.9288581769279964,0.9149519068260783,-0.01475493609144296,-0.0004276310225286295,-0.014333901124446768,6.5960555324373615e-06
phase_010,2026200004,forcegen_constrained,0.15,0.5,logistics,False,,2.259000000059963e-06,0.011248070000000054,0.04662741100000001,0.01008806299999998,0.28539145,0.765777284,0.982728826,-0.216951542,logistics,logistics,True,logistics,26112.653444334,30024.365244362,34099.540395635,30552.034753767,-3911.7118000280025,3547.5056418679997,-0.1395892236943627,0.10985261861382326,-0.24944184230818595,0.9827288259633857,0.765777284425705,0.854694414129467,0.8804917865756733,-0.2169515415376807,-0.12803441183391873,-0.10223703938771245,0.01331990968395047
phase_095,2026200002,command_constrained,0.55,0.75,command,True,30.0,0.0013692789999999455,0.011455172999999985,0.025201012999999994,-0.021932551000000022,-0.019849202000000066,0.767941899,0.793393562,-0.025451663000000013,logistics,logistics,True,logistics,27169.364677498,27155.136104389,35379.453460044,34226.564744054,14.228573109001445,1152.8887159900041,0.0005238363253991665,0.03312915144402468,-0.032605315118625515,0.7933935616225265,0.7679418990511508,0.7938092788648324,0.7675397285335912,-0.025451662571375655,0.0004157172423059352,-0.025853833088935296,-1.3546724746293926e-05
phase_095,2026200003,command_constrained,0.55,0.75,logistics,False,,0.0016393339999999368,0.008411221000000024,0.009967286999999936,-0.214406298,-0.2614302759999999,0.968831969,0.795813387,0.17301858199999998,logistics,logistics,True,logistics,31472.741658035,27560.757362251,32485.242704067,34632.186171822,3911.984295784001,-2146.9434677550016,0.1327289007598646,-0.06399757027165921,0.1967264710315238,0.7958133865853212,0.968831969172721,0.9087714388542517,0.8484085408664815,0.17301858258739977,0.11295805226893052,0.05259515428116035,0.007465376037308902
phase_095,2026200004,command_constrained,0.55,0.75,logistics,True,70.0,0.0011656770000000316,0.005933677000000026,0.02726238999999997,-0.0077007880000000695,-0.056030287999999984,0.965031992,0.999941198,-0.034909206000000026,logistics,logistics,True,logistics,32885.78375423,34541.910823736,34077.402638135,34543.942065937,-1656.1270695060011,-466.53942780200305,-0.04913293358953626,-0.013597711274806364,-0.03553522231472989,0.9999411983091818,0.9650319921222078,0.9519985788378774,1.0,-0.03490920618697402,-0.047942619471304404,5.8801690818177654e-05,0.012974611593512209
phase_095,2026200005,command_constrained,0.55,0.75,command,True,7.0,0.0009970510000000266,0.0022269409999999823,0.0055559270000000716,0.00697249099999997,-0.057545438000000004,0.959954835,1.0,-0.040045164999999994,logistics,logistics,True,logistics,39122.497774291,101480.015801647,40754.519213407,39812.530232226,-62357.518027355996,941.988981180999,-0.9531641982785802,0.02338504178305183,-0.976549240061632,1.0,0.959954835178644,0.9826679577030132,1.0,-0.040045164821356005,-0.017332042296986816,0.0,-0.02271312252436919
phase_095,2026200006,command_constrained,0.55,0.75,logistics,False,,9.440000000582316e-07,0.005628916000000039,0.042776155999999954,0.012802061000000031,0.001020972999999925,0.77606176,0.802965219,-0.026903458999999907,logistics,logistics,True,logistics,28398.127714363,28398.127714363,36592.613108814,35366.572603224,0.0,1226.0405055900046,0.0,0.034079295124849314,-0.034079295124849314,0.8029652189642555,0.7760617595118614,0.8029652189642555,0.7760617595118614,-0.02690345945239414,0.0,-0.02690345945239414,0.0
phase_095,2026200007,command_constrained,0.55,0.75,logistics,True,119.0,2.3670000000031166e-06,-0.016796272999999973,5.1842999999940353e-05,0.028370752000000055,0.03213957600000006,1.0,1.0,0.0,logistics,logistics,True,logistics,40744.86462591,40744.86462591,39164.962251322,38421.478671464,0.0,743.4835798580025,0.0,0.01916588335783492,-0.01916588335783492,1.0,1.0,1.0,1.0,0.0,0.0,0.0,0.0
phase_095,2026200008,command_constrained,0.55,0.75,command,True,14.0,1.401000000011976e-06,0.00295212899999997,0.02746104100000002,-0.0020795329999999668,0.075709052,1.0,0.777088867,0.22291113299999998,logistics,logistics,True,logistics,61829.402993461,28712.525471329,37463.787830362,36948.831332901,33116.877522131996,514.9564974610039,0.7670455727798675,0.013840790015672531,0.753204782764195,0.7770888668341183,1.0,1.0,0.7664074332617092,0.22291113316588174,0.22291113316588174,-0.010681433572409027,0.010681433572409027
phase_095,2026200009,command_constrained,0.55,0.75,logistics,True,49.0,0.0015370759999999706,3.3239999999157277e-06,0.001996871000000011,0.02300984500000003,-0.17801349099999997,0.947644142,0.801195019,0.14644912300000001,logistics,logistics,True,logistics,33889.890501545,28444.460908835,35762.25398242,35502.543352185,5445.429592709999,259.7106302350003,0.17516330864831764,0.007288641508651785,0.16787466713966587,0.8011950193727287,0.9476441422904883,0.9545764134517775,0.7953766259480659,0.14644912291775958,0.15338139407904872,-0.005818393424662838,-0.0011138777366263009
phase_095,2026200010,command_constrained,0.55,0.75,logistics,True,280.0,2.8970000000017038e-06,0.00800571800000005,0.18309555700000002,0.19009157399999999,0.24836376000000004,0.785027096,0.999999997,-0.214972901,logistics,logistics,True,logistics,30351.726444695,34773.797436196,38663.285119708,34773.797537891,-4422.070991501001,3889.487581817004,-0.13601075554594283,0.1060262859512793,-0.24203704149722213,0.999999997075528,0.7850270961383901,0.8728332420875942,0.8994010035238988,-0.21497290093713795,-0.12716675498793384,-0.10059899355162916,0.01279284760242505
phase_010,2026200005,forcegen_constrained,0.15,0.5,logistics,False,,0.0013138329999999865,0.0037370469999999933,0.0038735309999999856,0.017465914999999943,-0.056525834,0.795271164,0.815172814,-0.019901649999999993,logistics,logistics,True,logistics,31035.794709658,31035.794709658,39025.424405077,38072.656690728,0.0,952.767714349,0.0,0.02471698922919263,-0.02471698922919263,0.8151728144890998,0.7952711644468473,0.8151728144890998,0.7952711644468473,-0.019901650042252528,0.0,-0.019901650042252528,0.0
phase_096,2026200000,command_constrained,0.55,1.0,logistics,True,14.0,3.990000000064775e-06,0.007808922000000051,0.02042725099999998,0.025928309999999954,0.0005633270000000579,0.738636012,0.814578843,-0.0759428310000001,logistics,logistics,True,logistics,31065.99951065,31065.690782226,42058.603964427,38137.119620964,0.3087284239991277,3921.484343463002,9.93787300952263e-06,0.09787590208982193,-0.0978659642168124,0.8145788431580756,0.7386360121920713,0.8145869383793998,0.738628671757656,-0.0759428309660043,8.095221324166957e-06,-0.0759501714004196,-7.547869088631032e-07
phase_096,2026200001,command_constrained,0.55,1.0,logistics,False,,3.6290000000605005e-06,0.008549362000000005,0.011480614,0.00540647900000002,-0.002885308999999947,0.775598216,0.814478328,-0.03888011199999997,logistics,logistics,True,logistics,31045.028795706,31045.028795706,40027.205030088,38116.457779322,0.0,1910.7472507659986,0.0,0.048913197109947515,-0.048913197109947515,0.814478327851015,0.7755982155728784,0.814478327851015,0.7755982155728784,-0.03888011227813659,0.0,-0.03888011227813659,0.0
phase_096,2026200002,command_constrained,0.55,1.0,logistics,True,70.0,3.3409999999900464e-06,-0.004005107000000008,-0.00619014200000001,-0.05194751900000005,-0.04611443999999998,0.755376623,0.760202235,-0.004825611999999979,logistics,logistics,True,logistics,26436.528496843,27452.238354824,34997.811258556,36111.756950927,-1015.7098579810008,-1113.9456923710022,-0.03770099864495727,-0.03133296556432752,-0.006368033080629748,0.7602022353032948,0.755376623456131,0.7320753884328622,0.7843987200231752,-0.004825611847163791,-0.028126846870432543,0.02419648471988045,-0.0008952496966116996
phase_096,2026200003,command_constrained,0.55,1.0,logistics,False,,0.002170675000000011,0.011402548999999929,0.012387612000000048,-0.20991642899999996,-0.25402874499999994,0.958870412,0.795815317,0.16305509500000004,logistics,logistics,True,logistics,31473.115673192,27561.084887403,32823.116951102,34632.513707743,3912.0307857889966,-1809.3967566409992,0.13272890079041075,-0.0536598911152903,0.18638879190570104,0.7958153173629151,0.9588704119745497,0.908773643714905,0.8396851806750081,0.1630550946116346,0.11295832635198988,0.04386986331209297,0.006226904947551737
phase_096,2026200004,command_constrained,0.55,1.0,logistics,True,7.0,0.0010392670000000104,0.0043695930000000605,0.009163625000000009,0.010195652999999916,0.016174634999999993,0.9585116,0.999998296,-0.04148669599999999,logistics,logistics,True,logistics,31190.451960767,31190.451960767,32540.50548008,31190.505098288,0.0,1350.0003817920006,0.0,0.04237191105781954,-0.04237191105781954,0.9999982963558676,0.9585115996388118,0.9999982963558676,0.9585115996388118,-0.04148669671705574,0.0,-0.04148669671705574,0.0
phase_096,2026200005,command_constrained,0.55,1.0,command,True,7.0,0.0012478409999999718,0.006706646000000038,-0.0035572209999999993,0.02790839200000006,0.025752631000000026,1.0,1.0,0.0,logistics,logistics,True,logistics,87935.52342044,61878.445706822,41174.10679453,39813.936739466,26057.077713618004,1360.1700550640016,0.3514319499973973,0.0335925625920838,0.3178393874053135,1.0,1.0,1.0,1.0,0.0,0.0,0.0,0.0
phase_096,2026200006,command_constrained,0.55,1.0,logistics,False,,2.2149999999721004e-06,0.008444983000000073,0.04982231199999998,0.031435832,0.27076490099999995,0.768644688,0.999937403,-0.23129271500000004,logistics,logistics,True,logistics,28397.421560062,32288.457381469,36944.796467412,32290.478676844,-3891.035821407,4654.317790568002,-0.1284114588438301,0.1346524021891153,-0.26306386103294543,0.9999374027435385,0.7686446881663185,0.8794363764085736,0.8739649549822197,-0.23129271457722,-0.12050102633496484,-0.12597244776131877,0.015180759519063614
phase_096,2026200007,command_constrained,0.55,1.0,logistics,True,63.0,0.0023947420000000053,-0.012905289000000097,0.021354557999999968,-0.009760847000000017,-0.0007618130000000001,0.591376862,0.980535334,-0.3891584720000001,logistics,logistics,True,logistics,22701.979363206,36161.918491995,38388.345606119,36879.770922093,-13459.939128789,1508.5746840260035,-0.46555447245507237,0.040090726458525426,-0.5056451989135978,0.9805353338117411,0.5913768620335481,0.6155672553162816,0.942002525011937,-0.38915847177819296,-0.3649680784954594,-0.03853280879980403,0.014342415517070495
phase_096,2026200008,command_constrained,0.55,1.0,logistics,False,,0.002727995999999955,0.007165650999999995,0.007481987999999995,0.00046628599999998244,-0.010055228999999999,0.770725969,0.804372912,-0.03364694300000004,logistics,logistics,True,logistics,29076.063645842,29076.063645842,37725.553340564,36147.492287103,0.0,1578.0610534610023,0.0,0.04273009574104527,-0.04273009574104527,0.8043729123698022,0.7707259687713651,0.8043729123698022,0.7707259687713651,-0.03364694359843712,0.0,-0.03364694359843712,0.0
phase_096,2026200009,command_constrained,0.55,1.0,logistics,True,252.0,0.003076747999999907,0.006936614000000008,0.005345711000000031,-0.049336510999999916,0.007337409999999989,1.0,0.788085906,0.21191409400000005,logistics,logistics,True,logistics,65773.812838702,26297.888561659,34958.39265932,33369.317160477,39475.924277043,1589.075498842998,0.9167331248067776,0.046521743289133076,0.8702113815176445,0.7880859064388204,1.0,1.0,0.7522625201318549,0.21191409356117963,0.21191409356117963,-0.035823386306965466,0.035823386306965466
phase_010,2026200006,forcegen_constrained,0.15,0.5,logistics,False,,0.0007714429999999828,-0.024736195999999988,-0.01637452100000003,-0.026102999000000016,0.025516819999999996,0.779459395,0.797185341,-0.017725945999999992,logistics,logistics,True,logistics,27558.424426932,27531.653209515,35355.81789253,34536.075600042,26.771217417001026,819.7422924880011,0.000971907126398299,0.02345851123249762,-0.02248660410609932,0.7971853411590725,0.7794593950760947,0.7979605079072298,0.7787022009560668,-0.017725946082977728,0.0007751667481573632,-0.018483140203005677,-1.797262812941458e-05
phase_096,2026200010,command_constrained,0.55,1.0,logistics,True,273.0,4.706999999992689e-06,0.009801431999999943,0.17435621,0.1913973779999999,0.004479158999999955,0.939909643,0.999999997,-0.06009035399999996,logistics,logistics,True,logistics,34732.671908062,34735.919989809,36953.20307288,34735.920102208,-3.2480817469986505,2217.2829706720004,-9.351223799497409e-05,0.06187801732902088,-0.061971529567015855,0.9999999967641853,0.9399096430033788,0.9999064888986259,0.9399975401672753,-0.060090353760806514,-9.350786555939461e-05,-0.06000245659690995,5.610701662828177e-06
phase_096,2026200011,command_constrained,0.55,1.0,command,True,21.0,2.177000000047613e-06,0.0052298929999999855,0.010677249,0.051759851999999995,-0.042751812,0.735790462,0.589806148,0.145984314,logistics,logistics,True,logistics,24618.994817222,20298.523277658,33459.2469997,34415.5843998,4320.471539563998,-956.3374000999975,0.19297015356895594,-0.028181305854425093,0.22115145942338105,0.5898061483383081,0.7357904622731867,0.7153443780360467,0.6066640793751276,0.14598431393487854,0.12553822969773853,0.01685793103681943,0.0035881532003205763
phase_097,2026200000,command_constrained,0.55,1.5,logistics,False,,6.477999999976447e-06,0.015031510000000026,0.016552220000000006,0.014965500999999937,-0.00995105900000004,0.768396265,0.813764215,-0.045367949999999935,logistics,logistics,True,logistics,30007.797083298,30007.797083298,39052.502509709,36875.296950753,0.0,2177.205558955997,0.0,0.05736509145869121,-0.05736509145869121,0.8137642151973297,0.7683962654080271,0.8137642151973297,0.7683962654080271,-0.045367949789302586,0.0,-0.045367949789302586,0.0
phase_097,2026200001,command_constrained,0.55,1.5,command,True,7.0,0.003116519999999956,0.007827169000000023,0.013472123999999974,0.010745364999999896,0.22722722500000003,0.764652424,0.999979987,-0.23532756300000002,logistics,logistics,True,logistics,29595.749579502,33208.477082829,38704.839795477,33209.141707274,-3612.727503326998,5495.698088202997,-0.1151744214183316,0.15313946088252275,-0.26831388230085434,0.9999799867021297,0.7646524242418005,0.8911928480530246,0.8579928830169116,-0.23532756246032926,-0.10878713864910516,-0.14198710368521816,0.015446679873994063
phase_097,2026200002,command_constrained,0.55,1.5,logistics,True,35.0,0.003483441000000087,0.00854521499999994,0.026717516000000052,-0.22262274000000004,-0.23314181500000009,0.935789287,0.788346294,0.14744299299999997,logistics,logistics,True,logistics,29511.806329161,26224.97354836,31536.807188929,33265.804320505,3286.832780801,-1728.9971315759976,0.11807825218940687,-0.05337462620818528,0.17145287839759216,0.7883462938605384,0.93578928749392,0.8871514437115222,0.8315671713770151,0.14744299363338154,0.09880514985098376,0.04322087751647663,0.0054169662659211415
phase_097,2026200003,command_constrained,0.55,1.5,logistics,False,,0.0034155000000000157,0.04673003999999992,-0.011616168999999954,-0.17988549600000003,-0.17970237600000005,0.938480888,0.796152959,0.1423279289999999,logistics,logistics,True,logistics,30892.540634483,27618.448115358,32917.602291353,34689.876888584,3274.092519124999,-1772.2745972310004,0.11203079193302828,-0.052440373322928995,0.16447116525595729,0.7961529585147326,0.9384808881598902,0.8905347440033534,0.839017613461263,0.1423279296451576,0.09438178548862086,0.04286465494653047,0.005081489210006285
phase_097,2026200004,command_constrained,0.55,1.5,logistics,False,,0.0016513580000000472,0.006749409999999956,0.011745136999999906,0.0056488029999999245,0.018356680999999986,1.0,0.778981411,0.22101858900000004,logistics,logistics,True,logistics,63988.981340375,24813.597728183,34124.3524794,31853.902272972,39175.383612192,2270.450206427995,0.9473191035775331,0.06885138350480174,0.8784677200727313,0.7789814106775014,1.0,1.0,0.7271521926507568,0.22101858932249863,0.22101858932249863,-0.05182921802674456,0.05182921802674456
phase_097,2026200005,command_constrained,0.55,1.5,logistics,True,14.0,0.0016711839999999922,0.002959665999999972,-0.007180981999999947,-0.020049337999999972,-0.08510629800000002,0.763069031,1.0,-0.236930969,logistics,logistics,True,logistics,29696.962760774,74666.989096219,38917.793198475,38392.915564193,-44970.026335445,524.8776342820056,-0.9219933047982029,0.013578602688681454,-0.9355719074868843,1.0,0.7630690314151132,0.7735011088470384,1.0,-0.23693096858488683,-0.22649889115296162,0.0,-0.010432077431925202
phase_097,2026200006,command_constrained,0.55,1.5,logistics,False,,0.002594576999999987,0.012287268000000018,0.09408305300000008,0.05888177799999994,0.05069937800000002,1.0,0.787320227,0.21267977299999996,logistics,logistics,True,logistics,68268.317159989,25841.181582204,38392.188506234,32821.691486081,42427.135577785004,5570.497020153001,0.9714763766188171,0.15676439197761588,0.8147119846412012,0.7873202267214873,1.0,1.0,0.6730843587624079,0.21267977327851273,0.21267977327851273,-0.11423586795907936,0.11423586795907936
phase_097,2026200007,command_constrained,0.55,1.5,logistics,True,203.0,0.003435409000000056,-0.008878230999999959,-0.07488451100000004,-0.12368362399999999,-0.38772102100000005,0.935058286,0.616344116,0.3187141699999999,logistics,logistics,True,logistics,29162.498458332,22688.443556341,31187.893731059,36811.324982107,6474.0549019909995,-5623.431251047998,0.2510278840623366,-0.16577554383516188,0.41680342789749847,0.6163441160395408,0.9350582860711117,0.7922153976393708,0.7274759800065088,0.318714170031571,0.17587128159983,0.11113186396696806,0.03171102446477292
phase_010,2026200007,forcegen_constrained,0.15,0.5,logistics,False,,0.006273992000000006,0.033697332999999996,0.0004558089999999737,0.0017102700000000137,0.042275209000000036,1.0,0.760034158,0.23996584200000004,logistics,logistics,True,logistics,67572.303173796,25524.224863384,35737.306852976,33582.996999687,42048.078310412,2154.309853289,0.9735701868807082,0.06217525581926992,0.9113949310614382,0.7600341584648295,1.0,1.0,0.7142179171024603,0.23996584153517053,0.23996584153517053,-0.04581624136236917,0.04581624136236917
phase_097,2026200008,command_constrained,0.55,1.5,logistics,True,56.0,0.00397869400000006,0.010777014999999945,0.05899756900000008,-0.10749074199999997,-0.22214251000000007,0.942905618,0.804203043,0.13870257499999994,logistics,logistics,True,logistics,33443.704415811,29044.702961611,35468.772025356,36116.131655212,4399.001454199999,-647.3596298560005,0.1410274355074944,-0.018086977686921427,0.15911441319441583,0.8042030425320896,0.9429056182690139,0.9260046102136928,0.8188809846827361,0.13870257573692424,0.12180156768160322,0.01467794215064644,0.0022230659046745815
phase_097,2026200009,command_constrained,0.55,1.5,logistics,True,98.0,2.2419999999856444e-06,0.009828563999999984,0.000716767000000007,-0.054873012000000054,0.036671275999999975,1.0,0.788090765,0.21190923500000003,logistics,logistics,True,logistics,67984.989157711,26298.653695995,35624.934872961,33370.082299913,41686.33546171599,2254.852573047996,0.9497691855199278,0.06538605141501455,0.8843831341049133,0.788090765244039,1.0,1.0,0.7382091725858968,0.21190923475596102,0.21190923475596102,-0.04988159265814218,0.04988159265814218
phase_097,2026200010,command_constrained,0.55,1.5,logistics,True,70.0,0.0059668990000000255,0.01355071699999999,-0.06055919899999995,-0.15068773400000002,-0.20571185599999997,0.945762401,0.815031841,0.13073055999999994,logistics,logistics,True,logistics,35310.733414175,31159.090129056,37335.733981131,38230.518804622,4151.643285119004,-894.784823490998,0.12508095983594392,-0.023683234605877054,0.14876419444182098,0.8150318411396741,0.945762401029014,0.9236268436384912,0.8345648205229714,0.1307305598893399,0.10859500249881715,0.019532979383297344,0.002602578007225409
phase_097,2026200011,command_constrained,0.55,1.5,logistics,False,,2.879999999927385e-06,0.01136578899999996,0.016244099999999984,0.05197865899999998,0.02666360599999995,0.747711692,0.797055837,-0.04934414500000006,logistics,logistics,True,logistics,27772.77958584,27772.77958584,37143.701100212,34844.208255765,0.0,2299.492844446999,0.0,0.06390727088789094,-0.06390727088789094,0.7970558372852388,0.7477116917054204,0.7970558372852388,0.7477116917054204,-0.049344145579818366,0.0,-0.049344145579818366,0.0
phase_098,2026200000,command_constrained,0.55,2.0,logistics,False,,0.005821149999999942,0.019548157999999982,0.04758781299999992,0.06193320899999999,0.07926180199999999,0.924292305,0.999999929,-0.07570762399999997,logistics,logistics,True,logistics,32962.271824918,32990.135699409,35662.172728669,32990.138039791,-27.86387449099857,2672.034688877997,-0.0008449691889885482,0.0778818700700589,-0.07872683925904744,0.9999999290581325,0.924292304782077,0.9991553168150012,0.9250736333540347,-0.07570762427605549,-0.0008446122431312597,-0.07492629570409781,6.328367117358624e-05
phase_098,2026200001,command_constrained,0.55,2.0,logistics,False,,0.00476314599999994,0.013003935000000078,0.020555417999999936,0.052858705000000006,0.04854238700000002,1.0,0.817560504,0.18243949599999998,logistics,logistics,True,logistics,72911.724589212,31602.48763932,41349.559148083,38654.61638066,41309.236949892,2694.9427674229955,0.8360136169527262,0.06739555140066233,0.7686180655520639,0.8175605037211446,1.0,1.0,0.7642762895281102,0.18243949627885536,0.18243949627885536,-0.05328421419303442,0.05328421419303442
phase_098,2026200002,command_constrained,0.55,2.0,command,True,7.0,5.943999999979965e-06,0.00582255399999998,0.03831871999999992,0.0494721119999999,0.0010162550000000214,0.738307175,1.0,-0.261692825,logistics,logistics,True,logistics,27725.503527808,67696.055733865,37552.802501952,34796.932215502,-39970.55220605699,2755.870286450001,-0.8926752226941874,0.07621878113111184,-0.9688940038252992,1.0,0.7383071749802648,0.7967801114219004,1.0,-0.26169282501973523,-0.20321988857809958,0.0,-0.05847293644163565
phase_098,2026200003,command_constrained,0.55,2.0,logistics,False,,5.199999999927485e-06,0.01946239999999999,0.03382086800000006,0.05760475300000001,0.07773793300000009,0.924452086,0.99999994,-0.07554785400000008,logistics,logistics,True,logistics,32641.690217609,32641.690217609,35309.228806335,32641.692168513,0.0,2667.5366378219987,0.0,0.07855399689275215,-0.07855399689275215,0.9999999402327554,0.9244520857887613,0.9999999402327554,0.9244520857887613,-0.07554785444399414,0.0,-0.07554785444399414,0.0
phase_098,2026200004,command_constrained,0.55,2.0,logistics,False,,4.837999999951492e-06,0.008902160999999964,0.01400118100000003,0.0072113040000000295,0.013943864000000028,1.0,0.77899368,0.22100631999999998,logistics,logistics,True,logistics,63783.777951263,24815.462360227,34798.670136997,31855.794217818,38968.315591036,2942.875919179005,0.9440319527795276,0.08835988405726959,0.855672068722258,0.7789936797854782,1.0,1.0,0.7131152501670998,0.22100632021452182,0.22100632021452182,-0.06587842961837842,0.06587842961837842
phase_098,2026200005,command_constrained,0.55,2.0,logistics,True,49.0,1.1279999999613821e-06,0.01634914300000001,0.022973558000000005,-0.0523710730000001,-0.0745486099999999,0.70794282,0.773126786,-0.06518396599999998,logistics,logistics,True,logistics,28116.324647245,28174.46324555,39715.530503486,36442.228825374,-58.138598304998595,3273.3016781120023,-0.0020656530545801488,0.08601407298292495,-0.0880797260375051,0.7731267859756339,0.7079428196175578,0.7715314225695264,0.7094066952744597,-0.0651839663580761,-0.0015953634061074418,-0.06372009070117424,0.00013148774920557216
phase_010,2026200008,forcegen_constrained,0.15,0.5,logistics,False,,0.0008410070000000047,0.0017922409999999722,0.0015151620000000143,0.029123867999999997,0.034464092,1.0,0.798065993,0.20193400699999997,logistics,logistics,True,logistics,67488.474815452,27947.504876708,35715.70477294,35019.039941818,39540.969938744005,696.6648311219978,0.8816289151677223,0.019698589746276907,0.8619303254214454,0.7980659927611116,1.0,1.0,0.7824990450106538,0.20193400723888844,0.20193400723888844,-0.01556694775045775,0.01556694775045775
phase_098,2026200006,command_constrained,0.55,2.0,logistics,True,21.0,0.0036788519999999547,0.012373573999999943,0.019190751000000006,0.04197495200000001,-0.12401229999999996,0.925369605,0.806831463,0.11853814200000001,logistics,logistics,True,logistics,34542.735905581,29536.142368323,37328.582779328,36607.573836659,5006.5935372580025,721.0089426689956,0.15658260088378906,0.019504173121135088,0.13707842776265397,0.806831463349952,0.9253696051035253,0.9435953352087414,0.7912473544181716,0.11853814175357325,0.13676387185878935,-0.015584108931780416,-0.002641621173435693
phase_098,2026200007,command_constrained,0.55,2.0,logistics,True,21.0,0.0037929740000000045,0.009787741999999988,0.005737105999999992,0.042477959999999926,0.03426879599999999,0.718776124,0.733864046,-0.015087921999999976,logistics,logistics,True,logistics,25586.101396004,26441.667196023,35596.760292515,36030.743493235,-855.5658000190015,-433.98320072000206,-0.03289177898529425,-0.012117929243077613,-0.02077384974221664,0.733864045880363,0.718776124168357,0.7101186074832997,0.7428110586115035,-0.015087921712006014,-0.023745438397063334,0.008947012731140513,-0.000289496046083193
phase_098,2026200008,command_constrained,0.55,2.0,logistics,True,21.0,0.003309211000000034,0.009844610000000031,-0.01860183999999998,-0.07131069900000009,-0.08802791099999996,0.733768524,0.625061239,0.10870728500000004,logistics,logistics,True,logistics,27947.353225898,23541.378057081,38087.424455039,37662.514654627,4405.975168817,424.90980041200237,0.17156285716812888,0.011218867291463958,0.16034398987666493,0.6250612385540445,0.7337685240147694,0.742046926026607,0.6180879488155167,0.10870728546072495,0.11698568747256255,-0.006973289738527844,-0.0013051122733097609
phase_098,2026200009,command_constrained,0.55,2.0,command,True,7.0,3.509999999984359e-06,1.4878999999967668e-05,0.03747188800000001,0.07820976700000004,0.05159459099999997,0.922910404,0.999999988,-0.07708958399999999,logistics,logistics,True,logistics,32324.721051059,31516.185296631,35024.766120311,31516.185662384,808.5357544280014,3508.580457926997,0.02533106229724842,0.10555417027584953,-0.0802231079786011,0.9999999883947568,0.9229104040273312,1.0,0.8998257172759433,-0.07708958436742563,1.1605243210865979e-08,-0.1001742711188135,0.02308467514614465
phase_098,2026200010,command_constrained,0.55,2.0,logistics,True,70.0,8.304000000070033e-06,0.0008536040000000078,-0.06160654799999998,-0.07272657699999996,0.050181941999999924,0.922283019,0.999982266,-0.07769924699999997,logistics,logistics,True,logistics,35310.901546363,36631.885248181,38286.405372055,36632.534901703,-1320.9837018180042,1653.870470351998,-0.036727300854710966,0.044158104773252375,-0.08088540562796334,0.9999822656683808,0.9222830193438896,0.9639218700292956,0.9567857021886516,-0.07769924632449121,-0.03606039563908514,-0.04319656347972922,0.0015577127943231517
phase_098,2026200011,command_constrained,0.55,2.0,logistics,True,7.0,0.003295176999999927,0.008980436999999952,0.021119730999999975,0.010886132999999965,-0.015534680999999995,0.931345505,1.0,-0.06865449499999998,logistics,logistics,True,logistics,36643.779971038,63779.904529991,39344.990428638,37161.712502241,-27136.124558953,2183.2779263970006,-0.5541944650832409,0.05708966127581515,-0.611284126359056,1.0,0.9313455047727278,0.9860627377930508,1.0,-0.06865449522727218,-0.013937262206949241,0.0,-0.05471723302032294
phase_010,2026200009,forcegen_constrained,0.15,0.5,logistics,False,,0.0007313540000000174,0.00233697300000002,0.0027389979999999925,0.04355339300000005,0.030298328999999957,0.60942111,1.0,-0.39057889,logistics,logistics,True,logistics,23191.220029185,67119.539428069,38054.507245841,35241.148350366,-43928.31939888399,2813.358895475001,-1.0627014401922534,0.07680514606521381,-1.1395065862574671,1.0,0.6094211095512104,0.6580722001059351,1.0,-0.3905788904487896,-0.34192779989406485,0.0,-0.04865109055472472
phase_100,2026200000,command_constrained,0.7,0.25,logistics,False,,1.0209999999899466e-06,0.0024886750000000513,0.0017298030000000297,-0.0627759750000001,-0.20878650899999995,0.983019387,0.816171009,0.16684837800000007,logistics,logistics,True,logistics,33776.393407526,29910.382927797,34359.844631419,36647.20088897,3866.010479728997,-2287.3562575510005,0.12155646335668992,-0.06444847598935657,0.1860049393460465,0.8161710090333083,0.9830193870155196,0.9216636629318106,0.8705040214427114,0.1668483779822113,0.10549265389850226,0.054333012409403136,0.007022711674305904
phase_100,2026200001,command_constrained,0.7,0.25,command,True,28.0,0.00038562099999994714,0.0009488169999999352,0.00237747899999996,-1.1279999999613821e-06,0.027936488000000037,1.0,0.880749717,0.11925028299999996,logistics,logistics,True,logistics,49874.566544434,36306.173292778,41893.274684344,41221.896068496,13568.393251655994,671.378615848007,0.3175233943602125,0.01615573216340199,0.3013676621968105,0.8807497169089499,1.0,1.0,0.8666348851059389,0.11925028309105012,0.11925028309105012,-0.014114831803010985,0.014114831803010985
phase_010,2026200010,forcegen_constrained,0.15,0.5,logistics,False,,0.0013729789999999964,0.004924755000000003,0.01009442100000002,0.011336184999999999,0.005371824000000025,0.980370762,0.999999995,-0.01962923300000008,logistics,logistics,True,logistics,33712.488727665,33712.488727665,34387.488926306,33712.488894253,0.0,675.0000320530016,0.0,0.01982444518332065,-0.01982444518332065,0.9999999950585671,0.980370762166218,0.9999999950585671,0.980370762166218,-0.01962923289234908,0.0,-0.01962923289234908,0.0
phase_100,2026200002,command_constrained,0.7,0.25,logistics,True,35.0,8.079999999077714e-07,2.059000000054212e-06,0.021925132000000014,-0.01969419799999994,-0.05527463599999993,0.778541199,0.787199724,-0.008658525000000084,logistics,logistics,True,logistics,26158.927429877,26158.927429877,33599.926950076,33230.356437166,0.0,369.57051290999516,0.0,0.011060084186221335,-0.011060084186221335,0.7871997244248615,0.7785411994717992,0.7871997244248615,0.7785411994717992,-0.008658524953062297,0.0,-0.008658524953062297,0.0
phase_100,2026200003,command_constrained,0.7,0.25,logistics,False,,6.610000000684124e-07,0.001911655000000012,2.82700000009406e-06,-0.0011398460000000554,-0.003648621000000074,0.780120599,0.795830634,-0.01571003500000001,logistics,logistics,True,logistics,27623.643997684,27607.330113519,35409.45338214,34689.956541379,16.313884164999763,719.4968407609995,0.0005907512913531666,0.02052862097284421,-0.01993786968149104,0.7958306341660685,0.7801205994221011,0.7963009110355578,0.779659878269788,-0.01571003474396737,0.0004702768694893056,-0.016170755896280475,-9.555717176201739e-06
phase_100,2026200004,command_constrained,0.7,0.25,command,True,7.0,0.0003491189999998978,-0.008311973999999944,0.009936507000000039,0.008890425000000035,0.0021989629999999982,0.988768036,0.999991551,-0.011223515000000073,logistics,logistics,True,logistics,29739.727179101,29739.727179101,30077.557233644,29739.978449935,0.0,337.57878370899925,0.0,0.01128707037986632,-0.01128707037986632,0.9999915510754515,0.9887680355183528,0.9999915510754515,0.9887680355183528,-0.011223515557098662,0.0,-0.011223515557098662,0.0
phase_100,2026200005,command_constrained,0.7,0.25,logistics,False,,0.0004769749999999906,-0.002398533000000036,0.0032148889999999986,-0.019290381999999995,-0.007810497000000027,0.990179205,0.999991824,-0.009812618999999967,logistics,logistics,True,logistics,34097.5926026,34097.5926026,34435.779329753,34097.871377575,0.0,337.9079521780004,0.0,0.009861161252530011,-0.009861161252530011,0.9999918242704388,0.9901792050670739,0.9999918242704388,0.9901792050670739,-0.009812619203364847,0.0,-0.009812619203364847,0.0
phase_100,2026200006,command_constrained,0.7,0.25,logistics,False,,5.560000000404131e-07,0.0014387340000000526,0.003164118000000049,-0.00013679499999996736,-0.007047488999999962,0.787133613,0.799509105,-0.012375492000000099,logistics,logistics,True,logistics,27961.757837442,27961.757837442,35523.521502186,34973.657773596,0.0,549.8637285899968,0.0,0.0155999115228032,-0.0155999115228032,0.7995091053516352,0.7871336133080536,0.7995091053516352,0.7871336133080536,-0.01237549204358157,0.0,-0.01237549204358157,0.0
phase_100,2026200007,command_constrained,0.7,0.25,logistics,True,77.0,1.2900000001536682e-07,0.0008587790000000872,-0.0009375400000000145,-0.10258284899999992,0.04398689499999997,0.762907895,1.0,-0.237092105,logistics,logistics,True,logistics,25283.936814565,37166.244112257,33141.532510703,35132.985926005,-11882.307297692001,-1991.4534153019995,-0.3852316474119998,-0.05835320467333355,-0.32687844273866623,1.0,0.7629078952942082,0.7196637617940166,1.0,-0.23709210470579178,-0.2803362382059834,0.0,0.04324413350019163
phase_100,2026200008,command_constrained,0.7,0.25,logistics,True,224.0,0.0004929509999999082,0.00117911599999998,0.00022381500000001608,-0.036106233999999904,-0.04065486399999996,0.733952785,1.0,-0.26604721499999995,logistics,logistics,True,logistics,28043.492872652,51922.15022622,38208.851375277,37762.750388801,-23878.657353568,446.10098647599807,-0.6159888638499115,0.011744022855117397,-0.6277328867050289,1.0,0.7339527848460139,0.7426231559915359,1.0,-0.2660472151539861,-0.25737684400846406,0.0,-0.008670371145522049
phase_100,2026200009,command_constrained,0.7,0.25,logistics,False,,0.000520281999999983,0.001113795000000084,0.0009405980000000147,-8.918700000004609e-05,0.00017898900000001827,0.788395164,0.795986948,-0.007591784000000046,logistics,logistics,True,logistics,27590.219720165,27590.219720165,34995.419798973,34661.648416271,0.0,333.7713827020052,0.0,0.009583347267660506,-0.009583347267660506,0.7959869475571018,0.7883951636715237,0.7959869475571018,0.7883951636715237,-0.007591783885578018,0.0,-0.007591783885578018,0.0
phase_100,2026200010,command_constrained,0.7,0.25,logistics,False,,9.580000001063738e-07,0.002553042000000061,0.005478443999999971,0.005205558999999971,0.004565777000000049,0.990541393,0.999999997,-0.009458603999999982,logistics,logistics,True,logistics,35344.299413974,35344.299413974,35681.799521863,35344.299519076,0.0,337.50000278700463,0.0,0.009503620431271346,-0.009503620431271346,0.999999997026338,0.9905413933038267,0.999999997026338,0.9905413933038267,-0.009458603722511283,0.0,-0.009458603722511283,0.0
phase_100,2026200011,command_constrained,0.7,0.25,logistics,True,21.0,0.00041218599999992556,-0.005192380999999968,0.006195428000000058,0.07763735999999999,-0.044010804000000014,0.772288619,0.982090683,-0.209802064,logistics,logistics,True,logistics,26158.93179924,33157.086510375,33871.963362041,33761.736145468,-6998.154711134997,110.2272165730028,-0.23706577244522384,0.003259538217452885,-0.24032531066267673,0.9820906830001938,0.7722886187505534,0.7748100301041965,0.9788947323771866,-0.20980206424964032,-0.20728065289599729,-0.003195950623007149,0.0006745392693641161
phase_010,2026200011,forcegen_constrained,0.15,0.5,logistics,False,,0.001506226000000055,0.0029957800000000034,0.0010877299999999535,-0.0032772569999999224,0.07303582399999997,1.0,0.920624985,0.079375015,logistics,logistics,True,logistics,38539.340306973,31131.943694802,34615.929343005,33816.096886178,7407.396612170996,799.8324568270036,0.2134451252399893,0.02337703339561513,0.19006809184437418,0.9206249851835172,1.0,1.0,0.8993531095559905,0.07937501481648279,0.07937501481648279,-0.02127187562752675,0.02127187562752675
phase_101,2026200000,command_constrained,0.7,0.5,logistics,False,,0.0021685439999999945,0.0027899740000000284,0.0016831980000000524,-0.01911158600000007,-0.21579886800000003,0.979631483,0.807288726,0.172342757,logistics,logistics,True,logistics,32946.739882311,28552.338988189,33631.769155893,35368.187468729,4394.400894121998,-1736.4183128359946,0.14315345591982673,-0.05034162618049929,0.193495082100326,0.8072887255936915,0.979631482649435,0.9315360000124706,0.8489692842455189,0.17234275705574353,0.12424727441877914,0.041680558651827404,0.006414923985136989
phase_101,2026200001,command_constrained,0.7,0.5,logistics,True,21.0,2.053000000001859e-06,0.00200231900000003,-0.00047038300000001865,-0.007748833999999927,-0.0027606449999999505,1.0,0.62912752,0.37087247999999995,logistics,logistics,True,logistics,73114.472158629,23773.334408551,41187.516004199,37787.783321667,49341.13775007799,3399.732682532005,1.1234617751522715,0.08614934299289116,1.0373124321593803,0.6291275200289321,1.0,1.0,0.57719757622983,0.37087247997106787,0.37087247997106787,-0.051929943799102096,0.051929943799102096
phase_101,2026200002,command_constrained,0.7,0.5,logistics,True,35.0,1.6179999999810235e-06,0.0026014060000000283,0.024860211999999993,0.022471668,-0.261647058,0.966414852,0.787264482,0.17915037,logistics,logistics,True,logistics,31422.20700891,26169.042929473,32514.201260758,33240.471950617,5253.164079437003,-726.2706898590004,0.1829377279399731,-0.022091212394996725,0.20502894033496982,0.7872644819348679,0.9664148522951432,0.945299665287296,0.8048496323068809,0.17915037036027537,0.15803518335242817,0.017585150372013025,0.0035300366358341773
phase_101,2026200003,command_constrained,0.7,0.5,logistics,False,,1.319999999971344e-06,0.003913334000000046,8.083899999999922e-05,-0.056772822,-0.049204020000000015,0.776417857,0.795923082,-0.01950522499999996,logistics,logistics,True,logistics,27623.722886355,27607.408955586,35578.42292113,34686.026315461,16.313930768999853,892.3966056689969,0.0005907512918668962,0.02540245038060763,-0.024811699088740733,0.7959230816612808,0.776417857182458,0.7963934131607909,0.7759593227835285,-0.019505224478822747,0.00047033149951014597,-0.019963758877752258,-1.179710058063499e-05
phase_101,2026200004,command_constrained,0.7,0.5,logistics,False,,8.30000000062725e-07,0.0021530260000000023,0.010621222000000041,-0.011821337999999959,-0.06174493400000003,0.713772009,1.0,-0.28622799099999996,logistics,logistics,True,logistics,25339.154666397,65257.160153505,35500.347934065,32410.652935848,-39918.005487108,3089.694998217001,-0.9459849596520783,0.09105533431934452,-1.0370402939714227,1.0,0.7137720090366313,0.7818156183570888,1.0,-0.2862279909633687,-0.2181843816429112,0.0,-0.0680436093204575
phase_101,2026200005,command_constrained,0.7,0.5,logistics,False,,0.0005962219999999796,0.0018347779999999814,0.0032361670000000675,0.0020300610000000274,-0.051820356999999984,0.796858905,1.0,-0.203141095,logistics,logistics,True,logistics,31039.463436571,70912.043830535,38952.270294366,38110.895425742,-39872.580393963995,841.3748686239996,-0.826180880809479,0.02183684759076096,-0.84801772840024,1.0,0.7968589045517203,0.8144511717666282,1.0,-0.20314109544827974,-0.18554882823337182,0.0,-0.01759226721490792
phase_101,2026200006,command_constrained,0.7,0.5,logistics,False,,0.0007797440000000266,0.00370986299999998,0.004625220999999957,0.003442452999999901,-0.14291580799999992,0.947551342,0.800985776,0.14656556600000004,logistics,logistics,True,logistics,33484.342153997,28460.851314392,35337.760261029,35532.280575833,5023.490839605001,-194.52031480400183,0.1625484263007593,-0.005489507300712675,0.16803793360147198,0.8009857755583925,0.9475513418693947,0.9423640028546637,0.8053948836644026,0.14656556631100226,0.14137822729627125,0.00440910810601014,0.0007782309087208672
phase_101,2026200007,command_constrained,0.7,0.5,logistics,False,,0.0012521040000000871,0.003991929999999977,0.0029887960000000158,-0.0020015689999999253,-0.047622820000000066,0.77282314,0.793301521,-0.02047838099999999,logistics,logistics,True,logistics,27139.895127956,27139.895127956,35117.860397099,34211.323709397,0.0,906.5366877019987,0.0,0.02615315239706872,-0.02615315239706872,0.793301520820761,0.7728231395953142,0.793301520820761,0.7728231395953142,-0.020478381225446762,0.0,-0.020478381225446762,0.0
phase_101,2026200008,command_constrained,0.7,0.5,command,True,7.0,0.0010644369999999181,0.002752081999999989,-0.010311073000000004,-0.0005603820000000814,-0.005709564,0.611933744,0.625068733,-0.013134988999999986,logistics,logistics,True,logistics,23578.342439826,23578.342439826,38530.874744531,37721.199615313,0.0,809.6751292179979,0.0,0.021237600904249462,-0.021237600904249462,0.6250687327095059,0.6119337439431651,0.6250687327095059,0.6119337439431651,-0.013134988766340783,0.0,-0.013134988766340783,0.0
phase_101,2026200009,command_constrained,0.7,0.5,logistics,False,,0.0009931439999999458,0.0034204680000000653,0.00717184000000004,0.012207634999999994,0.04734620299999992,1.0,0.7959872,0.2040128,logistics,logistics,True,logistics,67276.500798003,27590.262703842,35575.402201162,34661.691407511,39686.238094161,913.7107936510001,0.891348094881081,0.02601936655419882,0.8653287283268822,0.7959872003783213,1.0,1.0,0.7755432404623893,0.20401279962167873,0.20401279962167873,-0.020443959915931953,0.020443959915931953
phase_011,2026200000,forcegen_constrained,0.15,0.75,logistics,False,,0.0035523380000000992,0.011418971999999972,0.015545713000000072,0.014128668999999983,0.011757404999999999,0.971085782,0.999999997,-0.02891421500000002,logistics,logistics,True,logistics,34004.877789787,34004.877789787,35017.377901365,34004.87790511,0.0,1012.4999962549991,0.0,0.02934046761295759,-0.02934046761295759,0.9999999966086337,0.9710857816244851,0.9999999966086337,0.9710857816244851,-0.02891421498414859,0.0,-0.02891421498414859,0.0
phase_101,2026200010,command_constrained,0.7,0.5,logistics,False,,0.002578471999999943,0.008318812000000064,0.011388167999999976,0.010502820999999996,0.00874202199999996,0.981483659,0.999999997,-0.018516337999999966,logistics,logistics,True,logistics,35779.291536709,35779.291536709,36454.291643003,35779.291648016,0.0,674.9999949870034,0.0,0.018689911616254638,-0.018689911616254638,0.9999999968890665,0.9814836586895097,0.9999999968890665,0.9814836586895097,-0.01851633819955678,0.0,-0.01851633819955678,0.0
phase_101,2026200011,command_constrained,0.7,0.5,logistics,False,,0.0012733419999999551,0.008257183000000001,0.010583120000000057,0.010064674999999967,0.00653720200000002,0.978698654,0.999999998,-0.021301343999999944,logistics,logistics,True,logistics,31013.140746717,31013.140746717,31688.140804234,31013.140811682,0.0,674.9999925520024,0.0,0.021531491948589047,-0.021531491948589047,0.9999999979052429,0.9786986538059433,0.9999999979052429,0.9786986538059433,-0.021301344099299513,0.0,-0.021301344099299513,0.0
phase_102,2026200000,command_constrained,0.7,0.75,logistics,False,,0.002090948999999953,0.004875279000000066,0.003924482000000062,-0.002196349999999958,-0.012406012999999994,0.781876437,0.80728528,-0.025408843000000014,logistics,logistics,True,logistics,28552.442198463,28552.442198463,36517.844584215,35368.466265737,0.0,1149.378318478004,0.0,0.03198039413493434,-0.03198039413493434,0.8072852801684255,0.7818764366724129,0.8072852801684255,0.7818764366724129,-0.02540884349601258,0.0,-0.02540884349601258,0.0
phase_102,2026200001,command_constrained,0.7,0.75,command,True,30.0,0.001359254000000032,0.002738475000000018,-0.024403877000000018,0.10601885499999997,0.16547291399999997,1.0,0.755941371,0.24405862899999997,logistics,logistics,True,logistics,63928.864626438,27641.171608136,41568.38825864,36565.231976874,36287.693018302,5003.1562817660015,0.8384645888452443,0.12824213783418306,0.7102224510110613,0.7559413714541152,1.0,1.0,0.6649565394778273,0.24405862854588478,0.24405862854588478,-0.09098483197628793,0.09098483197628793
phase_102,2026200002,command_constrained,0.7,0.75,logistics,True,35.0,2.4499999999871847e-06,0.004274554999999958,0.01841887100000006,0.06159267200000007,-0.007144411999999933,0.752776171,0.787303673,-0.03452750199999999,logistics,logistics,True,logistics,26467.516497242,26175.16776708,35159.875575433,33246.596791077,292.3487301619971,1913.278784356,0.011107022361462512,0.05595312428503979,-0.044846101923577276,0.7873036729613515,0.7527761706794962,0.7960970159912901,0.7444613309544583,-0.034527502281855305,0.008793343029938616,-0.042842342006893186,-0.0004785033049007348
phase_102,2026200003,command_constrained,0.7,0.75,logistics,False,,0.002529602000000075,0.005386702000000021,0.005506259000000013,-0.0006044889999999858,-0.011211169000000076,0.765796086,0.789886502,-0.024090415999999948,logistics,logistics,True,logistics,27623.800129672,27603.776176108,36072.004855873,34946.5095375,20.023953563999385,1125.4953183729958,0.0007251433352993592,0.03169848221411489,-0.030973338878815534,0.7898865020120895,0.7657960859132696,0.7904594906690113,0.765240975277085,-0.0240904160988199,0.0005729886569217912,-0.02464552673500453,-1.7878020737160938e-05
phase_102,2026200004,command_constrained,0.7,0.75,logistics,True,14.0,0.0008054789999999423,0.0018958589999999997,0.0069615589999999505,-0.02526076300000002,0.03209393199999999,0.763740589,0.789543359,-0.025802769999999975,logistics,logistics,True,logistics,26484.109595848,26455.150055425,34676.83921688,33506.899604685,28.959540422998543,1169.9396121949976,0.0010940668041991152,0.03432063040361898,-0.03322656359941987,0.789543358757251,0.7637405886450014,0.7904076446435808,0.7629054623452289,-0.02580277011224963,0.0008642858863298075,-0.026637896412022077,-2.9159586557359063e-05
phase_102,2026200006,command_constrained,0.7,0.75,logistics,False,,0.000960662000000001,0.005678020000000061,0.006609649000000051,0.010497066,0.010472160000000064,0.774040984,0.800287277,-0.02624629300000003,logistics,logistics,True,logistics,28336.576473436,28336.576473436,36608.625448438,35408.005714194,0.0,1200.6197342439991,0.0,0.033345935941971154,-0.033345935941971154,0.8002872768989845,0.7740409842305361,0.8002872768989845,0.7740409842305361,-0.026246292668448357,0.0,-0.026246292668448357,0.0
phase_102,2026200007,command_constrained,0.7,0.75,command,True,21.0,0.0020973509999999695,0.004644343000000051,0.005654526000000049,-0.00046894799999996906,-0.011274348000000045,0.760357974,0.793266083,-0.03290810899999996,logistics,logistics,True,logistics,27134.030779682,27134.030779682,35685.863369633,34205.459360089,0.0,1480.4040095439996,0.0,0.04236936457837491,-0.04236936457837491,0.7932660834645022,0.7603579742103646,0.7932660834645022,0.7603579742103646,-0.032908109254137674,0.0,-0.032908109254137674,0.0
phase_011,2026200001,forcegen_constrained,0.15,0.75,logistics,False,,0.004444738000000004,0.0050239240000000684,0.008951717999999942,-0.08926426999999992,0.008864156999999984,0.787479363,1.0,-0.212520637,logistics,logistics,True,logistics,30562.995793696,72868.772989257,38811.170457366,37732.343077407,-42305.77719556101,1078.8273799590024,-0.868870203795842,0.028190470355172977,-0.897060674151015,1.0,0.7874793631196821,0.8099946438787738,1.0,-0.21252063688031786,-0.19000535612122615,0.0,-0.022515280759091705
phase_102,2026200008,command_constrained,0.7,0.75,logistics,False,,2.8739999999860544e-06,0.004741075999999955,0.02881146899999998,-0.07570421399999994,-0.099505823,1.0,1.0,0.0,logistics,logistics,True,logistics,67441.922895783,50583.440064773,36140.245176285,37721.256770962,16858.482831010006,-1581.0115946769947,0.2876425746954087,-0.04281670642350345,0.33045928111891215,1.0,1.0,1.0,1.0,0.0,0.0,0.0,0.0
phase_102,2026200009,command_constrained,0.7,0.75,logistics,True,84.0,0.0014518709999999935,0.005897833000000019,0.004364963999999971,0.002382435999999988,-0.04214634000000006,0.769146177,0.795988554,-0.02684237700000003,logistics,logistics,True,logistics,27590.492727008,27590.492727008,35871.585318395,34661.921453749,0.0,1209.663864646005,0.0,0.03430376682478132,-0.03430376682478132,0.7959885537165985,0.7691461774581665,0.7959885537165985,0.7691461774581665,-0.026842376258432,0.0,-0.026842376258432,0.0
phase_102,2026200010,command_constrained,0.7,0.75,logistics,False,,0.0033360719999999677,0.013403284000000015,0.017070067000000022,0.015665145000000047,0.012933073000000017,0.972480055,0.999999997,-0.027519941999999964,logistics,logistics,True,logistics,35779.002795389,35779.002795389,36791.502918404,35779.002918418,0.0,1012.4999999860011,0.0,0.027905708873922793,-0.027905708873922793,0.999999996561419,0.9724800553741847,0.999999996561419,0.9724800553741847,-0.02751994118723433,0.0,-0.02751994118723433,0.0
phase_102,2026200011,command_constrained,0.7,0.75,logistics,False,,0.0016348999999999947,0.003122315000000042,-0.03479656800000008,0.018048770000000047,-0.024187210000000015,0.753417396,1.0,-0.24658260399999998,logistics,logistics,True,logistics,27512.408428458,67185.902851498,36516.8213194,35637.065826151,-39673.49442304,879.7554932489948,-0.8928263280411691,0.024386741388514314,-0.9172130694296834,1.0,0.7534173959944783,0.7720166571140373,1.0,-0.24658260400552168,-0.22798334288596267,0.0,-0.018599261119559007
phase_103,2026200000,command_constrained,0.7,1.0,logistics,False,,0.0032225019999999605,0.010988137000000009,0.021542103000000035,0.019457523000000032,0.015926023999999983,0.9617324,0.999999992,-0.03826759199999996,logistics,logistics,True,logistics,33927.894971724,33927.894971724,35277.89536016,33927.89523812,0.0,1350.0001220400009,0.0,0.03901902963792841,-0.03901902963792841,0.999999992148172,0.9617324000013737,0.999999992148172,0.9617324000013737,-0.03826759214679831,0.0,-0.03826759214679831,0.0
phase_103,2026200001,command_constrained,0.7,1.0,logistics,True,21.0,4.5900000000820285e-06,0.00575234400000002,0.022189899000000013,0.043300388999999995,-0.038420159000000065,0.78389264,1.0,-0.21610735999999997,logistics,logistics,True,logistics,30761.333046251,69980.699602966,39241.76789866,37708.095566803,-39219.366556714995,1533.6723318570002,-0.8219610033713134,0.039866879243603194,-0.8618278826149166,1.0,0.7838926402523627,0.8157753019309809,1.0,-0.21610735974763728,-0.1842246980690191,0.0,-0.031882661678618196
phase_103,2026200002,command_constrained,0.7,1.0,command,True,7.0,0.0017415170000000257,0.0002528109999999639,-0.022614737999999912,0.0052904360000000095,-0.006003492999999915,0.752053591,0.795804692,-0.043751101000000014,logistics,logistics,True,logistics,26541.921067561,27559.862980717,35292.592693947,34631.440684207,-1017.9419131559989,661.1520097399989,-0.037635064319667656,0.018911143472056254,-0.05654620779172391,0.7958046918124646,0.7520535908973665,0.7664111149630841,0.7808965246535646,-0.04375110091509815,-0.029393576849380487,-0.014908167158899976,0.0005506430931823125
phase_103,2026200003,command_constrained,0.7,1.0,logistics,False,,6.174999999997155e-06,0.007482098000000104,0.005074723000000003,-0.0002794990000000164,-0.002140083000000015,1.0,1.0,0.0,logistics,logistics,True,logistics,67124.992126117,67464.626036173,36225.589435392,34675.292087501,-339.6339100559999,1550.297347890999,-0.005046966261127377,0.043738369841262864,-0.04878533610239024,1.0,1.0,1.0,1.0,0.0,0.0,0.0,0.0
phase_103,2026200004,command_constrained,0.7,1.0,logistics,True,70.0,0.0008925189999999805,0.004949642000000032,0.10251301899999998,0.10082569599999991,0.07301348900000004,1.0,0.950222139,0.049777861000000034,logistics,logistics,True,logistics,66915.884124729,31887.878885111,36117.431226901,33558.341322087,35028.005239617996,2559.089904813998,0.7412104044853743,0.07349015214554219,0.6677202523398321,0.9502221393797984,1.0,1.0,0.8828944308021623,0.04977786062020162,0.04977786062020162,-0.06732770857763604,0.06732770857763604
phase_103,2026200005,command_constrained,0.7,1.0,logistics,False,,0.0016427620000000198,-0.002978026000000078,0.015507606000000007,-0.011838042000000049,-0.313145149,0.958914406,1.0,-0.041085594,logistics,logistics,True,logistics,34091.113534927,48064.344726616,35551.779508245,39772.660512878,-13973.231191689003,-4220.881004632996,-0.3435038781788771,-0.11218954297735377,-0.23131433520152334,1.0,0.9589144061556959,0.8571494362035104,1.0,-0.0410855938443041,-0.14285056379648964,0.0,0.10176496995218554
phase_011,2026200002,forcegen_constrained,0.15,0.75,logistics,False,,0.0013663059999999838,0.004865093999999903,0.003598564999999998,-0.0010914879999999183,-0.005472220999999999,0.771775434,0.803110962,-0.031335527999999946,logistics,logistics,True,logistics,28844.378196862,28844.378196862,37374.05589346,35915.806836749,0.0,1458.2490567109999,0.0,0.0397992705670328,-0.0397992705670328,0.80311096247874,0.7717754337149534,0.80311096247874,0.7717754337149534,-0.031335528763786646,0.0,-0.031335528763786646,0.0
phase_103,2026200006,command_constrained,0.7,1.0,logistics,False,,1.9279999999843866e-06,0.01003292999999994,0.01925885599999999,0.04090846200000009,0.01426507900000007,0.774993867,0.753499565,0.02149430199999991,logistics,logistics,True,logistics,28399.286685744,28399.286685744,36644.53088077,37689.851452193,0.0,-1045.320571422999,0.0,-0.02812667439530877,0.02812667439530877,0.753499565307827,0.7749938668377696,0.753499565307827,0.7749938668377696,0.021494301529942583,0.0,0.021494301529942583,0.0
phase_103,2026200007,command_constrained,0.7,1.0,command,True,21.0,0.0030018939999999494,0.006284567000000019,0.0006448700000000196,-0.035368389000000056,0.022577042999999963,1.0,0.793267494,0.20673250600000004,logistics,logistics,True,logistics,66652.441088407,27134.26413967,35594.639118819,34205.692721692,39518.176948737,1388.9463971270015,0.8986943827826687,0.039802955901366184,0.8588914268813025,0.7932674938187245,1.0,1.0,0.7623132250082014,0.20673250618127548,0.20673250618127548,-0.0309542688105231,0.0309542688105231
phase_103,2026200008,command_constrained,0.7,1.0,logistics,True,49.0,1.3349999999912043e-06,0.00025602400000002135,0.06939337300000004,0.058788921999999966,0.0280612979999999,0.76678788,0.795837142,-0.02904926200000002,logistics,logistics,True,logistics,28393.145219176,27381.021455158,37028.682832927,34405.307340506,1012.1237640180007,2623.3754924210007,0.03629762473097932,0.07348198839038718,-0.03718436365940786,0.7958371417575398,0.766787880284199,0.8252548055499632,0.739454373213891,-0.02904926147334086,0.029417663792423387,-0.056382768543648876,-0.002084156722115371
phase_103,2026200009,command_constrained,0.7,1.0,logistics,False,,1.6019999999894452e-06,0.004781795000000089,0.00519807299999997,-0.23744318600000003,-0.2661449490000001,0.958725854,0.789511779,0.16921407499999996,logistics,logistics,True,logistics,31358.923812607,26335.618776991,32708.958139809,33356.840869468,5023.305035616002,-647.8827296589952,0.17457652866070397,-0.019613885233355964,0.19419041389405994,0.7895117790095157,0.9587258535893591,0.9401047280022936,0.8051500345692387,0.1692140745798434,0.15059294899277786,0.01563825555972298,0.0029828700273425435
phase_103,2026200010,command_constrained,0.7,1.0,command,True,7.0,0.0032240839999999604,0.007913759999999992,0.010233914999999927,-0.004873212999999987,-0.25237439400000006,0.963807195,1.0,-0.036192804999999995,logistics,logistics,True,logistics,36137.763934205,71534.515394593,37494.806123879,38796.615383797,-35396.751460388004,-1301.8092599179945,-0.682841655087727,-0.03413059042723474,-0.6487110646604922,1.0,0.9638071954502052,0.9314669224804998,1.0,-0.03619280454979479,-0.06853307751950022,0.0,0.03234027296970543
phase_103,2026200011,command_constrained,0.7,1.0,logistics,True,21.0,2.555999999986902e-06,1.858699999990332e-05,-0.01714322200000007,0.035017242000000004,0.27191788299999997,0.759461258,0.999982133,-0.24052087500000008,logistics,logistics,True,logistics,27546.893036426,32605.48344877,36271.623787993,32606.066007142,-5058.590412343998,3665.557780850999,-0.16859072438600115,0.10653737684204903,-0.2751281012280502,0.9999821334357886,0.7594612581294156,0.8448395163768655,0.8989253869456872,-0.240520875306373,-0.15514261705892307,-0.10105674649010132,0.01567848824265139
phase_104,2026200000,command_constrained,0.7,1.5,logistics,False,,4.820000000016478e-06,0.01200731300000002,0.011324362000000088,0.007391951000000008,-0.0003182290000000032,0.760009395,0.807859644,-0.04785024900000001,logistics,logistics,True,logistics,28555.469288327,28555.469288327,37572.521453503,35347.067402059,0.0,2225.4540514440014,0.0,0.06105754083751606,-0.06105754083751606,0.8078596440128896,0.760009394729208,0.8078596440128896,0.760009394729208,-0.047850249283681534,0.0,-0.047850249283681534,0.0
phase_104,2026200001,command_constrained,0.7,1.5,logistics,False,,0.0035688259999999694,0.008492284000000017,0.0015996959999999838,-0.006618675000000018,-0.0010695139999999936,0.945763676,0.999950473,-0.05418679699999995,logistics,logistics,True,logistics,35351.967975184,35380.512253161,37379.282874297,35382.26463664,-28.54427797700191,1997.018237657001,-0.0008071052912148963,0.054905921467285894,-0.05571302675850079,0.9999504728287747,0.9457636759396731,0.9991437331169406,0.9465273149338451,-0.05418679688910155,-0.0008067397118340924,-0.053423157894929574,4.310071766211454e-05
phase_104,2026200003,command_constrained,0.7,1.5,logistics,False,,0.0022817090000000206,0.006633891999999975,0.017102371000000005,0.01943734500000005,0.15257578100000002,0.748108833,0.910328571,-0.162219738,logistics,logistics,True,logistics,27587.535021127,31551.04578326,36876.365844131,34658.964658432,-3963.510762132999,2217.4011856990037,-0.13424269425399696,0.06201444134021226,-0.1962571355942092,0.9103285713869156,0.7481088331137069,0.7959711229981987,0.8555898896496454,-0.16221973827320868,-0.11435744838871686,-0.054738681737270145,0.00687639185277833
phase_011,2026200003,forcegen_constrained,0.15,0.75,logistics,False,,5.974999999991404e-06,-0.008027859999999998,-0.0047952580000000244,0.017077331999999945,0.004370405999999938,0.933601237,0.986524898,-0.05292366100000001,logistics,logistics,True,logistics,36811.315314427,39028.399735122,39429.377185234,39561.49492568,-2217.0844206949987,-132.11774044600315,-0.058484300175868045,-0.003345142549129651,-0.05513915762673839,0.9865248977178575,0.9336012370038794,0.930483425451453,0.9898304898850353,-0.05292366071397803,-0.056041472266404435,0.003305592167177851,-0.0001877806147514427
phase_104,2026200004,command_constrained,0.7,1.5,logistics,False,,0.0017704949999999275,0.014596005000000023,0.013616583999999987,-0.010854119999999967,-0.13658541400000002,0.940105209,0.792185082,0.147920127,logistics,logistics,True,logistics,31804.24092635,26431.554164012,33830.512378007,33365.377296329,5372.686762338002,465.1350816779959,0.1850411134432999,0.013844373908890035,0.17119673953440986,0.7921850824363407,0.9401052094920601,0.9532108881576842,0.781293344560604,0.14792012705571944,0.1610258057213435,-0.010891737875736718,-0.0022139407898873475
phase_104,2026200005,command_constrained,0.7,1.5,logistics,True,287.0,0.002206127000000002,0.008955514999999914,0.014961300999999927,0.04541666099999997,0.04163521999999997,0.615863181,1.0,-0.38413681899999996,logistics,logistics,True,logistics,25774.719574794,43648.166803247,41851.372763094,39917.577585714,-17873.447228453,1933.7951773799941,-0.5267671336615961,0.04730783050156857,-0.5740749641631647,1.0,0.6158631813750933,0.6456984900811829,1.0,-0.3841368186249067,-0.35430150991881715,0.0,-0.029835308706089525
phase_104,2026200006,command_constrained,0.7,1.5,logistics,False,,7.069999999997911e-06,0.00483972399999999,0.009965488999999939,-0.06825136499999995,-0.06954769000000005,0.90889303,0.803776081,0.10511694900000002,logistics,logistics,True,logistics,33341.92681144,28954.720653635,36684.104408801,36023.366895542,4387.206157804998,660.7375132590023,0.1410824154098331,0.018175730533702895,0.12290668487613021,0.8037760806088959,0.9088930300678358,0.925563868255917,0.7892988290232971,0.1051169494589399,0.12178778764702103,-0.014477251585598871,-0.002193586602482256
phase_104,2026200007,command_constrained,0.7,1.5,logistics,False,,0.0025327800000000122,0.00236204799999995,0.013021233999999993,-0.0011061039999999966,0.04496188099999998,1.0,0.771968427,0.228031573,logistics,logistics,True,logistics,63040.342183123,23887.203990335,33065.08745223,30943.239588346,39153.138192788,2121.847863883999,0.9704319558997639,0.06632342081176544,0.9041085350879985,0.7719684269688272,1.0,1.0,0.7224297841294227,0.22803157303117283,0.22803157303117283,-0.049538642839404456,0.049538642839404456
phase_104,2026200008,command_constrained,0.7,1.5,logistics,False,,0.0037619070000000088,0.06051481400000003,0.004321415999999911,-0.165360642,-0.20455506499999998,0.942809857,0.797939992,0.144869865,logistics,logistics,True,logistics,33384.432852211,27925.247269445,35409.507665343,34996.67589133,5459.185582766,412.83177401300054,0.17855850937761936,0.011727279750498242,0.1668312296271211,0.7979399916768422,0.9428098568251476,0.9539315378373289,0.7886369822864494,0.14486986514830547,0.15599154616048672,-0.009303009390392747,-0.0018186716217885035
phase_104,2026200009,command_constrained,0.7,1.5,logistics,False,,3.7999999999982492e-06,0.009054690000000032,0.13709547500000008,-0.022842205000000004,0.05342422300000005,0.745615043,0.934707495,-0.18909245200000002,logistics,logistics,True,logistics,27480.560875115,32252.50600608,36856.231842649,34505.453487692,-4771.945130964999,2350.7783549570013,-0.16011686838929545,0.06590733446106573,-0.22602420285036118,0.9347074953698081,0.7456150425913932,0.7964121058405228,0.8750896223948293,-0.1890924527784149,-0.13829538952928533,-0.05961787297497878,0.008820809725849199
phase_104,2026200010,command_constrained,0.7,1.5,logistics,False,,0.0038488000000000966,0.0037407359999999112,0.01988306400000006,0.03130638600000002,0.230466885,0.76319851,0.997207379,-0.23400886899999995,logistics,logistics,True,logistics,30195.563941067,34595.045263753,39564.495412468,34691.926651048,-4399.481322686002,4872.56876142,-0.13601544711706426,0.13142513706863132,-0.2674405841856956,0.9972073794497063,0.7631985098324151,0.8703916690702109,0.8743962207300394,-0.23400886961729117,-0.12681571037949535,-0.12281115871966686,0.015617999481871037
phase_104,2026200011,command_constrained,0.7,1.5,logistics,False,,0.0032390770000000346,-0.01543348,-0.010531352999999966,-7.885100000004641e-05,-0.014417752999999922,0.743709379,0.787180883,-0.043471503999999994,logistics,logistics,True,logistics,26638.675759798,26157.176943233,35818.663180074,33228.92806757,481.4988165649993,2589.7351125040004,0.018240529968652965,0.0750482515732709,-0.05680772160461793,0.7871808831763453,0.743709379266202,0.8016712337403444,0.7302666995619282,-0.043471503910143316,0.014490350563999166,-0.056914183614417024,-0.001047670859725458
phase_105,2026200000,command_constrained,0.7,2.0,logistics,False,,6.210999999978206e-06,0.017193277999999923,0.02246139700000005,-0.061291414000000044,-0.09261753500000003,0.925904204,0.807828332,0.11807587199999992,logistics,logistics,True,logistics,33972.592043906,28556.405551571,36691.260184547,35349.596460907,5416.186492335,1341.6637236399984,0.17367280966053122,0.037251607845370606,0.13642120181516063,0.8078283321607768,0.9259042036995502,0.961046106466199,0.7782890368970729,0.11807587153877341,0.15321777430542227,-0.029539295263703913,-0.005602607502944945
phase_105,2026200001,command_constrained,0.7,2.0,logistics,False,,0.007471907,0.02562833200000003,0.04149660199999994,0.06200418400000007,0.090206342,0.924646668,0.999999976,-0.07535330800000006,logistics,logistics,True,logistics,34566.745006383,34566.745006383,37383.733909782,34566.745844657,0.0,2816.9880651249987,0.0,0.07834357046334857,-0.07834357046334857,0.99999997574912,0.9246466682488905,0.99999997574912,0.9246466682488905,-0.0753533075002295,0.0,-0.0753533075002295,0.0
phase_011,2026200004,forcegen_constrained,0.15,0.75,logistics,False,,3.7510000000517962e-06,6.133000000074773e-06,3.816999999961546e-06,0.00526289000000002,0.051148273999999994,0.946935403,0.999289901,-0.05235449800000003,logistics,logistics,True,logistics,28226.862693666,27418.058937016,29808.646502508,27437.542317282,808.8037566499988,2371.1041852259987,0.02907222073408363,0.08288626936682623,-0.053814048632742605,0.9992899006754797,0.9469354031653563,1.0,0.919802210231489,-0.05235449751012344,0.0007100993245202636,-0.07948769044399073,0.026423093609347026
phase_105,2026200002,command_constrained,0.7,2.0,logistics,False,,0.0042543419999999665,0.013753390000000087,0.01930433000000009,0.023746849000000014,0.040225177000000056,1.0,0.799481481,0.20051851899999995,logistics,logistics,True,logistics,67794.386771797,28194.284879965,38053.817777448,35265.713545229,39600.101891832004,2788.104232218997,0.8773601069685922,0.07609021081802018,0.8012698961505721,0.7994814806116215,1.0,1.0,0.7409055523641547,0.2005185193883785,0.2005185193883785,-0.058575928247466824,0.058575928247466824
phase_105,2026200003,command_constrained,0.7,2.0,logistics,False,,0.00667251499999999,0.015158423000000032,0.049750117999999954,0.08736916800000005,0.12705805599999997,0.920594549,0.999999995,-0.07940544599999999,logistics,logistics,True,logistics,31432.518650235,31384.875300396,34143.715789056,31384.875457374,47.64334983899971,2758.8403316819968,0.0015168842888263294,0.08425244765310931,-0.08273556336428298,0.9999999949982915,0.92059454935804,1.0,0.9191991725298897,-0.07940544564025154,5.001708491825241e-09,-0.08080082246840181,0.0013953718264417825
phase_105,2026200004,command_constrained,0.7,2.0,logistics,False,,0.0027187670000000663,-0.015680189999999983,0.022012723999999984,0.0133732339999999,-0.00908906900000006,0.557500682,1.0,-0.442499318,logistics,logistics,True,logistics,23735.609810555,74601.914431932,42575.032751589,39930.669173479,-50866.304621377,2644.363578110002,-1.1451897253729222,0.06412331621720446,-1.2093130415901268,1.0,0.5575006823610519,0.5944205369420562,1.0,-0.4424993176389481,-0.4055794630579438,0.0,-0.03691985458100433
phase_105,2026200005,command_constrained,0.7,2.0,logistics,False,,0.0025832559999999782,0.010931009999999963,0.11817236200000003,0.13771247200000003,-0.030108244999999978,0.917283693,0.999999949,-0.08271625599999999,logistics,logistics,True,logistics,29944.105405522,32908.609673993,32644.323283736,32908.61136698,-2964.504268470999,-264.28808324400234,-0.09440182507035862,-0.008063392329086622,-0.086338432741272,0.9999999485548939,0.9172836926425337,0.9099170144738303,1.0,-0.0827162559123602,-0.0900829340810636,5.1445106064029744e-08,0.007366626723597336
phase_105,2026200006,command_constrained,0.7,2.0,logistics,False,,0.004270362999999944,0.02011649400000004,-0.032431842000000044,0.009928781999999914,0.24786254100000005,0.753106713,0.999691166,-0.24658445299999998,logistics,logistics,True,logistics,29375.272048862,34120.914425327,39005.457715887,34131.455378381,-4745.642376464999,4874.002337506005,-0.1497572888784228,0.1334821735595113,-0.2832394624379341,0.9996911660245031,0.7531067129843574,0.8606510247866084,0.8747728247124115,-0.24658445304014576,-0.13904014123789477,-0.12491834131209167,0.017374029509840683
phase_105,2026200007,command_constrained,0.7,2.0,logistics,False,,6.682999999951811e-06,0.012280192000000079,0.02906536000000004,0.03896119499999995,0.056237517000000015,0.924379491,1.0,-0.07562050899999995,logistics,logistics,True,logistics,34370.402192442,38707.078455334,37182.134109478,36524.467531774,-4336.676262891997,657.6665777040034,-0.118826696493959,0.01784600069527644,-0.13667269718923544,1.0,0.9243794907318333,0.9410240453893518,1.0,-0.07562050926816666,-0.058975954610648196,0.0,-0.016644554657518462
phase_105,2026200008,command_constrained,0.7,2.0,command,True,30.0,0.004515044999999995,0.013543809999999934,0.019321927000000017,-0.16959583300000003,0.022571379000000058,0.922966537,0.993119791,-0.07015325400000005,logistics,logistics,True,logistics,32350.087412777,32336.830124578,35050.119483506,32560.855631875,13.257288199001778,2489.263851631,0.0004098908678700765,0.07366820301002287,-0.0732583121421528,0.9931197905291623,0.9229665373323594,0.9935269447006893,0.9225882993008103,-0.07015325319680288,0.00040715417152692446,-0.070531491228352,-2.8916139977797073e-05
phase_105,2026200009,command_constrained,0.7,2.0,logistics,True,49.0,5.232000000021664e-06,0.007087934999999934,0.14030659099999998,0.003465529999999939,0.014561341000000061,0.738058162,0.796408134,-0.05834997200000003,logistics,logistics,True,logistics,27479.545530514,27479.545530514,37232.222279296,34504.350685886,0.0,2727.8715934100037,0.0,0.07608915373263449,-0.07608915373263449,0.7964081335909475,0.7380581616745115,0.7964081335909475,0.7380581616745115,-0.05834997191643598,0.0,-0.05834997191643598,0.0
phase_105,2026200010,command_constrained,0.7,2.0,logistics,False,,0.006352060999999964,0.016881884000000014,0.02678372299999998,0.03834442100000002,0.24865865399999998,0.766842813,0.999885375,-0.23304256199999995,logistics,logistics,True,logistics,32561.587059824,36849.081082648,42461.879418268,36853.305381983,-4287.494022824001,5608.574036284997,-0.12369739905554421,0.14166140565877122,-0.26535880471431544,0.999885375292902,0.7668428130342086,0.8835459051046978,0.8678155933624253,-0.23304256225869335,-0.11633947018820423,-0.1320697819304767,0.01536668985998757
phase_105,2026200011,command_constrained,0.7,2.0,logistics,True,259.0,5.511000000013588e-06,0.012741687000000002,0.025912827999999943,0.031236329000000063,0.029202273,0.725864962,0.78362261,-0.05775764800000005,logistics,logistics,True,logistics,25609.567494602,25609.567494602,35281.448823988,32680.99616116,0.0,2600.452662828,0.0,0.07656354492009215,-0.07656354492009215,0.7836226095530681,0.7258649615655792,0.7836226095530681,0.7258649615655792,-0.057757647987488836,0.0,-0.057757647987488836,0.0
phase_011,2026200005,forcegen_constrained,0.15,0.75,logistics,False,,0.0010526530000000145,0.003660804999999989,0.0012229830000000108,-0.004950375000000062,0.04649576599999994,1.0,1.0,0.0,logistics,logistics,True,logistics,43322.819287279,69515.298104328,40488.737102624,36858.30164281,-26192.478817049,3630.435459813998,-0.47286734444209144,0.09394296391177795,-0.5668103083538694,1.0,1.0,1.0,1.0,0.0,0.0,0.0,0.0
phase_011,2026200006,forcegen_constrained,0.15,0.75,logistics,False,,2.857000000022758e-06,-0.015208438999999907,-0.00532516999999999,-0.09524826200000003,-0.28197300000000003,0.971133816,0.80314872,0.167985096,logistics,logistics,True,logistics,34070.77861296,28577.6580201,35083.505545872,35582.025212009,5493.120592859999,-498.51966613699915,0.17581486031096047,-0.014109508019824298,0.18992436833078477,0.803148720451555,0.9711338158158724,0.957527808210901,0.8145610757948476,0.16798509536431738,0.15437908775934595,0.011412355343292546,0.002193652261678891
phase_107,2026200000,balanced_capacity,0.4,0.25,logistics,False,,0.0,0.0,0.0,0.0,0.0,0.973551793,1.0,-0.026448206999999946,logistics,logistics,True,logistics,12423.289327602,12423.289327602,12760.789327606,12423.289327606,0.0,337.5,0.0,0.026804252900468225,-0.026804252900468225,0.999999999999678,0.973551792813171,0.999999999999678,0.973551792813171,-0.02644820718650709,0.0,-0.02644820718650709,0.0
phase_107,2026200001,balanced_capacity,0.4,0.25,logistics,False,,0.0,0.0,0.0,0.0,0.0,0.973367502,1.0,-0.026632498000000004,logistics,logistics,True,logistics,12334.987400896,12334.987400896,12672.487400897,12334.987400895,0.0,337.5000000020009,0.0,0.0269935685859331,-0.0269935685859331,1.0,0.9733675016337273,1.0,0.9733675016337273,-0.026632498366272683,0.0,-0.026632498366272683,0.0
phase_107,2026200002,balanced_capacity,0.4,0.25,logistics,False,,0.01086130800000007,0.026842801000000027,0.03195152899999998,0.03425771100000008,0.04160770199999997,0.971665011,1.0,-0.028334988999999977,logistics,logistics,True,logistics,11573.568873472,11573.568873472,11911.068873473,11573.568873473,0.0,337.5,0.0,0.028744172336296697,-0.028744172336296697,0.9999999999999137,0.9716650114623515,0.9999999999999137,0.9716650114623515,-0.028334988537562222,0.0,-0.028334988537562222,0.0
phase_107,2026200003,balanced_capacity,0.4,0.25,logistics,False,,0.011227776999999994,0.028851638000000013,0.03414943199999998,0.03345622599999998,0.04185130100000001,0.971782068,1.0,-0.028217932,logistics,logistics,True,logistics,11622.979714841,11622.979714841,11960.479714842,11622.979714843,0.0,337.49999999899956,0.0,0.028623709254679417,-0.028623709254679417,0.9999999999998278,0.971782068274219,0.9999999999998278,0.971782068274219,-0.028217931725608825,0.0,-0.028217931725608825,0.0
phase_107,2026200004,balanced_capacity,0.4,0.25,logistics,False,,0.015229936,0.03604021600000007,0.04267814800000003,0.04662701400000002,0.06011756700000004,0.971451266,1.0,-0.02854873400000002,logistics,logistics,True,logistics,11484.390293157,11484.390293157,11821.890293157,11484.390293158,0.0,337.49999999899956,0.0,0.02896417496911165,-0.02896417496911165,0.9999999999999128,0.9714512661147465,0.9999999999999128,0.9714512661147465,-0.028548733885166322,0.0,-0.028548733885166322,0.0
phase_107,2026200005,balanced_capacity,0.4,0.25,logistics,False,,0.018370209999999942,0.04699978199999999,0.05768016499999995,0.06581504400000004,0.10549829300000002,0.972645856,0.999999734,-0.027353877999999998,logistics,logistics,True,logistics,12000.667283617,12000.667283617,12338.167283847,12000.670477604,0.0,337.4968062429998,0.0,0.02773496775965807,-0.02773496775965807,0.9999997338492873,0.972645856352438,0.9999997338492873,0.972645856352438,-0.027353877496849255,0.0,-0.027353877496849255,0.0
phase_107,2026200006,balanced_capacity,0.4,0.25,logistics,False,,0.0,0.0,0.0,0.0,0.0,0.972318394,1.0,-0.027681606000000025,logistics,logistics,True,logistics,11854.711701329,11854.711701329,12192.211701333,11854.71170133,0.0,337.50000000300133,0.0,0.02807196226696949,-0.02807196226696949,0.9999999999999157,0.9723183940476443,0.9999999999999157,0.9723183940476443,-0.027681605952271426,0.0,-0.027681605952271426,0.0
phase_107,2026200007,balanced_capacity,0.4,0.25,logistics,False,,0.01395819399999998,0.03571609400000009,0.04598592200000007,0.05951688100000008,0.515249479,0.969374827,0.993455422,-0.024080595000000038,logistics,logistics,True,logistics,10682.845761559,10682.845761559,11020.34576156,10753.2210527,0.0,267.1247088599994,0.0,0.024537836552670216,-0.024537836552670216,0.9934554222594233,0.9693748265886328,0.9934554222594233,0.9693748265886328,-0.02408059567079046,0.0,-0.02408059567079046,0.0
phase_011,2026200007,forcegen_constrained,0.15,0.75,logistics,False,,0.0014603600000000494,9.293999999937519e-06,0.008494961999999995,0.040703152999999936,0.06505167999999995,1.0,0.783168243,0.216831757,logistics,logistics,True,logistics,67692.259733783,25534.84721964,33813.371222808,32604.548846639,42157.412514143,1208.822376168995,0.9749277646250172,0.0364045087570114,0.9385232558680058,0.7831682425586523,1.0,1.0,0.7551701086348965,0.21683175744134775,0.21683175744134775,-0.02799813392375572,0.02799813392375572
phase_107,2026200008,balanced_capacity,0.4,0.25,logistics,False,,0.015129169999999914,0.036559821999999964,0.04413040899999998,0.049526473000000015,0.07211732100000001,0.969784716,1.0,-0.030215283999999953,logistics,logistics,True,logistics,10832.343661215,10832.343661215,11169.843661217,10832.343661215,0.0,337.5000000020009,0.0,0.030681174527998435,-0.030681174527998435,1.0,0.9697847158618844,1.0,0.9697847158618844,-0.030215284138115583,0.0,-0.030215284138115583,0.0
phase_107,2026200009,balanced_capacity,0.4,0.25,logistics,False,,0.0,0.0,0.0,0.0,0.0,0.971268599,0.999947558,-0.02867895900000006,logistics,logistics,True,logistics,11409.230204488,11409.230204488,11746.730219658,11409.828559258,0.0,336.90166040000076,0.0,0.029099784405521873,-0.029099784405521873,0.9999475579526115,0.9712685991029913,0.9999475579526115,0.9712685991029913,-0.02867895884962013,0.0,-0.02867895884962013,0.0
phase_107,2026200010,balanced_capacity,0.4,0.25,logistics,False,,0.0,0.0,0.0,0.0,0.0,0.9686871,1.0,-0.03131289999999998,logistics,logistics,True,logistics,10440.805349811,10440.805349811,10778.30534981,10440.80534981,0.0,337.5,0.0,0.031813629685829674,-0.031813629685829674,1.0,0.9686870997763161,1.0,0.9686870997763161,-0.03131290022368394,0.0,-0.03131290022368394,0.0
phase_107,2026200011,balanced_capacity,0.4,0.25,logistics,False,,0.012125739999999996,0.02834888400000002,0.033018027000000005,0.034958910999999926,0.04054402400000001,0.972502826,1.0,-0.027497173999999958,logistics,logistics,True,logistics,11936.488665623,11936.488665623,12273.988665624,11936.488665625,0.0,337.49999999899956,0.0,0.027882297412461055,-0.027882297412461055,0.9999999999998324,0.9725028261638987,0.9999999999998324,0.9725028261638987,-0.02749717383593364,0.0,-0.02749717383593364,0.0
phase_108,2026200000,balanced_capacity,0.4,0.5,logistics,False,,0.015156178999999992,0.03742008600000002,0.043802620000000014,0.04522177399999994,0.048788952,0.948570206,1.0,-0.05142979400000003,logistics,logistics,True,logistics,12449.687890286,12449.687890286,13124.687890287,12449.687890288,0.0,674.9999999989996,0.0,0.05279947486397666,-0.05279947486397666,0.9999999999998395,0.948570205581762,0.9999999999998395,0.948570205581762,-0.05142979441807749,0.0,-0.05142979441807749,0.0
phase_108,2026200001,balanced_capacity,0.4,0.5,logistics,False,,0.0,0.0,0.0,0.0,0.0,0.948957772,1.0,-0.05104222800000002,logistics,logistics,True,logistics,12549.344424045,12549.344424045,13224.344424048,12549.344424047,0.0,675.0000000010004,0.0,0.05239097846957113,-0.05239097846957113,0.9999999999998407,0.9489577722449866,0.9999999999998407,0.9489577722449866,-0.05104222775485412,0.0,-0.05104222775485412,0.0
phase_108,2026200002,balanced_capacity,0.4,0.5,logistics,False,,0.01987377899999998,0.04995548499999991,0.059559736000000085,0.06350897300000002,0.07579426199999995,0.944891668,1.0,-0.05510833199999998,logistics,logistics,True,logistics,11573.601445945,11573.601445945,12248.601445945,11573.601445947,0.0,674.9999999979991,0.0,0.05668499552697753,-0.05668499552697753,0.9999999999998271,0.9448916675933264,0.9999999999998271,0.9448916675933264,-0.055108332406500704,0.0,-0.055108332406500704,0.0
phase_108,2026200003,balanced_capacity,0.4,0.5,logistics,False,,0.039758588999999955,0.13814023799999997,0.254573092,0.675746611,0.0,0.943289102,0.994969103,-0.05168000099999992,logistics,logistics,True,logistics,11227.474114928,11227.474114928,11902.474114928,11284.243985014,0.0,618.2301299139999,0.0,0.053338872209249044,-0.053338872209249044,0.9949691029225003,0.9432891016201901,0.9949691029225003,0.9432891016201901,-0.05168000130231021,0.0,-0.05168000130231021,0.0
phase_108,2026200004,balanced_capacity,0.4,0.5,logistics,False,,0.026383734000000048,0.06444984600000003,0.07670319800000003,0.083106915,0.10398774799999999,0.944487411,1.0,-0.055512589,logistics,logistics,True,logistics,11484.403994546,11484.403994546,12159.403994545,11484.403994548,0.0,674.9999999970005,0.0,0.057112921185004384,-0.057112921185004384,0.9999999999998259,0.9444874107068224,0.9999999999998259,0.9444874107068224,-0.05551258929300351,0.0,-0.05551258929300351,0.0
phase_108,2026200005,balanced_capacity,0.4,0.5,logistics,False,,0.04099892900000002,0.12050638599999997,0.18653028900000002,0.708318522,0.0,0.946742793,0.999999826,-0.053257033000000065,logistics,logistics,True,logistics,11999.340963699,11999.340963699,12674.3409637,11999.343046043,0.0,674.9979176569996,0.0,0.05472765102481113,-0.05472765102481113,0.9999998264618327,0.9467427930229874,0.9999998264618327,0.9467427930229874,-0.05325703343884536,0.0,-0.05325703343884536,0.0
phase_011,2026200008,forcegen_constrained,0.15,0.75,logistics,False,,0.001053770000000065,0.0020631070000000085,0.00314344100000008,0.021300211000000013,0.17633261300000003,0.771608067,0.908029518,-0.13642145100000003,logistics,logistics,True,logistics,27947.760845549,31411.918906412,36220.151176204,34593.499735349,-3464.1580608629993,1626.6514408549992,-0.11685032036615445,0.045949830785251014,-0.16280015115140545,0.9080295184564418,0.7716080672769302,0.807890530283378,0.8672498011838524,-0.13642145117951154,-0.10013898817306377,-0.04077971727258933,0.004497254266141559
phase_108,2026200006,balanced_capacity,0.4,0.5,logistics,False,,0.0,0.0,0.0,0.0,0.0,0.946104553,1.0,-0.05389544700000004,logistics,logistics,True,logistics,11849.248957404,11849.248957404,12524.248957407,11849.248957404,0.0,675.0000000030013,0.0,0.055402195241994696,-0.055402195241994696,1.0,0.9461045526722943,1.0,0.9461045526722943,-0.05389544732770568,0.0,-0.05389544732770568,0.0
phase_108,2026200007,balanced_capacity,0.4,0.5,logistics,False,,0.0,0.0,0.0,0.0,0.0,0.940638015,0.988696592,-0.04805857700000005,logistics,logistics,True,logistics,10695.913531232,10695.913531232,11370.913531231,10818.196016631,0.0,552.7175146000009,0.0,0.0498291175156162,-0.0498291175156162,0.9886965918152145,0.9406380148661699,0.9886965918152145,0.9406380148661699,-0.048058576949044585,0.0,-0.048058576949044585,0.0
phase_108,2026200008,balanced_capacity,0.4,0.5,logistics,False,,0.026862997000000055,0.06716575899999999,0.08157736699999996,0.09152042699999996,0.13379345200000003,0.941342011,1.0,-0.058657988999999966,logistics,logistics,True,logistics,10832.383956542,10832.383956542,11507.383956542,10832.383956542,0.0,675.0,0.0,0.06044875045286906,-0.06044875045286906,1.0,0.9413420111339676,1.0,0.9413420111339676,-0.05865798886603235,0.0,-0.05865798886603235,0.0
phase_108,2026200009,balanced_capacity,0.4,0.5,logistics,False,,0.0,0.0,0.0,0.0,0.0,0.944142376,0.999878605,-0.05573622900000008,logistics,logistics,True,logistics,11409.294968569,11409.294968569,12084.294968572,11410.680171231,0.0,673.6147973409988,0.0,0.057356899122685,-0.057356899122685,0.9998786047245901,0.944142376385342,0.9998786047245901,0.944142376385342,-0.05573622833924807,0.0,-0.05573622833924807,0.0
phase_108,2026200010,balanced_capacity,0.4,0.5,logistics,False,,0.0,0.0,0.0,0.0,0.0,0.939280095,1.0,-0.06071990500000002,logistics,logistics,True,logistics,10441.618178992,10441.618178992,11116.618178993,10441.618178993,0.0,675.0,0.0,0.06264155354285464,-0.06264155354285464,0.9999999999999042,0.9392800949773967,0.9999999999999042,0.9392800949773967,-0.06071990502250746,0.0,-0.06071990502250746,0.0
phase_108,2026200011,balanced_capacity,0.4,0.5,logistics,False,,0.021769591000000088,0.052265600999999995,0.06138398600000006,0.06491896500000005,0.074769266,0.946479172,1.0,-0.05352082800000002,logistics,logistics,True,logistics,11936.912603715,11936.912603715,12611.912603713,11936.912603716,0.0,674.9999999970005,0.0,0.055006313420422025,-0.055006313420422025,0.9999999999999162,0.9464791724136054,0.9999999999999162,0.9464791724136054,-0.053520827586310826,0.0,-0.053520827586310826,0.0
phase_109,2026200000,balanced_capacity,0.4,0.75,logistics,False,,0.021314343000000013,0.05369500999999999,0.06329701399999998,0.0652351000000001,0.07029055400000006,0.924789922,1.0,-0.07521007800000001,logistics,logistics,True,logistics,12449.791598239,12449.791598239,13462.291598241,12449.791598241,0.0,1012.5,0.0,0.07818867852138059,-0.07818867852138059,0.9999999999998395,0.9247899220862001,0.9999999999998395,0.9247899220862001,-0.07521007791363932,0.0,-0.07521007791363932,0.0
phase_109,2026200001,balanced_capacity,0.4,0.75,logistics,False,,0.0,0.0,0.0,0.0,0.0,0.924181344,1.0,-0.07581865600000004,logistics,logistics,True,logistics,12341.733090238,12341.733090238,13354.233090236,12341.733090238,0.0,1012.4999999980009,0.0,0.07884696646652388,-0.07884696646652388,1.0,0.9241813443605164,1.0,0.9241813443605164,-0.07581865563948365,0.0,-0.07581865563948365,0.0
phase_109,2026200002,balanced_capacity,0.4,0.75,logistics,False,,0.030175629000000037,0.07819889300000005,0.09265061699999999,0.096455022,0.10613617200000003,0.91817755,1.0,-0.08182244999999999,logistics,logistics,True,logistics,11361.854507801,11361.854507801,12374.354507801,11361.854507801,0.0,1012.5,0.0,0.0853644972130509,-0.0853644972130509,1.0,0.9181775502421801,1.0,0.9181775502421801,-0.08182244975781994,0.0,-0.08182244975781994,0.0
phase_109,2026200003,balanced_capacity,0.4,0.75,logistics,False,,0.03815002500000009,0.11522502999999995,0.138423226,0.229600268,0.628348023,0.918628164,1.0,-0.08137183599999998,logistics,logistics,True,logistics,11430.380137717,11430.380137717,12442.880137717,11430.380137718,0.0,1012.4999999989996,0.0,0.08487384769161754,-0.08487384769161754,0.9999999999999125,0.9186281641554275,0.9999999999999125,0.9186281641554275,-0.08137183584448504,0.0,-0.08137183584448504,0.0
phase_011,2026200009,forcegen_constrained,0.15,0.75,logistics,False,,0.0012444580000000594,0.0028473809999999267,0.02580363699999999,0.10528234599999997,-0.03953910000000005,0.765689274,1.0,-0.23431072600000002,logistics,logistics,True,logistics,27315.30256694,70522.82654267,35674.135038977,35330.907570763,-43207.52397572999,343.2274682139978,-0.9484893594214506,0.009667768060654289,-0.9581571274821049,1.0,0.7656892742345603,0.7731276789941262,1.0,-0.23431072576543965,-0.22687232100587384,0.0,-0.007438404759565809
phase_002,2026200000,forcegen_constrained,0.1,0.25,logistics,False,,0.001225457999999957,0.003981098000000016,0.005390541999999998,0.004817040999999911,0.003772439999999988,0.990172592,0.999999997,-0.009827405000000011,logistics,logistics,True,logistics,34005.237171513,34005.237171513,34342.737267028,34005.237268492,0.0,337.49999853600457,0.0,0.009876012976677017,-0.009876012976677017,0.9999999971481158,0.9901725918673632,0.9999999971481158,0.9901725918673632,-0.009827405280752655,0.0,-0.009827405280752655,0.0
phase_109,2026200004,balanced_capacity,0.4,0.75,logistics,False,,0.035086553999999937,0.087914779,0.10505387499999996,0.11305447400000002,0.138967858,0.918980021,1.0,-0.08101997900000002,logistics,logistics,True,logistics,11484.417576761,11484.417576761,12496.917576763,11484.417576763,0.0,1012.5,0.0,0.0844908968293407,-0.0844908968293407,0.9999999999998258,0.9189800209705582,0.9999999999998258,0.9189800209705582,-0.08101997902926761,0.0,-0.08101997902926761,0.0
phase_109,2026200005,balanced_capacity,0.4,0.75,logistics,False,,0.050815056000000025,0.15327362,0.238865793,0.743401085,0.459950681,0.922186794,0.999998529,-0.07781173499999994,logistics,logistics,True,logistics,11999.430104696,11999.430104696,13011.930104695,11999.447757044,0.0,1012.482347651001,0.0,0.08100600851045527,-0.08100600851045527,0.9999985289032999,0.9221867938228728,0.9999985289032999,0.9221867938228728,-0.07781173508042705,0.0,-0.07781173508042705,0.0
phase_109,2026200006,balanced_capacity,0.4,0.75,logistics,False,,0.0,0.0,0.0,0.0,0.0,0.921280463,1.0,-0.078719537,logistics,logistics,True,logistics,11849.618357833,11849.618357833,12862.118357833,11849.618357836,0.0,1012.4999999970005,0.0,0.08199076883048026,-0.08199076883048026,0.9999999999997469,0.9212804631529931,0.9999999999997469,0.9212804631529931,-0.07871953684675381,0.0,-0.07871953684675381,0.0
phase_109,2026200007,balanced_capacity,0.4,0.75,logistics,False,,0.02850683899999995,0.07161786700000006,0.084945614,0.09054500500000007,0.10856450299999998,0.918276151,1.0,-0.08172384899999996,logistics,logistics,True,logistics,11376.78432716,11376.78432716,12389.28432716,11376.784327161,0.0,1012.4999999989996,0.0,0.08525711537737907,-0.08525711537737907,0.9999999999999121,0.9182761511267943,0.9999999999999121,0.9182761511267943,-0.08172384887311779,0.0,-0.08172384887311779,0.0
phase_109,2026200008,balanced_capacity,0.4,0.75,logistics,False,,0.03573056100000005,0.09178643499999994,0.11191621399999996,0.12432062499999996,0.17544517999999998,0.914520349,1.0,-0.08547965099999999,logistics,logistics,True,logistics,10832.42438617,10832.42438617,11844.924386169,10832.42438617,0.0,1012.4999999989996,0.0,0.0893555596503927,-0.0893555596503927,1.0,0.9145203492239031,1.0,0.9145203492239031,-0.08547965077609687,0.0,-0.08547965077609687,0.0
phase_109,2026200009,balanced_capacity,0.4,0.75,logistics,False,,0.0,0.0,0.0,0.0,0.0,0.917246705,0.999999725,-0.08275301999999995,logistics,logistics,True,logistics,11222.662312025,11222.662312025,12235.162312025,11222.665393342,0.0,1012.4969186830003,0.0,0.08637853379106475,-0.08637853379106475,0.9999997254380406,0.9172467046877758,0.9999997254380406,0.9172467046877758,-0.0827530207502648,0.0,-0.0827530207502648,0.0
phase_109,2026200010,balanced_capacity,0.4,0.75,logistics,False,,0.0,0.0,0.0,0.0,0.0,0.911731769,1.0,-0.08826823100000003,logistics,logistics,True,logistics,10458.218127186,10458.218127186,11470.718127186,10458.218127185,0.0,1012.5000000010004,0.0,0.09240944535610482,-0.09240944535610482,1.0,0.9117317687721451,1.0,0.9117317687721451,-0.08826823122785488,0.0,-0.08826823122785488,0.0
phase_109,2026200011,balanced_capacity,0.4,0.75,logistics,False,,0.02911098500000009,0.07217046500000002,0.085220407,0.089972893,0.10311642700000001,0.920318311,1.0,-0.07968168900000006,logistics,logistics,True,logistics,11694.308967592,11694.308967592,12706.808967593,11694.30896759,0.0,1012.5000000030013,0.0,0.08303567853381282,-0.08303567853381282,1.0,0.9203183110265335,1.0,0.9203183110265335,-0.0796816889734665,0.0,-0.0796816889734665,0.0
phase_110,2026200000,balanced_capacity,0.4,1.0,logistics,False,,0.029750031000000066,0.07959649499999999,0.09562955799999995,0.09961530000000007,0.11159682599999998,0.902478861,1.0,-0.09752113900000003,logistics,logistics,True,logistics,12493.152556079,12493.152556079,13843.152556081,12493.152556081,0.0,1350.0,0.0,0.10261001139431349,-0.10261001139431349,0.9999999999998398,0.9024788613335786,0.9999999999998398,0.9024788613335786,-0.09752113866626122,0.0,-0.09752113866626122,0.0
phase_110,2026200001,balanced_capacity,0.4,1.0,logistics,False,,0.0,0.0,0.0,0.0,0.0,0.902955499,1.0,-0.09704450099999995,logistics,logistics,True,logistics,12561.143727712,12561.143727712,13911.143727715,12561.143727712,0.0,1350.0000000029995,0.0,0.10208200795327248,-0.10208200795327248,1.0,0.9029554991000912,1.0,0.9029554991000912,-0.09704450089990879,0.0,-0.09704450089990879,0.0
phase_011,2026200010,forcegen_constrained,0.15,0.75,logistics,False,,0.0016075919999999355,0.004485881999999997,0.005917564999999958,0.00030927099999999985,-0.004641490999999998,0.785786078,0.813071236,-0.027285157999999976,logistics,logistics,True,logistics,30465.302042618,30465.302042618,38770.478225736,37469.413120496,0.0,1301.065105239999,0.0,0.034134136516948424,-0.034134136516948424,0.8130712361212109,0.785786078398048,0.8130712361212109,0.785786078398048,-0.027285157723162867,0.0,-0.027285157723162867,0.0
phase_110,2026200002,balanced_capacity,0.4,1.0,logistics,False,,0.03655836000000001,0.09702296100000007,0.11561001800000004,0.11985128700000003,0.13095152600000004,0.893800182,1.0,-0.106199818,logistics,logistics,True,logistics,11361.886211602,11361.886211602,12711.886211604,11361.886211602,0.0,1350.000000002001,0.0,0.11227303867238528,-0.11227303867238528,1.0,0.8938001821657546,1.0,0.8938001821657546,-0.10619981783424537,0.0,-0.10619981783424537,0.0
phase_110,2026200003,balanced_capacity,0.4,1.0,logistics,False,,0.0,0.0,0.0,0.0,0.0,0.893460108,1.0,-0.10653989200000002,logistics,logistics,True,logistics,11321.309965825,11321.309965825,12671.309965826,11321.309965827,0.0,1349.9999999989996,0.0,0.11265359269239353,-0.11265359269239353,0.9999999999998233,0.8934601076256603,0.9999999999998233,0.8934601076256603,-0.10653989237416295,0.0,-0.10653989237416295,0.0
phase_110,2026200004,balanced_capacity,0.4,1.0,logistics,False,,0.04216550299999999,0.10845597200000001,0.130394691,0.139727147,0.16903827700000007,0.894814191,1.0,-0.10518580899999996,logistics,logistics,True,logistics,11484.430967943,11484.430967943,12834.430967944,11484.430967943,0.0,1350.0000000009986,0.0,0.11113918969740365,-0.11113918969740365,1.0,0.8948141913441402,1.0,0.8948141913441402,-0.1051858086558598,0.0,-0.1051858086558598,0.0
phase_110,2026200005,balanced_capacity,0.4,1.0,logistics,False,,0.05890981300000009,0.184596058,0.2934167569999999,0.76371299,0.585621751,0.89887273,0.999997745,-0.10112501500000004,logistics,logistics,True,logistics,11999.514986933,11999.514986933,13349.514986933,11999.542046324,0.0,1349.9729406089991,0.0,0.10661156736602244,-0.10661156736602244,0.9999977449646914,0.8988727304833599,0.9999977449646914,0.8988727304833599,-0.10112501448133149,0.0,-0.10112501448133149,0.0
phase_110,2026200006,balanced_capacity,0.4,1.0,logistics,False,,0.0,0.0,0.0,0.0,0.0,0.897726337,1.0,-0.10227366299999996,logistics,logistics,True,logistics,11849.879210601,11849.879210601,13199.879210602,11849.879210601,0.0,1350.0000000009986,0.0,0.10789000450752596,-0.10789000450752596,1.0,0.8977263368503635,1.0,0.8977263368503635,-0.10227366314963648,0.0,-0.10227366314963648,0.0
phase_110,2026200007,balanced_capacity,0.4,1.0,logistics,False,,0.03527584099999992,0.09026361999999999,0.10810512400000005,0.11502822800000001,0.13616650799999996,0.891898679,1.0,-0.10810132100000003,logistics,logistics,True,logistics,11138.284045361,11138.284045361,12488.28404536,11138.28404536,0.0,1350.0,0.0,0.11440274120993292,-0.11440274120993292,1.0,0.8918986791863859,1.0,0.8918986791863859,-0.10810132081361412,0.0,-0.10810132081361412,0.0
phase_110,2026200008,balanced_capacity,0.4,1.0,logistics,False,,0.042813599000000035,0.11277372699999999,0.13838242499999998,0.15203287199999993,0.20939797800000004,0.889184982,1.0,-0.11081501800000004,logistics,logistics,True,logistics,10832.464253681,10832.464253681,12182.46425368,10832.464253683,0.0,1349.9999999970005,0.0,0.11744998678343357,-0.11744998678343357,0.9999999999998155,0.8891849816352878,0.9999999999998155,0.8891849816352878,-0.11081501836452767,0.0,-0.11081501836452767,0.0
phase_110,2026200009,balanced_capacity,0.4,1.0,logistics,False,,0.0,0.0,0.0,0.0,0.0,0.89257408,0.999997664,-0.10742358399999996,logistics,logistics,True,logistics,11216.799569387,11216.799569387,12566.799569395,11216.825767193,0.0,1349.9738022019992,0.0,0.11364342992527392,-0.11364342992527392,0.9999976644189235,0.892574080412982,0.9999976644189235,0.892574080412982,-0.10742358400594143,0.0,-0.10742358400594143,0.0
phase_110,2026200010,balanced_capacity,0.4,1.0,logistics,False,,0.0,0.0,0.0,0.0,0.0,0.885575663,1.0,-0.11442433699999999,logistics,logistics,True,logistics,10448.189383494,10448.189383494,11798.189383496,10448.189383494,0.0,1350.000000001999,0.0,0.12151737896023387,-0.12151737896023387,1.0,0.8855756628309036,1.0,0.8855756628309036,-0.11442433716909639,0.0,-0.11442433716909639,0.0
phase_110,2026200011,balanced_capacity,0.4,1.0,logistics,False,,0.035270091,0.08925180600000004,0.10565332299999997,0.11048963700000003,0.1246322110000001,0.896512491,1.0,-0.10348750900000003,logistics,logistics,True,logistics,11695.052662279,11695.052662279,13045.052662279,11695.052662279,0.0,1350.0,0.0,0.10924305255111431,-0.10924305255111431,1.0,0.8965124913674245,1.0,0.8965124913674245,-0.1034875086325755,0.0,-0.1034875086325755,0.0
phase_011,2026200011,forcegen_constrained,0.15,0.75,logistics,False,,0.002249764999999959,0.004524585000000081,0.0029958989999999686,-0.003059366000000008,0.008792038000000058,1.0,0.790893195,0.209106805,logistics,logistics,True,logistics,69030.305386891,26745.876507263,34946.47836897,33817.30512407,42284.428879628,1129.1732448999974,0.9481653044805021,0.0328450442397515,0.9153202602407505,0.7908931953370288,1.0,1.0,0.7653382473872231,0.20910680466297116,0.20910680466297116,-0.02555494794980573,0.02555494794980573
phase_111,2026200000,balanced_capacity,0.4,1.5,logistics,False,,0.039961362,0.10843323100000002,0.13079976000000004,0.135549774,0.14919241100000002,0.860549301,1.0,-0.13945069899999996,logistics,logistics,True,logistics,12496.261036092,12496.261036092,14521.261036094,12496.261036094,0.0,2025.0,0.0,0.15018437139007307,-0.15018437139007307,0.99999999999984,0.8605493011269018,0.99999999999984,0.8605493011269018,-0.13945069887293826,0.0,-0.13945069887293826,0.0
phase_111,2026200001,balanced_capacity,0.4,1.5,logistics,False,,0.0,0.0,0.0,0.0,0.0,0.858980893,1.0,-0.14101910699999998,logistics,logistics,True,logistics,12334.756269125,12334.756269125,14359.75626913,12334.756269128,0.0,2025.000000002001,0.0,0.15200860008054362,-0.15200860008054362,0.9999999999997569,0.8589808934042801,0.9999999999997569,0.8589808934042801,-0.14101910659547678,0.0,-0.14101910659547678,0.0
phase_111,2026200002,balanced_capacity,0.4,1.5,logistics,False,,0.04580290399999998,0.12575624600000002,0.151437064,0.156382605,0.16832063899999994,0.848733082,1.0,-0.15126691800000003,logistics,logistics,True,logistics,11361.932348019,11361.932348019,13386.93234802,11361.932348021,0.0,2024.9999999989996,0.0,0.16401053334741478,-0.16401053334741478,0.9999999999998239,0.8487330818325597,0.9999999999998239,0.8487330818325597,-0.15126691816726423,0.0,-0.15126691816726423,0.0
phase_111,2026200003,balanced_capacity,0.4,1.5,logistics,False,,0.049781100999999994,0.1616069069999999,0.22621274999999996,0.287027956,0.691715715,0.849502591,1.0,-0.15049740899999997,logistics,logistics,True,logistics,11430.381185736,11430.381185736,13455.381185738,11430.381185737,0.0,2025.0000000010004,0.0,0.163104287358957,-0.163104287358957,0.9999999999999125,0.849502591413137,0.9999999999999125,0.849502591413137,-0.15049740858677552,0.0,-0.15049740858677552,0.0
phase_111,2026200004,balanced_capacity,0.4,1.5,logistics,False,,0.052935313000000095,0.14221339200000005,0.17313653900000003,0.184420507,0.2180036489999999,0.850105008,1.0,-0.149894992,logistics,logistics,True,logistics,11484.457308508,11484.457308508,13509.457308508,11484.457308507,0.0,2025.0000000009986,0.0,0.1623953987240481,-0.1623953987240481,1.0,0.850105007643446,1.0,0.850105007643446,-0.149894992356554,0.0,-0.149894992356554,0.0
phase_111,2026200005,balanced_capacity,0.4,1.5,logistics,False,,0.05723361299999996,0.17207910000000004,0.23755885399999999,0.323930233,0.694237148,0.855587206,0.99938138,-0.14379417399999994,logistics,logistics,True,logistics,11997.30327957,11997.30327957,14022.303279569,12004.729650948,0.0,2017.5736286209994,0.0,0.1553484436738711,-0.1553484436738711,0.9993813795400703,0.8555872056376432,0.9993813795400703,0.8555872056376432,-0.1437941739024271,0.0,-0.1437941739024271,0.0
phase_111,2026200006,balanced_capacity,0.4,1.5,logistics,False,,0.0,0.0,0.0,0.0,0.0,0.854058027,1.0,-0.145941973,logistics,logistics,True,logistics,11850.377732186,11850.377732186,13875.377732188,11850.377732188,0.0,2025.0,0.0,0.15775613999629554,-0.15775613999629554,0.9999999999998311,0.8540580271696373,0.9999999999998311,0.8540580271696373,-0.14594197283019383,0.0,-0.14594197283019383,0.0
phase_111,2026200007,balanced_capacity,0.4,1.5,logistics,False,,0.05168293899999998,0.1420370310000001,0.17519773799999994,0.1883184360000001,0.23573569900000002,0.843774259,1.0,-0.15622574099999997,logistics,logistics,True,logistics,10937.012483381,10937.012483381,12962.01248338,10937.012483383,0.0,2024.9999999970005,0.0,0.1698702853377138,-0.1698702853377138,0.9999999999998173,0.8437742593910111,0.9999999999998173,0.8437742593910111,-0.15622574060880612,0.0,-0.15622574060880612,0.0
phase_111,2026200008,balanced_capacity,0.4,1.5,logistics,False,,0.04606937200000005,0.12311980999999994,0.14961579000000003,0.15873955100000003,0.18746137200000001,0.845740234,1.0,-0.15425976600000002,logistics,logistics,True,logistics,11102.207745796,11102.207745796,13127.207745795,11102.207745795,0.0,2025.0,0.0,0.16754301897686874,-0.16754301897686874,1.0,0.8457402336267846,1.0,0.8457402336267846,-0.15425976637321537,0.0,-0.15425976637321537,0.0
phase_111,2026200009,balanced_capacity,0.4,1.5,logistics,False,,0.0,0.0,0.0,0.0,0.0,0.847075843,0.999996411,-0.15292056799999998,logistics,logistics,True,logistics,11216.858155089,11216.858155089,13241.858155096,11216.898409042,0.0,2024.9597460540008,0.0,0.16596145695417833,-0.16596145695417833,0.9999964113116182,0.8470758426582526,0.9999964113116182,0.8470758426582526,-0.15292056865336556,0.0,-0.15292056865336556,0.0
phase_012,2026200000,forcegen_constrained,0.15,1.0,logistics,False,,0.004167618999999956,0.014120577999999995,0.01943166499999993,0.017416793999999958,0.012913283000000053,0.961829847,0.999999994,-0.03817014699999999,logistics,logistics,True,logistics,34017.953741161,34017.953741161,35367.95395804,34017.95392978,0.0,1350.0000282600013,0.0,0.03891771272450098,-0.03891771272450098,0.9999999944553103,0.961829846915074,0.9999999944553103,0.961829846915074,-0.03817014754023629,0.0,-0.03817014754023629,0.0
phase_111,2026200010,balanced_capacity,0.4,1.5,logistics,False,,0.0,0.0,0.0,0.0,0.0,0.8376263,1.0,-0.16237369999999995,logistics,logistics,True,logistics,10446.231450702,10446.231450702,12471.231450701,10446.231450703,0.0,2024.999999997999,0.0,0.1771832212372359,-0.1771832212372359,0.9999999999999042,0.8376262995355462,0.9999999999999042,0.8376262995355462,-0.16237370046435795,0.0,-0.16237370046435795,0.0
phase_111,2026200011,balanced_capacity,0.4,1.5,logistics,False,,0.05289562000000003,0.14322861799999997,0.17422500399999996,0.18513638099999996,0.21723607,0.850256764,1.0,-0.14974323599999995,logistics,logistics,True,logistics,11498.148386238,11498.148386238,13523.148386238,11498.148386238,0.0,2025.0,0.0,0.16221689979629994,-0.16221689979629994,1.0,0.8502567640194818,1.0,0.8502567640194818,-0.1497432359805182,0.0,-0.1497432359805182,0.0
phase_112,2026200000,balanced_capacity,0.4,2.0,logistics,False,,0.035457931000000054,0.10144575099999997,0.12418316500000004,0.12660772099999995,0.13333311299999995,0.828802436,1.0,-0.17119756399999997,logistics,logistics,True,logistics,13071.252463609,13071.252463609,15771.252463626,13071.252463613,0.0,2700.0000000130003,0.0,0.18777346806339648,-0.18777346806339648,0.999999999999694,0.8288024361892538,0.999999999999694,0.8288024361892538,-0.17119756381044027,0.0,-0.17119756381044027,0.0
phase_112,2026200001,balanced_capacity,0.4,2.0,logistics,False,,0.0,0.0,0.0,0.0,0.0,0.820356022,1.0,-0.17964397799999998,logistics,logistics,True,logistics,12329.727317207,12329.727317207,15029.727317223,12329.727317206,0.0,2700.0000000170003,0.0,0.19801685949479708,-0.19801685949479708,1.0,0.8203560222332184,1.0,0.8203560222332184,-0.17964397776678165,0.0,-0.17964397776678165,0.0
phase_112,2026200002,balanced_capacity,0.4,2.0,logistics,False,,0.05902836999999994,0.183523522,0.24996977399999998,0.303366237,0.726892684,0.812911183,1.0,-0.18708881700000002,logistics,logistics,True,logistics,11731.648237924,11731.648237924,14431.648237926,11731.648237925,0.0,2700.0000000010004,0.0,0.20713342172909727,-0.20713342172909727,0.9999999999999148,0.8129111827361154,0.9999999999999148,0.8129111827361154,-0.18708881726379945,0.0,-0.18708881726379945,0.0
phase_112,2026200003,balanced_capacity,0.4,2.0,logistics,False,,0.05212077100000001,0.18031042400000008,0.263279727,0.298813565,0.691800081,0.80892234,0.98937258,-0.18045023999999998,logistics,logistics,True,logistics,11430.380322472,11430.380322472,14130.380322476,11553.16061396,0.0,2577.2197085159987,0.0,0.20136806652765718,-0.20136806652765718,0.9893725798860926,0.8089223404900618,0.9893725798860926,0.8089223404900618,-0.18045023939603078,0.0,-0.18045023939603078,0.0
phase_112,2026200004,balanced_capacity,0.4,2.0,logistics,False,,0.060162461,0.16701584999999997,0.20528457600000005,0.21690034400000002,0.2522548090000001,0.809651156,1.0,-0.19034884399999996,logistics,logistics,True,logistics,11484.48330598,11484.48330598,14184.483305981,11484.48330598,0.0,2700.0000000010004,0.0,0.21115179568364872,-0.21115179568364872,1.0,0.8096511560020996,1.0,0.8096511560020996,-0.19034884399790042,0.0,-0.19034884399790042,0.0
phase_112,2026200005,balanced_capacity,0.4,2.0,logistics,False,,0.0,0.0,0.0,0.0,0.0,0.82146732,0.995511668,-0.17404434800000002,logistics,logistics,True,logistics,12423.281613419,12423.281613419,15123.281613439,12479.292827587,0.0,2643.9887858519996,0.0,0.19216468824830266,-0.19216468824830266,0.9955116676127528,0.8214673197898597,0.9955116676127528,0.8214673197898597,-0.17404434782289313,0.0,-0.17404434782289313,0.0
phase_112,2026200006,balanced_capacity,0.4,2.0,logistics,False,,0.05546440399999997,0.15161199599999997,0.18554485399999998,0.19655810100000004,0.23143533399999994,0.817474201,1.0,-0.182525799,logistics,logistics,True,logistics,12092.429393625,12092.429393625,14792.429393625,12092.429393627,0.0,2699.999999997999,0.0,0.2015359355961054,-0.2015359355961054,0.9999999999998346,0.8174742006094278,0.9999999999998346,0.8174742006094278,-0.1825257993904068,0.0,-0.1825257993904068,0.0
phase_112,2026200007,balanced_capacity,0.4,2.0,logistics,False,,0.05059447299999997,0.14143241399999995,0.17416457800000007,0.18329753400000004,0.21218757,0.804766469,1.0,-0.19523353099999996,logistics,logistics,True,logistics,11129.591600897,11129.591600897,13829.5916009,11129.5916009,0.0,2700.0,0.0,0.21720314422424777,-0.21720314422424777,0.9999999999997304,0.804766469038226,0.9999999999997304,0.804766469038226,-0.19523353096150442,0.0,-0.19523353096150442,0.0
phase_012,2026200001,forcegen_constrained,0.15,1.0,logistics,False,,0.0057780230000000765,-0.01796450000000005,0.006493603999999986,-0.006828920999999988,-0.02368263199999998,0.784840615,1.0,-0.21515938499999998,logistics,logistics,True,logistics,31751.179152422,72050.137016488,40455.576022203,38580.438658545,-40298.957864066004,1875.1373636580029,-0.819432360821847,0.04745910623433748,-0.8668914670561845,1.0,0.78484061467809,0.8229864733637388,1.0,-0.21515938532191003,-0.17701352663626124,0.0,-0.03814585868564879
phase_112,2026200008,balanced_capacity,0.4,2.0,logistics,False,,0.053089461000000004,0.14776922599999998,0.18158587999999998,0.19127347900000002,0.22202541199999992,0.803286038,1.0,-0.19671396200000002,logistics,logistics,True,logistics,11025.512769246,11025.512769246,13725.512769248,11025.512769248,0.0,2700.0,0.0,0.21904441700064023,-0.21904441700064023,0.9999999999998185,0.803286037804624,0.9999999999998185,0.803286037804624,-0.19671396219519444,0.0,-0.19671396219519444,0.0
phase_112,2026200009,balanced_capacity,0.4,2.0,logistics,False,,0.0,0.0,0.0,0.0,0.0,0.806119799,0.999969115,-0.193849316,logistics,logistics,True,logistics,11226.125437828,11226.125437828,13926.125437845,11226.472171579,0.0,2699.6532662659993,0.0,0.21549202776504905,-0.21549202776504905,0.999969114629627,0.8061197989298873,0.999969114629627,0.8061197989298873,-0.19384931569973973,0.0,-0.19384931569973973,0.0
phase_112,2026200010,balanced_capacity,0.4,2.0,logistics,False,,0.0,0.0,0.0,0.0,0.0,0.794620346,1.0,-0.20537965400000002,logistics,logistics,True,logistics,10446.384985615,10446.384985615,13146.384985617,10446.384985615,0.0,2700.000000002001,0.0,0.22989083062264598,-0.22989083062264598,1.0,0.7946203459767855,1.0,0.7946203459767855,-0.20537965402321445,0.0,-0.20537965402321445,0.0
phase_112,2026200011,balanced_capacity,0.4,2.0,logistics,False,,0.0,0.0,0.0,0.0,0.0,0.810000862,1.0,-0.189999138,logistics,logistics,True,logistics,11510.590820253,11510.590820253,14210.590820251,11510.590820253,0.0,2699.999999997999,0.0,0.2107199665695933,-0.2107199665695933,1.0,0.8100008624447671,1.0,0.8100008624447671,-0.1899991375552329,0.0,-0.1899991375552329,0.0
phase_012,2026200002,forcegen_constrained,0.15,1.0,logistics,False,,0.002360766000000014,0.008904532000000076,0.011066164999999906,-0.0001549060000000102,-0.005686506000000091,0.769332214,0.803111969,-0.03377975500000008,logistics,logistics,True,logistics,28844.561865865,28844.561865865,37492.985904453,35915.99051792,0.0,1576.9953865330026,0.0,0.04297125828240678,-0.04297125828240678,0.8031119690677396,0.7693322142806226,0.8031119690677396,0.7693322142806226,-0.03377975478711703,0.0,-0.03377975478711703,0.0
phase_114,2026200000,balanced_capacity,0.55,0.25,logistics,False,,0.0,0.0,0.0,0.0,0.0,0.9762259,1.0,-0.02377410000000002,logistics,logistics,True,logistics,13858.620742874,13858.620742874,14196.120742876,13858.620742874,0.0,337.5000000020009,0.0,0.024061264854601725,-0.024061264854601725,1.0,0.9762258995880007,1.0,0.9762258995880007,-0.023774100411999344,0.0,-0.023774100411999344,0.0
phase_114,2026200001,balanced_capacity,0.55,0.25,logistics,False,,0.002163802999999964,0.005963865000000013,0.007383695999999995,0.007193444999999965,0.006759276000000036,0.98081475,1.0,-0.019185250000000043,logistics,logistics,True,logistics,17254.139205982,17254.139205982,17591.639207172,17254.13920712,0.0,337.50000005200127,0.0,0.019371675398469828,-0.019371675398469828,0.9999999999340449,0.9808147497106237,0.9999999999340449,0.9808147497106237,-0.019185250223421213,0.0,-0.019185250223421213,0.0
phase_114,2026200002,balanced_capacity,0.55,0.25,logistics,False,,0.0024000160000000603,0.006359305000000037,0.007718592000000024,0.007338905000000007,0.006612502000000076,0.979365613,1.0,-0.020634386999999976,logistics,logistics,True,logistics,16018.692550155,16018.692550155,16356.192550781,16018.69255086,0.0,337.49999992099947,0.0,0.02085025016376108,-0.02085025016376108,0.9999999999559889,0.9793656133859904,0.9999999999559889,0.9793656133859904,-0.020634386569998497,0.0,-0.020634386569998497,0.0
phase_114,2026200003,balanced_capacity,0.55,0.25,logistics,False,,0.0020494990000000657,0.005672617999999963,0.007025635999999946,0.006771842000000028,0.006237607000000089,0.979627464,1.0,-0.020372535999999997,logistics,logistics,True,logistics,16228.920881834,16228.920881834,16566.42088348,16228.920883419,0.0,337.50000006100163,0.0,0.020582918008006688,-0.020582918008006688,0.9999999999023348,0.9796274642531534,0.9999999999023348,0.9796274642531534,-0.0203725356491814,0.0,-0.0203725356491814,0.0
phase_012,2026200003,forcegen_constrained,0.15,1.0,logistics,False,,4.853000000082375e-06,0.006376206999999967,0.014117754000000038,0.03365564200000004,-0.04519049499999994,1.0,1.0,0.0,logistics,logistics,True,logistics,41249.449877652,43363.753358816,40856.544475924,39583.613372494,-2114.3034811640027,1272.9311034299972,-0.04998613969596197,0.031651787067973995,-0.08163792676393597,1.0,1.0,1.0,1.0,0.0,0.0,0.0,0.0
phase_114,2026200004,balanced_capacity,0.55,0.25,logistics,False,,0.0022813760000000016,0.0060144500000000045,0.007368734000000043,0.00714778100000002,0.006654965000000068,0.979131772,1.0,-0.02086822799999999,logistics,logistics,True,logistics,15835.411425111,15835.411425111,16172.911425685,15835.411425774,0.0,337.4999999110005,0.0,0.021089046740689666,-0.021089046740689666,0.9999999999581318,0.9791317721534046,0.9999999999581318,0.9791317721534046,-0.02086822780472719,0.0,-0.02086822780472719,0.0
phase_114,2026200005,balanced_capacity,0.55,0.25,logistics,False,,0.0026219299999999945,0.006871531000000042,0.008345905000000098,0.008129613000000036,0.007629600999999986,0.979956061,1.0,-0.02004393900000001,logistics,logistics,True,logistics,16500.507856702,16500.507856702,16838.007857039,16500.507857077,0.0,337.4999999620013,0.0,0.020247543891141594,-0.020247543891141594,0.9999999999772735,0.9799560611206205,0.9999999999772735,0.9799560611206205,-0.02004393885665301,0.0,-0.02004393885665301,0.0
phase_114,2026200006,balanced_capacity,0.55,0.25,logistics,False,,0.002568986999999967,0.0066387720000000705,0.00803970399999998,0.0077876439999999825,0.007224893999999926,0.97971083,1.0,-0.020289169999999968,logistics,logistics,True,logistics,16296.990013478,16296.990013478,16634.490013687,16296.990013786,0.0,337.49999990099786,0.0,0.02049782254287878,-0.02049782254287878,0.9999999999811008,0.9797108297320026,0.9999999999811008,0.9797108297320026,-0.020289170249098154,0.0,-0.020289170249098154,0.0
phase_114,2026200007,balanced_capacity,0.55,0.25,logistics,False,,0.002429812000000031,0.006376841000000022,0.007786041000000021,0.00758533699999997,0.007124101000000049,0.979010033,1.0,-0.020989966999999998,logistics,logistics,True,logistics,15741.610383575,15741.610383575,16079.110383999,15741.610384064,0.0,337.4999999349984,0.0,0.021213388519449903,-0.021213388519449903,0.9999999999689357,0.9790100327465965,0.9999999999689357,0.9790100327465965,-0.020989967222339256,0.0,-0.020989967222339256,0.0
phase_114,2026200008,balanced_capacity,0.55,0.25,logistics,False,,0.002160574999999998,0.00585467499999992,0.007211121999999959,0.006954369000000016,0.0063522780000000445,0.979615151,1.0,-0.020384849000000038,logistics,logistics,True,logistics,16218.914193497,16218.914193497,16556.414194676,16218.914194681,0.0,337.4999999949996,0.0,0.02059548730054778,-0.02059548730054778,0.9999999999269988,0.979615151130519,0.9999999999269988,0.979615151130519,-0.020384848796479837,0.0,-0.020384848796479837,0.0
phase_114,2026200009,balanced_capacity,0.55,0.25,logistics,False,,0.0016803490000000254,0.005099697000000014,0.006445601000000023,0.006022937999999978,0.005256606999999969,0.978983314,1.0,-0.02101668599999995,logistics,logistics,True,logistics,15721.168997142,15721.168997142,16058.669001675,15721.169001211,0.0,337.50000046400055,0.0,0.021240680295207995,-0.021240680295207995,0.999999999741177,0.978983313965946,0.999999999741177,0.978983313965946,-0.02101668577523108,0.0,-0.02101668577523108,0.0
phase_114,2026200010,balanced_capacity,0.55,0.25,logistics,False,,0.0,0.0,0.0,0.0,0.0,0.977041671,1.0,-0.022958329000000055,logistics,logistics,True,logistics,14363.047194974,14363.047194974,14700.547194979,14363.047194974,0.0,337.5000000050004,0.0,0.023225975924218788,-0.023225975924218788,1.0,0.9770416709304349,1.0,0.9770416709304349,-0.022958329069565075,0.0,-0.022958329069565075,0.0
phase_114,2026200011,balanced_capacity,0.55,0.25,logistics,False,,0.0022360339999999423,0.00581556399999994,0.007086609999999993,0.0068326580000001025,0.006263414999999939,0.979908011,1.0,-0.020091988999999977,logistics,logistics,True,logistics,16460.239762922,16460.239762922,16797.739763252,16460.239763396,0.0,337.4999998560015,0.0,0.02029657788621643,-0.02029657788621643,0.9999999999712034,0.9799080111320487,0.9999999999712034,0.9799080111320487,-0.02009198883915464,0.0,-0.02009198883915464,0.0
phase_115,2026200000,balanced_capacity,0.55,0.5,logistics,False,,0.0,0.0,0.0,0.0,0.0,0.95355633,1.0,-0.04644367000000005,logistics,logistics,True,logistics,13858.735268406,13858.735268406,14533.735268406,13858.735268406,0.0,675.0,0.0,0.047556778265016614,-0.047556778265016614,1.0,0.9535563303215422,1.0,0.9535563303215422,-0.04644366967845781,0.0,-0.04644366967845781,0.0
phase_115,2026200001,balanced_capacity,0.55,0.5,logistics,False,,0.0,0.0,0.0,0.0,0.0,0.962111972,1.0,-0.03788802800000002,logistics,logistics,True,logistics,17140.654180516,17140.654180516,17815.654180587,17140.654180769,0.0,674.9999998179992,0.0,0.03862443981020138,-0.03862443981020138,0.9999999999852398,0.962111972244807,0.9999999999852398,0.962111972244807,-0.03788802774043276,0.0,-0.03788802774043276,0.0
phase_012,2026200004,forcegen_constrained,0.15,1.0,logistics,False,,5.060000000001175e-06,1.0426000000007818e-05,3.728000000036147e-06,-0.03766885600000003,-0.015339500000000006,0.952655168,0.999647988,-0.046992819999999935,logistics,logistics,True,logistics,27418.519130666,27418.519130666,28781.158227596,27428.174167156,0.0,1352.9840604399978,0.0,0.048150205454290725,-0.048150205454290725,0.9996479883629454,0.9526551681431823,0.9996479883629454,0.9526551681431823,-0.04699282021976314,0.0,-0.04699282021976314,0.0
phase_115,2026200002,balanced_capacity,0.55,0.5,logistics,False,,0.004596329999999926,0.012341526000000047,0.01504085300000002,0.014269757999999966,0.012811314000000018,0.959565732,1.0,-0.04043426800000005,logistics,logistics,True,logistics,16018.761023018,16018.761023018,16693.761023907,16018.761024013,0.0,674.999999894002,0.0,0.04127445891290682,-0.04127445891290682,0.9999999999378854,0.9595657323761649,0.9999999999378854,0.9595657323761649,-0.040434267561720416,0.0,-0.040434267561720416,0.0
phase_115,2026200003,balanced_capacity,0.55,0.5,logistics,False,,0.004087540999999972,0.011321814999999957,0.013991973999999963,0.013436585000000001,0.01221011400000005,0.960073425,1.0,-0.039926574999999964,logistics,logistics,True,logistics,16231.033143736,16231.033143736,16906.03314556,16231.033145437,0.0,675.0000001229982,0.0,0.04074551305674715,-0.04074551305674715,0.9999999998952007,0.9600734249121431,0.9999999998952007,0.9600734249121431,-0.03992657498305763,0.0,-0.03992657498305763,0.0
phase_115,2026200004,balanced_capacity,0.55,0.5,logistics,False,,0.004461920000000008,0.01186171799999991,0.014578086999999962,0.014135809,0.013131498999999991,0.959117215,1.0,-0.04088278499999998,logistics,logistics,True,logistics,15835.616761265,15835.616761265,16510.616761973,15835.616762135,0.0,674.9999998380008,0.0,0.041741985577099364,-0.041741985577099364,0.9999999999450606,0.9591172146722798,0.9999999999450606,0.9591172146722798,-0.040882785272780775,0.0,-0.040882785272780775,0.0
phase_115,2026200005,balanced_capacity,0.55,0.5,logistics,False,,0.0046959060000000274,0.012476158999999987,0.015298727000000012,0.014902368,0.013984820000000009,0.961295356,1.0,-0.038704643999999955,logistics,logistics,True,logistics,16764.767549502,16764.767549502,17439.767550085,16764.767550177,0.0,674.9999999079992,0.0,0.039473575204556015,-0.039473575204556015,0.9999999999597371,0.9612953556494102,0.9999999999597371,0.9612953556494102,-0.03870464431032694,0.0,-0.03870464431032694,0.0
phase_115,2026200006,balanced_capacity,0.55,0.5,logistics,False,,0.0,0.0,0.0,0.0,0.0,0.960199367,1.0,-0.03980063300000003,logistics,logistics,True,logistics,16284.52968139,16284.52968139,16959.529690036,16284.529687901,0.0,675.0000021350006,0.0,0.04061434120753571,-0.04061434120753571,0.9999999996001727,0.9601993674952806,0.9999999996001727,0.9601993674952806,-0.03980063210489215,0.0,-0.03980063210489215,0.0
phase_115,2026200007,balanced_capacity,0.55,0.5,logistics,False,,0.004687892999999943,0.012438037999999985,0.01524273899999995,0.014853894000000034,0.013917953999999955,0.958883185,1.0,-0.04111681499999997,logistics,logistics,True,logistics,15741.641066712,15741.641066712,16416.641067285,15741.641067387,0.0,674.9999998980002,0.0,0.04198602108895245,-0.04198602108895245,0.9999999999571201,0.9588831845804233,0.9999999999571201,0.9588831845804233,-0.04111681537669676,0.0,-0.04111681537669676,0.0
phase_115,2026200008,balanced_capacity,0.55,0.5,logistics,False,,0.004521826000000062,0.012022642000000028,0.014694995000000044,0.014156069000000104,0.013015334999999961,0.958589348,1.0,-0.04141065200000005,logistics,logistics,True,logistics,15625.153859732,15625.153859732,16300.153860433,15625.153860603,0.0,674.9999998299991,0.0,0.04229250440595985,-0.04229250440595985,0.9999999999442565,0.9585893478993781,0.9999999999442565,0.9585893478993781,-0.04141065204487837,0.0,-0.04141065204487837,0.0
phase_115,2026200009,balanced_capacity,0.55,0.5,logistics,False,,0.003158220999999961,0.009784663999999998,0.01245544300000001,0.011618456999999971,0.010111968999999998,0.958831847,1.0,-0.041168152999999985,logistics,logistics,True,logistics,15721.169247173,15721.169247173,16396.169253345,15721.169252085,0.0,675.0000012600012,0.0,0.04203956129385382,-0.04203956129385382,0.9999999996875552,0.9588318468940974,0.9999999996875552,0.9588318468940974,-0.04116815279345776,0.0,-0.04116815279345776,0.0
phase_115,2026200010,balanced_capacity,0.55,0.5,logistics,False,,0.0,0.0,0.0,0.0,0.0,0.95511446,1.0,-0.04488554,logistics,logistics,True,logistics,14363.250696084,14363.250696084,15038.250696085,14363.250696084,0.0,675.0000000010004,0.0,0.04592409206092982,-0.04592409206092982,1.0,0.9551144602093429,1.0,0.9551144602093429,-0.044885539790657125,0.0,-0.044885539790657125,0.0
phase_115,2026200011,balanced_capacity,0.55,0.5,logistics,False,,0.0,0.0,0.0,0.0,0.0,0.960581052,1.0,-0.03941894800000001,logistics,logistics,True,logistics,16448.744901303,16448.744901303,17123.744905542,16448.744904836,0.0,675.0000007060007,0.0,0.04021691455288961,-0.04021691455288961,0.9999999997852115,0.9605810523362479,0.9999999997852115,0.9605810523362479,-0.03941894744896357,0.0,-0.03941894744896357,0.0
phase_012,2026200005,forcegen_constrained,0.15,1.0,logistics,False,,0.0013895900000000516,0.004790430000000012,0.0077095590000000325,0.1082137689999999,0.011231953999999988,1.0,1.0,0.0,logistics,logistics,True,logistics,43137.615497251,69530.002531813,41567.673373676,36667.041017574,-26392.38703456201,4900.632356101996,-0.4773629846825739,0.12544449617626402,-0.602807480858838,1.0,1.0,1.0,1.0,0.0,0.0,0.0,0.0
phase_116,2026200000,balanced_capacity,0.55,0.75,logistics,False,,0.0,0.0,0.0,0.0,0.0,0.931916063,1.0,-0.06808393700000004,logistics,logistics,True,logistics,13858.849240376,13858.849240376,14871.349240375,13858.849240376,0.0,1012.4999999990014,0.0,0.07051252916563318,-0.07051252916563318,1.0,0.9319160633219404,1.0,0.9319160633219404,-0.06808393667805956,0.0,-0.06808393667805956,0.0
phase_116,2026200001,balanced_capacity,0.55,0.75,logistics,False,,0.0,0.0,0.0,0.0,0.0,0.944226919,1.0,-0.055773081,logistics,logistics,True,logistics,17141.41913539,17141.41913539,18153.919135538,17141.419135785,0.0,1012.4999997529994,0.0,0.05738876127151361,-0.05738876127151361,0.9999999999769563,0.944226919124811,0.9999999999769563,0.944226919124811,-0.055773080852145274,0.0,-0.055773080852145274,0.0
phase_116,2026200002,balanced_capacity,0.55,0.75,logistics,False,,0.006677869000000003,0.01809753699999994,0.02215829300000005,0.020981692999999968,0.018778795000000015,0.940550732,1.0,-0.059449268000000055,logistics,logistics,True,logistics,16018.828433918,16018.828433918,17031.328435043,16018.828435146,0.0,1012.4999998969997,0.0,0.06128968963639156,-0.06128968963639156,0.9999999999233402,0.9405507324348394,0.9999999999233402,0.9405507324348394,-0.05944926748850077,0.0,-0.05944926748850077,0.0
phase_116,2026200003,balanced_capacity,0.55,0.75,logistics,False,,0.004954014000000062,0.014906150999999923,0.019056096999999994,0.018378241999999934,0.016894733999999967,0.941289465,1.0,-0.05871053500000001,logistics,logistics,True,logistics,16233.127401936,16233.127401936,17245.627407365,16233.127405911,0.0,1012.5000014539983,0.0,0.06050457184147009,-0.06050457184147009,0.9999999997551304,0.9412894653518611,0.9999999997551304,0.9412894653518611,-0.05871053440326934,0.0,-0.05871053440326934,0.0
phase_116,2026200004,balanced_capacity,0.55,0.75,logistics,False,,0.0,0.0,0.0,0.0,0.0,0.941257518,1.0,-0.058742481999999985,logistics,logistics,True,logistics,16223.748161735,16223.748161735,17236.248167015,16223.748165681,0.0,1012.5000013340014,0.0,0.06053851287302617,-0.06053851287302617,0.9999999997567763,0.941257517560137,0.9999999997567763,0.941257517560137,-0.058742482196639356,0.0,-0.058742482196639356,0.0
phase_116,2026200005,balanced_capacity,0.55,0.75,logistics,False,,0.0068566070000000146,0.018370151999999917,0.02250102899999995,0.021986861999999996,0.020451467999999973,0.94305171,1.0,-0.05694829000000001,logistics,logistics,True,logistics,16766.787245956,16766.787245956,17779.287246658,16766.787246778,0.0,1012.4999998800013,0.0,0.05863416184920832,-0.05863416184920832,0.9999999999509744,0.9430517103045104,0.9999999999509744,0.9430517103045104,-0.056948289646464034,0.0,-0.056948289646464034,0.0
phase_116,2026200006,balanced_capacity,0.55,0.75,logistics,False,,0.0,0.0,0.0,0.0,0.0,0.942344237,1.0,-0.05765576299999997,logistics,logistics,True,logistics,16548.623889622,16548.623889622,17561.12389108,16548.623891145,0.0,1012.4999999350002,0.0,0.059384639273016945,-0.059384639273016945,0.9999999999079682,0.942344236750571,0.9999999999079682,0.942344236750571,-0.05765576315739718,0.0,-0.05765576315739718,0.0
phase_116,2026200007,balanced_capacity,0.55,0.75,logistics,False,,0.007064140999999968,0.018666713,0.022876609999999964,0.022276359000000023,0.02086010100000002,0.939567288,1.0,-0.060432712,logistics,logistics,True,logistics,15741.671116167,15741.671116167,16754.171116616,15741.671116838,0.0,1012.4999997779978,0.0,0.06233584173823265,-0.06233584173823265,0.9999999999573742,0.9395672878472126,0.9999999999573742,0.9395672878472126,-0.06043271211016166,0.0,-0.06043271211016166,0.0
phase_116,2026200008,balanced_capacity,0.55,0.75,logistics,False,,0.006692971999999964,0.017850209000000006,0.021923772000000064,0.02110655699999997,0.019343592999999992,0.939144614,1.0,-0.060855385999999956,logistics,logistics,True,logistics,15625.30429017,15625.30429017,16637.804290913,15625.304291177,0.0,1012.499999736001,0.0,0.06278580294715237,-0.06278580294715237,0.9999999999355531,0.9391446140945416,0.9999999999355531,0.9391446140945416,-0.06085538584101147,0.0,-0.06085538584101147,0.0
phase_116,2026200009,balanced_capacity,0.55,0.75,logistics,False,,0.004893755,0.014924177000000038,0.018918316999999907,0.017643789999999937,0.015345194000000006,0.939493247,1.0,-0.06050675299999997,logistics,logistics,True,logistics,15721.169498793,15721.169498793,16733.669504963,15721.169503269,0.0,1012.5000016939994,0.0,0.06241464764972555,-0.06241464764972555,0.9999999997152884,0.9394932470807014,0.9999999997152884,0.9394932470807014,-0.06050675263458705,0.0,-0.06050675263458705,0.0
phase_012,2026200006,forcegen_constrained,0.15,1.0,logistics,False,,0.0009633930000000346,0.01916338900000003,-0.020583691000000015,-0.15377392600000006,-0.23971603000000008,0.961845423,0.803156722,0.158688701,logistics,logistics,True,logistics,34037.304858989,28579.229366007,35387.499968436,35583.627165996,5458.075492982003,-196.1271975599957,0.17477691682757723,-0.005526971452859228,0.18030388828043648,0.8031567224073645,0.9618454225178013,0.9565439942422544,0.8076080364958909,0.1586887001104368,0.15338727183488998,0.004451314088526392,0.0008501141870204121
phase_116,2026200010,balanced_capacity,0.55,0.75,logistics,False,,0.0,0.0,0.0,0.0,0.0,0.934142758,1.0,-0.06585724199999998,logistics,logistics,True,logistics,14361.663363076,14361.663363076,15374.163363074,14361.663363076,0.0,1012.4999999979991,0.0,0.06812600680695687,-0.06812600680695687,1.0,0.9341427578147216,1.0,0.9341427578147216,-0.06585724218527844,0.0,-0.06585724218527844,0.0
phase_116,2026200011,balanced_capacity,0.55,0.75,logistics,False,,0.0,0.0,0.0,0.0,0.0,0.942016883,1.0,-0.05798311700000003,logistics,logistics,True,logistics,16449.479577163,16449.479577163,17461.979587312,16449.479584222,0.0,1012.5000030899973,0.0,0.05973208191682916,-0.05973208191682916,0.9999999995708679,0.9420168827316299,0.9999999995708679,0.9420168827316299,-0.05798311683923807,0.0,-0.05798311683923807,0.0
phase_117,2026200000,balanced_capacity,0.55,1.0,logistics,False,,0.004776374999999944,0.015553441999999973,0.020924765000000067,0.020080447,0.01824447699999998,0.926547026,0.999999999,-0.07345297299999998,logistics,logistics,True,logistics,17029.106509685,17029.106509685,18379.106541472,17029.106530252,0.0,1350.0000112199996,0.0,0.07629047654133925,-0.07629047654133925,0.9999999987922443,0.9265470261712255,0.9999999987922443,0.9265470261712255,-0.0734529726210188,0.0,-0.0734529726210188,0.0
phase_117,2026200001,balanced_capacity,0.55,1.0,logistics,False,,0.0,0.0,0.0,0.0,0.0,0.926950972,1.0,-0.07304902800000002,logistics,logistics,True,logistics,17130.738705321,17130.738705321,18480.738705671,17130.738705907,0.0,1349.9999997640007,0.0,0.07585460373843937,-0.07585460373843937,0.9999999999657926,0.9269509719362171,0.9999999999657926,0.9269509719362171,-0.07304902802957547,0.0,-0.07304902802957547,0.0
phase_117,2026200002,balanced_capacity,0.55,1.0,logistics,False,,0.00913729299999999,0.024476146000000032,0.030056658000000014,0.02907937100000002,0.026904796000000064,0.921117185,1.0,-0.07888281500000005,logistics,logistics,True,logistics,15763.993717181,15763.993717181,17113.993717877,15763.993718095,0.0,1349.9999997820014,0.0,0.08216801408492476,-0.08216801408492476,0.9999999999420197,0.9211171849802765,0.9999999999420197,0.9211171849802765,-0.07888281496174321,0.0,-0.07888281496174321,0.0
phase_117,2026200003,balanced_capacity,0.55,1.0,logistics,False,,0.007662691000000055,0.021562791000000026,0.02695327999999997,0.02600496100000005,0.023924797999999914,0.92322193,1.0,-0.07677807000000003,logistics,logistics,True,logistics,16233.145753011,16233.145753011,17583.145755765,16233.145755256,0.0,1350.0000005089987,0.0,0.07988562947661203,-0.07988562947661203,0.9999999998617027,0.9232219295963366,0.9999999998617027,0.9232219295963366,-0.0767780702653661,0.0,-0.0767780702653661,0.0
phase_117,2026200004,balanced_capacity,0.55,1.0,logistics,False,,0.0,0.0,0.0,0.0,0.0,0.923248279,1.0,-0.07675172100000005,logistics,logistics,True,logistics,16239.182238713,16239.182238713,17589.182243653,16239.182242315,0.0,1350.0000013379977,0.0,0.07985708889684391,-0.07985708889684391,0.9999999997781908,0.9232482791843752,0.9999999997781908,0.9232482791843752,-0.07675172059381552,0.0,-0.07675172059381552,0.0
phase_117,2026200005,balanced_capacity,0.55,1.0,logistics,False,,0.008988081000000037,0.024095820999999962,0.02961182799999995,0.028627266999999956,0.026759955000000057,0.925523086,1.0,-0.074476914,logistics,logistics,True,logistics,16776.422431719,16776.422431719,18126.422432447,16776.422432633,0.0,1349.999999814001,0.0,0.07739620263827572,-0.07739620263827572,0.9999999999455187,0.925523086215212,0.9999999999455187,0.925523086215212,-0.07447691373030674,0.0,-0.07447691373030674,0.0
phase_117,2026200006,balanced_capacity,0.55,1.0,logistics,False,,0.0,0.0,0.0,0.0,0.0,0.924577512,1.0,-0.07542248799999995,logistics,logistics,True,logistics,16549.170896639,16549.170896639,17899.170898338,16549.170898378,0.0,1349.9999999600004,0.0,0.07841838945192653,-0.07841838945192653,0.9999999998949192,0.9245775120330096,0.9999999998949192,0.9245775120330096,-0.07542248786190953,0.0,-0.07542248786190953,0.0
phase_117,2026200007,balanced_capacity,0.55,1.0,logistics,False,,0.008694488999999916,0.023178720999999958,0.028601291999999945,0.02781083299999998,0.025894153000000086,0.922265597,1.0,-0.07773440300000001,logistics,logistics,True,logistics,16016.827921171,16016.827921171,17366.827921785,16016.827922245,0.0,1349.9999995399994,0.0,0.08092203068794533,-0.08092203068794533,0.9999999999329455,0.9222655969936481,0.9999999999329455,0.9222655969936481,-0.07773440293929745,0.0,-0.07773440293929745,0.0
phase_012,2026200007,forcegen_constrained,0.15,1.0,logistics,False,,5.095999999982226e-06,-8.989999999986509e-06,1.46909999999556e-05,0.028122655999999968,-0.029972017999999934,0.878918882,1.0,-0.12108111799999999,logistics,logistics,True,logistics,29439.475722401,38251.915465869,33495.099850067,32104.695473586,-8812.439743468003,1390.4043764810012,-0.261857151198018,0.04239685912541793,-0.3042540103234359,1.0,0.8789188822896465,0.9169834906741975,1.0,-0.12108111771035346,-0.08301650932580251,0.0,-0.038064608384550946
phase_002,2026200001,forcegen_constrained,0.1,0.25,logistics,False,,0.0004416310000000534,0.0017967930000000187,0.03280904799999995,0.004255195000000045,-0.08788779400000002,0.921220734,1.0,-0.07877926599999996,logistics,logistics,True,logistics,35001.826979737,72869.11308506,37995.049055676,37714.749324352,-37867.286105323,280.29973132399755,-0.7332646008655369,0.007404616523039639,-0.7406692173885765,1.0,0.921220734007926,0.9280673372297004,1.0,-0.07877926599207397,-0.07193266277029964,0.0,-0.006846603221774328
phase_117,2026200008,balanced_capacity,0.55,1.0,logistics,False,,0.00781160000000003,0.021814684000000084,0.027140379000000103,0.026058344000000067,0.023822582000000092,0.92316761,1.0,-0.07683238999999997,logistics,logistics,True,logistics,16220.714642151,16220.714642151,17570.714644596,16220.714644228,0.0,1350.000000367998,0.0,0.07994446834580893,-0.07994446834580893,0.9999999998719539,0.9231676098695166,0.9999999998719539,0.9231676098695166,-0.07683239000243725,0.0,-0.07683239000243725,0.0
phase_117,2026200009,balanced_capacity,0.55,1.0,logistics,False,,0.006743061999999966,0.02025787400000001,0.025496155999999992,0.023773964999999952,0.02063073500000001,0.920773599,1.0,-0.079226401,logistics,logistics,True,logistics,15689.774429318,15689.774429318,17039.774435243,15689.774433286,0.0,1350.0000019570016,0.0,0.08254109376719496,-0.08254109376719496,0.9999999997470964,0.9207735987905553,0.9999999997470964,0.9207735987905553,-0.0792264009565411,0.0,-0.0792264009565411,0.0
phase_117,2026200010,balanced_capacity,0.55,1.0,logistics,False,,0.0,0.0,0.0,0.0,0.0,0.914079815,1.0,-0.08592018499999998,logistics,logistics,True,logistics,14362.256740104,14362.256740104,15712.256740106,14362.256740104,0.0,1350.000000002001,0.0,0.08983738598620641,-0.08983738598620641,1.0,0.9140798153739376,1.0,0.9140798153739376,-0.08592018462606243,0.0,-0.08592018462606243,0.0
phase_117,2026200011,balanced_capacity,0.55,1.0,logistics,False,,0.0,0.0,0.0,0.0,0.0,0.91773499,1.0,-0.08226500999999997,logistics,logistics,True,logistics,15060.379126767,15060.379126767,16410.379135436,15060.379132402,0.0,1350.0000030339997,0.0,0.08584661191258089,-0.08584661191258089,0.9999999996258394,0.9177349896960115,0.9999999996258394,0.9177349896960115,-0.08226500992982788,0.0,-0.08226500992982788,0.0
phase_118,2026200000,balanced_capacity,0.55,1.5,logistics,False,,0.008090040999999992,0.024924903999999914,0.03300970599999997,0.03242042300000003,0.030663222000000045,0.890554967,0.999999999,-0.109445032,logistics,logistics,True,logistics,16477.438795006,16477.438795006,18502.438817737,16477.438808206,0.0,2025.0000095309988,0.0,0.11591045110132968,-0.11591045110132968,0.9999999991989047,0.8905549672300621,0.9999999991989047,0.8905549672300621,-0.10944503196884259,0.0,-0.10944503196884259,0.0
phase_118,2026200001,balanced_capacity,0.55,1.5,logistics,False,,0.0,0.0,0.0,0.0,0.0,0.894295121,1.0,-0.10570487900000003,logistics,logistics,True,logistics,17132.110066014,17132.110066014,19157.110066416,17132.110066788,0.0,2024.9999996280021,0.0,0.11171944519575003,-0.11171944519575003,0.9999999999548218,0.8942951210604572,0.9999999999548218,0.8942951210604572,-0.10570487889436464,0.0,-0.10570487889436464,0.0
phase_118,2026200002,balanced_capacity,0.55,1.5,logistics,False,,0.012443544000000029,0.03376628199999998,0.041840595000000036,0.04034114700000002,0.03695626799999996,0.887903251,1.0,-0.112096749,logistics,logistics,True,logistics,16039.752240288,16039.752240288,18064.752241342,16039.752241885,0.0,2024.9999994570007,0.0,0.11889249360893876,-0.11889249360893876,0.9999999999004349,0.8879032508168201,0.9999999999004349,0.8879032508168201,-0.11209674908361478,0.0,-0.11209674908361478,0.0
phase_118,2026200003,balanced_capacity,0.55,1.5,logistics,False,,0.009858371999999949,0.029335154999999946,0.037375881,0.03599515600000003,0.03294053099999994,0.889091256,1.0,-0.11090874399999995,logistics,logistics,True,logistics,16233.25387634,16233.25387634,18258.253883261,16233.253880302,0.0,2025.000002959001,0.0,0.11755539839108363,-0.11755539839108363,0.9999999997559331,0.8890912559400053,0.9999999997559331,0.8890912559400053,-0.11090874381592786,0.0,-0.11090874381592786,0.0
phase_118,2026200004,balanced_capacity,0.55,1.5,logistics,False,,0.0,0.0,0.0,0.0,0.0,0.889207076,1.0,-0.11079292399999996,logistics,logistics,True,logistics,16252.340540284,16252.340540284,18277.340548006,16252.340544692,0.0,2025.0000033139986,0.0,0.11742513927397354,-0.11742513927397354,0.9999999997287775,0.8892070757010149,0.9999999997287775,0.8892070757010149,-0.11079292402776264,0.0,-0.11079292402776264,0.0
phase_118,2026200005,balanced_capacity,0.55,1.5,logistics,False,,0.012471233999999942,0.03437832399999996,0.042682114999999965,0.04139674700000007,0.03839306499999995,0.892324224,1.0,-0.107675776,logistics,logistics,True,logistics,16781.458337925,16781.458337925,18806.458339501,16781.458339352,0.0,2025.0000001490007,0.0,0.11392573290027955,-0.11392573290027955,0.9999999999149656,0.8923242236778468,0.9999999999149656,0.8923242236778468,-0.10767577623711877,0.0,-0.10767577623711877,0.0
phase_012,2026200008,forcegen_constrained,0.15,1.0,logistics,False,,0.0015475839999999907,0.003069965000000008,0.11590968499999998,0.09255501,-0.15944596,0.960995412,1.0,-0.03900458799999995,logistics,logistics,True,logistics,34545.362193539,67519.839948764,35947.478787753,35019.72561748,-32974.477755225,927.7531702730048,-0.670148173284255,0.026147458826357602,-0.6962956321106126,1.0,0.9609954121541426,0.9864543934717688,1.0,-0.039004587845857364,-0.013545606528231224,0.0,-0.02545898131762614
phase_118,2026200006,balanced_capacity,0.55,1.5,logistics,False,,0.0,0.0,0.0,0.0,0.0,0.891250481,1.0,-0.10874951899999996,logistics,logistics,True,logistics,16595.772048476,16595.772048476,18620.772049393,16595.772049951,0.0,2024.9999994419995,0.0,0.11512976730093247,-0.11512976730093247,0.9999999999111219,0.8912504811537602,0.9999999999111219,0.8912504811537602,-0.10874951875736172,0.0,-0.10874951875736172,0.0
phase_118,2026200007,balanced_capacity,0.55,1.5,logistics,False,,0.012464915999999993,0.03366256900000009,0.041787073999999924,0.040593704999999924,0.03771710000000006,0.887802019,1.0,-0.112197981,logistics,logistics,True,logistics,16023.453051404,16023.453051404,18048.453052237,16023.453052882,0.0,2024.999999355001,0.0,0.11900651284337133,-0.11900651284337133,0.9999999999077602,0.8878020185457383,0.9999999999077602,0.8878020185457383,-0.11219798136202197,0.0,-0.11219798136202197,0.0
phase_118,2026200008,balanced_capacity,0.55,1.5,logistics,False,,0.011107909000000027,0.03151589600000004,0.039492961000000104,0.03786907399999995,0.03442311399999998,0.889015925,1.0,-0.11098407499999996,logistics,logistics,True,logistics,16220.860922781,16220.860922781,18245.860926422,16220.860925409,0.0,2025.0000010129988,0.0,0.11764013045957,-0.11764013045957,0.9999999998379864,0.8890159246632984,0.9999999998379864,0.8890159246632984,-0.110984075174688,0.0,-0.110984075174688,0.0
phase_118,2026200009,balanced_capacity,0.55,1.5,logistics,False,,0.022238336000000025,0.089137087,0.18987969100000002,0.602728929,0.0,0.885876208,1.0,-0.114123792,logistics,logistics,True,logistics,15718.889981557,15718.889981557,17743.889986608,15718.889984655,0.0,2025.0000019529998,0.0,0.12117805771065575,-0.12117805771065575,0.9999999998029123,0.8858762082846915,0.9999999998029123,0.8858762082846915,-0.11412379151822083,0.0,-0.11412379151822083,0.0
phase_118,2026200010,balanced_capacity,0.55,1.5,logistics,False,,0.0,0.0,0.0,0.0,0.0,0.876357911,1.0,-0.12364208899999996,logistics,logistics,True,logistics,14352.91802374,14352.91802374,16377.918023739,14352.91802374,0.0,2024.9999999989996,0.0,0.13198069743298493,-0.13198069743298493,1.0,0.8763579108734175,1.0,0.8763579108734175,-0.12364208912658248,0.0,-0.12364208912658248,0.0
phase_118,2026200011,balanced_capacity,0.55,1.5,logistics,False,,0.0,0.0,0.0,0.0,0.0,0.887579916,1.0,-0.11242008400000003,logistics,logistics,True,logistics,15987.795814003,15987.795814003,18012.795828432,15987.795821054,0.0,2025.000007378001,0.0,0.11925671469311781,-0.11925671469311781,0.9999999995589761,0.88757991631523,0.9999999995589761,0.88757991631523,-0.11242008324374608,0.0,-0.11242008324374608,0.0
phase_119,2026200000,balanced_capacity,0.55,2.0,logistics,False,,0.012600343999999986,0.03715084700000004,0.04730248600000009,0.04460447599999995,0.039022582999999944,0.859234213,1.0,-0.14076578699999998,logistics,logistics,True,logistics,16480.797119055,16480.797119055,19180.79713055,16480.797125561,0.0,2700.0000049890004,0.0,0.15171373651897188,-0.15171373651897188,0.9999999996052377,0.8592342125763583,0.9999999996052377,0.8592342125763583,-0.14076578702887932,0.0,-0.14076578702887932,0.0
phase_119,2026200001,balanced_capacity,0.55,2.0,logistics,False,,0.012578823000000017,0.03804611999999996,0.04849735299999991,0.04575094099999999,0.04013709099999996,0.866674485,1.0,-0.133325515,logistics,logistics,True,logistics,17551.187497716,17551.187497716,20251.187508066,17551.187502543,0.0,2700.0000055229975,0.0,0.14309182262144468,-0.14309182262144468,0.9999999997249758,0.8666744846802393,0.9999999997249758,0.8666744846802393,-0.13332551504473644,0.0,-0.13332551504473644,0.0
phase_119,2026200002,balanced_capacity,0.55,2.0,logistics,False,,0.015955042999999947,0.04381559099999999,0.054558242999999895,0.05240935999999996,0.047976260999999965,0.855783935,1.0,-0.14421606499999995,logistics,logistics,True,logistics,16021.908740957,16021.908740957,18721.908742329,16021.908742855,0.0,2699.999999474001,0.0,0.15573734654606589,-0.15573734654606589,0.9999999998815373,0.855783935359781,0.9999999998815373,0.855783935359781,-0.14421606452175628,0.0,-0.14421606452175628,0.0
phase_119,2026200003,balanced_capacity,0.55,2.0,logistics,False,,0.013280210000000015,0.03910230800000003,0.049848283999999965,0.048016094999999925,0.04387928399999996,0.857394013,1.0,-0.14260598700000005,logistics,logistics,True,logistics,16233.286457252,16233.286457252,18933.286464655,16233.286461094,0.0,2700.000003561001,0.0,0.15385770758824394,-0.15385770758824394,0.9999999997633258,0.8573940127909959,0.9999999997633258,0.8573940127909959,-0.14260598697232985,0.0,-0.14260598697232985,0.0
phase_012,2026200009,forcegen_constrained,0.15,1.0,logistics,False,,0.001723771000000096,0.0037892019999999915,0.006318597000000037,0.02704902500000006,0.005088263000000093,0.762792837,0.799808505,-0.037015668,logistics,logistics,True,logistics,28284.505192934,28257.187125161,37080.192464864,35329.940768823,27.31806777300153,1750.2516960409994,0.00096629827579137,0.04835214635707555,-0.047385848081284175,0.7998085054842954,0.762792836626603,0.800581732587951,0.7620561072312827,-0.03701566885769236,0.0007732271036555716,-0.03775239825301269,-3.6497708335248014e-05
phase_119,2026200004,balanced_capacity,0.55,2.0,logistics,False,,0.0,0.0,0.0,0.0,0.0,0.85759808,1.0,-0.14240191999999996,logistics,logistics,True,logistics,16260.418606977,16260.418606977,18960.418615038,16260.418611201,0.0,2700.0000038370017,0.0,0.15361972680077512,-0.15361972680077512,0.9999999997402281,0.8575980803546415,0.9999999997402281,0.8575980803546415,-0.14240191938558666,0.0,-0.14240191938558666,0.0
phase_119,2026200005,balanced_capacity,0.55,2.0,logistics,False,,0.0,0.0,0.0,0.0,0.0,0.861312205,1.0,-0.13868779499999995,logistics,logistics,True,logistics,16768.187692699,16768.187692699,19468.187715543,16768.187700599,0.0,2700.000014944002,0.0,0.14929823213348029,-0.14929823213348029,0.9999999995288699,0.8613122052090973,0.9999999995288699,0.8613122052090973,-0.13868779431977252,0.0,-0.13868779431977252,0.0
phase_119,2026200006,balanced_capacity,0.55,2.0,logistics,False,,0.015151880000000006,0.04256812099999996,0.053251569000000054,0.051017195000000015,0.046366145000000025,0.859941001,1.0,-0.14005899899999996,logistics,logistics,True,logistics,16577.590379172,16577.590379172,19277.590382147,16577.590381566,0.0,2700.0000005809998,0.0,0.15089149488411116,-0.15089149488411116,0.9999999998555883,0.8599410014710411,0.9999999998555883,0.8599410014710411,-0.14005899838454716,0.0,-0.14005899838454716,0.0
phase_119,2026200007,balanced_capacity,0.55,2.0,logistics,False,,0.016005649999999982,0.04378593899999994,0.054543726999999986,0.052483403999999956,0.04781813899999998,0.856142939,1.0,-0.14385706099999995,logistics,logistics,True,logistics,16068.630394244,16068.630394244,18768.630395356,16068.630396263,0.0,2699.9999990929973,0.0,0.15531793143387615,-0.15531793143387615,0.9999999998743515,0.8561429393494759,0.9999999998743515,0.8561429393494759,-0.14385706052487557,0.0,-0.14385706052487557,0.0
phase_119,2026200008,balanced_capacity,0.55,2.0,logistics,False,,0.014593397000000063,0.04120365300000006,0.05203674399999991,0.05079912899999994,0.04760894299999996,0.849650225,1.0,-0.15034977500000002,logistics,logistics,True,logistics,15258.124632883,15258.124632883,17958.124636446,15258.124635477,0.0,2700.0000009689993,0.0,0.16293051434818812,-0.16293051434818812,0.9999999998299923,0.8496502247187131,0.9999999998299923,0.8496502247187131,-0.15034977511127923,0.0,-0.15034977511127923,0.0
phase_119,2026200009,balanced_capacity,0.55,2.0,logistics,False,,0.0,0.0,0.0,0.0,0.0,0.826017107,1.0,-0.17398289300000003,logistics,logistics,True,logistics,12818.767163954,12818.767163954,15518.767163955,12818.767163954,0.0,2700.0000000010004,0.0,0.19113979447756538,-0.19113979447756538,1.0,0.8260171074496038,1.0,0.8260171074496038,-0.17398289255039623,0.0,-0.17398289255039623,0.0
phase_119,2026200010,balanced_capacity,0.55,2.0,logistics,False,,0.0,0.0,0.0,0.0,0.0,0.841668804,1.0,-0.158331196,logistics,logistics,True,logistics,14352.86175141,14352.86175141,17052.86175141,14352.86175141,0.0,2700.0,0.0,0.1723686867942282,-0.1723686867942282,1.0,0.8416688037843998,1.0,0.8416688037843998,-0.1583311962156002,0.0,-0.1583311962156002,0.0
phase_119,2026200011,balanced_capacity,0.55,2.0,logistics,False,,0.01692046799999991,0.04618233900000002,0.05653808100000002,0.05266089900000004,0.04581136699999999,0.853886619,1.0,-0.14611338100000004,logistics,logistics,True,logistics,15778.800401188,15778.800401188,18478.800402053,15778.800402891,0.0,2699.999999161999,0.0,0.15795685836533077,-0.15795685836533077,0.9999999998920704,0.8538866191462825,0.9999999998920704,0.8538866191462825,-0.14611338074578795,0.0,-0.14611338074578795,0.0
phase_012,2026200010,forcegen_constrained,0.15,1.0,logistics,False,,5.014000000080898e-06,0.006377528999999993,0.007888056000000088,0.004574177999999929,0.04513194300000001,0.779291107,0.813070233,-0.03377912599999999,logistics,logistics,True,logistics,30465.335220544,30465.335220544,39093.651822743,37469.500173581,0.0,1624.1516491619986,0.0,0.04243282299469663,-0.04243282299469663,0.8130702325734385,0.7792911073818021,0.8130702325734385,0.7792911073818021,-0.033779125191636394,0.0,-0.033779125191636394,0.0
phase_012,2026200011,forcegen_constrained,0.15,1.0,logistics,False,,0.0030866150000000703,0.0061263630000000235,0.005054910999999995,-0.001151032999999968,-0.006835044000000012,1.0,1.0,0.0,logistics,logistics,True,logistics,66304.588644944,66631.401443048,35451.22402228,33817.403258875,-326.81279810400156,1633.820763405005,-0.00491685443936576,0.047182221219290145,-0.0520990756586559,1.0,1.0,1.0,1.0,0.0,0.0,0.0,0.0
phase_121,2026200000,balanced_capacity,0.7,0.25,logistics,False,,1.2399999993473187e-07,-0.01816437400000004,0.0030500430000000023,0.0010507630000000656,9.417200000005899e-05,0.993722669,1.0,-0.006277331000000053,logistics,logistics,True,logistics,21688.699230296,21688.699230296,21825.706420147,21504.756746933,0.0,320.94967321399963,0.0,0.01481431397092681,-0.01481431397092681,1.0,0.9937226687093834,1.0,0.9937226687093834,-0.0062773312906165835,0.0,-0.0062773312906165835,0.0
phase_121,2026200001,balanced_capacity,0.7,0.25,logistics,False,,0.00021177500000002514,0.0017092109999999883,0.0027212419999999016,0.0031853569999999998,0.002237064000000011,0.98508014,0.999999965,-0.014919824999999998,logistics,logistics,True,logistics,22283.401096759,22283.401096759,22620.901786398,22283.401873666,0.0,337.49991273200067,0.0,0.015032245934517722,-0.015032245934517722,0.9999999651351709,0.985080139915468,0.9999999651351709,0.985080139915468,-0.01491982521970292,0.0,-0.01491982521970292,0.0
phase_121,2026200002,balanced_capacity,0.7,0.25,logistics,False,,0.0012618680000000548,0.0035492520000000027,0.004597049999999991,0.0042554679999999845,0.0033817100000000933,0.983446506,0.999999999,-0.016553492999999975,logistics,logistics,True,logistics,20050.945909339,20050.945909339,20388.445922718,20050.945933074,0.0,337.4999896440022,0.0,0.01669203271452264,-0.01669203271452264,0.9999999988162653,0.9834465061899132,0.9999999988162653,0.9834465061899132,-0.016553492626352084,0.0,-0.016553492626352084,0.0
phase_121,2026200003,balanced_capacity,0.7,0.25,logistics,False,,7.299999993382045e-08,0.0013626589999999883,0.0,0.0,0.0,0.980011234,1.0,-0.01998876599999999,logistics,logistics,True,logistics,16546.983598948,16546.983598948,16884.483598948,16546.983598948,0.0,337.5,0.0,0.02019124462010962,-0.02019124462010962,1.0,0.9800112335078446,1.0,0.9800112335078446,-0.01998876649215542,0.0,-0.01998876649215542,0.0
phase_121,2026200004,balanced_capacity,0.7,0.25,logistics,False,,0.0,0.0,0.0,0.0,0.0,0.983416597,0.999999995,-0.016583398000000082,logistics,logistics,True,logistics,20014.178952138,20014.178952138,20351.679047185,20014.179056202,0.0,337.4999909830003,0.0,0.016722441770386506,-0.016722441770386506,0.9999999948004863,0.9834165970156806,0.9999999948004863,0.9834165970156806,-0.016583397784805665,0.0,-0.016583397784805665,0.0
phase_121,2026200005,balanced_capacity,0.7,0.25,logistics,False,,0.0011657430000000524,0.0033211939999999718,0.004357238999999957,0.004055956000000083,0.003304061000000025,0.984638934,0.999999997,-0.015361062999999953,logistics,logistics,True,logistics,21633.634707943,21633.634707943,21971.134755389,21633.634762877,0.0,337.49999251199915,0.0,0.01548026677131474,-0.01548026677131474,0.9999999974607133,0.9846389341650541,0.9999999974607133,0.9846389341650541,-0.015361063295659227,0.0,-0.015361063295659227,0.0
phase_121,2026200006,balanced_capacity,0.7,0.25,logistics,False,,0.0,0.0,0.0,0.0,0.0,0.979382527,1.0,-0.020617473000000053,logistics,logistics,True,logistics,16032.110558623,16032.110558623,16369.610558623,16032.110558623,0.0,337.5,0.0,0.020832980156071785,-0.020832980156071785,1.0,0.9793825272268182,1.0,0.9793825272268182,-0.020617472773181822,0.0,-0.020617472773181822,0.0
phase_121,2026200007,balanced_capacity,0.7,0.25,logistics,False,,0.0012420800000000343,0.003482658999999999,0.004521747999999937,0.004121335000000004,0.0031806450000000375,0.982972962,0.999999999,-0.017027037000000078,logistics,logistics,True,logistics,19483.916643675,19483.916643675,19821.416655198,19483.916667433,0.0,337.4999877650007,0.0,0.017173663430986537,-0.017173663430986537,0.9999999987806352,0.9829729621553313,0.9999999987806352,0.9829729621553313,-0.017027036625303915,0.0,-0.017027036625303915,0.0
phase_121,2026200008,balanced_capacity,0.7,0.25,logistics,False,,0.0011820080000000122,0.003340830999999933,0.004252032999999988,0.0037186179999999514,0.0025991210000000375,0.984434987,0.999999998,-0.015565010999999962,logistics,logistics,True,logistics,21345.748092592,21345.748092592,21683.248130299,21345.748139353,0.0,337.4999909460021,0.0,0.015687417397610162,-0.015687417397610162,0.9999999978093529,0.9844349870610299,0.9999999978093529,0.9844349870610299,-0.01556501074832295,0.0,-0.01556501074832295,0.0
phase_121,2026200009,balanced_capacity,0.7,0.25,logistics,False,,0.00021263999999998617,0.0011862699999999338,0.0019985600000000936,0.0034317719999999996,0.00254959499999996,0.983099404,0.999999922,-0.01690051800000003,logistics,logistics,True,logistics,19632.290355246,19632.290355246,19969.791738834,19632.291889047,0.0,337.49984978700013,0.0,0.01704496278997356,-0.01704496278997356,0.9999999218735639,0.9830994039396175,0.9999999218735639,0.9830994039396175,-0.016900517933946424,0.0,-0.016900517933946424,0.0
phase_013,2026200000,forcegen_constrained,0.15,1.5,logistics,False,,0.006281887999999958,0.018788185000000013,0.03235034700000006,0.029871446000000024,0.024126980999999992,0.945908261,0.999999994,-0.05409173299999992,logistics,logistics,True,logistics,35411.405167518,35411.405167518,37436.405432428,35411.405384936,0.0,2025.0000474920016,0.0,0.055609683986903115,-0.055609683986903115,0.9999999938602269,0.9459082611826852,0.9999999938602269,0.9459082611826852,-0.05409173267754164,0.0,-0.05409173267754164,0.0
phase_121,2026200010,balanced_capacity,0.7,0.25,logistics,False,,0.0,0.0,0.0,0.0,0.0,0.981896404,1.0,-0.018103596,logistics,logistics,True,logistics,18305.204948315,18305.204948315,18642.704948315,18305.204948315,0.0,337.5,0.0,0.018269471170298198,-0.018269471170298198,1.0,0.9818964039319571,1.0,0.9818964039319571,-0.018103596068042904,0.0,-0.018103596068042904,0.0
phase_121,2026200011,balanced_capacity,0.7,0.25,logistics,False,,0.0012551910000000444,0.0035276560000000456,0.00458363500000003,0.004273594000000047,0.0035312539999999837,0.983826545,0.999999999,-0.01617345400000003,logistics,logistics,True,logistics,20530.026832033,20530.026832033,20867.52684341,20530.02685443,0.0,337.4999889799983,0.0,0.01630567202800306,-0.01630567202800306,0.9999999989090612,0.9838265447597312,0.9999999989090612,0.9838265447597312,-0.016173454149330024,0.0,-0.016173454149330024,0.0
phase_122,2026200000,balanced_capacity,0.7,0.5,logistics,True,7.0,1.7299999999220717e-07,0.0014916320000000205,0.0,0.0,0.0,0.960611748,1.0,-0.03938825199999996,logistics,logistics,True,logistics,16462.089425877,16462.089425877,17137.089425877,16462.089425877,0.0,675.0,0.0,0.040184960161025095,-0.040184960161025095,1.0,0.9606117478163619,1.0,0.9606117478163619,-0.03938825218363806,0.0,-0.03938825218363806,0.0
phase_122,2026200001,balanced_capacity,0.7,0.5,logistics,False,,0.00044551699999995087,0.002616481000000004,0.005679744000000042,0.006864357999999959,0.004953627000000016,0.970599539,0.999999955,-0.029400416000000096,logistics,logistics,True,logistics,22283.850262784,22283.850262784,22958.851062682,22283.851264643,0.0,674.9997980389999,0.0,0.029841271774888198,-0.029841271774888198,0.99999995504103,0.9705995392341228,0.99999995504103,0.9705995392341228,-0.02940041580690722,0.0,-0.02940041580690722,0.0
phase_122,2026200002,balanced_capacity,0.7,0.5,logistics,False,,0.002498302000000008,0.0070442559999999155,0.009155857999999961,0.008442720999999986,0.006712347999999979,0.967433541,0.999999998,-0.03256645699999994,logistics,logistics,True,logistics,20051.846661166,20051.846661166,20726.846672184,20051.846693621,0.0,674.9999785630025,0.0,0.03310854672421249,-0.03310854672421249,0.9999999983814459,0.9674335405817486,0.9999999983814459,0.9674335405817486,-0.03256645779969736,0.0,-0.03256645779969736,0.0
phase_122,2026200003,balanced_capacity,0.7,0.5,logistics,False,,0.0004376430000000431,0.00766716700000003,0.0,0.0,0.0,0.960806002,1.0,-0.03919399800000001,logistics,logistics,True,logistics,16547.024511439,16547.024511439,17222.024511442,16547.024511439,0.0,675.0000000029977,0.0,0.039982761705500816,-0.039982761705500816,1.0,0.9608060016663813,1.0,0.9608060016663813,-0.039193998333618696,0.0,-0.039193998333618696,0.0
phase_122,2026200004,balanced_capacity,0.7,0.5,logistics,False,,0.0005402110000000127,0.0053862800000000766,0.0,0.0,0.0,0.957683344,1.0,-0.04231665600000001,logistics,logistics,True,logistics,15276.166080971,15276.166080971,15951.166080968,15276.166080971,0.0,674.9999999970005,0.0,0.04323809375945208,-0.04323809375945208,1.0,0.957683344492139,1.0,0.957683344492139,-0.04231665550786101,0.0,-0.04231665550786101,0.0
phase_122,2026200005,balanced_capacity,0.7,0.5,logistics,False,,0.002450146000000042,0.006867527999999901,0.00850969800000001,0.006879146999999919,0.004090670999999935,0.96973507,0.999999998,-0.030264927999999913,logistics,logistics,True,logistics,21628.042599953,21628.042599953,22303.042627388,21628.042645357,0.0,674.9999820310004,0.0,0.030732366565028816,-0.030732366565028816,0.9999999979006885,0.9697350698417219,0.9999999979006885,0.9697350698417219,-0.030264928058966634,0.0,-0.030264928058966634,0.0
phase_122,2026200006,balanced_capacity,0.7,0.5,logistics,False,,0.0,0.0,0.0,0.0,0.0,0.95959596,1.0,-0.040404039999999974,logistics,logistics,True,logistics,16031.250114755,16031.250114755,16706.250114755,16031.250114755,0.0,675.0,0.0,0.04124295824482868,-0.04124295824482868,1.0,0.9595959598734944,1.0,0.9595959598734944,-0.04040404012650556,0.0,-0.04040404012650556,0.0
phase_122,2026200007,balanced_capacity,0.7,0.5,logistics,False,,0.00239790300000009,0.006751178999999996,0.008596098999999913,0.007529944999999927,0.005310075999999997,0.967934373,0.999999998,-0.032065624999999986,logistics,logistics,True,logistics,20375.579378595,20375.579378595,21050.579400081,20375.579421723,0.0,674.9999783579988,0.0,0.03259098809549853,-0.03259098809549853,0.9999999978833486,0.9679343732703434,0.9999999978833486,0.9679343732703434,-0.03206562461300522,0.0,-0.03206562461300522,0.0
phase_013,2026200001,forcegen_constrained,0.15,1.5,logistics,False,,0.003113720999999958,0.009374788999999994,-0.005890857000000027,0.23246259600000002,0.314960527,0.704547714,0.999999126,-0.2954514119999999,logistics,logistics,True,logistics,28305.871414656,32124.167639547,40175.946709511,32124.195716327,-3818.296224890997,8051.7509931839995,-0.12653937921398906,0.22365896915406433,-0.3501983483680534,0.9999991259927485,0.7045477140668112,0.8811386801590693,0.7995870731265712,-0.2954514119259374,-0.11886044583367927,-0.20041205286617736,0.023821086773919253
phase_122,2026200008,balanced_capacity,0.7,0.5,logistics,False,,0.0025286230000000076,0.00710011899999996,0.009090738999999903,0.008090240000000026,0.005938336000000044,0.968450163,0.999999998,-0.03154983499999997,logistics,logistics,True,logistics,20719.723011268,20719.723011268,21394.723026279,20719.723045825,0.0,674.9999804539984,0.0,0.032058253275326964,-0.032058253275326964,0.9999999983321688,0.9684501634266589,0.9999999983321688,0.9684501634266589,-0.03154983490550989,0.0,-0.03154983490550989,0.0
phase_122,2026200009,balanced_capacity,0.7,0.5,logistics,False,,0.0,0.0,0.0,0.0,0.0,0.960104406,1.0,-0.03989559399999998,logistics,logistics,True,logistics,16244.161736911,16244.161736911,16919.161736918,16244.161736915,0.0,675.0000000029977,0.0,0.04071324372371944,-0.04071324372371944,0.9999999999997538,0.9601044064414768,0.9999999999997538,0.9601044064414768,-0.03989559355827699,0.0,-0.03989559355827699,0.0
phase_122,2026200010,balanced_capacity,0.7,0.5,logistics,False,,0.0,0.0,0.0,0.0,0.0,0.964431105,1.0,-0.035568895000000045,logistics,logistics,True,logistics,18302.255163353,18302.255163353,18977.255163354,18302.255163353,0.0,675.0000000010004,0.0,0.03621688018337904,-0.03621688018337904,1.0,0.964431104804637,1.0,0.964431104804637,-0.03556889519536299,0.0,-0.03556889519536299,0.0
phase_122,2026200011,balanced_capacity,0.7,0.5,logistics,False,,0.002461794999999989,0.006934822000000063,0.009062586000000095,0.008467412000000007,0.00693185900000004,0.968143406,0.999999998,-0.031856591999999906,logistics,logistics,True,logistics,20513.706175769,20513.706175769,21188.706189427,20513.70621106,0.0,674.9999783669991,0.0,0.032375054419425967,-0.032375054419425967,0.9999999982796379,0.9681434058491584,0.9999999982796379,0.9681434058491584,-0.03185659243047956,0.0,-0.03185659243047956,0.0
phase_123,2026200000,balanced_capacity,0.7,0.75,logistics,False,,3.250000000232234e-07,0.0019884530000000566,0.0,0.0,0.0,0.942058868,1.0,-0.05794113199999995,logistics,logistics,True,logistics,16462.132733757,16462.132733757,17474.632733757,16462.132733757,0.0,1012.5,0.0,0.05968751367526296,-0.05968751367526296,1.0,0.9420588681074779,1.0,0.9420588681074779,-0.057941131892522146,0.0,-0.057941131892522146,0.0
phase_123,2026200001,balanced_capacity,0.7,0.75,logistics,False,,0.0,0.0,0.0,0.0,0.0,0.943215822,1.0,-0.05678417800000002,logistics,logistics,True,logistics,16818.170918137,16818.170918137,17830.670918137,16818.170918137,0.0,1012.5,0.0,0.05846015560930036,-0.05846015560930036,1.0,0.9432158215106698,1.0,0.9432158215106698,-0.05678417848933015,0.0,-0.05678417848933015,0.0
phase_123,2026200002,balanced_capacity,0.7,0.75,logistics,False,,0.003802662999999984,0.010710536999999909,0.013778906999999951,0.012366556000000029,0.009246582000000059,0.951936675,0.999999998,-0.048063322999999936,logistics,logistics,True,logistics,20053.458631972,20053.458631972,21065.958639435,20053.458672984,0.0,1012.4999664509996,0.0,0.049256761763363424,-0.049256761763363424,0.9999999979548665,0.951936675430112,0.9999999979548665,0.951936675430112,-0.04806332252475454,0.0,-0.04806332252475454,0.0
phase_123,2026200003,balanced_capacity,0.7,0.75,logistics,False,,0.0010342429999999903,0.016159742000000032,0.0,0.0,0.0,0.942339117,1.0,-0.05766088300000005,logistics,logistics,True,logistics,16547.064467363,16547.064467363,17559.564467363,16547.064467363,0.0,1012.5,0.0,0.05939007284012552,-0.05939007284012552,1.0,0.9423391165605571,1.0,0.9423391165605571,-0.05766088343944287,0.0,-0.05766088343944287,0.0
phase_123,2026200004,balanced_capacity,0.7,0.75,logistics,False,,0.0009981980000000057,0.005546470000000081,0.014127408000000008,0.046437143000000014,0.10497722099999995,0.949215595,0.999999982,-0.050784386999999986,logistics,logistics,True,logistics,19829.222825268,19829.222825268,20890.114888664,19829.223191991,0.0,1060.8916966729994,0.0,0.05211930685977021,-0.05211930685977021,0.9999999815059321,0.9492155945982043,0.9999999815059321,0.9492155945982043,-0.050784386907727797,0.0,-0.050784386907727797,0.0
phase_123,2026200005,balanced_capacity,0.7,0.75,logistics,False,,0.003935703000000013,0.011058581999999983,0.013524954000000089,0.010812581000000043,0.006164315000000031,0.954997076,0.999999998,-0.045002922,logistics,logistics,True,logistics,21486.038428129,21486.038428129,22498.538449544,21486.038470239,0.0,1012.499979305001,0.0,0.046046998580397715,-0.046046998580397715,0.9999999980401226,0.9549970757573578,0.9999999980401226,0.9549970757573578,-0.04500292228276481,0.0,-0.04500292228276481,0.0
phase_013,2026200002,forcegen_constrained,0.15,1.5,logistics,False,,0.0033608039999999395,0.014113193999999996,0.018197347999999947,0.009096219999999988,0.004191389999999906,0.758624884,0.803113071,-0.0444881869999999,logistics,logistics,True,logistics,28844.762895221,28844.762895221,38022.431770238,35916.191562578,0.0,2106.2402076599974,0.0,0.05698808303303934,-0.05698808303303934,0.8031130707431435,0.7586248841085224,0.8031130707431435,0.7586248841085224,-0.044488186634621174,0.0,-0.044488186634621174,0.0
phase_123,2026200006,balanced_capacity,0.7,0.75,logistics,False,,0.0,0.0,0.0,0.0,0.0,0.954082235,0.999999997,-0.04591776199999997,logistics,logistics,True,logistics,21037.789595021,21037.789595021,22050.289620472,21037.789652028,0.0,1012.4999684439972,0.0,0.047005408732393374,-0.047005408732393374,0.9999999972902571,0.9540822346155957,0.9999999972902571,0.9540822346155957,-0.04591776267466141,0.0,-0.04591776267466141,0.0
phase_123,2026200007,balanced_capacity,0.7,0.75,logistics,False,,0.0035218240000000067,0.00999656300000007,0.013151495999999985,0.012346232000000068,0.010239387999999905,0.952642687,0.999999998,-0.04735731099999996,logistics,logistics,True,logistics,20367.514047707,20367.514047707,21380.014064616,20367.514098485,0.0,1012.4999661309994,0.0,0.048515378029129544,-0.048515378029129544,0.9999999975069123,0.9526426870511423,0.9999999975069123,0.9526426870511423,-0.04735731045576996,0.0,-0.04735731045576996,0.0
phase_123,2026200008,balanced_capacity,0.7,0.75,logistics,False,,0.003619230999999945,0.010222527000000037,0.013083131999999997,0.011654304999999976,0.008413924999999933,0.95341107,0.999999998,-0.04658892799999992,logistics,logistics,True,logistics,20720.13097379,20720.13097379,21732.630997173,20720.131024874,0.0,1012.4999722989996,0.0,0.04770912269573129,-0.04770912269573129,0.9999999975345716,0.9534110700395775,0.9999999975345716,0.9534110700395775,-0.0465889274949941,0.0,-0.0465889274949941,0.0
phase_123,2026200009,balanced_capacity,0.7,0.75,logistics,False,,0.0005141730000000067,-0.010309485999999923,0.016278183999999918,0.011796597999999991,0.007989420000000025,0.951752612,0.999999892,-0.04824727999999989,logistics,logistics,True,logistics,19973.096134785,19973.096134785,20985.596346162,19973.098289496,0.0,1012.4980566660015,0.0,0.04945003152720987,-0.04945003152720987,0.9999998921193413,0.9517526119022024,0.9999998921193413,0.9517526119022024,-0.048247280217138866,0.0,-0.048247280217138866,0.0
phase_123,2026200010,balanced_capacity,0.7,0.75,logistics,False,,0.0,0.0,0.0,0.0,0.0,0.947579168,1.0,-0.05242083200000003,logistics,logistics,True,logistics,18302.340262859,18302.340262859,19314.840262856,18302.340262859,0.0,1012.4999999969987,0.0,0.053844791088281246,-0.053844791088281246,1.0,0.9475791678202942,1.0,0.9475791678202942,-0.052420832179705834,0.0,-0.052420832179705834,0.0
phase_123,2026200011,balanced_capacity,0.7,0.75,logistics,False,,0.003965723000000088,0.011124916000000096,0.01390287999999995,0.011577408000000067,0.007263715999999976,0.953045225,0.999999998,-0.04695477299999995,logistics,logistics,True,logistics,20550.802257657,20550.802257657,21563.302263797,20550.802299452,0.0,1012.4999643449992,0.0,0.048092919020384345,-0.048092919020384345,0.9999999979662595,0.9530452249959923,0.9999999979662595,0.9530452249959923,-0.04695477297026718,0.0,-0.04695477297026718,0.0
phase_124,2026200000,balanced_capacity,0.7,1.0,logistics,False,,3.0699999997718663e-07,0.003799111000000077,0.0,0.0,0.0,0.924207247,1.0,-0.07579275299999999,logistics,logistics,True,logistics,16461.729277087,16461.729277087,17811.729277087,16461.729277087,0.0,1350.0,0.0,0.0788189393461135,-0.0788189393461135,1.0,0.9242072468653204,1.0,0.9242072468653204,-0.07579275313467959,0.0,-0.07579275313467959,0.0
phase_124,2026200001,balanced_capacity,0.7,1.0,logistics,False,,0.0,0.0,0.0,0.0,0.0,0.926567075,1.0,-0.07343292499999998,logistics,logistics,True,logistics,17034.123928278,17034.123928278,18384.123928278,17034.123928278,0.0,1350.0,0.0,0.07626884013756621,-0.07626884013756621,1.0,0.9265670746527408,1.0,0.9265670746527408,-0.0734329253472592,0.0,-0.0734329253472592,0.0
phase_124,2026200002,balanced_capacity,0.7,1.0,logistics,False,,0.004994303000000033,0.014115112999999901,0.01819643500000001,0.01633220499999999,0.012171484999999982,0.936927339,0.999999997,-0.06307265799999995,logistics,logistics,True,logistics,20053.885299026,20053.885299026,21403.885304804,20053.885350552,0.0,1349.9999542520018,0.0,0.06514954379871837,-0.06514954379871837,0.9999999974306226,0.9369273388194151,0.9999999974306226,0.9369273388194151,-0.06307265861120748,0.0,-0.06307265861120748,0.0
phase_124,2026200003,balanced_capacity,0.7,1.0,logistics,False,,0.0011901250000000418,0.02095231799999997,0.0,0.0,0.0,0.924568995,1.0,-0.075431005,logistics,logistics,True,logistics,16547.149818525,16547.149818525,17897.149818527,16547.149818525,0.0,1350.000000002001,0.0,0.07842760156453066,-0.07842760156453066,1.0,0.9245689948572431,1.0,0.9245689948572431,-0.07543100514275691,0.0,-0.07543100514275691,0.0
phase_013,2026200003,forcegen_constrained,0.15,1.5,logistics,False,,7.3800000000012744e-06,0.006131799000000049,0.01982490800000003,0.03341201500000002,0.07182403199999998,0.997460982,1.0,-0.002539018000000004,logistics,logistics,True,logistics,41235.097761028,40523.783777827,41340.060940003,39562.987097997,711.3139832010056,1777.0738420060006,0.01740072558896143,0.0439380164274164,-0.026537290838454967,1.0,0.99746098151313,1.0,0.9802545728376968,-0.0025390184868699928,0.0,-0.01974542716230321,0.017206408675433216
phase_124,2026200004,balanced_capacity,0.7,1.0,logistics,False,,0.002139981000000013,0.527919637,0.900772988,0.742473404,0.579949999,0.936191318,1.0,-0.063808682,logistics,logistics,True,logistics,19807.023802753,15262.173388326,21157.025736555,15262.173388326,4544.850414426999,5894.852348228998,0.2606591727192239,0.32659459686665554,-0.06593542414743164,1.0,0.9361913176921899,1.0,0.7213761318991118,-0.06380868230781012,0.0,-0.27862386810088824,0.21481518579307812
phase_124,2026200005,balanced_capacity,0.7,1.0,logistics,False,,0.004711393000000008,0.013349466000000088,0.016365556000000003,0.013169226000000034,0.007135328000000052,0.940952456,0.999999997,-0.05904754099999998,logistics,logistics,True,logistics,21512.933035028,21512.933035028,22862.933072933,21512.933100489,0.0,1349.9999724439986,0.0,0.06086266219989897,-0.06086266219989897,0.9999999969571327,0.9409524563800067,0.9999999969571327,0.9409524563800067,-0.05904754057712602,0.0,-0.05904754057712602,0.0
phase_124,2026200006,balanced_capacity,0.7,1.0,logistics,False,,0.0,0.0,0.0,0.0,0.0,0.938730816,0.999999997,-0.061269181000000006,logistics,logistics,True,logistics,20683.915463527,20683.915463527,22033.915481141,20683.915515407,0.0,1349.9999657340013,0.0,0.06322650908511404,-0.06322650908511404,0.9999999974917708,0.9387308161924521,0.9999999974917708,0.9387308161924521,-0.06126918129931869,0.0,-0.06126918129931869,0.0
phase_124,2026200007,balanced_capacity,0.7,1.0,logistics,False,,0.004653214999999933,0.013225990999999993,0.017407228000000052,0.01628974900000002,0.013482886999999999,0.937846711,0.999999997,-0.06215328599999992,logistics,logistics,True,logistics,20370.491879648,20370.491879648,21720.491890634,20370.491938373,0.0,1349.9999522609978,0.0,0.06416876161958683,-0.06416876161958683,0.9999999971171536,0.937846710940827,0.9999999971171536,0.937846710940827,-0.06215328617632654,0.0,-0.06215328617632654,0.0
phase_124,2026200008,balanced_capacity,0.7,1.0,logistics,False,,0.0045978639999999515,0.013048553000000074,0.016952514000000085,0.01537069499999999,0.011716292000000017,0.938061944,0.999999997,-0.06193805299999999,logistics,logistics,True,logistics,20445.970075905,20445.970075905,21795.970093187,20445.970138617,0.0,1349.9999545699975,0.0,0.06393929076223283,-0.06393929076223283,0.999999996932794,0.9380619439506396,0.999999996932794,0.9380619439506396,-0.06193805298215438,0.0,-0.06193805298215438,0.0
phase_124,2026200009,balanced_capacity,0.7,1.0,logistics,False,,0.0,0.0,0.0,0.0,0.0,0.923179923,1.0,-0.07682007700000004,logistics,logistics,True,logistics,16223.531041919,16223.531041919,17573.531041931,16223.531041922,0.0,1350.0000000090004,0.0,0.07993113016806903,-0.07993113016806903,0.999999999999815,0.9231799234433388,0.999999999999815,0.9231799234433388,-0.07682007655647627,0.0,-0.07682007655647627,0.0
phase_124,2026200010,balanced_capacity,0.7,1.0,logistics,False,,0.0,0.0,0.0,0.0,0.0,0.931121474,1.0,-0.068878526,logistics,logistics,True,logistics,18249.722466853,18249.722466853,19599.722466855,18249.722466853,0.0,1350.000000002001,0.0,0.07136553366474073,-0.07136553366474073,1.0,0.93112147366959,1.0,0.93112147366959,-0.06887852633041003,0.0,-0.06887852633041003,0.0
phase_124,2026200011,balanced_capacity,0.7,1.0,logistics,False,,0.005085047000000009,0.01430655599999997,0.01780986700000009,0.014739185000000044,0.008927390999999951,0.938358877,0.999999997,-0.061641119999999994,logistics,logistics,True,logistics,20550.963948662,20550.963948662,21900.963954404,20550.96400254,0.0,1349.9999518639997,0.0,0.06362280209533307,-0.06362280209533307,0.9999999973783225,0.9383588773282953,0.9999999973783225,0.9383588773282953,-0.0616411200500272,0.0,-0.0616411200500272,0.0
phase_125,2026200000,balanced_capacity,0.7,1.5,logistics,False,,0.0004398219999999231,0.002513637999999929,0.015049113999999975,0.008724768999999966,0.009291327000000016,0.910753706,1.0,-0.08924629399999995,logistics,logistics,True,logistics,20982.983509799,21001.207445207,23039.141496073,20994.277369529,-18.223935408001125,2044.8641265439983,-0.0008681332729301948,0.0929446793043467,-0.0938128125772769,1.0,0.9107537063989789,0.9994620505611499,0.9115447052914987,-0.0892462936010211,-0.0005379494388501049,-0.08845529470850133,-0.0002530494536696626
phase_125,2026200001,balanced_capacity,0.7,1.5,logistics,False,,0.0,0.0,0.0,0.0,0.0,0.895258554,1.0,-0.10474144600000002,logistics,logistics,True,logistics,17308.320968652,17308.320968652,19333.320968653,17308.320968652,0.0,2025.0000000010004,0.0,0.11064271560921501,-0.11064271560921501,1.0,0.8952585537019568,1.0,0.8952585537019568,-0.10474144629804316,0.0,-0.10474144629804316,0.0
phase_013,2026200004,forcegen_constrained,0.15,1.5,logistics,False,,8.981000000019002e-06,1.6595999999924338e-05,2.444000000045854e-06,-0.017349731000000035,-0.000827872999999979,0.930501996,0.99927357,-0.068771574,logistics,logistics,True,logistics,27419.290344981,27419.290344981,29467.20206079,27439.223025386,0.0,2027.9790354040015,0.0,0.07130436323883739,-0.07130436323883739,0.9992735697950864,0.9305019963692441,0.9992735697950864,0.9305019963692441,-0.06877157342584228,0.0,-0.06877157342584228,0.0
phase_125,2026200002,balanced_capacity,0.7,1.5,logistics,False,,0.006951107000000012,0.019405965000000025,0.02484597199999994,0.021764960999999916,0.015602722000000013,0.908235841,0.999999996,-0.09176415500000001,logistics,logistics,True,logistics,20042.439212634,20042.439212634,22067.439214209,20042.439284781,0.0,2024.9999294279987,0.0,0.09625119376263983,-0.09625119376263983,0.9999999964002884,0.9082358409637705,0.9999999964002884,0.9082358409637705,-0.09176415543651784,0.0,-0.09176415543651784,0.0
phase_125,2026200003,balanced_capacity,0.7,1.5,logistics,False,,0.0010926589999999958,0.0030229000000000505,0.0,0.0,0.0,0.890478632,1.0,-0.10952136800000001,logistics,logistics,True,logistics,16464.542538729,16464.542538729,18489.542538728,16464.542538729,0.0,2024.9999999989996,0.0,0.11599617250175526,-0.11599617250175526,1.0,0.8904786315963493,1.0,0.8904786315963493,-0.10952136840365068,0.0,-0.10952136840365068,0.0
phase_125,2026200004,balanced_capacity,0.7,1.5,logistics,False,,0.007312891000000099,0.020885323999999983,0.02732738400000001,0.025367724999999952,0.020537421,0.905834218,0.999999997,-0.094165779,logistics,logistics,True,logistics,19479.626954468,19479.626954468,21504.626967241,19479.627018126,0.0,2024.999949115001,0.0,0.09889896864076125,-0.09889896864076125,0.999999996732073,0.905834218103026,0.999999996732073,0.905834218103026,-0.09416577862904696,0.0,-0.09416577862904696,0.0
phase_125,2026200005,balanced_capacity,0.7,1.5,logistics,False,,0.007541079999999978,0.02153283100000003,0.027798337000000006,0.025811746999999996,0.021112331999999956,0.909734914,0.999999997,-0.09026508300000002,logistics,logistics,True,logistics,20408.923211267,20408.923211267,22433.923227427,20408.923267443,0.0,2024.9999599840012,0.0,0.09460202278168418,-0.09460202278168418,0.9999999972474786,0.9097349137005025,0.9999999972474786,0.9097349137005025,-0.09026508354697604,0.0,-0.09026508354697604,0.0
phase_125,2026200006,balanced_capacity,0.7,1.5,logistics,False,,0.0068903339999999424,0.030075897000000018,0.062719054,0.09855356199999998,0.1646395719999999,0.906062289,0.999999996,-0.09393770700000004,logistics,logistics,True,logistics,21055.944737541,21055.944737541,23238.959376197,21055.94481418,0.0,2183.0145620170006,0.0,0.09864721947673737,-0.09864721947673737,0.9999999963602205,0.9060622894804835,0.9999999963602205,0.9060622894804835,-0.09393770687973702,0.0,-0.09393770687973702,0.0
phase_125,2026200007,balanced_capacity,0.7,1.5,logistics,False,,0.0,0.0,0.0,0.0,0.0,0.90379739,0.999999997,-0.09620260699999994,logistics,logistics,True,logistics,19024.324952664,19024.324952664,21049.324959324,19024.325016138,0.0,2024.9999431860015,0.0,0.10115006683897022,-0.10115006683897022,0.9999999966635348,0.9037973896752918,0.9999999966635348,0.9037973896752918,-0.09620260698824301,0.0,-0.09620260698824301,0.0
phase_125,2026200008,balanced_capacity,0.7,1.5,logistics,False,,0.002398264999999955,0.015454347000000035,0.038404722999999974,0.07071890600000008,0.12567183699999995,0.896137436,0.999999985,-0.10386254900000003,logistics,logistics,True,logistics,20962.439800874,20962.439800874,23391.992062088,20962.440115697,0.0,2429.5519463909986,0.0,0.1096614738138286,-0.1096614738138286,0.999999984981567,0.8961374364882913,0.999999984981567,0.8961374364882913,-0.1038625484932757,0.0,-0.1038625484932757,0.0
phase_125,2026200009,balanced_capacity,0.7,1.5,logistics,False,,0.0013436290000000684,-0.06261144899999993,-0.10366787,-0.10864213099999998,-0.13341252199999998,0.906412796,0.99999996,-0.093587164,logistics,logistics,True,logistics,19612.576055374,19642.576284254,21637.57631809,19642.577070765,-30.000228879998758,1994.9992473249986,-0.0015284737382276101,0.09673193788347662,-0.09826041162170422,0.999999959958869,0.9064127962879555,0.9984726538028631,0.9077992837780039,-0.09358716367091358,-0.0015273061560059364,-0.09220067618086514,0.00014081866595749837
phase_125,2026200010,balanced_capacity,0.7,1.5,logistics,False,,0.0,0.0,0.0,0.0,0.0,0.900152588,1.0,-0.09984741200000002,logistics,logistics,True,logistics,18255.946377879,18255.946377879,20280.946377877,18255.946377879,0.0,2024.999999997999,0.0,0.10519098732730638,-0.10519098732730638,1.0,0.9001525884311334,1.0,0.9001525884311334,-0.09984741156886656,0.0,-0.09984741156886656,0.0
phase_125,2026200011,balanced_capacity,0.7,1.5,logistics,False,,0.011359981000000019,0.04340138799999993,0.09757858800000008,0.1624078699999999,0.2804130650000001,0.907631691,0.999999997,-0.09236830600000001,logistics,logistics,True,logistics,20865.812560278,20865.812560278,22989.294856386,20865.812630184,0.0,2123.4822262020025,0.0,0.09691660621674113,-0.09691660621674113,0.999999996649735,0.9076316907772342,0.999999996649735,0.9076316907772342,-0.09236830587250089,0.0,-0.09236830587250089,0.0
phase_013,2026200005,forcegen_constrained,0.15,1.5,logistics,False,,0.002198115999999972,0.0064258130000000024,-0.01945702699999996,-0.015782647999999955,0.04547561499999997,0.93378737,0.872422344,0.061365026000000045,logistics,logistics,True,logistics,39305.931622264,34699.026045091,42093.021284495,39773.197351696,4606.905577172998,2319.8239327990013,0.1246638206562807,0.056688709676058845,0.06797511098022185,0.8724223435763424,0.9337873695643313,0.9882517433712913,0.8243415413346064,0.061365025987988875,0.11582939979494888,-0.048080802241736054,-0.0063835715652239555
phase_002,2026200002,forcegen_constrained,0.1,0.25,logistics,False,,0.000493776999999973,0.004629540000000043,0.007810935999999935,-0.00377122799999996,-0.007793427000000075,0.790801801,0.803109408,-0.012307606999999998,logistics,logistics,True,logistics,28844.094584006,28844.094584006,36474.492784903,35915.523197244,0.0,558.9695876589976,0.0,0.015443585410312786,-0.015443585410312786,0.8031094083078643,0.7908018009765098,0.8031094083078643,0.7908018009765098,-0.012307607331354498,0.0,-0.012307607331354498,0.0
phase_126,2026200000,balanced_capacity,0.7,2.0,logistics,False,,0.01836230399999994,0.0,0.0,0.0,0.0,0.858881921,1.0,-0.14111807899999995,logistics,logistics,True,logistics,16432.913548233,16432.913548233,19132.913548233,16432.913548233,0.0,2700.0,0.0,0.15212382710691302,-0.15212382710691302,1.0,0.8588819212926744,1.0,0.8588819212926744,-0.14111807870732562,0.0,-0.14111807870732562,0.0
phase_126,2026200001,balanced_capacity,0.7,2.0,logistics,False,,0.845861405,0.67414558,0.0,0.0,0.0,0.859517432,1.0,-0.14048256800000003,logistics,logistics,True,logistics,16519.466444087,16519.466444087,19219.466444086,16519.466444087,0.0,2699.9999999989996,0.0,0.15138417270560808,-0.15138417270560808,1.0,0.8595174320861642,1.0,0.8595174320861642,-0.14048256791383584,0.0,-0.14048256791383584,0.0
phase_126,2026200002,balanced_capacity,0.7,2.0,logistics,False,,0.010782327000000036,0.03194440799999998,0.06196781600000001,0.0921759419999999,0.14908465300000007,0.883994155,0.999999997,-0.11600584199999997,logistics,logistics,True,logistics,20653.012387421,20653.012387421,23363.290664345,20653.012458547,0.0,2710.2782057980003,0.0,0.12330482498249504,-0.12330482498249504,0.999999996556144,0.883994154938962,0.999999996556144,0.883994154938962,-0.11600584161718197,0.0,-0.11600584161718197,0.0
phase_126,2026200003,balanced_capacity,0.7,2.0,logistics,False,,0.003394258000000039,0.019505832999999972,0.03191945299999999,0.031781634,0.026613267999999968,0.880570075,0.999999982,-0.119429907,logistics,logistics,True,logistics,19907.400545274,19907.400545274,22607.40072516,19907.400894354,0.0,2699.999830806002,0.0,0.1271857515579883,-0.1271857515579883,0.9999999824648128,0.8805700746976566,0.9999999824648128,0.8805700746976566,-0.11942990776715623,0.0,-0.11942990776715623,0.0
phase_126,2026200004,balanced_capacity,0.7,2.0,logistics,False,,0.009500567000000015,0.03144648699999997,0.060338672999999954,0.09195508400000008,0.14964999,0.875811256,0.999999996,-0.12418874000000002,logistics,logistics,True,logistics,19821.660929689,19821.660929689,22632.343202438,19821.661002603,0.0,2810.6821998350024,0.0,0.13260466860111803,-0.13260466860111803,0.9999999963214989,0.8758112561475194,0.9999999963214989,0.8758112561475194,-0.12418874017397952,0.0,-0.12418874017397952,0.0
phase_126,2026200005,balanced_capacity,0.7,2.0,logistics,True,21.0,0.0019029650000000897,0.00708747799999998,0.0,0.0,0.0,0.860322271,1.0,-0.13967772899999997,logistics,logistics,True,logistics,16630.211250102,16630.465779341,19330.211250102,16630.465779341,-0.25452923900229507,2699.7454707609977,-1.5305114732492807e-05,0.15043292058267757,-0.15044822569741007,1.0,0.8603222714399589,0.9999846950023902,0.8603354388717944,-0.13967772856004113,-1.5304997609821847e-05,-0.13966456112820558,2.1375657742739307e-06
phase_126,2026200006,balanced_capacity,0.7,2.0,logistics,False,,0.0,0.0,0.0,0.0,0.0,0.889986174,0.999999997,-0.11001382299999996,logistics,logistics,True,logistics,21012.427455382,21012.427455382,23609.83583831,21012.427526659,0.0,2597.4083116509973,0.0,0.11654934834532528,-0.11654934834532528,0.9999999966078645,0.8899861735288574,0.9999999966078645,0.8899861735288574,-0.11001382307900709,0.0,-0.11001382307900709,0.0
phase_126,2026200007,balanced_capacity,0.7,2.0,logistics,False,,0.008598069000000041,0.027090005000000028,0.05279418400000002,0.08227638800000003,0.136128951,0.881073042,0.999999997,-0.11892695499999995,logistics,logistics,True,logistics,20347.110833854,20347.110833854,23093.557370274,20347.110901657,0.0,2746.4464686169995,0.0,0.12661474553238738,-0.12661474553238738,0.9999999966676841,0.8810730416113707,0.9999999966676841,0.8810730416113707,-0.11892695505631345,0.0,-0.11892695505631345,0.0
phase_126,2026200008,balanced_capacity,0.7,2.0,logistics,False,,0.0023762219999999834,0.016682798000000054,0.036927345000000056,0.06680479000000006,0.12116728300000001,0.880142809,0.999999984,-0.11985717500000004,logistics,logistics,True,logistics,20962.739442035,20962.739442035,23817.429655018,20962.739784646,0.0,2854.689870372,0.0,0.12767108526790624,-0.12767108526790624,0.9999999836561917,0.8801428090968851,0.9999999836561917,0.8801428090968851,-0.11985717455930656,0.0,-0.11985717455930656,0.0
phase_126,2026200009,balanced_capacity,0.7,2.0,logistics,False,,0.0,0.0,0.0,0.0,0.0,0.851673493,1.0,-0.14832650700000005,logistics,logistics,True,logistics,15503.084901219,15503.084901219,18203.08490122,15503.084901219,0.0,2700.0000000010023,0.0,0.16055204977899576,-0.16055204977899576,1.0,0.8516734930011757,1.0,0.8516734930011757,-0.14832650699882433,0.0,-0.14832650699882433,0.0
phase_013,2026200006,forcegen_constrained,0.15,1.5,logistics,False,,0.0031465459999999723,0.011707021999999956,0.04278478299999999,0.03422966500000002,0.032792020999999894,0.757639385,0.803169516,-0.04553013099999992,logistics,logistics,True,logistics,28581.790659372,28581.790659372,37724.795244268,35586.249322497,0.0,2138.5459217710013,0.0,0.058358268795579836,-0.058358268795579836,0.8031695164149567,0.7576393847681595,0.8031695164149567,0.7576393847681595,-0.0455301316467972,0.0,-0.0455301316467972,0.0
phase_126,2026200010,balanced_capacity,0.7,2.0,logistics,False,,0.0,0.0,0.0,0.0,0.0,0.871161603,1.0,-0.128838397,logistics,logistics,True,logistics,18256.485587123,18256.485587123,20956.485587126,18256.485587123,0.0,2700.0000000030013,0.0,0.13792778148954812,-0.13792778148954812,1.0,0.8711616034674408,1.0,0.8711616034674408,-0.12883839653255924,0.0,-0.12883839653255924,0.0
phase_126,2026200011,balanced_capacity,0.7,2.0,logistics,False,,0.008252993000000042,0.02878512700000002,0.054237214000000034,0.08526499300000001,0.142479264,0.883605897,0.999999996,-0.11639409899999997,logistics,logistics,True,logistics,20243.084163874,20243.084163874,22909.629985076,20243.084238515,0.0,2666.5457465610016,0.0,0.1237441293948433,-0.1237441293948433,0.9999999963127654,0.8836058974789611,0.9999999963127654,0.8836058974789611,-0.11639409883380425,0.0,-0.11639409883380425,0.0
phase_013,2026200007,forcegen_constrained,0.15,1.5,logistics,False,,7.574999999926391e-06,2.15030000000338e-05,0.027305444000000012,0.05010943000000001,0.062357985000000005,1.0,0.779742149,0.22025785099999995,logistics,logistics,True,logistics,66707.894611415,25033.838749585,34238.113402418,32105.278365247,41674.05586183,2132.8350371710003,0.9800948462802207,0.06431899885464473,0.9157758474255759,0.7797421490879637,1.0,1.0,0.7311687549880314,0.2202578509120363,0.2202578509120363,-0.04857339409993233,0.04857339409993233
phase_128,2026200000,balanced_capacity,0.85,0.25,logistics,False,,0.0011505319999999264,0.0011609600000000997,0.0010915160000000146,-0.0018601889999999566,-0.0032222189999999706,1.0,1.0,0.0,logistics,logistics,True,logistics,25990.493199801,25990.493199801,25318.933325108,24801.912383914,0.0,517.0209411939977,0.0,0.020631706175692682,-0.020631706175692682,1.0,1.0,1.0,1.0,0.0,0.0,0.0,0.0
phase_128,2026200001,balanced_capacity,0.85,0.25,logistics,False,,0.0009725089999998993,8.009999999947226e-07,0.025475218999999993,0.034692691,0.166088181,0.984162395,1.0,-0.015837604999999977,logistics,logistics,True,logistics,20972.540845307,20972.540845307,21310.040845304,20972.540845307,0.0,337.49999999699867,0.0,0.015964359527308434,-0.015964359527308434,1.0,0.9841623954432085,1.0,0.9841623954432085,-0.015837604556791507,0.0,-0.015837604556791507,0.0
phase_128,2026200002,balanced_capacity,0.85,0.25,logistics,False,,0.0009906029999999788,0.003485366999999906,0.0014783529999999878,-0.0022485029999999018,-0.83653225,0.982884003,1.0,-0.017115996999999994,logistics,logistics,True,logistics,19919.324869524,25108.161658969,20266.201101317,23884.030454845,-5188.836789444998,-3617.829353527999,-0.2315025994888731,-0.16425552573320185,-0.06724707375567127,1.0,0.9828840032693419,0.8340018200522459,1.0,-0.017115996730658112,-0.16599817994775412,0.0,0.148882183217096
phase_128,2026200003,balanced_capacity,0.85,0.25,logistics,False,,0.00029877300000002993,0.005401301000000025,0.005042561999999973,-0.0015445729999999935,-0.012839304999999968,1.0,1.0,0.0,logistics,logistics,True,logistics,25060.627552737,25070.721757551,24157.297005519,23854.385618582,-10.094204813998658,302.9113869370012,-0.00040271028365668345,0.012618404088490538,-0.013021114372147221,1.0,1.0,1.0,1.0,0.0,0.0,0.0,0.0
phase_128,2026200004,balanced_capacity,0.85,0.25,logistics,False,,0.0005434920000000343,0.0059121659999999965,0.0,0.0,0.0,0.982316697,1.0,-0.017683302999999984,logistics,logistics,True,logistics,18748.300863187,18748.300863187,19085.800863191,18748.300863189,0.0,337.5000000020009,0.0,0.017841520601778224,-0.017841520601778224,0.9999999999998933,0.9823166969820529,0.9999999999998933,0.9823166969820529,-0.01768330301784038,0.0,-0.01768330301784038,0.0
phase_128,2026200005,balanced_capacity,0.85,0.25,logistics,False,,0.0009734839999999689,0.0011194410000000543,0.0009588939999999324,-0.0010855730000000063,-0.018523682000000097,1.0,1.0,0.0,logistics,logistics,True,logistics,27231.41355526,27167.894829833,26456.742370548,26052.517463316,63.51872542699857,404.224907232001,0.002335278009201301,0.015396632663181253,-0.013061354653979953,1.0,1.0,1.0,1.0,0.0,0.0,0.0,0.0
phase_013,2026200008,forcegen_constrained,0.15,1.5,logistics,False,,-0.01179568200000003,0.007933518999999944,0.021920162999999993,-0.06407447199999994,-0.11052695700000004,0.751579143,0.989211972,-0.23763282900000005,logistics,logistics,True,logistics,27994.191584473,38784.311997612,37247.163968653,39207.281230963,-10790.120413139,-1960.1172623099992,-0.32601878966321146,-0.05128666837822517,-0.2747321212849863,0.9892119723665773,0.7515791432612896,0.7140049170857903,1.0,-0.2376328291052877,-0.27520705528078704,0.010788027633422681,0.026786198542076645
phase_128,2026200006,balanced_capacity,0.85,0.25,logistics,False,,0.003371777999999992,0.0,0.0,0.0,0.0,0.9829384,1.0,-0.01706160000000001,logistics,logistics,True,logistics,19443.763345387,19443.763345387,19781.263345389,19443.763345389,0.0,337.5,0.0,0.017208825970260334,-0.017208825970260334,0.9999999999998971,0.9829384001360726,0.9999999999998971,0.9829384001360726,-0.017061599863824495,0.0,-0.017061599863824495,0.0
phase_128,2026200007,balanced_capacity,0.85,0.25,logistics,False,,1.5799999997234693e-07,0.001772658000000038,0.007104398000000067,0.0019905270000000197,0.0,1.0,1.0,0.0,logistics,logistics,True,logistics,24564.388525824,24564.388525824,24004.933983707,23522.485440196,0.0,482.448543511,0.0,0.02030260094808715,-0.02030260094808715,1.0,1.0,1.0,1.0,0.0,0.0,0.0,0.0
phase_128,2026200008,balanced_capacity,0.85,0.25,logistics,False,,0.00044978499999992483,0.0013773900000000339,3.2199999999704687e-07,0.00847669299999998,0.011759443999999952,1.0,1.0,0.0,logistics,logistics,True,logistics,24162.896882119,24163.677370675,23458.380221521,23098.060091852,-0.7804885559999093,360.3201296690022,-3.2300595195769826e-05,0.015479161282089341,-0.015511461877285112,1.0,1.0,1.0,1.0,0.0,0.0,0.0,0.0
phase_128,2026200009,balanced_capacity,0.85,0.25,logistics,False,,0.0,0.0,0.0,0.0,0.0,0.982488893,1.0,-0.017511107000000026,logistics,logistics,True,logistics,18935.981628494,18935.981628494,19273.481628499,18935.981628497,0.0,337.5000000020009,0.0,0.017666240187016322,-0.017666240187016322,0.9999999999998415,0.9824888929509262,0.9999999999998415,0.9824888929509262,-0.01751110704891523,0.0,-0.01751110704891523,0.0
phase_128,2026200010,balanced_capacity,0.85,0.25,logistics,False,,0.013693565000000074,0.03619259399999997,0.049420913000000066,0.08214211000000005,0.0,0.985015008,1.0,-0.01498499200000003,logistics,logistics,True,logistics,22185.035236458,22185.035236458,22522.535236457,22185.035236459,0.0,337.4999999979991,0.0,0.015098400911818747,-0.015098400911818747,0.9999999999999549,0.9850150084590525,0.9999999999999549,0.9850150084590525,-0.014984991540902382,0.0,-0.014984991540902382,0.0
phase_128,2026200011,balanced_capacity,0.85,0.25,logistics,False,,0.001645294999999991,0.004904376000000044,0.0024903330000000112,-0.001668201999999952,-0.0002745539999999824,1.0,1.0,0.0,logistics,logistics,True,logistics,24838.674162779,24838.674162779,24151.678151597,23806.236928113,0.0,345.44122348399833,0.0,0.014406264213448195,-0.014406264213448195,1.0,1.0,1.0,1.0,0.0,0.0,0.0,0.0
phase_129,2026200000,balanced_capacity,0.85,0.5,logistics,False,,0.002211654999999979,0.0023266789999999427,0.0049553230000000115,-0.0004202300000000214,-0.0013813919999999813,1.0,1.0,0.0,logistics,logistics,True,logistics,25993.761614922,25993.761614922,25623.475837004,24804.142080107,0.0,819.3337568969982,0.0,0.03249829757413414,-0.03249829757413414,1.0,1.0,1.0,1.0,0.0,0.0,0.0,0.0
phase_129,2026200001,balanced_capacity,0.85,0.5,logistics,False,,0.012521390999999937,0.043549591,0.059757245000000014,0.07725696599999998,0.309465865,0.968857327,1.0,-0.031142672999999954,logistics,logistics,True,logistics,20999.439831421,20999.439831421,21674.439831424,20999.439831422,0.0,675.0000000019973,0.0,0.03163791566490803,-0.03163791566490803,0.9999999999999524,0.9688573266366788,0.9999999999999524,0.9688573266366788,-0.031142673363273587,0.0,-0.031142673363273587,0.0
phase_129,2026200002,balanced_capacity,0.85,0.5,logistics,False,,0.001901002000000096,0.008771689999999999,-0.354407102,-0.45483815,-0.547337146,0.967189957,1.0,-0.03281004300000001,logistics,logistics,True,logistics,19897.96880059,25079.822103655,20572.968800644,23884.702474684,-5181.853303065,-3311.7336740399987,-0.23144596638505532,-0.14926017021698726,-0.08218579616806806,1.0,0.9671899565592657,0.8330842229113115,1.0,-0.03281004344073435,-0.16691577708868854,0.0,0.1341057336479542
phase_129,2026200003,balanced_capacity,0.85,0.5,logistics,False,,0.0006274310000000671,0.0007259769999999888,-0.00017586799999991243,0.011397265000000045,0.0,0.967454974,0.999999986,-0.03254501199999993,logistics,logistics,True,logistics,20065.510353845,20065.510353845,20740.510824347,20065.510626641,0.0,675.0001977059983,0.0,0.03308638038963447,-0.03308638038963447,0.9999999864047316,0.9674549736880335,0.9999999864047316,0.9674549736880335,-0.032545012716698185,0.0,-0.032545012716698185,0.0
phase_013,2026200009,forcegen_constrained,0.15,1.5,logistics,False,,0.0023018470000000235,0.005285125999999973,0.010438702000000077,-0.022210371000000007,-0.013868949999999991,1.0,1.0,0.0,logistics,logistics,True,logistics,67901.554281267,67604.720559415,40043.939711652,34756.050411659,296.8337218520028,5287.889299992996,0.004381113671529425,0.1416236745828175,-0.13724256091128806,1.0,1.0,1.0,1.0,0.0,0.0,0.0,0.0
phase_129,2026200004,balanced_capacity,0.85,0.5,logistics,False,,0.0012386730000000234,0.0032880830000000527,0.04992006500000001,-0.05947220099999995,0.01216141000000004,1.0,1.0,0.0,logistics,logistics,True,logistics,24314.668129116,23688.70403967,24087.589960217,22651.948568774,625.964089445999,1435.6413914429977,0.026081483228170773,0.06145089070453492,-0.03536940747636415,1.0,1.0,1.0,0.9834401896907994,0.0,0.0,-0.016559810309200618,0.016559810309200618
phase_129,2026200005,balanced_capacity,0.85,0.5,logistics,False,,0.0007115549999999748,0.00804701200000002,0.021502589999999988,0.02191627800000001,0.023643049000000027,0.966828778,1.0,-0.033171222,logistics,logistics,True,logistics,19673.963778223,19673.963778223,20348.963778224,19673.963778224,0.0,675.0,0.0,0.033733864612982396,-0.033733864612982396,0.9999999999999492,0.9668287777521459,0.9999999999999492,0.9668287777521459,-0.03317122224780322,0.0,-0.03317122224780322,0.0
phase_129,2026200006,balanced_capacity,0.85,0.5,logistics,False,,0.725959533,0.0,0.0,0.0,0.0,0.966451038,1.0,-0.033548962000000015,logistics,logistics,True,logistics,19444.847571923,19444.847571923,20119.847571926,19444.847571926,0.0,675.0,0.0,0.034124640611964775,-0.034124640611964775,0.9999999999998458,0.9664510380811805,0.9999999999998458,0.9664510380811805,-0.0335489619186653,0.0,-0.0335489619186653,0.0
phase_129,2026200007,balanced_capacity,0.85,0.5,logistics,False,,1.720000000204891e-07,0.001814823000000021,0.0018444509999999692,0.0016840190000000366,-0.0019702569999999753,1.0,1.0,0.0,logistics,logistics,True,logistics,24701.251444587,24701.251444587,24297.456151973,23556.607577641,0.0,740.8485743320016,0.0,0.030965302109188724,-0.030965302109188724,1.0,1.0,1.0,1.0,0.0,0.0,0.0,0.0
phase_129,2026200008,balanced_capacity,0.85,0.5,logistics,False,,0.0009689169999999026,0.002947521000000064,0.010998799999999975,0.0032699689999999837,0.0032166729999999477,1.0,1.0,0.0,logistics,logistics,True,logistics,24164.615848368,24164.615848368,23975.422422661,23098.885955259,0.0,876.5364674019984,0.0,0.03724485059220574,-0.03724485059220574,1.0,1.0,1.0,1.0,0.0,0.0,0.0,0.0
phase_129,2026200009,balanced_capacity,0.85,0.5,logistics,False,,0.0,0.0,0.0,0.0,0.0,0.96552349,1.0,-0.03447650999999996,logistics,logistics,True,logistics,18903.547913401,18903.547913401,19578.547913404,18903.547913402,0.0,675.0000000020009,0.0,0.035084847892032055,-0.035084847892032055,0.999999999999947,0.9655234901490892,0.999999999999947,0.9655234901490892,-0.03447650985085782,0.0,-0.03447650985085782,0.0
phase_129,2026200010,balanced_capacity,0.85,0.5,logistics,False,,0.035507960000000005,0.09437928100000004,0.11793046899999993,0.17345760200000004,0.0,0.970512879,1.0,-0.02948712099999995,logistics,logistics,True,logistics,22216.349541784,22216.349541784,22891.349541781,22216.349541786,0.0,674.9999999950014,0.0,0.029930606261207988,-0.029930606261207988,0.99999999999991,0.9705128787289277,0.99999999999991,0.9705128787289277,-0.029487121270982297,0.0,-0.029487121270982297,0.0
phase_129,2026200011,balanced_capacity,0.85,0.5,logistics,False,,0.001355062000000018,0.006446067999999916,0.001341139999999963,-0.010473704000000028,-0.03274499499999994,1.0,1.0,0.0,logistics,logistics,True,logistics,24857.69867926,24853.728079185,24515.77656728,23798.484596732,3.97060007500113,717.2919705480017,0.0001597459715947953,0.029694945586898315,-0.029535199615303518,1.0,1.0,1.0,1.0,0.0,0.0,0.0,0.0
phase_130,2026200000,balanced_capacity,0.85,0.75,logistics,False,,0.003194857999999967,0.0035021680000000277,0.010677609000000032,0.0009821819999999981,0.014136420000000038,1.0,1.0,0.0,logistics,logistics,True,logistics,25996.762268401,25996.762268401,25719.434710058,24806.189107527,0.0,913.2456025310021,0.0,0.036153737691075126,-0.036153737691075126,1.0,1.0,1.0,1.0,0.0,0.0,0.0,0.0
phase_130,2026200001,balanced_capacity,0.85,0.75,logistics,False,,0.0018632870000000468,-1.2394999999942868e-05,4.290000000017891e-06,-0.0034117759999999775,0.00420445199999997,0.992016776,1.0,-0.007983223999999955,logistics,logistics,True,logistics,26458.849107086,26500.501235459,26671.775860062,25499.772461476,-41.65212837299987,1172.003398585999,-0.0015729851930528563,0.044936393360969315,-0.04650937855402217,1.0,0.9920167763071662,1.0,0.993578431916134,-0.007983223692833774,0.0,-0.006421568083865958,-0.0015616556089678157
phase_013,2026200010,forcegen_constrained,0.15,1.5,logistics,False,,0.003595314000000016,0.01639237800000004,0.06804595400000002,0.10981427099999996,0.16619973899999996,0.943381251,0.999999992,-0.05661874099999997,logistics,logistics,True,logistics,33712.63534209,33712.63534209,35735.960745603,33712.635601322,0.0,2023.3251442809997,0.0,0.05828477485004503,-0.05828477485004503,0.9999999923105388,0.9433812506702522,0.9999999923105388,0.9433812506702522,-0.056618741640286574,0.0,-0.056618741640286574,0.0
phase_130,2026200002,balanced_capacity,0.85,0.75,logistics,False,,8.72999999956825e-07,2.205999999893571e-06,1.5399999999665681e-06,0.010015666000000034,0.02998026399999998,1.0,1.0,0.0,logistics,logistics,True,logistics,25342.576448958,25339.638989856,25127.446087753,24173.692917427,2.9374591019986838,953.7531703259992,0.00011591676014387374,0.038695746020670614,-0.03857982926052674,1.0,1.0,1.0,1.0,0.0,0.0,0.0,0.0
phase_130,2026200003,balanced_capacity,0.85,0.75,logistics,False,,0.0007077720000000509,0.001129983000000001,0.0007780499999999746,0.006180504000000031,0.0,0.946943165,0.996072849,-0.04912968400000006,logistics,logistics,True,logistics,19767.360008304,19767.360008304,20874.917029102,19845.295477665,0.0,1029.6215514369978,0.0,0.05058132067590685,-0.05058132067590685,0.9960728491319913,0.9469431653666485,0.9960728491319913,0.9469431653666485,-0.04912968376534288,0.0,-0.04912968376534288,0.0
phase_130,2026200004,balanced_capacity,0.85,0.75,logistics,False,,5.849999999973932e-07,-0.006917289999999965,-0.005131898000000024,0.015915462000000047,-0.04318751100000001,0.949840922,0.99999968,-0.050158757999999914,logistics,logistics,True,logistics,19173.535023705,19173.535023705,20186.048609402,19173.541154752,0.0,1012.50745465,0.0,0.05146043911632279,-0.05146043911632279,0.999999680233977,0.9498409220502221,0.999999680233977,0.9498409220502221,-0.050158758183754926,0.0,-0.050158758183754926,0.0
phase_130,2026200005,balanced_capacity,0.85,0.75,logistics,False,,0.0030093910000000834,0.008592389000000034,0.006829185999999932,0.0022181660000000214,0.0009263149999999554,0.991394695,1.0,-0.008605305000000008,logistics,logistics,True,logistics,27192.396453772,27192.396453772,27428.426432723,25972.853789183,0.0,1455.572643540003,0.0,0.05452802909792692,-0.05452802909792692,1.0,0.9913946948604602,1.0,0.9913946948604602,-0.008605305139539832,0.0,-0.008605305139539832,0.0
phase_130,2026200006,balanced_capacity,0.85,0.75,logistics,False,,4.0299999992665647e-07,0.003787451999999969,1.2969999999556947e-06,0.037007794999999954,0.0,0.952104945,0.999999993,-0.047895047999999996,logistics,logistics,True,logistics,20127.479893262,20127.479893262,21139.980418494,20127.480030384,0.0,1012.500388110002,0.0,0.04908000712847941,-0.04908000712847941,0.999999993187324,0.9521049449815843,0.999999993187324,0.9521049449815843,-0.047895048205739754,0.0,-0.047895048205739754,0.0
phase_130,2026200007,balanced_capacity,0.85,0.75,logistics,False,,2.529999999500987e-07,0.0026948209999999584,-0.0029431399999999552,0.03917978499999997,0.03719952100000001,1.0,1.0,0.0,logistics,logistics,True,logistics,24736.964242131,24701.290611084,24631.546908495,23556.63375084,35.67363104700053,1074.913157654999,0.0014431592435615054,0.04462054729727913,-0.043177388053717625,1.0,1.0,1.0,1.0,0.0,0.0,0.0,0.0
phase_130,2026200008,balanced_capacity,0.85,0.75,logistics,False,,0.0015080150000000847,0.0037358420000001002,0.014383703000000025,0.061853944999999966,-0.003645108999999924,1.0,1.0,0.0,logistics,logistics,True,logistics,24163.827708201,24186.567361818,24059.107179684,23098.937795481,-22.73965361700175,960.1693842029999,-0.0009406192135834917,0.04072696819080936,-0.04166758740439285,1.0,1.0,1.0,1.0,0.0,0.0,0.0,0.0
phase_130,2026200009,balanced_capacity,0.85,0.75,logistics,False,,0.0021988790000000424,6.208000000063052e-06,1.7960000000538656e-06,0.0008536569999999521,0.006322359,1.0,1.0,0.0,logistics,logistics,True,logistics,24193.768081902,24175.758121651,24188.396380193,23001.675744647,18.00996025099812,1186.7206355460003,0.0007446821375712171,0.05030595801151715,-0.04956127587394594,1.0,1.0,1.0,0.999477507382327,0.0,0.0,-0.0005224926176730094,0.0005224926176730094
phase_130,2026200010,balanced_capacity,0.85,0.75,logistics,False,,0.0,0.0,0.0,0.0,0.0,0.956211388,1.0,-0.04378861199999995,logistics,logistics,True,logistics,22109.950138079,22109.950138079,23122.450138081,22109.950138081,0.0,1012.5,0.0,0.04477627332791072,-0.04477627332791072,0.9999999999999095,0.9562113878955031,0.9999999999999095,0.9562113878955031,-0.04378861210440643,0.0,-0.04378861210440643,0.0
phase_130,2026200011,balanced_capacity,0.85,0.75,logistics,False,,0.0024123490000000913,0.017736648000000077,0.0015538330000000045,0.001637310000000003,0.0009723079999999218,0.996078489,1.0,-0.003921511000000044,logistics,logistics,True,logistics,24840.963495587,24840.963495587,24938.761128161,23807.779343736,0.0,1130.9817844249992,0.0,0.046410874475230776,-0.046410874475230776,1.0,0.9960784887400214,1.0,0.9960784887400214,-0.003921511259978638,0.0,-0.003921511259978638,0.0
phase_013,2026200011,forcegen_constrained,0.15,1.5,logistics,False,,0.0051627690000000115,0.012968917999999996,0.020538531999999998,0.022440499999999974,0.03681699099999991,1.0,1.0,0.0,logistics,logistics,True,logistics,65939.974660375,66635.400379152,35996.444391748,33818.771570981,-695.4257187769981,2177.672820767002,-0.010491120194525373,0.06240414643287297,-0.07289526662739834,1.0,1.0,1.0,1.0,0.0,0.0,0.0,0.0
phase_131,2026200000,balanced_capacity,0.85,1.0,logistics,False,,0.00411006199999997,0.004747769000000068,0.027040504999999992,-0.159738445,-0.27549133299999995,0.942950856,1.0,-0.05704914400000005,logistics,logistics,True,logistics,25948.734792472,25998.637304138,27518.650233373,24807.468236114,-49.902511665997736,2711.1819972589983,-0.0019212724340921896,0.10371921871906988,-0.10564049115316207,1.0,0.9429508559617835,1.0,0.9447642629146245,-0.05704914403821648,0.0,-0.05523573708537555,-0.0018134069528409347
phase_131,2026200001,balanced_capacity,0.85,1.0,command,True,7.0,0.0014309559999999832,0.0018179050000000085,0.0007268499999999456,0.003929947000000045,0.5122607450000001,0.637610291,0.949210324,-0.31160003300000005,logistics,logistics,True,logistics,18749.093453491,21444.525417374,29405.25539731,22591.963936039,-2695.4319638829984,6813.291461271001,-0.134323985400842,0.26357914838640367,-0.3979031337872457,0.9492103244360004,0.6376102910912371,0.8299009996019956,0.7292752648336375,-0.31160003334476327,-0.1193093248340048,-0.21993505960236293,0.027644351091604458
phase_131,2026200002,balanced_capacity,0.85,1.0,logistics,False,,1.6560000000165331e-06,0.008642123000000002,0.02740455499999994,0.011464448000000016,-0.0033376509999999415,0.979657454,1.0,-0.02034254599999996,logistics,logistics,True,logistics,25397.492987975,25397.492987975,25924.870859178,24211.324202465,0.0,1713.5466567130024,0.0,0.06838230681685967,-0.06838230681685967,1.0,0.9796574542620606,1.0,0.9796574542620606,-0.020342545737939366,0.0,-0.020342545737939366,0.0
phase_131,2026200003,balanced_capacity,0.85,1.0,logistics,False,,0.001700237999999965,0.012076461000000038,-0.026379244999999996,-0.489537438,-0.695730393,0.935734267,1.0,-0.06426573300000005,logistics,logistics,True,logistics,19656.530340793,24564.037488668,21006.530410168,23479.559924543,-4907.507147875,-2473.0295143749972,-0.22287386665927167,-0.11129689092349834,-0.11157697573577333,1.0,0.935734267248553,0.8371762675264703,1.0,-0.06426573275144698,-0.16282373247352966,0.0,0.09855799972208268
phase_131,2026200004,balanced_capacity,0.85,1.0,logistics,False,,0.00816621900000003,0.03230390000000005,0.0030180419999999986,0.01971576500000005,-0.02376521899999995,0.934223231,0.999999651,-0.06577641999999995,logistics,logistics,True,logistics,19174.209959303,19174.209959303,20524.227327166,19174.216651611,0.0,1350.0106755550005,0.0,0.06803951535111714,-0.06803951535111714,0.9999996509735901,0.9342232306072682,0.9999996509735901,0.9342232306072682,-0.06577642036632192,0.0,-0.06577642036632192,0.0
phase_131,2026200005,balanced_capacity,0.85,1.0,logistics,False,,2.630000000003463e-07,1.7699999999010174e-07,3.132000000016788e-06,-6.240000000046209e-06,0.0,0.941169089,0.999999756,-0.05883066700000006,logistics,logistics,True,logistics,21597.35438877,21597.354388769,22947.369013239,21597.359649535,1.000444171950221e-09,1350.0093637040009,4.6407322429330464e-14,0.06063222121794249,-0.06063222121789608,0.9999997564162432,0.9411690889840078,0.9999997564162896,0.9411690889839642,-0.05883066743223542,4.6407322429331543e-14,-0.05883066743227894,-2.886579864025407e-15
phase_131,2026200006,balanced_capacity,0.85,1.0,logistics,False,,0.002300856999999934,0.008928420000000048,0.02688310100000002,-0.0005105890000000057,-0.001164582000000025,0.936078341,1.0,-0.06392165900000002,logistics,logistics,True,logistics,19769.602010528,19769.602010528,21119.602012066,19769.602010532,0.0,1350.000001534001,0.0,0.06605610853461669,-0.06605610853461669,0.9999999999997977,0.9360783408339456,0.9999999999997977,0.9360783408339456,-0.06392165916585213,0.0,-0.06392165916585213,0.0
phase_131,2026200007,balanced_capacity,0.85,1.0,logistics,False,,0.008986861000000013,5.910000000497462e-07,1.6400000002469994e-07,3.6919999999440734e-06,1.1726000000100711e-05,0.991768951,1.0,-0.008231049000000046,logistics,logistics,True,logistics,24700.895306609,24700.895306609,24905.896975298,23493.051586543,0.0,1412.8453887550022,0.0,0.05839990148830744,-0.05839990148830744,1.0,0.991768950586589,1.0,0.991768950586589,-0.008231049413411018,0.0,-0.008231049413411018,0.0
phase_131,2026200008,balanced_capacity,0.85,1.0,logistics,False,,0.0023883199999999993,0.005114963000000028,0.019365372999999964,0.06018099500000007,-0.791576454,0.932312939,1.0,-0.06768706099999999,logistics,logistics,True,logistics,18664.803110559,23569.393520001,20019.890673528,22507.068555492,-4904.590409441997,-2487.1778819639985,-0.23330942188258605,-0.11710310488551591,-0.11620631699707014,1.0,0.9323129389132574,0.829286277977083,1.0,-0.0676870610867426,-0.170713722022917,0.0,0.10302666093617441
phase_131,2026200009,balanced_capacity,0.85,1.0,logistics,False,,-4.165000000000418e-06,2.1459999999251522e-06,-1.903400000002886e-05,0.020177352000000037,0.42614207700000006,1.0,0.962263122,0.03773687800000003,logistics,logistics,True,logistics,32468.563713734,24183.33635009,24321.913435392,25131.7293658,8285.227363644,-809.815930408,0.2946085354738432,-0.03275343452729,0.3273619700011332,0.9622631215740927,1.0,1.0,0.9943023773326835,0.03773687842590734,0.03773687842590734,0.03203925575859079,-0.03203925575859079
phase_014,2026200000,forcegen_constrained,0.15,2.0,logistics,False,,0.008370953000000014,0.029867772999999986,0.06152557400000003,0.08109622699999997,0.114903443,0.927493495,0.999999994,-0.07250649899999995,logistics,logistics,True,logistics,34011.933982604,34011.624706954,36670.80594537,34011.624906612,0.30927565000456525,2659.181038757997,9.093192298867306e-06,0.07527858497536442,-0.07526949178306555,0.9999999941297129,0.9274934953235817,1.0,0.9274850614852183,-0.07250649880613114,5.870287145270936e-09,-0.0725149326444946,8.427968076318848e-06
phase_131,2026200010,balanced_capacity,0.85,1.0,logistics,False,,0.042482867000000035,0.11271316499999995,0.12455436900000005,0.12663486599999996,0.14150303400000008,0.942140328,1.0,-0.05785967199999997,logistics,logistics,True,logistics,21982.313417177,21982.313417177,23332.313417184,21982.313417179,0.0,1350.0000000049986,0.0,0.05960104728776456,-0.05960104728776456,0.999999999999909,0.942140328056251,0.999999999999909,0.942140328056251,-0.05785967194365793,0.0,-0.05785967194365793,0.0
phase_131,2026200011,balanced_capacity,0.85,1.0,logistics,False,,0.0018863169999999707,3.3759999999993795e-06,0.017011893000000056,-0.872269647,-0.906445222,0.933525713,0.697061649,0.23646406399999997,logistics,logistics,True,logistics,18958.604659201,16271.368927122,20308.60466502,23342.797498555,2687.2357320789997,-3034.1928335349985,0.1528508443887345,-0.1392438068636651,0.29209465125239964,0.6970616494500822,0.9335257134556234,0.8121822013995796,0.8012056561989299,0.2364640640055412,0.11512055194949744,0.10414400674884772,0.01719950530719605
phase_132,2026200000,balanced_capacity,0.85,1.5,logistics,False,,0.01094159699999997,0.06563487099999998,0.06498823799999998,0.06598384299999999,0.06919229799999999,0.912885567,1.0,-0.08711443299999999,logistics,logistics,True,logistics,21220.287053622,21220.287053622,23245.287053636,21220.287053623,0.0,2025.0000000129985,0.0,0.09114474351717328,-0.09114474351717328,0.9999999999999528,0.9128855670682178,0.9999999999999528,0.9128855670682178,-0.08711443293173504,0.0,-0.08711443293173504,0.0
phase_132,2026200001,balanced_capacity,0.85,1.5,command,True,7.0,0.0021596179999999743,0.0031366349999999432,-0.35086365199999997,-0.505743668,0.06523803500000003,0.913729941,0.999998794,-0.08626885299999998,logistics,logistics,True,logistics,21447.801947492,21451.238159954,23472.801947583,21451.264035233,-3.436212461998366,2021.5379123499988,-0.00016019997001059453,0.09005881393538,-0.0902190139053906,0.9999987937643693,0.9137299413758521,0.9998386068189121,0.9138763326106808,-0.08626885238851723,-0.0001601869454571636,-0.08612246115368849,1.3795710628428104e-05
phase_132,2026200002,balanced_capacity,0.85,1.5,logistics,False,,0.003396020000000055,0.013947598000000005,0.04033129099999999,-0.0026157770000000413,0.08547324300000003,0.967014092,1.0,-0.03298590800000001,logistics,logistics,True,logistics,25439.750129437,25425.576534896,26307.527830309,24086.188320082,14.173594541000057,2221.3395102270006,0.0005572988846162372,0.08821655005628123,-0.087659251171665,1.0,0.9670140916900511,1.0,0.9664753259560596,-0.03298590830994885,0.0,-0.03352467404394044,0.0005387657339915863
phase_132,2026200003,balanced_capacity,0.85,1.5,logistics,False,,0.38115990099999997,0.809973604,0.730576772,0.539442701,0.0,0.903881146,1.0,-0.09611885399999998,logistics,logistics,True,logistics,19042.667010162,19042.667010162,21067.667010165,19042.667010164,0.0,2025.0000000010004,0.0,0.10105740240007342,-0.10105740240007342,0.999999999999895,0.9038811464493931,0.999999999999895,0.9038811464493931,-0.09611885355050187,0.0,-0.09611885355050187,0.0
phase_132,2026200004,balanced_capacity,0.85,1.5,logistics,False,,0.004886253999999979,0.014234187999999981,0.021413440000000006,0.05267783199999998,-0.710196448,0.899642535,1.0,-0.10035746499999998,logistics,logistics,True,logistics,19129.718315702,24931.724432944,21263.688164447,23741.324986529,-5802.006117241999,-2477.6368220820004,-0.2648980075372019,-0.1102163631197973,-0.1546816444174046,1.0,0.8996425346232735,0.8057561373072624,1.0,-0.10035746537672652,-0.19424386269273763,0.0,0.09388639731601112
phase_132,2026200005,balanced_capacity,0.85,1.5,logistics,False,,3.5499999995192155e-07,5.859999999691112e-07,6.760000000882727e-07,0.0011094010000000099,-0.23786032600000007,0.973813901,1.0,-0.026186099000000018,logistics,logistics,True,logistics,27189.847459945,38242.105880804,27920.989235352,26002.29725155,-11052.258420859005,1918.6919838020003,-0.3410935082957764,0.07119381838494047,-0.4122873266807169,1.0,0.9738139014615832,1.0,1.0,-0.026186098538416802,0.0,0.0,-0.026186098538416802
phase_132,2026200006,balanced_capacity,0.85,1.5,logistics,False,,2.5799999999742695e-06,0.019672075999999983,0.07569551200000002,0.07445543300000002,0.071928887,0.906875058,1.0,-0.09312494199999999,logistics,logistics,True,logistics,19719.980000205,19719.980000205,21744.980000219,19719.98000021,0.0,2025.0000000090004,0.0,0.09775059132174185,-0.09775059132174185,0.9999999999997465,0.9068750580596715,0.9999999999997465,0.9068750580596715,-0.09312494194007503,0.0,-0.09312494194007503,0.0
phase_132,2026200007,balanced_capacity,0.85,1.5,logistics,False,,1.750999999994285e-06,0.006393651,0.028575033000000083,0.0012020470000000394,0.0017113899999999793,0.977614043,1.0,-0.022385957000000012,logistics,logistics,True,logistics,24794.273680497,24794.273680497,25362.026916252,23556.00766933,0.0,1806.019246922002,0.0,0.07387216143395874,-0.07387216143395874,1.0,0.977614043324306,1.0,0.977614043324306,-0.022385956675693985,0.0,-0.022385956675693985,0.0
phase_014,2026200001,forcegen_constrained,0.15,2.0,logistics,False,,0.004136578000000002,0.014361440000000059,0.027579609999999977,-0.11680902699999995,0.12331744899999997,0.930350644,0.999739814,-0.06938917,logistics,logistics,True,logistics,35618.692366057,36038.391639638,38285.234260324,36047.770769759,-419.6992735809981,2237.463490565002,-0.011714238132154576,0.060219268758650975,-0.07193350689080555,0.9997398138658585,0.9303506444250648,0.9880969503927838,0.9413130763309847,-0.06938916944079376,-0.01164286347307475,-0.05842673753487382,0.0006804315671548045
phase_132,2026200008,balanced_capacity,0.85,1.5,logistics,False,,0.005024943000000004,0.013493862000000023,0.019964431999999976,-0.054605970999999975,0.035202736999999984,0.977761193,1.0,-0.022238807000000027,logistics,logistics,True,logistics,24576.7204895,24554.47965421,25135.708664797,23352.015146205,22.24083528999836,1783.6935185919974,0.000905365093632962,0.07360620893372488,-0.07270084384009191,1.0,0.9777611929406282,1.0,0.9768763626942805,-0.022238807059371757,0.0,-0.023123637305719535,0.0008848302463477786
phase_132,2026200009,balanced_capacity,0.85,1.5,logistics,False,,4.859999999107245e-07,-0.019334259000000076,-0.04547076299999997,-0.09901710800000008,0.778193044,0.973227624,1.0,-0.026772376000000042,logistics,logistics,True,logistics,24242.212357566,24216.68667243,24909.087833109,23449.014683039,25.525685135999083,1460.0731500699985,0.0010534984495220358,0.060404233872703446,-0.05935073542318141,1.0,0.9732276235881833,1.0,0.9722028696788061,-0.026772376411816734,0.0,-0.027797130321193908,0.001024753909377174
phase_132,2026200010,balanced_capacity,0.85,1.5,logistics,False,,0.054392252000000085,0.15392929,0.17276659299999997,0.17790652500000004,0.204930355,0.915653146,1.0,-0.08434685399999997,logistics,logistics,True,logistics,21983.00866842,21983.00866842,24008.008668424,21983.008668423,0.0,2025.0000000010004,0.0,0.0881176475001452,-0.0881176475001452,0.9999999999998634,0.915653146082568,0.9999999999998634,0.915653146082568,-0.08434685391729546,0.0,-0.08434685391729546,0.0
phase_132,2026200011,balanced_capacity,0.85,1.5,logistics,False,,0.004508686999999956,0.019333535000000013,0.01007983900000009,0.006681640000000044,-0.101618388,0.975361185,1.0,-0.02463881499999998,logistics,logistics,True,logistics,24130.063882945,24173.709990904,24739.618781111,22925.238712108,-43.6461079590008,1814.3800690030002,-0.0018071515468444563,0.07616752700615172,-0.07797467855299617,1.0,0.975361184682789,1.0,0.9771254037819258,-0.024638815317211016,0.0,-0.022874596218074195,-0.0017642190991368212
phase_133,2026200000,balanced_capacity,0.85,2.0,logistics,False,,0.01312776800000004,0.08129070299999996,0.08294103800000002,0.08349745800000002,0.08637916099999998,0.887126336,1.0,-0.11287366399999998,logistics,logistics,True,logistics,21220.54893865,21220.54893865,23920.54893868,21220.548938653,0.0,2700.000000027001,0.0,0.11976787598129805,-0.11976787598129805,0.9999999999998588,0.8871263361492493,0.9999999999998588,0.8871263361492493,-0.11287366385060948,0.0,-0.11287366385060948,0.0
phase_133,2026200001,balanced_capacity,0.85,2.0,logistics,False,,3.2119999999746796e-06,-0.008831521000000064,1.978999999985298e-06,-1.1109999999980857e-06,0.405726549,0.757999546,0.937676287,-0.17967674100000008,logistics,logistics,True,logistics,21458.494642678,21455.620883904,28309.376640186,22881.692959586,2.8737587739997252,5427.683680600003,0.00013393070056465198,0.21285592305027368,-0.21272199234970904,0.9376762865317375,0.7579995460661973,0.9378018785838237,0.7578980334539444,-0.17967674046554016,0.0001255920520861764,-0.17977825307779316,-2.407943983318006e-05
phase_133,2026200002,balanced_capacity,0.85,2.0,logistics,False,,0.002876557000000002,0.002047361999999997,0.025954350999999987,0.0019506700000000432,0.016449872000000032,0.94893234,1.0,-0.05106765999999996,logistics,logistics,True,logistics,25408.535261426,25444.509226975,26775.918790761,24222.389442346,-35.97396554899751,2553.529348414999,-0.0014148207609483183,0.1002255419807691,-0.10164036274171742,1.0,0.948932339539108,1.0,0.9502758589092598,-0.05106766046089195,0.0,-0.04972414109074019,-0.0013435193701517578
phase_133,2026200003,balanced_capacity,0.85,2.0,logistics,False,,0.0023360449999999533,0.0032633850000000075,0.026333886999999945,0.003993801000000019,0.29694067600000007,0.621812234,1.0,-0.37818776600000004,logistics,logistics,True,logistics,16672.227837972,24934.199035772,26812.318763548,23979.559341235,-8261.971197799998,2832.759422313,-0.4024959850128064,0.11165966392867974,-0.5141556489414861,1.0,0.6218122343315678,0.6952683158485992,0.9299531031113448,-0.37818776566843215,-0.30473168415140084,-0.07004689688865517,-0.0034091846283761384
phase_133,2026200004,balanced_capacity,0.85,2.0,logistics,False,,0.005192792000000002,0.0035079359999999893,0.03397390999999994,-0.348576882,-0.47197535700000004,0.877157988,1.0,-0.122842012,logistics,logistics,True,logistics,19279.452362641,24202.946433362,21979.452536021,23070.712034323,-4923.494070721001,-1091.2594983020026,-0.22743449484435022,-0.04845589449336338,-0.17897860035098684,1.0,0.8771579879455548,0.8356678516882519,1.0,-0.12284201205444523,-0.16433214831174814,0.0,0.04149013625730291
phase_133,2026200005,balanced_capacity,0.85,2.0,logistics,False,,6.750000000055323e-07,0.003622283000000004,0.004376179999999952,0.028725239000000014,0.0007371720000000082,0.956581201,1.0,-0.04341879900000001,logistics,logistics,True,logistics,27128.181664626,27128.181664626,28359.517872052,25959.362571926,0.0,2400.155300126,0.0,0.08843036394487619,-0.08843036394487619,1.0,0.9565812009575991,1.0,0.9565812009575991,-0.04341879904240087,0.0,-0.04341879904240087,0.0
phase_014,2026200002,forcegen_constrained,0.15,2.0,logistics,False,,0.004029245999999986,0.016318848000000052,0.024559544999999905,0.024023929000000055,0.025796463000000047,0.748498071,0.803105834,-0.05460776300000003,logistics,logistics,True,logistics,28843.442889095,28843.442889095,38535.093171968,35914.871559195,0.0,2620.221612772999,0.0,0.07041787780378056,-0.07041787780378056,0.8031058343492932,0.7484980705866542,0.8031058343492932,0.7484980705866542,-0.05460776376263898,0.0,-0.05460776376263898,0.0
phase_133,2026200006,balanced_capacity,0.85,2.0,logistics,False,,0.0008651829999999361,0.003173717999999992,0.011158273999999913,-0.01088940599999999,-0.043242879999999984,0.941367378,1.0,-0.05863262199999997,logistics,logistics,True,logistics,26041.753845599,26048.98116723,27663.752175733,24873.333713165,-7.227321630998631,2790.418462567999,-0.000277489717724017,0.1063266761381848,-0.10660416585590882,1.0,0.9413673777934999,1.0,0.9416286338076908,-0.05863262220650012,0.0,-0.058371366192309204,-0.0002612560141909137
phase_133,2026200007,balanced_capacity,0.85,2.0,logistics,False,,0.005705677999999992,0.038833428999999975,0.06769672500000001,0.116696346,0.022025096000000022,0.945018243,1.0,-0.054981756999999964,logistics,logistics,True,logistics,26061.117070603,26100.885171041,27577.36930092,24876.624123864,-39.768100438002875,2700.745177056,-0.001524792240865867,0.10306691118778248,-0.10459170342864835,1.0,0.9450182425389496,1.0,0.9464602981608641,-0.054981757461050385,0.0,-0.05353970183913592,-0.001442055621914462
phase_133,2026200008,balanced_capacity,0.85,2.0,logistics,False,,0.006558443999999941,0.015490972000000047,0.006563106999999957,0.15982900500000008,0.03069233700000007,0.947613206,1.0,-0.052386794000000014,logistics,logistics,True,logistics,24555.156201239,24330.498194782,25912.636137593,23127.77631409,224.6580064569971,2784.8598235030004,0.009191227602362947,0.11369639847247086,-0.10450517087010791,1.0,0.9476132058063894,1.0,0.9389433813522471,-0.052386794193610586,0.0,-0.061056618647752914,0.008669824454142327
phase_133,2026200009,balanced_capacity,0.85,2.0,logistics,False,,6.139999999543733e-07,-3.530000000084854e-07,-3.0260000000170706e-06,-0.05183418499999992,0.0,0.95155811,1.0,-0.04844188999999999,logistics,logistics,True,logistics,24198.819248828,24205.45142517,25430.731967708,23032.440814576,-6.632176341998274,2398.2911531320024,-0.0002740326955102072,0.09905467030030471,-0.09932870299581492,1.0,0.9515581100676029,1.0,0.9518189038328166,-0.048441889932397064,0.0,-0.04818109616718336,-0.0002607937652137071
phase_133,2026200010,balanced_capacity,0.85,2.0,logistics,False,,0.05917916700000003,0.17780889700000002,0.20523840100000001,0.21087409499999998,0.23845152499999994,0.890931235,1.0,-0.10906876499999996,logistics,logistics,True,logistics,22055.025073063,22055.025073063,24755.025073069,22055.025073065,0.0,2700.000000003998,0.0,0.11548803126262744,-0.11548803126262744,0.9999999999999093,0.890931235495159,0.9999999999999093,0.890931235495159,-0.10906876450475034,0.0,-0.10906876450475034,0.0
phase_133,2026200011,balanced_capacity,0.85,2.0,logistics,False,,5.1730999999999305e-05,0.0019912730000000156,0.00430578199999998,0.04498642399999997,-0.17591531300000007,0.929731905,1.0,-0.07026809499999997,logistics,logistics,True,logistics,24767.736537133,24763.248888893,26639.654310126,23574.439983008,4.487648240003182,3065.2143271179993,0.0001812056923028169,0.12223779570143313,-0.12205659000913031,1.0,0.9297319045059281,1.0,0.9295634470557015,-0.07026809549407187,0.0,-0.07043655294429851,0.0001684574502266445
phase_014,2026200003,forcegen_constrained,0.15,2.0,logistics,False,,0.004701948999999983,-0.005456122999999979,0.01515703200000007,-0.012103338000000075,0.08608095400000004,0.768163882,0.800875365,-0.03271148300000004,logistics,logistics,True,logistics,32161.578552254,28536.771075661,41868.121246017,35631.975107328,3624.8074765929996,6236.1461386890005,0.11957905859653321,0.16128129598944135,-0.04170223739290814,0.8008753651658279,0.7681638820923592,0.9026044291785474,0.6815870936261742,-0.03271148307346872,0.10172906401271953,-0.11928827153965371,-0.015152275546534533
phase_002,2026200003,forcegen_constrained,0.1,0.25,logistics,False,,1.4740000000568187e-06,0.001836488000000025,0.0009438989999999148,0.016370435000000017,0.008603428999999996,0.989270957,1.0,-0.010729042999999994,logistics,logistics,True,logistics,40557.091221569,42682.806500231,40996.949254425,41071.334268398,-2125.7152786620063,-74.38501397299842,-0.051085539805132196,-0.001812759598463169,-0.049272780206669024,1.0,0.9892709569649617,0.9874792709808631,1.0,-0.0107290430350383,-0.012520729019136922,0.0,0.0017916859840986232
phase_135,2026200000,balanced_capacity,1.0,0.25,logistics,False,,0.0036729020000000334,0.011221436000000029,0.013933411000000007,0.014000471999999986,0.014963942000000063,0.986713777,1.0,-0.013286223000000041,logistics,logistics,True,logistics,25064.752632285,25064.752632285,25402.252632498,25064.752632482,0.0,337.50000001599983,0.0,0.013375274785356073,-0.013375274785356073,0.9999999999921404,0.9867137767230445,0.9999999999921404,0.9867137767230445,-0.013286223269095898,0.0,-0.013286223269095898,0.0
phase_135,2026200001,balanced_capacity,1.0,0.25,logistics,False,,0.0020512489999999772,0.01136566299999997,0.012088938999999965,0.011994897999999976,0.010911706000000021,0.986666484,1.0,-0.01333351599999999,logistics,logistics,True,logistics,24974.654003539,24974.654003539,25312.15400373,24974.654003716,0.0,337.50000001399894,0.0,0.01342320505130333,-0.01342320505130333,0.9999999999929128,0.9866664844034503,0.9999999999929128,0.9866664844034503,-0.013333515589462497,0.0,-0.013333515589462497,0.0
phase_014,2026200004,forcegen_constrained,0.15,2.0,logistics,False,,0.004048508999999978,0.04434700899999999,0.03702413199999999,0.02096267500000004,-0.028615585000000054,0.745588424,0.802488748,-0.056900324,logistics,logistics,True,logistics,28626.913617952,28626.913617952,38395.061811558,35672.666657523,0.0,2722.3951540350026,0.0,0.07354409697840143,-0.07354409697840143,0.8024887483962424,0.7455884238043989,0.8024887483962424,0.7455884238043989,-0.056900324591843465,0.0,-0.056900324591843465,0.0
phase_135,2026200002,balanced_capacity,1.0,0.25,logistics,False,,3.560000000346619e-07,-4.098000000007929e-06,0.0022167720000000335,0.02986346299999998,0.002214945000000079,0.713734834,0.740478395,-0.02674356099999997,logistics,logistics,True,logistics,20176.5092883,20176.5092883,28268.914893944,27247.937869105,0.0,1020.9770248389977,0.0,0.03678494359172439,-0.03678494359172439,0.7404783945568622,0.7137348343222887,0.7404783945568622,0.7137348343222887,-0.02674356023457347,0.0,-0.02674356023457347,0.0
phase_135,2026200003,balanced_capacity,1.0,0.25,logistics,False,,7.340000000022329e-07,0.0010304199999999764,-2.4232999999984628e-05,-0.0015761210000000414,-0.048783189000000005,0.732740852,1.0,-0.26725914799999995,logistics,logistics,True,logistics,20659.705288673,58326.799106606,28195.105037831,27713.412263484,-37667.093817933,481.6927743470005,-1.0378764649032028,0.01723188941319375,-1.0551083543163966,1.0,0.7327408520362908,0.7454767782563836,1.0,-0.2672591479637092,-0.2545232217436164,0.0,-0.012735926220092786
phase_135,2026200004,balanced_capacity,1.0,0.25,logistics,False,,0.001901824000000052,0.010081473999999924,0.00959763300000005,0.009191952999999975,0.008301749999999997,0.985804379,1.0,-0.014195621000000047,logistics,logistics,True,logistics,23437.437234408,23437.437234408,23774.9372345,23437.437234496,0.0,337.5000000040018,0.0,0.014297342716793513,-0.014297342716793513,0.9999999999962453,0.9858043789237747,0.9999999999962453,0.9858043789237747,-0.014195621072470632,0.0,-0.014195621072470632,0.0
phase_135,2026200005,balanced_capacity,1.0,0.25,logistics,False,,4.780000000259577e-07,1.0809999999583653e-06,0.0020040869999999877,-7.474999999979026e-06,-0.003159604000000038,0.737265312,0.746811969,-0.009546657000000014,logistics,logistics,True,logistics,20858.12461648,20858.12461648,28291.205741772,27929.553188106,0.0,361.6525536659974,0.0,0.012865622914330131,-0.012865622914330131,0.7468119692427654,0.7372653115905539,0.7468119692427654,0.7372653115905539,-0.009546657652211521,0.0,-0.009546657652211521,0.0
phase_135,2026200006,balanced_capacity,1.0,0.25,command,True,7.0,7.41999999998022e-07,0.002379705999999926,0.004654931000000029,0.0037252569999999263,0.01489676799999995,1.0,1.0,0.0,logistics,logistics,True,logistics,31084.550521928,31061.455826953,28672.229761176,30484.777079443,23.094694974999584,-1812.5473182669994,0.0007432399085625427,-0.0612983966717413,0.062041636580303844,1.0,1.0,1.0,1.0,0.0,0.0,0.0,0.0
phase_135,2026200007,balanced_capacity,1.0,0.25,logistics,False,,0.0010435100000000253,0.0025656809999999863,-0.019951432000000047,-0.091582269,-0.11681330199999995,1.0,1.0,0.0,logistics,logistics,True,logistics,27875.494841237,60125.717631763,25916.23007767,25014.477490326,-32250.222790526,901.752587343999,-0.7686896822433984,0.035414659503888765,-0.8041043417472872,1.0,1.0,1.0,1.0,0.0,0.0,0.0,0.0
phase_135,2026200008,balanced_capacity,1.0,0.25,logistics,False,,0.00038028200000006507,0.0013303459999999268,0.005000617999999957,-0.012284630000000019,-0.00523295800000001,0.714367081,1.0,-0.285632919,logistics,logistics,True,logistics,18727.559077699,58278.465066667,26215.596405311,25724.140842472,-39550.905988968,491.4555628390008,-1.1352364573265217,0.01892463290559215,-1.1541610902321138,1.0,0.7143670808841486,0.7280149487744504,1.0,-0.2856329191158514,-0.2719850512255496,0.0,-0.013647867890301812
phase_135,2026200009,balanced_capacity,1.0,0.25,logistics,False,,0.0006789249999999969,0.0021698789999999857,0.009332976000000048,0.00922373700000001,0.0062951159999999895,0.986479357,1.0,-0.013520642999999999,logistics,logistics,True,logistics,24624.329854807,24624.329854807,24961.829856076,24624.329855755,0.0,337.5000003210007,0.0,0.013612879647220601,-0.013612879647220601,0.9999999999615016,0.9864793565529874,0.9999999999615016,0.9864793565529874,-0.013520643408514221,0.0,-0.013520643408514221,0.0
phase_135,2026200010,balanced_capacity,1.0,0.25,logistics,False,,0.005284511000000047,0.010440587000000057,0.012475744999999927,0.012268155000000003,0.013065945999999995,0.986623756,1.0,-0.013376244000000037,logistics,logistics,True,logistics,24893.79781521,24893.79781521,25231.297815276,24893.797815287,0.0,337.4999999890024,0.0,0.013466511978108619,-0.013466511978108619,0.9999999999969069,0.9866237558393978,0.9999999999969069,0.9866237558393978,-0.013376244157509154,0.0,-0.013376244157509154,0.0
phase_135,2026200011,balanced_capacity,1.0,0.25,logistics,False,,0.0009179799999999849,0.002496458999999951,-0.010566332000000012,0.0033864949999999894,-0.473477297,0.985782467,0.734237685,0.2515447820000001,logistics,logistics,True,logistics,23413.489795916,19536.665145258,23751.172884838,26608.093716759,3876.824650658,-2856.9208319209974,0.181019379318116,-0.11358353068548366,0.29460291000359967,0.7342376854660924,0.9857824668045103,0.8799386399172636,0.8225558055589579,0.25154478133841796,0.14570095445117126,0.08831812009286555,0.017525706794381146
phase_014,2026200005,forcegen_constrained,0.15,2.0,logistics,False,,0.0038308679999999873,0.011503374999999982,0.017698374000000072,-0.027968856000000097,0.11526566099999996,0.92894144,0.999998347,-0.071056907,logistics,logistics,True,logistics,35490.275153828,35524.729950562,38205.07258746,35524.788678227,-34.45479673400405,2680.283909233003,-0.0009703526567903677,0.07273757161574682,-0.07370792427253718,0.9999983468539242,0.928941440238931,0.9990284664403886,0.9298432785132892,-0.0710569066149932,-0.0009698804135356287,-0.07015506834063501,6.804213917743773e-05
phase_136,2026200000,balanced_capacity,1.0,0.5,logistics,False,,0.007069231999999981,0.021775022000000033,0.027151758000000026,0.027235345999999994,0.02884267500000004,0.973775979,1.0,-0.026224020999999986,logistics,logistics,True,logistics,25064.760208846,25064.760208846,25739.760209105,25064.760209065,0.0,675.0000000399996,0.0,0.026574002333109907,-0.026574002333109907,0.9999999999912627,0.9737759794661868,0.9999999999912627,0.9737759794661868,-0.026224020525075886,0.0,-0.026224020525075886,0.0
phase_136,2026200001,balanced_capacity,1.0,0.5,logistics,False,,0.003479950999999981,0.021525281000000063,0.021128350000000018,0.02103601799999999,0.021584276999999985,0.973684286,1.0,-0.02631571399999999,logistics,logistics,True,logistics,24975.074060326,24975.074060326,25650.07406056,24975.074060529,0.0,675.0000000309992,0.0,0.026668169047110224,-0.026668169047110224,0.9999999999918718,0.9736842864999016,0.9999999999918718,0.9736842864999016,-0.02631571349197026,0.0,-0.02631571349197026,0.0
phase_136,2026200002,balanced_capacity,1.0,0.5,logistics,False,,0.0011826510000000345,0.005067958000000039,0.0005928869999999309,-0.011982952999999963,0.016068102999999945,0.697617234,0.729966936,-0.03234970199999998,logistics,logistics,True,logistics,19115.840721753,19115.840721753,27401.617658185,26187.269293612,0.0,1214.3483645730012,0.0,0.0453286624181269,-0.0453286624181269,0.7299669357436985,0.6976172341432186,0.7299669357436985,0.6976172341432186,-0.032349701600479897,0.0,-0.032349701600479897,0.0
phase_136,2026200003,balanced_capacity,1.0,0.5,logistics,False,,1.3979999999857995e-06,2.3520000000942787e-06,0.011861109999999897,0.03430114799999995,0.05493442400000004,1.0,0.745725424,0.25427457600000003,logistics,logistics,True,logistics,60098.047839929,20656.309975804,28432.847310745,27699.618817085,39441.737864124996,733.2284936600008,1.0679565185826287,0.02612642029215316,1.0418300982904756,0.7457254235954786,1.0,1.0,0.726494597957406,0.25427457640452145,0.25427457640452145,-0.019230825638072546,0.019230825638072546
phase_136,2026200004,balanced_capacity,1.0,0.5,logistics,False,,0.0012505649999999813,0.002236777999999995,4.565000000011921e-06,-0.011266931000000091,-0.026467539999999956,0.725521237,1.0,-0.27447876299999996,logistics,logistics,True,logistics,20857.5107681,60834.092841376,28748.311824725,27928.93933967,-39976.582073276,819.3724850549988,-1.0704362572763275,0.028915642808566098,-1.0993519000848937,1.0,0.7255212373952855,0.7468064044406509,1.0,-0.2744787626047145,-0.25319359555934906,0.0,-0.021285167045365427
phase_136,2026200005,balanced_capacity,1.0,0.5,logistics,False,,1.1899999999842592e-06,2.6499999999929358e-06,-4.909999999913595e-07,-1.3653999999974076e-05,-7.438000000026257e-06,0.675404199,0.701166257,-0.025762057999999977,logistics,logistics,True,logistics,22186.91396433,22186.91396433,32849.831273964,31642.871770334,0.0,1206.9595036300016,0.0,0.03743370596296348,-0.03743370596296348,0.7011662571388605,0.6754041985571726,0.7011662571388605,0.6754041985571726,-0.025762058581687897,0.0,-0.025762058581687897,0.0
phase_136,2026200006,balanced_capacity,1.0,0.5,logistics,False,,0.0016156509999999402,2.9299999999565784e-06,5.723000000013023e-06,-3.803000000002221e-05,-0.50669743,0.973028836,0.753250419,0.219778417,logistics,logistics,True,logistics,24837.595349011,21430.765424928,25526.062985204,28451.050109241,3406.829924083002,-2924.987124037001,0.1475309204875009,-0.10848506253546059,0.25601598302296147,0.753250419321683,0.9730288357984518,0.8729939757458605,0.8395640736822669,0.21977841647676877,0.11974355642417744,0.08631365436058391,0.01372120569200741
phase_136,2026200007,balanced_capacity,1.0,0.5,logistics,False,,-5.018000000078793e-06,0.0006443710000000324,0.08778533600000005,-0.897055057,0.0,0.967767675,0.997465219,-0.02969754399999991,logistics,logistics,True,logistics,20266.710146613,20266.710146612,20941.710153692,20318.212366883,1.000444171950221e-09,623.4977868090027,4.929390229335573e-14,0.030225226568778386,-0.030225226568729092,0.9974652189207874,0.9677676750310672,0.9974652189208366,0.9677676750310193,-0.029697543889720235,4.9182879990894435e-14,-0.029697543889768085,-1.3322676295501878e-15
phase_136,2026200008,balanced_capacity,1.0,0.5,logistics,False,,0.0014885129999999691,0.0035894979999999688,-0.0019105900000000453,-0.0002032979999999629,0.084519177,1.0,1.0,0.0,logistics,logistics,True,logistics,29322.203227661,28699.704951488,29072.006270017,26099.422550824,622.4982761730025,2972.583719192997,0.021458176108842306,0.10786253773141741,-0.0864043616225751,1.0,1.0,1.0,0.9871938209193024,0.0,0.0,-0.012806179080697588,0.012806179080697588
phase_136,2026200009,balanced_capacity,1.0,0.5,logistics,False,,0.0016454550000000179,0.004040994999999992,0.020452514000000033,0.019585851000000043,0.013899094,0.973319851,1.0,-0.026680149000000042,logistics,logistics,True,logistics,24624.708699203,24624.708699203,25299.708701471,24624.708700383,0.0,675.000001088003,0.0,0.02704252432922744,-0.02704252432922744,0.9999999999520808,0.9733198508238653,0.9999999999520808,0.9733198508238653,-0.02668014912821548,0.0,-0.02668014912821548,0.0
phase_014,2026200006,forcegen_constrained,0.15,2.0,logistics,False,,6.283999999912027e-06,1.5909000000036144e-05,0.018788601000000016,0.03068190599999998,0.028250566000000088,0.748338612,0.803231633,-0.05489302100000004,logistics,logistics,True,logistics,28599.714516121,28599.714516121,38217.611715136,35605.811996192,0.0,2611.7997189439993,0.0,0.07078756617684905,-0.07078756617684905,0.8032316330597854,0.7483386122946596,0.8032316330597854,0.7483386122946596,-0.05489302076512581,0.0,-0.05489302076512581,0.0
phase_136,2026200010,balanced_capacity,1.0,0.5,logistics,False,,0.01140548100000005,0.020105154999999986,0.024230350999999928,0.024007382999999938,0.02421070599999997,0.973600708,1.0,-0.02639929200000002,logistics,logistics,True,logistics,24893.867573798,24893.867573798,25568.86757389,24893.867573902,0.0,674.9999999879983,0.0,0.026754010062672483,-0.026754010062672483,0.9999999999958223,0.9736007080430389,0.9999999999958223,0.9736007080430389,-0.026399291952783455,0.0,-0.026399291952783455,0.0
phase_136,2026200011,balanced_capacity,1.0,0.5,logistics,False,,0.0007262340000000478,0.003686473999999995,0.007080680000000061,0.022669987000000003,-0.00043868900000010314,0.709538292,0.7342404,-0.024702108000000056,logistics,logistics,True,logistics,19536.93689802,19536.93689802,27534.718178206,26608.365469539,0.0,926.3527086670001,0.0,0.03422202994157149,-0.03422202994157149,0.7342403997113501,0.7095382916787462,0.7342403997113501,0.7095382916787462,-0.024702108032603975,0.0,-0.024702108032603975,0.0
phase_137,2026200000,balanced_capacity,1.0,0.75,logistics,False,,0.010102441000000018,0.03142868799999998,0.03847818000000003,0.03864605199999993,0.038756446000000055,0.961173079,1.0,-0.03882692099999996,logistics,logistics,True,logistics,25064.767638152,25064.767638152,26077.267638495,25064.767638407,0.0,1012.5000000879991,0.0,0.03960078279552376,-0.03960078279552376,0.9999999999898264,0.9611730793893315,0.9999999999898264,0.9611730793893315,-0.03882692060049486,0.0,-0.03882692060049486,0.0
phase_137,2026200001,balanced_capacity,1.0,0.75,logistics,False,,0.0055340919999999905,0.031385064999999934,0.03245677400000002,0.03249400999999996,0.03197096799999999,0.961039553,1.0,-0.03896044700000001,logistics,logistics,True,logistics,24975.395065974,24975.395065974,25987.895066275,24975.395066208,0.0,1012.5000000670007,0.0,0.03973971235775041,-0.03973971235775041,0.9999999999906308,0.9610395533105357,0.9999999999906308,0.9610395533105357,-0.03896044668009513,0.0,-0.03896044668009513,0.0
phase_137,2026200003,balanced_capacity,1.0,0.75,logistics,False,,0.0025459520000000735,0.005255853000000088,7.113999999974752e-06,0.006884384000000021,-0.003402181000000004,0.709371744,0.740731254,-0.031359509999999924,logistics,logistics,True,logistics,20203.083585368,20203.083585368,28480.248558244,27274.512157324,0.0,1205.7364009199991,0.0,0.0432581684872271,-0.0432581684872271,0.740731253737306,0.7093717438614117,0.740731253737306,0.7093717438614117,-0.03135950987589431,0.0,-0.03135950987589431,0.0
phase_137,2026200004,balanced_capacity,1.0,0.75,logistics,False,,0.001765440000000007,0.0032997399999999955,-0.010686860000000076,-0.387059608,-0.44429873300000006,0.957915891,0.746817438,0.21109845299999996,logistics,logistics,True,logistics,23046.464207961,20858.727903832,24058.964282569,27930.156475429,2187.7363041289973,-3871.1921928600023,0.09973989590372356,-0.14919932001040528,0.24893921591412885,0.7468174380684924,0.957915891028544,0.8251462618276294,0.8669836181994083,0.21109845296005159,0.07832882375913697,0.12016618013091585,0.012603449069998773
phase_137,2026200005,balanced_capacity,1.0,0.75,logistics,False,,1.7690000000403217e-06,4.0680000000792305e-06,5.420000000033731e-06,3.4499999990167396e-07,-0.06589157699999998,0.958436441,0.997319033,-0.038882591999999994,logistics,logistics,True,logistics,25165.992959579,25165.992959579,26257.341516529,25233.643519553,0.0,1023.6979969759996,0.0,0.039767462339011676,-0.039767462339011676,0.9973190332215965,0.958436441242043,0.9973190332215965,0.958436441242043,-0.03888259197955357,0.0,-0.03888259197955357,0.0
phase_137,2026200006,balanced_capacity,1.0,0.75,logistics,False,,0.0014897720000000003,4.38000000002603e-06,5.7809999999269834e-06,3.092400000004325e-05,0.1276511429999999,0.72266425,0.873576006,-0.15091175599999995,logistics,logistics,True,logistics,21431.897665503,24855.215947805,29656.784139266,28452.264932874,-3423.3182823020034,1204.5192063920003,-0.14818727042823493,0.04146313826557666,-0.18965040869381158,0.8735760055111487,0.7226642499355439,0.7532580522522969,0.8380954533400115,-0.15091175557560477,-0.12031795325885175,-0.035480552171137214,0.004886749854384198
phase_137,2026200007,balanced_capacity,1.0,0.75,logistics,False,,0.00034498400000004814,0.005143675000000014,0.010369041999999995,0.010071616000000061,-0.013178828000000031,1.0,1.0,0.0,logistics,logistics,True,logistics,28920.42182144,28920.42182144,27558.400796977,26336.673688589,0.0,1221.7271083880005,0.0,0.04534501353933871,-0.04534501353933871,1.0,1.0,1.0,1.0,0.0,0.0,0.0,0.0
phase_014,2026200007,forcegen_constrained,0.15,2.0,logistics,False,,0.004235005000000069,0.009727522000000044,-0.022019891999999985,0.02036565400000001,-0.027794266000000012,0.556575949,1.0,-0.44342405100000004,logistics,logistics,True,logistics,21116.999411345,70203.838058907,37940.91252153,35259.856559223,-49086.838647562,2681.0559623070003,-1.2013246073228219,0.07328490704485788,-1.2746095143676797,1.0,0.5565759494941488,0.5988963504680334,1.0,-0.4434240505058512,-0.40110364953196664,0.0,-0.042320400973884564
phase_137,2026200008,balanced_capacity,1.0,0.75,logistics,False,,0.003651932999999996,0.004639042000000093,0.0037590259999999986,0.00940121599999999,0.14939476799999996,0.957631269,1.0,-0.04236873100000005,logistics,logistics,True,logistics,29431.687150981,28699.953921662,30733.840982086,26097.349497042,731.7332293190011,4636.491485044,0.025176370945182786,0.16353060227887345,-0.13835423133369065,1.0,0.9576312693273844,1.0,0.9338225553516235,-0.042368730672615595,0.0,-0.0661774446483765,0.023808713975760898
phase_137,2026200009,balanced_capacity,1.0,0.75,logistics,False,,0.00203673400000004,0.009316695999999958,0.009899816000000006,-0.010751814999999998,-0.051924032000000064,0.975524833,0.750430233,0.22509460000000003,logistics,logistics,True,logistics,30905.79660856,21195.447733364,31681.199240288,28244.394755143,9710.348875196,3436.8044851449995,0.3771573297584849,0.11482839887852975,0.2623289308799552,0.75043023286964,0.97552483332948,1.0,0.6690228981739557,0.2250946004598401,0.24956976713036005,-0.08140733469568429,0.05693216802516432
phase_137,2026200010,balanced_capacity,1.0,0.75,logistics,False,,0.017414366999999986,0.031138619000000034,0.035101443000000065,0.03434987199999995,0.032935807999999955,0.960917047,1.0,-0.039082952999999976,logistics,logistics,True,logistics,24893.935682109,24893.935682109,25906.43568223,24893.93568224,0.0,1012.4999999899992,0.0,0.03986719286804218,-0.03986719286804218,0.9999999999947377,0.9609170473105452,0.9999999999947377,0.9609170473105452,-0.039082952684192485,0.0,-0.039082952684192485,0.0
phase_137,2026200011,balanced_capacity,1.0,0.75,logistics,False,,0.001522508000000089,0.00704195299999999,0.042655639999999995,0.04890715099999998,0.486243011,0.700769194,0.999992954,-0.29922375999999995,logistics,logistics,True,logistics,19537.192207494,22695.884870684,27879.639063066,22696.044784396,-3158.6926631899987,5183.59427867,-0.14986368313533388,0.20570596898731186,-0.35556965212264574,0.9999929541154189,0.7007691944396874,0.8608192481593192,0.8140666677694095,-0.29922375967573145,-0.13917370595609968,-0.18592628634600938,0.025876232626377615
phase_138,2026200000,balanced_capacity,1.0,1.0,logistics,False,,0.013718810000000081,0.04095440100000003,0.05134194599999997,0.05157368600000001,0.05383240999999994,0.948892239,1.0,-0.05110776100000003,logistics,logistics,True,logistics,25064.775025964,25064.775025964,26414.775026421,25064.775026263,0.0,1350.000000158001,0.0,0.05246003863037436,-0.05246003863037436,0.999999999988071,0.9488922393203546,0.999999999988071,0.9488922393203546,-0.051107760667716384,0.0,-0.051107760667716384,0.0
phase_138,2026200001,balanced_capacity,1.0,1.0,logistics,False,,0.0048767490000000135,0.023479621999999978,0.03960878499999998,0.03745240999999999,0.033370491999999974,0.94867243,1.0,-0.05132756999999999,logistics,logistics,True,logistics,24951.654319039,24951.654319039,26301.654320641,24951.654319751,0.0,1350.0000008899988,0.0,0.052691713730725516,-0.052691713730725516,0.9999999999714648,0.948672430062981,0.9999999999714648,0.948672430062981,-0.05132756990848386,0.0,-0.05132756990848386,0.0
phase_138,2026200003,balanced_capacity,1.0,1.0,logistics,False,,0.0013360129999999693,0.005352051999999996,0.033133672,0.02745849100000003,0.02759208799999996,0.947973234,1.0,-0.052026766,logistics,logistics,True,logistics,24598.182201748,24598.182201748,25948.182204989,24598.182202742,0.0,1350.0000022470012,0.0,0.05342901124367707,-0.05342901124367707,0.9999999999595907,0.9479732340178559,0.9999999999595907,0.9479732340178559,-0.05202676594173472,0.0,-0.05202676594173472,0.0
phase_138,2026200004,balanced_capacity,1.0,1.0,logistics,False,,0.0024294519999999986,0.007435968999999987,0.04363800899999998,0.030794299999999997,0.029366167000000054,0.94764613,1.0,-0.052353870000000025,logistics,logistics,True,logistics,24436.05917041,24436.05917041,25786.059171241,24436.059170725,0.0,1350.000000516,0.0,0.05377412744849448,-0.05377412744849448,0.9999999999871093,0.9476461295669156,0.9999999999871093,0.9476461295669156,-0.05235387042019368,0.0,-0.05235387042019368,0.0
phase_138,2026200005,balanced_capacity,1.0,1.0,logistics,False,,2.51400000006452e-06,4.02300000001965e-06,-6.270000000307974e-07,-0.037447580000000036,0.46486105299999997,0.671439445,0.997318901,-0.325879456,logistics,logistics,True,logistics,22184.654912406,25166.664929853,33040.440305981,25234.320644248,-2982.010017446999,7806.119661732999,-0.12611946886085962,0.2695272767574178,-0.3956467456182774,0.997318900898946,0.6714394453269474,0.8791461131513698,0.7616927830497863,-0.3258794555719986,-0.11817278774757622,-0.23562611784915977,0.02791945002473739
phase_014,2026200008,forcegen_constrained,0.15,2.0,logistics,False,,0.002834173999999967,0.011307308999999988,-0.007042973000000008,0.04371241399999992,-0.25769240699999996,0.924283867,1.0,-0.07571613300000002,logistics,logistics,True,logistics,33441.948280144,69918.489386025,36181.469196221,37175.609428927,-36476.541105881,-994.1402327059986,-0.737519077737577,-0.02710579861805623,-0.7104132791195208,1.0,0.924283867489739,0.8995669148095319,1.0,-0.07571613251026099,-0.10043308519046812,0.0,0.024716952680207127
phase_138,2026200006,balanced_capacity,1.0,1.0,logistics,False,,0.0022924460000000035,3.6709999999828824e-06,3.393000000073698e-06,-3.869000000045197e-06,-0.22727654500000005,0.841473702,0.753585584,0.08788811800000007,logistics,logistics,True,logistics,24847.721262725,21469.966955622,29528.814999798,28490.416236245,3377.7543071030013,1038.3987635529993,0.14611097585471317,0.03579880795121523,0.11031216790349793,0.7535855839237718,0.8414737016333023,0.8721431465474405,0.7270852879050131,0.08788811770953042,0.11855756262366868,-0.026500296018758696,-0.00416914889537956
phase_138,2026200007,balanced_capacity,1.0,1.0,logistics,False,,-8.890000000594256e-07,4.812000000020689e-06,0.006961890999999998,-0.0015445560000000302,-7.438899999989701e-05,0.677229073,1.0,-0.322770927,logistics,logistics,True,logistics,18233.852782954,29021.981741784,26924.202620083,27398.139898372,-10788.128958829999,-473.93727828899864,-0.4647736245880128,-0.017449516417948507,-0.4473241081700643,1.0,0.6772290730479501,0.6655142593836254,1.0,-0.3227709269520499,-0.3344857406163746,0.0,0.011714813664324697
phase_138,2026200008,balanced_capacity,1.0,1.0,logistics,False,,0.002911344000000038,0.0075679410000000225,-0.0017980320000000605,0.002970262000000057,0.03617373099999999,0.952002622,1.0,-0.047997378000000035,logistics,logistics,True,logistics,28067.057072931,28726.266508975,29482.121619977,26097.310456447,-659.2094360440024,3384.8111635299974,-0.02321537114344232,0.12195177147158524,-0.14516714261502756,1.0,0.9520026216129861,1.0,0.9743622551746808,-0.0479973783870139,0.0,-0.02563774482531922,-0.02235963356169468
phase_138,2026200009,balanced_capacity,1.0,1.0,logistics,False,,0.0035701470000000235,0.006577663999999928,0.004871414000000018,0.04820799900000006,0.5541912849999999,0.693030687,0.946018198,-0.25298751099999994,logistics,logistics,True,logistics,19496.209009951,21821.31040644,28131.812036885,23066.480590941,-2325.1013964890008,5065.331445944001,-0.11266699696866289,0.19852052989715943,-0.3111875268658223,0.9460181981558982,0.693030686554729,0.8452181915262718,0.7756809400627662,-0.25298751160116917,-0.1008000066296264,-0.17033725809313194,0.018149753121589174
phase_138,2026200010,balanced_capacity,1.0,1.0,logistics,False,,0.038360224999999915,0.08990715299999996,0.10599568400000003,0.11179666399999999,0.10096651300000004,0.94679502,1.0,-0.05320497999999996,logistics,logistics,True,logistics,24023.56474526,24023.56474526,25373.564745265,24023.564745263,0.0,1350.000000002001,0.0,0.05467266097895878,-0.05467266097895878,0.9999999999998751,0.946795020188997,0.9999999999998751,0.946795020188997,-0.05320497981087813,0.0,-0.05320497981087813,0.0
phase_138,2026200011,balanced_capacity,1.0,1.0,logistics,False,,0.002043424000000016,0.009316619000000026,0.07673798999999992,0.045193570000000016,0.522889776,0.688118818,0.98970745,-0.3015886320000001,logistics,logistics,True,logistics,19537.454451934,22646.799142283,28392.559436937,22882.316531078,-3109.3446903489967,5510.242905859002,-0.14768515929126197,0.21576271081006113,-0.36344787010132307,0.9897074499220773,0.6881188184294846,0.8538232755149106,0.7976314778026276,-0.30158863149259263,-0.1358841744071667,-0.1920759721194497,0.026371515034023796
phase_139,2026200000,balanced_capacity,1.0,1.5,logistics,False,,0.021135375000000067,0.05969105500000005,0.07483395299999995,0.07377614900000007,0.07444490400000003,0.925248586,1.0,-0.07475141399999996,logistics,logistics,True,logistics,25064.788523323,25064.788523323,27089.788523995,25064.788523675,0.0,2025.0000003200003,0.0,0.0776928360799376,-0.0776928360799376,0.9999999999859563,0.9252485858692349,0.9999999999859563,0.9252485858692349,-0.07475141411672148,0.0,-0.07475141411672148,0.0
phase_139,2026200001,balanced_capacity,1.0,1.5,logistics,False,,5.613999999987129e-06,0.009091516999999993,-0.005635809000000047,0.44358407099999997,0.49393021400000003,0.704941602,0.999999999,-0.29505839700000003,logistics,logistics,True,logistics,22578.476083084,25744.761890994,32028.860270443,25744.761915468,-3166.2858079100006,6284.098354975002,-0.1312341179412006,0.2184061941401419,-0.3496403120813425,0.99999999904936,0.7049416024309787,0.8770124251768034,0.803798876188919,-0.2950583966183813,-0.12298757387255654,-0.196201122860441,0.024130300114616254
phase_139,2026200002,balanced_capacity,1.0,1.5,logistics,False,,0.004368845999999982,-0.02903571599999999,0.008888859000000027,0.005868920999999916,-0.015368649000000012,0.685141812,1.0,-0.314858188,logistics,logistics,True,logistics,20222.549306123,59984.189444426,29515.8592846,27293.977877744,-39761.640138303,2221.8814068559986,-1.0872827341494884,0.07826163445850998,-1.1655443686079985,1.0,0.6851418117674177,0.740916160945995,1.0,-0.31485818823258227,-0.259083839054005,0.0,-0.055774349178577265
phase_139,2026200003,balanced_capacity,1.0,1.5,logistics,False,,2.788999999947528e-06,0.009074346999999983,0.009987382000000045,-0.00832965200000002,-0.019795229999999997,0.91840315,0.999999931,-0.08159678100000001,logistics,logistics,True,logistics,22792.214492359,22792.214492359,24817.221606967,22792.216070571,0.0,2025.0055363959982,0.0,0.0851187545524959,-0.0851187545524959,0.9999999307565356,0.9184031497692104,0.9999999307565356,0.9184031497692104,-0.08159678098732515,0.0,-0.08159678098732515,0.0
phase_014,2026200009,forcegen_constrained,0.15,2.0,logistics,False,,0.005856152000000003,0.009892577000000013,0.007144998999999985,0.02056464899999999,0.02876742099999996,1.0,1.0,0.0,logistics,logistics,True,logistics,69034.421297691,69797.382844757,39399.388012234,36847.007221204,-762.9615470659919,2552.3807910299947,-0.010991274409473081,0.06697588332569337,-0.07796715773516645,1.0,1.0,1.0,1.0,0.0,0.0,0.0,0.0
phase_139,2026200004,balanced_capacity,1.0,1.5,logistics,False,,0.0044470300000000185,0.018650016000000047,-5.690000000058149e-07,3.960000000025055e-06,0.007238513999999974,0.682828079,0.74685307,-0.06402499100000003,logistics,logistics,True,logistics,20862.659250612,20862.659250612,30553.311856535,27934.087822299,0.0,2619.224034236002,0.0,0.0896253586844751,-0.0896253586844751,0.7468530701030418,0.6828280792790624,0.7468530701030418,0.6828280792790624,-0.06402499082397939,0.0,-0.06402499082397939,0.0
phase_139,2026200005,balanced_capacity,1.0,1.5,logistics,False,,0.004225108999999949,0.006593434000000009,0.004744344999999983,-0.07333183899999995,-0.012239966999999963,0.701192045,0.758400628,-0.05720858299999998,logistics,logistics,True,logistics,22197.805563281,22197.805563281,31657.241020151,29269.234135089,0.0,2388.006885062001,0.0,0.07842997179338466,-0.07842997179338466,0.7584006284834587,0.7011920447884665,0.7584006284834587,0.7011920447884665,-0.057208583694992154,0.0,-0.057208583694992154,0.0
phase_139,2026200006,balanced_capacity,1.0,1.5,logistics,False,,0.004242650999999986,2.8739999999860544e-06,-2.068000000021719e-06,1.4449999999888163e-06,-0.178356234,0.821816595,1.0,-0.17818340499999996,logistics,logistics,True,logistics,24848.879640159,48085.860802529,30236.526961613,31574.127999009,-23236.98116237,-1337.6010373960016,-0.6601755130661073,-0.043287355475732404,-0.616888157590375,1.0,0.8218165952626132,0.7870012955207795,1.0,-0.1781834047373868,-0.21299870447922054,0.0,0.03481529974183373
phase_139,2026200007,balanced_capacity,1.0,1.5,logistics,False,,4.891000000006862e-06,0.007072254,1.7449999999419319e-06,6.480000001030106e-07,-0.017558564,0.689677064,0.749495803,-0.05981873900000001,logistics,logistics,True,logistics,20876.120215494,20876.120215494,30269.413477319,27853.551874263,0.0,2415.8616030560006,0.0,0.08317725235572448,-0.08317725235572448,0.7494958025365438,0.6896770639819818,0.7494958025365438,0.6896770639819818,-0.05981873855456199,0.0,-0.05981873855456199,0.0
phase_139,2026200008,balanced_capacity,1.0,1.5,logistics,False,,0.003555589999999942,0.007877300999999948,0.006072913000000013,0.0039058929999999936,-0.0025067449999999214,0.988384658,1.0,-0.011615342000000028,logistics,logistics,True,logistics,30576.866680043,30576.866680043,30936.201243418,27983.584297483,0.0,2952.6169459349985,0.0,0.10030899627812254,-0.10030899627812254,1.0,0.988384657814073,1.0,0.988384657814073,-0.011615342185926969,0.0,-0.011615342185926969,0.0
phase_139,2026200010,balanced_capacity,1.0,1.5,logistics,False,,0.02946656000000003,0.06143496599999998,0.07125557199999999,0.06737587300000003,0.060721873999999953,0.924774681,1.0,-0.07522531899999996,logistics,logistics,True,logistics,24894.128208158,24894.128208158,26919.128208425,24894.128208381,0.0,2025.0000000440014,0.0,0.0782051589836262,-0.0782051589836262,0.999999999991042,0.9247746812382569,0.999999999991042,0.9247746812382569,-0.07522531875278515,0.0,-0.07522531875278515,0.0
phase_139,2026200011,balanced_capacity,1.0,1.5,logistics,False,,0.0034286230000000195,0.015026622999999906,0.02638912800000004,0.042341309999999965,0.465986606,0.678111291,0.982524884,-0.30441359300000004,logistics,logistics,True,logistics,19537.197501996,22695.891023383,28811.196281884,23099.558481868,-3158.6935213869983,5711.637800016,-0.149863683232433,0.22095056737599403,-0.370814250608427,0.9825248842395902,0.6781112908623188,0.8457822913512276,0.7877455278611183,-0.30441359337727136,-0.13674259288836255,-0.19477935637847188,0.027108355889563063
phase_140,2026200000,balanced_capacity,1.0,2.0,logistics,False,,0.029195839999999973,0.08098285999999999,0.10111177399999993,0.09989338299999995,0.10075880800000003,0.902672327,1.0,-0.097327673,logistics,logistics,True,logistics,25041.339259612,25041.339259612,27741.33926048,25041.339259998,0.0,2700.0000004819995,0.0,0.10239566313222354,-0.10239566313222354,0.9999999999845854,0.902672326829066,0.9999999999845854,0.902672326829066,-0.09732767315551949,0.0,-0.09732767315551949,0.0
phase_140,2026200001,balanced_capacity,1.0,2.0,logistics,False,,5.431000000055697e-06,1.1951999999926244e-05,7.269000000031944e-06,6.791000000005987e-06,0.020831531000000014,0.690316357,0.761302431,-0.0709860739999999,logistics,logistics,True,logistics,22553.626276866,22553.626276866,32671.435402767,29625.054848651,0.0,3046.380554116,0.0,0.09788071018068664,-0.09788071018068664,0.7613024310701992,0.6903163573571027,0.7613024310701992,0.6903163573571027,-0.07098607371309651,0.0,-0.07098607371309651,0.0
phase_014,2026200010,forcegen_constrained,0.15,2.0,logistics,False,,0.00487175399999995,-0.0036359569999999675,0.06916541499999995,0.11075639000000004,0.16951740200000004,0.924646956,0.999999993,-0.07535303699999996,logistics,logistics,True,logistics,33675.826044263,33675.826044263,36420.198909397,33675.826284033,0.0,2744.372625363998,0.0,0.07834327681560341,-0.07834327681560341,0.9999999928800559,0.9246469556094076,0.9999999928800559,0.9246469556094076,-0.07535303727064835,0.0,-0.07535303727064835,0.0
phase_140,2026200002,balanced_capacity,1.0,2.0,logistics,False,,0.004897293999999941,0.013790800999999964,-0.004582741000000001,3.058000000000227e-06,-0.09734716899999996,0.584232188,0.740919989,-0.15668780100000002,logistics,logistics,True,logistics,19315.699372698,20222.95262006,33061.682938977,27294.381191732,-907.2532473620013,5767.301747244997,-0.04590002341417517,0.1916941328374395,-0.23759415625161467,0.7409199892828465,0.5842321883114541,0.7076804283274647,0.6116734183612537,-0.15668780097139245,-0.03323956095538183,-0.12924657092159286,0.0057983309055822385
phase_140,2026200003,balanced_capacity,1.0,2.0,logistics,False,,0.0058410530000000405,0.01963674999999998,0.05645317300000008,0.012430700000000017,0.0014959509999999954,0.677425508,0.74539159,-0.06796608199999998,logistics,logistics,True,logistics,20702.314539369,20702.314539369,30560.281969686,27773.74311139,0.0,2786.5388582960004,0.0,0.09561010902593817,-0.09561010902593817,0.7453915900474715,0.6774255080468327,0.7453915900474715,0.6774255080468327,-0.0679660820006388,0.0,-0.0679660820006388,0.0
phase_140,2026200004,balanced_capacity,1.0,2.0,logistics,False,,4.967999999938577e-06,1.4868000000056725e-05,-0.009868082999999972,3.5946000000008915e-05,-0.623618258,0.897924805,0.746713768,0.15121103700000005,logistics,logistics,True,logistics,23752.68940693,20847.296044911,26452.871414755,27918.724616643,2905.393362019,-1465.8532018879996,0.130471508516771,-0.053932884414903605,0.1844043929316746,0.7467137675939337,0.8979248050055207,0.8507798881604524,0.7880919888826399,0.15121103741158703,0.10406612056651865,0.04137822128870616,0.005766695556362222
phase_140,2026200005,balanced_capacity,1.0,2.0,logistics,False,,0.00562136000000002,0.010224354999999963,6.752000000109781e-06,0.0025288369999999505,-0.02067600399999997,0.904872512,0.99998911,-0.09511659800000005,logistics,logistics,True,logistics,25690.651966821,25690.651966821,28391.460270559,25690.931745531,0.0,2700.5285250279994,0.0,0.0999503259844263,-0.0999503259844263,0.9999891098262697,0.9048725117341481,0.9999891098262697,0.9048725117341481,-0.09511659809212158,0.0,-0.09511659809212158,0.0
phase_140,2026200006,balanced_capacity,1.0,2.0,logistics,False,,0.006034875000000106,0.01355510900000001,0.007121445000000004,0.013077491999999968,3.7202000000013946e-05,0.913759461,0.970672424,-0.05691296299999993,logistics,logistics,True,logistics,30563.415875738,30551.427405694,33447.988415278,31474.498156254,11.98847004399795,1973.490259023998,0.0003923259736611149,0.060814012102308204,-0.06042168612864709,0.9706724235608952,0.913759461294766,0.9710533182771345,0.913401040038003,-0.056912962266129186,0.0003808947162392551,-0.05727138352289218,-2.2473459476257673e-05
phase_140,2026200007,balanced_capacity,1.0,2.0,logistics,False,,0.031200322999999974,0.06684027199999998,0.08095939199999991,0.07660190599999994,0.056228893999999974,0.898350375,1.0,-0.10164962499999997,logistics,logistics,True,logistics,23861.829389479,23861.829389479,26561.829392444,23861.829390452,0.0,2700.0000019920008,0.0,0.10719511437854592,-0.10719511437854592,0.9999999999592236,0.8983503747775345,0.9999999999592236,0.8983503747775345,-0.10164962518168907,0.0,-0.10164962518168907,0.0
phase_140,2026200008,balanced_capacity,1.0,2.0,logistics,False,,0.00566401900000002,0.011363462999999907,0.015738825999999984,0.005818397999999947,-0.00014852499999995494,0.922056599,1.0,-0.07794340099999997,logistics,logistics,True,logistics,29730.321815986,28709.029896243,32243.489009929,28693.890050588,1021.2919197430019,3549.5989593409977,0.034955757761659524,0.11663192181620394,-0.08167616405454442,1.0,0.922056598987501,1.0,0.8903822377101435,-0.07794340101249897,0.0,-0.10961776228985654,0.031674361277357566
phase_140,2026200009,balanced_capacity,1.0,2.0,logistics,False,,0.006152344000000087,0.007031612999999992,0.015058000000000016,-0.06991259900000002,0.07715725699999998,0.58116154,0.745603194,-0.164441654,logistics,logistics,True,logistics,20617.031762252,20617.031762252,35475.561172911,27651.47995181,0.0,7824.081221101002,0.0,0.2491647907349255,-0.2491647907349255,0.7456031936873766,0.581161539961631,0.7456031936873766,0.581161539961631,-0.1644416537257456,0.0,-0.1644416537257456,0.0
phase_140,2026200010,balanced_capacity,1.0,2.0,logistics,False,,0.06044037599999996,0.15480469200000002,0.18729782699999997,0.18855567399999995,0.17656685899999996,0.898967825,1.0,-0.10103217499999995,logistics,logistics,True,logistics,24024.159866821,24024.159866821,26724.159866847,24024.15986683,0.0,2700.0000000170003,0.0,0.1065080350681469,-0.1065080350681469,0.9999999999996254,0.8989678248641403,0.9999999999996254,0.8989678248641403,-0.10103217513548512,0.0,-0.10103217513548512,0.0
phase_140,2026200011,balanced_capacity,1.0,2.0,logistics,False,,0.0052785589999999605,0.013432609999999956,0.009440711000000102,0.011516556999999983,-0.005558173999999971,0.883201984,0.99050582,-0.10730383599999993,logistics,logistics,True,logistics,22945.154983878,22945.154983878,25979.51023422,23165.088514657,0.0,2814.421719563001,0.0,0.11466181950533932,-0.11466181950533932,0.990505819537886,0.8832019840641503,0.990505819537886,0.8832019840641503,-0.10730383547373568,0.0,-0.10730383547373568,0.0
phase_014,2026200011,forcegen_constrained,0.15,2.0,logistics,False,,1.1016999999946542e-05,0.01445098899999997,0.06879548700000004,0.27337220799999995,0.36871024300000005,0.733489774,0.999999979,-0.266510205,logistics,logistics,True,logistics,26772.073859375,31195.471486604,36499.587046109,31195.47214226,-4423.397627229002,5304.114903849,-0.15291361555702557,0.1570279860807427,-0.3099416016377683,0.9999999789823345,0.7334897741597601,0.8582038360338616,0.8546801213722104,-0.26651020482257437,-0.14179614294847287,-0.14531985761012411,0.020605795736022614
phase_002,2026200004,forcegen_constrained,0.1,0.25,logistics,False,,8.060000000753575e-07,0.010407637999999997,0.013772229999999941,0.020505602999999928,-0.0012121210000000104,0.77196348,0.788001203,-0.016037722999999948,logistics,logistics,True,logistics,26112.249658917,26112.249658917,33825.757730427,33137.32209196,0.0,688.4356384670027,0.0,0.020562372478829548,-0.020562372478829548,0.788001202585182,0.7719634802276274,0.788001202585182,0.7719634802276274,-0.01603772235755463,0.0,-0.01603772235755463,0.0
phase_002,2026200005,forcegen_constrained,0.1,0.25,logistics,False,,0.00035884600000002376,0.001225562999999985,0.004485793999999932,0.06196095200000007,0.01917031800000002,0.792023518,0.807247532,-0.015224013999999952,logistics,logistics,True,logistics,29336.361800325,29621.099961729,37039.760977174,36693.949249879,-284.7381614039987,345.81172729500395,-0.009659180253835333,0.009380085764730386,-0.019039266018565718,0.8072475317392194,0.7920235181432118,0.7994877193662042,0.7997108831232252,-0.015224013596007557,-0.007759812373015151,-0.007536648615994124,7.244739300171776e-05
phase_016,2026200000,forcegen_constrained,0.25,0.25,logistics,False,,0.0012254829999999162,0.003981145000000019,0.005390640000000002,0.004817062999999955,0.003772132000000039,0.990172592,0.999999997,-0.009827405000000011,logistics,logistics,True,logistics,34005.23717959,34005.23717959,34342.737275104,34005.237276567,0.0,337.4999985370014,0.0,0.009876012974372418,-0.009876012974372418,0.9999999971481747,0.9901725918697034,0.9999999971481747,0.9901725918697034,-0.009827405278471257,0.0,-0.009827405278471257,0.0
phase_016,2026200001,forcegen_constrained,0.25,0.25,logistics,False,,0.0004416579999999559,0.001796846000000074,0.03280920899999995,0.004255350999999963,-0.08788816200000005,0.921220734,1.0,-0.07877926599999996,logistics,logistics,True,logistics,35001.827009308,72869.113110906,37995.049081649,37714.749350397,-37867.286101597994,280.2997312519947,-0.733264600375386,0.007404616516050107,-0.740669216891436,1.0,0.9212207341564752,0.9280673373728666,1.0,-0.07877926584352479,-0.07193266262713338,0.0,-0.0068466032163914115
phase_016,2026200002,forcegen_constrained,0.25,0.25,logistics,False,,0.0004937950000000191,0.004629575000000052,0.007811047000000015,-0.0037711489999999737,-0.007793790000000023,0.790801801,0.803109408,-0.012307606999999998,logistics,logistics,True,logistics,28844.094588113,28844.094588113,36474.492789037,35915.523201355,0.0,558.9695876820042,0.0,0.015443585409189406,-0.015443585409189406,0.8031094083302895,0.7908018009994798,0.8031094083302895,0.7908018009994798,-0.012307607330809711,0.0,-0.012307607330809711,0.0
phase_016,2026200003,forcegen_constrained,0.25,0.25,logistics,False,,1.4910000000201151e-06,0.0018365200000000081,0.0009439800000000664,0.016370488999999933,0.008603201000000005,0.989270957,1.0,-0.010729042999999994,logistics,logistics,True,logistics,40557.091220764,42682.806499384,40996.949253616,41071.334267345,-2125.715278620002,-74.38501372899918,-0.05108553980513664,-0.0018127595925580779,-0.04927278021257856,1.0,0.9892709569648477,0.9874792709865804,1.0,-0.01072904303515232,-0.012520729013419607,0.0,0.0017916859782672878
phase_016,2026200004,forcegen_constrained,0.25,0.25,logistics,False,,8.320000000061611e-07,0.010407696000000022,0.01377230500000004,0.020505467,-0.0012123820000000674,0.77196348,0.788001202,-0.016037721999999976,logistics,logistics,True,logistics,26112.249672999,26112.249672999,33825.75775585,33137.322117124,0.0,688.4356387259977,0.0,0.020562372471031043,-0.020562372471031043,0.7880012024117443,0.7719634800637398,0.7880012024117443,0.7719634800637398,-0.01603772234800449,0.0,-0.01603772234800449,0.0
phase_016,2026200005,forcegen_constrained,0.25,0.25,logistics,False,,0.00035886200000001534,0.0012255950000000793,0.004485875999999944,0.06196111800000004,0.019170047000000023,0.792023518,0.807247532,-0.015224013999999952,logistics,logistics,True,logistics,29336.361829022,29621.099990702,37039.761005903,36693.94927892,-284.7381616800012,345.81172698299633,-0.009659180253749913,0.009380085748917733,-0.019039266002667646,0.8072475318899178,0.7920235183036599,0.7994877195155224,0.7997108832851624,-0.015224013586257912,-0.007759812374395381,-0.007536648604755447,7.244739289291591e-05
phase_016,2026200006,forcegen_constrained,0.25,0.25,logistics,False,,0.00040496300000003593,0.0013493179999999327,-0.001046034000000029,-0.030588196000000067,0.010292432999999934,0.782052084,0.797130575,-0.015078490999999916,logistics,logistics,True,logistics,27522.168585151,27522.168585151,35192.245032641,34526.549933649,0.0,665.6950989920006,0.0,0.019097155389705706,-0.019097155389705706,0.7971305745300764,0.7820520844755439,0.7971305745300764,0.7820520844755439,-0.015078490054532545,0.0,-0.015078490054532545,0.0
phase_016,2026200007,forcegen_constrained,0.25,0.25,logistics,False,,0.005688301000000062,-0.006584942000000038,0.010495407000000068,0.004278974999999963,-0.0008022159999999667,0.952194695,1.0,-0.04780530500000002,logistics,logistics,True,logistics,30907.44343812,33844.849957298,32459.163650434,32104.067278508,-2937.406519177999,355.09637192599985,-0.09078980185987852,0.011000067605312297,-0.10178986946519082,1.0,0.9521946951860772,0.9627267215083032,1.0,-0.047805304813922755,-0.037273278491696815,0.0,-0.01053202632222594
phase_016,2026200008,forcegen_constrained,0.25,0.25,logistics,False,,1.085999999927978e-06,2.8720000000426182e-06,0.0017600989999999594,-0.00015326000000004392,0.0032150619999999908,0.795173618,0.806527627,-0.011354009000000054,logistics,logistics,True,logistics,29478.922544947,29478.922544947,37072.309580795,36550.418821333,0.0,521.8907594620032,0.0,0.014177673463328896,-0.014177673463328896,0.8065276266476418,0.79517361821499,0.8065276266476418,0.79517361821499,-0.011354008432651774,0.0,-0.011354008432651774,0.0
phase_016,2026200009,forcegen_constrained,0.25,0.25,logistics,False,,0.00046861500000006107,0.011733989999999972,0.003382239999999981,0.042098458000000005,0.07693117199999999,0.764103092,0.791198578,-0.027095486000000002,logistics,logistics,True,logistics,31206.032673365,26942.370676682,40840.081668293,34052.602491903,4263.661996683,6787.479176389999,0.14691126553768605,0.18175753185276125,-0.0348462663150752,0.7911985782316736,0.7641030918307985,0.9164066881755996,0.6597041331971487,-0.027095486400875113,0.12520810994392595,-0.1314944450345249,-0.020809151310276164
phase_002,2026200006,forcegen_constrained,0.1,0.25,logistics,False,,0.0004049199999999198,0.0013492370000000031,-0.0010461480000000245,-0.030587986999999983,0.010281311999999931,0.782052085,0.797130575,-0.015078489999999944,logistics,logistics,True,logistics,27522.168551146,27522.168551146,35192.244975367,34526.5498774,0.0,665.695097967,0.0,0.019097155391396833,-0.019097155391396833,0.7971305748438291,0.7820520847820389,0.7971305748438291,0.7820520847820389,-0.015078490061790184,0.0,-0.015078490061790184,0.0
phase_016,2026200010,forcegen_constrained,0.25,0.25,logistics,False,,0.0007130790000000609,0.0021122040000000064,0.005859675000000064,0.004810040000000071,0.004691838000000004,0.990088087,0.999999995,-0.00991190800000008,logistics,logistics,True,logistics,33712.451767319,33712.451767319,34049.951934623,33712.451920762,0.0,337.50001386099757,0.0,0.009961358672665234,-0.009961358672665234,0.9999999954484768,0.9900880868216198,0.9999999954484768,0.9900880868216198,-0.009911908626857091,0.0,-0.009911908626857091,0.0
phase_016,2026200011,forcegen_constrained,0.25,0.25,logistics,False,,1.0219999999616647e-06,0.0013562220000000735,0.0005485290000000198,0.00530452299999995,-0.009562837000000046,0.777260484,0.790979448,-0.013718963999999945,logistics,logistics,True,logistics,26759.831113114,26759.831113114,34428.395209019,33831.259707893,0.0,597.135501126002,0.0,0.01749644749842886,-0.01749644749842886,0.7909794475335721,0.7772604836981739,0.7909794475335721,0.7772604836981739,-0.013718963835398168,0.0,-0.013718963835398168,0.0
phase_017,2026200000,forcegen_constrained,0.25,0.5,logistics,False,,0.0024061520000000503,0.008169472000000066,0.010897905999999957,0.008753386999999946,0.007099547000000039,0.980535923,0.999999997,-0.019464073999999942,logistics,logistics,True,logistics,34004.27569832,34004.27569832,34679.275800776,34004.275803404,0.0,674.9999973719969,0.0,0.019655993730919048,-0.019655993730919048,0.9999999969096828,0.9805359227703108,0.9999999969096828,0.9805359227703108,-0.019464074139372012,0.0,-0.019464074139372012,0.0
phase_017,2026200001,forcegen_constrained,0.25,0.5,logistics,False,,0.0008805720000000239,0.0035154820000000697,0.01774898199999997,0.0013473939999999462,0.007548471999999973,0.788490106,0.812102075,-0.023611968999999955,logistics,logistics,True,logistics,30562.988854693,30562.988854693,38761.410718617,37634.417892342,0.0,1126.9928262750036,0.0,0.02950618143150927,-0.02950618143150927,0.8121020748114741,0.7884901062182879,0.8121020748114741,0.7884901062182879,-0.02361196859318626,0.0,-0.02361196859318626,0.0
phase_017,2026200002,forcegen_constrained,0.25,0.5,logistics,False,,0.0009520800000000218,0.005930774999999944,0.008239361,-0.002400842999999986,-0.015510531999999966,0.784369897,0.80311019,-0.018740292999999908,logistics,logistics,True,logistics,28844.237196422,28844.237196422,36773.76875098,35915.665821908,0.0,858.1029290720035,0.0,0.02361121114808791,-0.02361121114808791,0.8031101898388715,0.7843698966985351,0.8031101898388715,0.7843698966985351,-0.018740293140336428,0.0,-0.018740293140336428,0.0
phase_017,2026200003,forcegen_constrained,0.25,0.5,logistics,False,,2.315000000030487e-06,0.017875218999999998,0.02216521799999993,0.015678285999999986,-0.016898658999999983,0.989388872,0.974574749,0.014814123000000068,logistics,logistics,True,logistics,41088.596433494,39393.23968261,41529.268837026,40420.952531268,1695.3567508839988,1108.3163057580023,0.04213640404180641,0.027050174291565886,0.015086229750240522,0.9745747493737809,0.9893888716109754,1.0,0.9485656932030647,0.014814122237194582,0.025425250626219142,-0.02600905617071614,0.015397927781691578
phase_017,2026200004,forcegen_constrained,0.25,0.5,logistics,False,,2.2889999999886612e-06,0.011248135999999964,0.04662725400000001,0.010087813999999917,0.285391682,0.765777284,0.982728826,-0.216951542,logistics,logistics,True,logistics,26112.653454107,30024.365255599,34099.540412724,30552.034764269,-3911.7118014920015,3547.505648455004,-0.1395892236943623,0.1098526187712325,-0.2494418424655948,0.9827288259933799,0.7657772843285373,0.8546944141555536,0.8804917864639495,-0.21695154166484254,-0.12803441183782627,-0.1022370395294303,0.013319909702414034
phase_017,2026200005,forcegen_constrained,0.25,0.5,logistics,False,,0.0013138520000000042,0.0037370860000000006,0.003873552000000058,0.017465929999999963,-0.05652636500000008,0.795271164,0.815172815,-0.019901651000000076,logistics,logistics,True,logistics,31035.794714313,31035.794714313,39025.424409147,38072.656695385,0.0,952.7677137620049,0.0,0.02471698921116478,-0.02471698921116478,0.8151728145116551,0.7952711644831889,0.8151728145116551,0.7952711644831889,-0.019901650028466222,0.0,-0.019901650028466222,0.0
phase_017,2026200006,forcegen_constrained,0.25,0.5,logistics,False,,0.000771493000000012,-0.024736127000000052,-0.01637475300000002,-0.02610330900000002,0.025516565999999963,0.779459395,0.797185341,-0.017725945999999992,logistics,logistics,True,logistics,27558.42445032,27531.653232881,35355.817933571,34536.075640983,26.771217438999884,819.7422925880019,0.0009719071263721232,0.02345851120784062,-0.0224866040814685,0.7971853408906121,0.7794593948328025,0.7979605076384876,0.7787022007130313,-0.01772594605780964,0.0007751667478754776,-0.018483140177580792,-1.797262810432354e-05
phase_017,2026200007,forcegen_constrained,0.25,0.5,logistics,False,,0.0062740299999999305,0.03369741999999998,0.0004557330000000137,0.0017100789999999755,0.042274869999999964,1.0,0.760034158,0.23996584200000004,logistics,logistics,True,logistics,67572.30313328,25524.224823941,35737.306763992,33582.996962284,42048.078309339006,2154.3098017079974,0.9735701878264297,0.06217525444307093,0.9113949333833588,0.7600341581368228,1.0,1.0,0.7142179177771326,0.23996584186317715,0.23996584186317715,-0.04581624035969023,0.04581624035969023
phase_002,2026200007,forcegen_constrained,0.1,0.25,logistics,False,,0.005688270000000051,-0.006584993000000039,0.010495264999999976,0.0042790120000000265,-0.0008017940000000223,0.952194696,1.0,-0.04780530400000005,logistics,logistics,True,logistics,30907.443555238,33844.850085546,32459.163745459,32104.067373361,-2937.4065303080024,355.0963720980035,-0.09078980185985626,0.011000067578289271,-0.10178986943814552,1.0,0.9521946960066682,0.9627267223119547,1.0,-0.04780530399333183,-0.037273277688045336,0.0,-0.01053202630528649
phase_017,2026200008,forcegen_constrained,0.25,0.5,logistics,False,,0.0008410430000000968,0.001792318000000015,0.0015151079999999872,0.029123564000000046,0.034463856000000015,1.0,0.798065993,0.20193400699999997,logistics,logistics,True,logistics,67488.474810423,27947.504871712,35715.704767939,35019.039936825,39540.969938710994,696.6648311140016,0.8816289152719694,0.019698589748834167,0.8619303255231352,0.7980659927322342,1.0,1.0,0.7824990449803387,0.20193400726776578,0.20193400726776578,-0.015566947751895488,0.015566947751895488
phase_017,2026200009,forcegen_constrained,0.25,0.5,logistics,False,,0.0007313930000000246,0.0023370500000000627,0.002738978000000003,0.043553383,0.03029803200000003,0.609421109,1.0,-0.390578891,logistics,logistics,True,logistics,23191.219957083,67119.541694781,38054.507170523,35241.148260696,-43928.321737698,2813.358909827002,-1.0627014770725427,0.07680514663046897,-1.1395066237030116,1.0,0.6094211088626817,0.6580721997344188,1.0,-0.39057889113731825,-0.3419278002655812,0.0,-0.048651090871737024
phase_017,2026200010,forcegen_constrained,0.25,0.5,logistics,False,,0.0013730159999999492,0.0049248249999999105,0.010094468000000023,0.011336158000000096,0.005371530999999985,0.980370762,0.999999995,-0.01962923300000008,logistics,logistics,True,logistics,33712.488727665,33712.488727665,34387.488926306,33712.488894253,0.0,675.0000320530016,0.0,0.01982444518332065,-0.01982444518332065,0.9999999950585671,0.980370762166218,0.9999999950585671,0.980370762166218,-0.01962923289234908,0.0,-0.01962923289234908,0.0
phase_017,2026200011,forcegen_constrained,0.25,0.5,logistics,False,,0.0015062569999999553,0.002995842999999998,0.0010878300000000118,-0.003277145999999953,0.073035285,1.0,0.920624985,0.079375015,logistics,logistics,True,logistics,38539.340323239,31131.943707942,34615.929354345,33816.096897464,7407.396615296999,799.8324568809985,0.21344512523997708,0.023377033389463446,0.19006809185051363,0.9206249852648342,1.0,1.0,0.899353109640961,0.07937501473516584,0.07937501473516584,-0.021271875623873115,0.021271875623873115
phase_018,2026200000,forcegen_constrained,0.25,0.75,logistics,False,,0.00355237900000005,0.011419049999999986,0.015545704999999965,0.01412849100000002,0.011757063000000012,0.971085782,0.999999997,-0.02891421500000002,logistics,logistics,True,logistics,34004.87779526,34004.87779526,35017.377906838,34004.877910582,0.0,1012.4999962560032,0.0,0.029340467608333524,-0.029340467608333524,0.999999996608663,0.971085781629004,0.999999996608663,0.971085781629004,-0.02891421497965896,0.0,-0.02891421497965896,0.0
phase_018,2026200001,forcegen_constrained,0.25,0.75,logistics,False,,0.004444784000000035,0.005023997999999974,0.00895180299999998,-0.08926419900000004,0.008863626999999985,0.787479363,1.0,-0.212520637,logistics,logistics,True,logistics,30562.995815699,72868.77301128,38811.170479256,37732.343099694,-42305.777195581,1078.827379561997,-0.8688702033781475,0.028190470328525247,-0.8970606737066728,1.0,0.787479363242458,0.8099946439834758,1.0,-0.21252063675754196,-0.19000535601652424,0.0,-0.022515280741017718
phase_018,2026200002,forcegen_constrained,0.25,0.75,logistics,False,,0.0013663349999999408,0.004865149999999985,0.003598618999999914,-0.0010915390000000302,-0.005472782999999981,0.771775434,0.803110963,-0.03133552899999992,logistics,logistics,True,logistics,28844.378201388,28844.378201388,37374.055897058,35915.806841277,0.0,1458.2490557810015,0.0,0.0397992705372301,-0.0397992705372301,0.8031109625035067,0.7717754337617546,0.8031109625035067,0.7717754337617546,-0.03133552874175205,0.0,-0.03133552874175205,0.0
phase_018,2026200003,forcegen_constrained,0.25,0.75,logistics,False,,6.002000000004948e-06,-0.00802781099999994,-0.004795270000000018,0.01707721399999995,0.00437005300000004,0.933601237,0.986524898,-0.05292366100000001,logistics,logistics,True,logistics,36811.315313943,39028.399734609,39429.377184581,39561.494925339,-2217.0844206659967,-132.1177407580035,-0.05848430017587181,-0.0033451425570713974,-0.055139157618800415,0.9865248977133936,0.9336012370070659,0.930483425447239,0.9898304898884174,-0.0529236607063277,-0.056041472266154524,0.003305592175023797,-0.0001877806151969752
phase_018,2026200004,forcegen_constrained,0.25,0.75,logistics,False,,3.7930000000852004e-06,6.201000000038981e-06,3.5069999999581825e-06,0.005262694999999984,0.05114832400000002,0.946935403,0.999289901,-0.05235449800000003,logistics,logistics,True,logistics,28226.862704583,27418.058947619,29808.646512631,27437.542327855,808.8037569640001,2371.104184775999,0.029072220734126984,0.08288626932107772,-0.053814048586950734,0.9992899006768466,0.9469354032100136,1.0,0.9198022102748268,-0.05235449746683307,0.000710099323153357,-0.07948769040201986,0.026423093612033433
phase_018,2026200005,forcegen_constrained,0.25,0.75,logistics,False,,0.0010526790000000563,0.00366085599999999,0.001223032999999929,-0.0049504719999999836,0.046495304000000015,1.0,1.0,0.0,logistics,logistics,True,logistics,43322.819315443,69515.298123562,40488.737119991,36858.30166204,-26192.478808118998,3630.4354579509964,-0.4728673440686825,0.09394296381898427,-0.5668103078876668,1.0,1.0,1.0,1.0,0.0,0.0,0.0,0.0
phase_002,2026200008,forcegen_constrained,0.1,0.25,logistics,False,,1.0539999999448213e-06,2.809000000048023e-06,0.001759934000000074,-0.00015318600000002736,0.003215509999999977,0.795173618,0.806527627,-0.011354009000000054,logistics,logistics,True,logistics,29478.92255486,29478.92255486,37072.309590684,36550.418831253,0.0,521.8907594310003,0.0,0.014177673458671837,-0.014177673458671837,0.8065276266999597,0.7951736182702746,0.8065276266999597,0.7951736182702746,-0.011354008429685147,0.0,-0.011354008429685147,0.0
phase_018,2026200006,forcegen_constrained,0.25,0.75,logistics,False,,2.9080000000236694e-06,-0.015208352000000036,-0.005325197000000004,-0.09524839600000001,-0.281973857,0.971133816,0.80314872,0.167985096,logistics,logistics,True,logistics,34070.77865219,28577.658053007,35083.505585098,35582.025264402,5493.120599182999,-498.51967930400133,0.17581486031089305,-0.014109508374205946,0.189924368685099,0.803148720193774,0.9711338158482611,0.9575278079035054,0.8145610758220692,0.16798509565448705,0.1543790877097314,0.011412355628295123,0.002193652316460515
phase_018,2026200007,forcegen_constrained,0.25,0.75,logistics,False,,0.0014604059999999697,9.385000000028398e-06,0.00849481299999999,0.040703031000000056,0.06505132400000002,1.0,0.783168242,0.21683175799999999,logistics,logistics,True,logistics,67692.259709354,25534.847196386,33813.371186645,32604.548823215,42157.412512967996,1208.8223634300048,0.9749277651748111,0.03640450840595075,0.9385232567688603,0.7831682424080885,1.0,1.0,0.7551701087548258,0.21683175759191153,0.21683175759191153,-0.027998133653262647,0.027998133653262647
phase_018,2026200008,forcegen_constrained,0.25,0.75,logistics,False,,0.0010538229999998983,0.0020632109999999537,0.003143274000000029,0.021299889000000016,0.176332433,0.771608067,0.908029518,-0.13642145100000003,logistics,logistics,True,logistics,27947.760841367,31411.918901715,36220.151171992,34593.499731147,-3464.1580603479997,1626.651440845002,-0.11685032036626151,0.04594983079043025,-0.16280015115669177,0.9080295184309612,0.771608067251199,0.807890530260621,0.8672498011550247,-0.13642145117976223,-0.10013898817034028,-0.040779717275936544,0.004497254266514594
phase_018,2026200009,forcegen_constrained,0.25,0.75,logistics,False,,0.0012445110000000037,0.0028474869999999264,0.025803599000000066,0.10528246499999994,-0.03953959499999993,0.765689274,1.0,-0.23431072600000002,logistics,logistics,True,logistics,27315.302510778,70522.826484575,35674.13498217,35330.907512645,-43207.523973797,343.22746952500165,-0.9484893606537385,0.009667768113230179,-0.9581571287669687,1.0,0.7656892738795276,0.7731276786762923,1.0,-0.23431072612047243,-0.22687232132370772,0.0,-0.007438404796764719
phase_018,2026200010,forcegen_constrained,0.25,0.75,logistics,False,,0.001607640999999993,0.004485976999999974,0.005917479000000059,0.00030907300000004856,-0.00464193199999996,0.785786078,0.813071236,-0.027285157999999976,logistics,logistics,True,logistics,30465.302042618,30465.302042618,38770.478225736,37469.413120496,0.0,1301.065105239999,0.0,0.034134136516948424,-0.034134136516948424,0.8130712361212109,0.785786078398048,0.8130712361212109,0.785786078398048,-0.027285157723162867,0.0,-0.027285157723162867,0.0
phase_018,2026200011,forcegen_constrained,0.25,0.75,logistics,False,,0.0022498080000000753,0.004524673000000035,0.0029960179999999337,-0.0030592699999999473,0.00879119500000003,1.0,0.790893195,0.209106805,logistics,logistics,True,logistics,69030.305388692,26745.876518478,34946.478380002,33817.305135285,42284.428870214,1129.1732447169998,0.948165304087275,0.03284504422379933,0.9153202598634756,0.7908931954063758,1.0,1.0,0.7653382474665382,0.20910680459362418,0.20910680459362418,-0.02555494793983759,0.02555494793983759
phase_019,2026200000,forcegen_constrained,0.25,1.0,logistics,False,,0.004167670000000068,0.014120668000000003,0.019431650999999994,0.01741658700000004,0.01291291299999997,0.961829847,0.999999994,-0.03817014699999999,logistics,logistics,True,logistics,34017.953746632,34017.953746632,35367.953963506,34017.95393525,0.0,1350.0000282559995,0.0,0.03891771271825024,-0.03891771271825024,0.9999999944553398,0.9618298469211146,0.9999999944553398,0.9618298469211146,-0.03817014753422521,0.0,-0.03817014753422521,0.0
phase_019,2026200001,forcegen_constrained,0.25,1.0,logistics,False,,0.005778072000000023,-0.017964427000000005,0.006493714000000095,-0.00682867900000006,-0.023683361999999986,0.784840614,1.0,-0.21515938599999995,logistics,logistics,True,logistics,31751.179177215,72050.136311841,40455.576080582,38580.438689078,-40298.95713462599,1875.1373915040022,-0.8194323502610403,0.04745910688596582,-0.8668914571470061,1.0,0.7848406141583788,0.8229864733550492,1.0,-0.2151593858416212,-0.17701352664495085,0.0,-0.03814585919667035
phase_019,2026200002,forcegen_constrained,0.25,1.0,logistics,False,,0.002360802000000106,0.008904601999999984,0.011066221999999959,-0.00015498800000002255,-0.0056870980000000015,0.769332214,0.803111969,-0.03377975500000008,logistics,logistics,True,logistics,28844.561871132,28844.561871132,37492.985909857,35915.990523186,0.0,1576.9953866709984,0.0,0.04297125827992025,-0.04297125827992025,0.8031119690966352,0.7693322143102156,0.8031119690966352,0.7693322143102156,-0.03377975478641959,0.0,-0.03377975478641959,0.0
phase_019,2026200003,forcegen_constrained,0.25,1.0,logistics,False,,4.884999999954509e-06,0.006376272000000016,0.014117748999999957,0.03365550100000003,-0.045190885999999986,1.0,1.0,0.0,logistics,logistics,True,logistics,41249.449877105,43363.753358238,40856.544475208,39583.613372016,-2114.303481133,1272.9311031920006,-0.04998613969589357,0.031651787062525055,-0.08163792675841863,1.0,1.0,1.0,1.0,0.0,0.0,0.0,0.0
phase_002,2026200009,forcegen_constrained,0.1,0.25,logistics,False,,0.00046858500000002135,0.011733920999999925,0.003382088000000061,0.04209829399999998,0.07693127599999994,0.764103094,0.791198579,-0.02709548500000003,logistics,logistics,True,logistics,31206.032899475,26942.370871897,40840.081846769,34052.602703733,4263.662027578001,6787.479143035998,0.14691126553775008,0.18175753000220982,-0.034846264464459736,0.7911985790426368,0.7641030940280503,0.9164066891149574,0.6597041350941492,-0.027095485014586473,0.12520811007232058,-0.13149444394848764,-0.020809151138419413
phase_019,2026200004,forcegen_constrained,0.25,1.0,logistics,False,,5.0999999999801204e-06,1.0496999999998202e-05,3.346999999931377e-06,-0.03766901700000003,-0.015339501000000033,0.952655168,0.999647988,-0.046992819999999935,logistics,logistics,True,logistics,27418.519141582,27418.519141582,28781.158238509,27428.17417806,0.0,1352.9840604490018,0.0,0.048150205435915035,-0.048150205435915035,0.9996479883635229,0.9526551681612383,0.9996479883635229,0.9526551681612383,-0.04699282020228457,0.0,-0.04699282020228457,0.0
phase_019,2026200005,forcegen_constrained,0.25,1.0,logistics,False,,0.0013896230000000065,0.0047904939999999785,0.007709626000000025,0.10821369699999994,0.011231473999999908,1.0,1.0,0.0,logistics,logistics,True,logistics,43137.615525129,69530.002550935,41567.673390749,36667.041036698,-26392.387025805998,4900.632354050998,-0.4773629843113345,0.1254444960654335,-0.602807480376768,1.0,1.0,1.0,1.0,0.0,0.0,0.0,0.0
phase_019,2026200006,forcegen_constrained,0.25,1.0,logistics,False,,0.0009634559999999182,0.01916351599999999,-0.020583746000000014,-0.15377411200000002,-0.23971681200000006,0.961845423,0.803156722,0.158688701,logistics,logistics,True,logistics,34037.304897674,28579.22939849,35387.500007111,35583.627219798,5458.075499184004,-196.1272126870026,0.1747769168275297,-0.0055269718719468475,0.18030388869947653,0.8031567221058651,0.961845422559783,0.956543993883129,0.8076080365311791,0.15868870045391792,0.15338727177726397,0.00445131442531399,0.0008501142513399618
phase_019,2026200007,forcegen_constrained,0.25,1.0,logistics,False,,5.152999999924468e-06,-8.877000000073743e-06,1.4470999999960377e-05,0.028136747000000017,-0.029967256000000053,0.878918882,1.0,-0.12108111799999999,logistics,logistics,True,logistics,29439.475713142,38251.915453839,33495.099842091,32104.695465715,-8812.439740696998,1390.4043763759946,-0.26185715119803343,0.04239685913246017,-0.3042540103304936,1.0,0.8789188822225104,0.9169834906106111,1.0,-0.12108111777748964,-0.08301650938938887,0.0,-0.038064608388100774
phase_019,2026200008,forcegen_constrained,0.25,1.0,logistics,False,,0.0015476469999999853,0.0030700970000000494,0.11590955800000002,0.09255475700000004,-0.15944651500000007,0.960995412,1.0,-0.03900458799999995,logistics,logistics,True,logistics,34545.362189334,67519.839945364,35947.47878806,35019.725614079,-32974.47775603,927.7531739810001,-0.6701481733556234,0.026147458932014422,-0.6962956322876378,1.0,0.9609954120289596,0.986454393447495,1.0,-0.03900458797104045,-0.01354560655250503,0.0,-0.02545898141853542
phase_019,2026200009,forcegen_constrained,0.25,1.0,logistics,False,,0.0017238309999999535,0.003789319000000013,0.006318571999999967,0.027049089999999998,0.0050877320000000115,0.762792836,0.799808505,-0.03701566899999997,logistics,logistics,True,logistics,28284.505162097,28257.187094352,37080.192434112,35329.940738008,27.318067745000008,1750.251696104002,0.0009662982758543697,0.04835214639994428,-0.047385848124089906,0.7998085053098569,0.7627928364275858,0.8005817324133944,0.7620561070324096,-0.03701566888227115,0.0007732271035374438,-0.03775239827744736,-3.649770836122723e-05
phase_019,2026200010,forcegen_constrained,0.25,1.0,logistics,False,,5.074000000049317e-06,0.006377650999999984,0.007887945000000007,0.00457396600000004,0.045131476000000004,0.779291107,0.813070233,-0.03377912599999999,logistics,logistics,True,logistics,30465.335220544,30465.335220544,39093.651822743,37469.500173581,0.0,1624.1516491619986,0.0,0.04243282299469663,-0.04243282299469663,0.8130702325734385,0.7792911073818021,0.8130702325734385,0.7792911073818021,-0.033779125191636394,0.0,-0.033779125191636394,0.0
phase_019,2026200011,forcegen_constrained,0.25,1.0,logistics,False,,0.003086669999999958,0.006126470999999967,0.0050550550000000305,-0.0011509470000000688,-0.0068359880000000706,1.0,1.0,0.0,logistics,logistics,True,logistics,66304.588656301,66631.401454255,35451.224032696,33817.403270079,-326.8127979540004,1633.8207626170042,-0.0049168544362745035,0.047182221181793604,-0.052099075618068105,1.0,1.0,1.0,1.0,0.0,0.0,0.0,0.0
phase_020,2026200000,forcegen_constrained,0.25,1.5,logistics,False,,0.006281941999999985,0.018788242999999927,0.03235034800000003,0.029871215999999978,0.024126639999999977,0.945908261,0.999999994,-0.05409173299999992,logistics,logistics,True,logistics,35411.405173251,35411.405173251,37436.405438157,35411.405390671,0.0,2025.000047485999,0.0,0.05560968397798235,-0.05560968397798235,0.9999999938601701,0.9459082611910697,0.9999999938601701,0.9459082611910697,-0.05409173266910039,0.0,-0.05409173266910039,0.0
phase_020,2026200001,forcegen_constrained,0.25,1.5,logistics,False,,0.003113780000000066,0.009374859000000013,-0.005890667999999932,0.23246320000000004,0.31496043999999995,0.704547714,0.999999126,-0.2954514119999999,logistics,logistics,True,logistics,28305.871441509,32124.167670026,40175.946737327,32124.195746806,-3818.2962285169997,8051.750990521003,-0.12653937921410383,0.22365896889763268,-0.3501983481117365,0.9999991259927495,0.7045477142473994,0.8811386801589689,0.7995870733316114,-0.29545141174535017,-0.11886044583378064,-0.20041205266113815,0.02382108674956862
phase_002,2026200010,forcegen_constrained,0.1,0.25,logistics,False,,0.0007130489999999101,0.002112147000000064,0.005859545000000077,0.004809954000000061,0.004692052999999974,0.990088087,0.999999995,-0.00991190800000008,logistics,logistics,True,logistics,33712.451767319,33712.451767319,34049.951934623,33712.451920762,0.0,337.50001386099757,0.0,0.009961358672665234,-0.009961358672665234,0.9999999954484768,0.9900880868216198,0.9999999954484768,0.9900880868216198,-0.009911908626857091,0.0,-0.009911908626857091,0.0
phase_020,2026200002,forcegen_constrained,0.25,1.5,logistics,False,,0.003360849999999971,0.014113275000000036,0.018197433999999957,0.009096106999999964,0.004190752999999936,0.758624884,0.803113071,-0.0444881869999999,logistics,logistics,True,logistics,28844.762902041,28844.762902041,38022.431775946,35916.191569402,0.0,2106.2402065440037,0.0,0.056988082993163554,-0.056988082993163554,0.8031130707804403,0.7586248841740039,0.8031130707804403,0.7586248841740039,-0.044488186606436386,0.0,-0.044488186606436386,0.0
phase_020,2026200003,forcegen_constrained,0.25,1.5,logistics,False,,7.41999999998022e-06,0.006131844999999969,0.01982491799999997,0.03341181599999998,0.07182369099999997,0.997460982,1.0,-0.002539018000000004,logistics,logistics,True,logistics,41235.097760486,40523.783777295,41340.060939337,39562.98709756,711.3139831910012,1777.0738417770044,0.017400725588945284,0.04393801642235189,-0.02653729083340661,1.0,0.9974609815160885,1.0,0.9802545728406201,-0.0025390184839114704,0.0,-0.01974542715937988,0.01720640867546841
phase_020,2026200004,forcegen_constrained,0.25,1.5,logistics,False,,9.02000000002623e-06,1.6580000000043782e-05,2.1119999999985595e-06,-0.017349783000000008,-0.0008278929999999685,0.930501996,0.99927357,-0.068771574,logistics,logistics,True,logistics,27419.29035652,27419.29035652,29467.202072332,27439.223036899,0.0,2027.9790354329998,0.0,0.07130436321094524,-0.07130436321094524,0.9992735697963389,0.930501996396364,0.9992735697963389,0.930501996396364,-0.06877157339997486,0.0,-0.06877157339997486,0.0
phase_020,2026200005,forcegen_constrained,0.25,1.5,logistics,False,,0.0021981580000000056,0.006425865999999947,-0.01945694600000003,-0.015782946000000075,0.04547509100000002,0.93378737,0.872422344,0.061365026000000045,logistics,logistics,True,logistics,39305.931645746,34699.026065821,42093.02129773,39773.197367008,4606.905579924998,2319.8239307220065,0.12466382065627364,0.05668870960549876,0.06797511105077489,0.8724223437616802,0.9337873698285871,0.988251743581229,0.8243415415678954,0.06136502606690697,0.11582939981954887,-0.048080802193784744,-0.0063835715588571595
phase_020,2026200006,forcegen_constrained,0.25,1.5,logistics,False,,0.0031466139999999365,0.011707114000000018,0.0427848489999999,0.03422973099999993,0.032791558,0.757639385,0.803169516,-0.04553013099999992,logistics,logistics,True,logistics,28581.790691259,28581.790691259,37724.795294171,35586.249379139,0.0,2138.545915032002,0.0,0.05835826852671476,-0.05835826852671476,0.8031695160326145,0.7576393846111944,0.8031695160326145,0.7576393846111944,-0.04553013142142015,0.0,-0.04553013142142015,0.0
phase_020,2026200007,forcegen_constrained,0.25,1.5,logistics,False,,7.643999999973339e-06,2.1555999999978148e-05,0.027305307,0.05010937900000001,0.06235754199999999,1.0,0.779742149,0.22025785099999995,logistics,logistics,True,logistics,66707.89463108,25033.838768746,34238.113421819,32105.27838441,41674.05586233399,2132.835037408997,0.9800948458096093,0.06431899882441373,0.9157758469851955,0.7797421492193689,1.0,1.0,0.7311687551333548,0.2202578507806311,0.2202578507806311,-0.04857339408601413,0.04857339408601413
phase_020,2026200008,forcegen_constrained,0.25,1.5,logistics,False,,-0.011795590999999939,0.00793363800000002,0.021920281999999958,-0.064074717,-0.11052857299999996,0.751579143,0.989211972,-0.23763282900000005,logistics,logistics,True,logistics,27994.191584425,38784.311997549,37247.163968609,39207.281230922,-10790.120413123997,-1960.1172623130042,-0.3260187896633016,-0.05128666837836085,-0.27473212128494073,0.9892119723660049,0.7515791432608888,0.7140049170853127,1.0,-0.23763282910511607,-0.2752070552806922,0.010788027633995112,0.02678619854158104
phase_020,2026200009,forcegen_constrained,0.25,1.5,logistics,False,,0.0023019199999999573,0.005285212999999955,0.010438749999999941,-0.022210344000000104,-0.01386960100000001,1.0,1.0,0.0,logistics,logistics,True,logistics,67901.554299077,67604.720576475,40043.939729312,34756.050429128,296.8337226020085,5287.889300183997,0.0043811136814717825,0.14162367452121546,-0.13724256083974368,1.0,1.0,1.0,1.0,0.0,0.0,0.0,0.0
phase_020,2026200010,forcegen_constrained,0.25,1.5,logistics,False,,0.0035953949999999457,0.016392485000000012,0.068046096,0.10981430400000003,0.16619936499999993,0.943381251,0.999999992,-0.05661874099999997,logistics,logistics,True,logistics,33712.63534209,33712.63534209,35735.960745603,33712.635601322,0.0,2023.3251442809997,0.0,0.05828477485004503,-0.05828477485004503,0.9999999923105388,0.9433812506702522,0.9999999923105388,0.9433812506702522,-0.056618741640286574,0.0,-0.056618741640286574,0.0
phase_020,2026200011,forcegen_constrained,0.25,1.5,logistics,False,,0.005162840999999974,0.012969031999999991,0.020538772000000094,0.022440591999999926,0.03681600600000001,1.0,1.0,0.0,logistics,logistics,True,logistics,65939.974671743,66635.400390322,35996.444400806,33818.771582153,-695.4257185790048,2177.6728186530017,-0.010491120189754918,0.06240414635415985,-0.07289526654391476,1.0,1.0,1.0,1.0,0.0,0.0,0.0,0.0
phase_002,2026200011,forcegen_constrained,0.1,0.25,logistics,False,,9.96000000030861e-07,0.0013561699999999899,0.0005483750000000454,0.005304284999999909,-0.009562665000000026,0.777260484,0.790979447,-0.013718962999999973,logistics,logistics,True,logistics,26759.831095845,26759.831095845,34428.395191624,33831.259690622,0.0,597.1355010019979,0.0,0.017496447503681428,-0.017496447503681428,0.7909794474269253,0.7772604835892942,0.7909794474269253,0.7772604835892942,-0.013718963837631049,0.0,-0.013718963837631049,0.0
phase_021,2026200000,forcegen_constrained,0.25,2.0,logistics,False,,0.008370973000000004,0.02986778499999998,0.061525588999999936,0.08109607099999994,0.11490313399999996,0.927493495,0.999999994,-0.07250649899999995,logistics,logistics,True,logistics,34011.933988684,34011.624713036,36670.805950328,34011.624912692,0.3092756480036769,2659.181037636001,9.093192238249681e-06,0.07527858493180499,-0.07526949173956674,0.9999999941297717,0.9274934953639813,1.0,0.9274850615256734,-0.0725064987657904,5.870228303450631e-09,-0.07251493260409825,8.427968079538495e-06
phase_021,2026200001,forcegen_constrained,0.25,2.0,logistics,False,,0.004136621000000007,0.014361508999999995,0.027579863000000038,-0.1168090570000001,0.12331710500000004,0.930350645,0.999739814,-0.06938916900000003,logistics,logistics,True,logistics,35618.692501204,36038.391776377,38285.234371355,36047.77090644,-419.6992751729995,2237.463464915003,-0.011714238132141995,0.06021926786708766,-0.07193350599922965,0.9997398138684542,0.9303506452569582,0.9880969503953616,0.9413130771726688,-0.06938916861149602,-0.011642863473092624,-0.058426736695785464,0.0006804315573820663
phase_021,2026200002,forcegen_constrained,0.25,2.0,logistics,False,,0.004029297000000098,0.016318908999999993,0.024559650999999905,0.024023769000000028,0.025795848999999982,0.748498071,0.803105834,-0.05460776300000003,logistics,logistics,True,logistics,28843.442897368,28843.442897368,38535.093178506,35914.871567468,0.0,2620.221611038003,0.0,0.0704178777430939,-0.0704178777430939,0.8031058343946478,0.7484980706743488,0.8031058343946478,0.7484980706743488,-0.05460776372029896,0.0,-0.05460776372029896,0.0
phase_021,2026200003,forcegen_constrained,0.25,2.0,logistics,False,,0.004701993000000071,-0.0054560609999999565,0.01515722399999997,-0.012103591000000025,0.086080182,0.768163882,0.800875365,-0.03271148300000004,logistics,logistics,True,logistics,32161.578555345,28536.771078405,41868.121252971,35631.975110096,3624.807476940001,6236.146142875004,0.11957905859648514,0.16128129607785135,-0.041702237481366214,0.800875365180623,0.7681638820385995,0.9026044291951784,0.6815870935785064,-0.032711483142023434,0.10172906401455539,-0.11928827160211652,-0.015152275554462302
phase_021,2026200004,forcegen_constrained,0.25,2.0,logistics,False,,0.004048491000000043,0.04434695799999999,0.03702407199999991,0.02096258800000006,-0.028615751999999994,0.745588424,0.802488748,-0.056900324,logistics,logistics,True,logistics,28626.913628675,28626.913628675,38395.061826707,35672.666672654,0.0,2722.3951540530034,0.0,0.07354409694879503,-0.07354409694879503,0.8024887483564512,0.7455884237895033,0.8024887483564512,0.7455884237895033,-0.056900324566947935,0.0,-0.056900324566947935,0.0
phase_021,2026200005,forcegen_constrained,0.25,2.0,logistics,False,,0.003830847999999998,0.011503213999999984,0.017697990000000052,-0.027969072999999955,0.11526555200000005,0.928941441,0.999998347,-0.07105690600000003,logistics,logistics,True,logistics,35490.275204781,35524.730001566,38205.072630223,35524.788729229,-34.454796785001236,2680.283900994,-0.0009703526568333751,0.07273757129937491,-0.07370792395620829,0.9999983468539827,0.9289414405328364,0.999028466440404,0.92984327880752,-0.07105690632114625,-0.0009698804135787054,-0.07015506804646265,6.804213889510802e-05
phase_021,2026200006,forcegen_constrained,0.25,2.0,logistics,False,,6.30499999998424e-06,1.584600000004155e-05,0.018788523,0.030681901999999983,0.02825030900000003,0.748338612,0.803231633,-0.05489302100000004,logistics,logistics,True,logistics,28599.71453847,28599.71453847,38217.611759462,35605.812045844,0.0,2611.7997136179983,0.0,0.07078756594218934,-0.07078756594218934,0.8032316325673643,0.7483386120114954,0.8032316325673643,0.7483386120114954,-0.054893020555868866,0.0,-0.054893020555868866,0.0
phase_021,2026200007,forcegen_constrained,0.25,2.0,logistics,False,,0.0042350369999999415,0.009727468000000017,-0.022020095000000017,0.020365536000000017,-0.02779472999999999,0.55657595,1.0,-0.44342404999999996,logistics,logistics,True,logistics,21116.999452678,70203.838002942,37940.912571631,35259.856600557,-49086.838550263994,2681.055971073998,-1.2013246045683101,0.07328490719309046,-1.2746095117614007,1.0,0.5565759498485944,0.5988963509382058,1.0,-0.4434240501514056,-0.4011036490617942,0.0,-0.04232040108961144
phase_021,2026200008,forcegen_constrained,0.25,2.0,logistics,False,,0.0028342270000000225,0.011307357999999934,-0.007042839000000023,0.04371229700000001,-0.25769402799999996,0.924283867,1.0,-0.07571613300000002,logistics,logistics,True,logistics,33441.948280125,69918.489386008,36181.469196203,37175.609428913,-36476.54110588301,-994.1402327100004,-0.7375190777379022,-0.02710579861817715,-0.710413279119725,1.0,0.9242838674896736,0.8995669148093595,1.0,-0.07571613251032638,-0.10043308519064054,0.0,0.024716952680314153
phase_021,2026200009,forcegen_constrained,0.25,2.0,logistics,False,,0.005856188999999956,0.009892568000000046,0.007145071999999919,0.020564950000000026,0.02876635900000002,1.0,1.0,0.0,logistics,logistics,True,logistics,69034.421312311,69797.382859032,39399.388020665,36847.007235474,-762.9615467210097,2552.3807851910024,-0.010991274402215489,0.06697588315240459,-0.07796715755462008,1.0,1.0,1.0,1.0,0.0,0.0,0.0,0.0
phase_003,2026200000,forcegen_constrained,0.1,0.5,logistics,False,,0.002406106000000019,0.008169384999999973,0.01089779600000007,0.008753443000000027,0.007099981999999949,0.980535923,0.999999997,-0.019464073999999942,logistics,logistics,True,logistics,34004.27568998,34004.27568998,34679.275792442,34004.275795067,0.0,674.9999973750018,0.0,0.019655993735777748,-0.019655993735777748,0.9999999969095946,0.9805359227654601,0.9999999969095946,0.9805359227654601,-0.019464074144134536,0.0,-0.019464074144134536,0.0
phase_021,2026200010,forcegen_constrained,0.25,2.0,logistics,False,,0.0048717609999999745,-0.0036360039999999705,0.06916546699999992,0.11075640500000006,0.16951708100000001,0.924646956,0.999999993,-0.07535303699999996,logistics,logistics,True,logistics,33675.826044263,33675.826044263,36420.198909397,33675.826284033,0.0,2744.372625363998,0.0,0.07834327681560341,-0.07834327681560341,0.9999999928800559,0.9246469556094076,0.9999999928800559,0.9246469556094076,-0.07535303727064835,0.0,-0.07535303727064835,0.0
phase_021,2026200011,forcegen_constrained,0.25,2.0,logistics,False,,1.10779999999977e-05,0.01445109,0.06879584000000005,0.2733725990000001,0.36870997999999994,0.733489774,0.999999979,-0.266510205,logistics,logistics,True,logistics,26772.07387054,31195.471499615,36499.587054751,31195.472155273,-4423.397629075,5304.114899477998,-0.15291361555706617,0.15702798590036848,-0.30994160145743466,0.9999999789822703,0.7334897742919859,0.8582038360337717,0.8546801215263178,-0.2665102046902844,-0.14179614294849863,-0.14531985745595255,0.020605795714166764
phase_003,2026200001,forcegen_constrained,0.1,0.5,logistics,False,,0.0008805219999999947,0.0035153860000000092,0.017748788000000015,0.00134716300000004,0.007548643999999993,0.788490106,0.812102075,-0.023611968999999955,logistics,logistics,True,logistics,30562.98882567,30562.98882567,38761.410690224,37634.417863321,0.0,1126.9928269029988,0.0,0.02950618147013154,-0.02950618147013154,0.8121020746665273,0.7884901060471021,0.8121020746665273,0.7884901060471021,-0.02361196861942516,0.0,-0.02361196861942516,0.0
phase_023,2026200000,forcegen_constrained,0.4,0.25,logistics,False,,0.0012254900000000513,0.003981146999999963,0.005390548999999911,0.0048168939999999605,0.0037719850000000887,0.990172592,0.999999997,-0.009827405000000011,logistics,logistics,True,logistics,34005.23718738,34005.23718738,34342.737282895,34005.237284358,0.0,337.4999985370014,0.0,0.009876012972120806,-0.009876012972120806,0.9999999971481451,0.9901725918719035,0.9999999971481451,0.9901725918719035,-0.009827405276241596,0.0,-0.009827405276241596,0.0
phase_023,2026200001,forcegen_constrained,0.4,0.25,logistics,False,,0.0004416729999999758,0.0017968529999999872,0.03280931399999998,0.0042552470000000175,-0.08788868999999999,0.921220734,1.0,-0.07877926599999996,logistics,logistics,True,logistics,35001.827046046,72869.113143014,37995.049113923,37714.74938276,-37867.286096968,280.29973116300243,-0.7332645997664092,0.00740461650737733,-0.7406692162737866,1.0,0.9212207343408813,0.9280673375505945,1.0,-0.07877926565911875,-0.07193266244940555,0.0,-0.006846603209713198
phase_023,2026200002,forcegen_constrained,0.4,0.25,logistics,False,,0.0004938070000000128,0.0046295889999999895,0.007811022000000056,-0.0037713929999999563,-0.007793884000000029,0.790801801,0.803109408,-0.012307606999999998,logistics,logistics,True,logistics,28844.094594489,28844.094594489,36474.492795451,35915.52320773,0.0,558.9695877209961,0.0,0.015443585407538441,-0.015443585407538441,0.8031094083652653,0.7908018010352253,0.8031094083652653,0.7908018010352253,-0.012307607330039994,0.0,-0.012307607330039994,0.0
phase_023,2026200003,forcegen_constrained,0.4,0.25,logistics,False,,1.5020000000420808e-06,0.001836517000000093,0.0009439109999999085,0.016370349999999978,0.008603075999999987,0.989270957,1.0,-0.010729042999999994,logistics,logistics,True,logistics,40557.091219989,42682.806498569,40996.949252842,41071.334266338,-2125.715278579999,-74.38501349600119,-0.05108553980515101,-0.0018127595869192566,-0.049272780218231754,1.0,0.9892709569646208,0.9874792709919221,1.0,-0.010729043035379249,-0.01252072900807788,0.0,0.0017916859726986312
phase_023,2026200004,forcegen_constrained,0.4,0.25,logistics,False,,8.350000000323377e-07,0.010407661000000012,0.013772200000000012,0.020505490000000015,-0.0012126089999999756,0.77196348,0.788001202,-0.016037721999999976,logistics,logistics,True,logistics,26112.249687452,26112.249687452,33825.75778079,33137.322141769,0.0,688.4356390210014,0.0,0.020562372464615782,-0.020562372464615782,0.7880012022618441,0.7719634799218428,0.7880012022618441,0.7719634799218428,-0.016037722340001337,0.0,-0.016037722340001337,0.0
phase_023,2026200005,forcegen_constrained,0.4,0.25,logistics,False,,0.000358874000000009,0.0012256019999999923,0.004485843999999961,0.06196091800000003,0.01916997399999998,0.792023518,0.807247532,-0.015224013999999952,logistics,logistics,True,logistics,29336.361855858,29621.100017801,37039.76103277,36693.94930608,-284.7381619430016,345.8117266900008,-0.009659180253835333,0.00938008573409693,-0.019039265987932263,0.8072475320309263,0.7920235184536797,0.799487719655107,0.7997108834367066,-0.015224013577246565,-0.007759812375819242,-0.007536648594219653,7.24473927923297e-05
phase_003,2026200002,forcegen_constrained,0.1,0.5,logistics,False,,0.0009520479999999276,0.005930710000000006,0.008239221000000074,-0.0024009280000000244,-0.01550998800000003,0.784369897,0.80311019,-0.018740292999999908,logistics,logistics,True,logistics,28844.237191142,28844.237191142,36773.76874567,35915.665816626,0.0,858.1029290439983,0.0,0.023611211150758146,-0.023611211150758146,0.8031101898099712,0.7843698966682147,0.8031101898099712,0.7843698966682147,-0.018740293141756514,0.0,-0.018740293141756514,0.0
phase_023,2026200006,forcegen_constrained,0.4,0.25,logistics,False,,0.00045455500000002313,0.0013712150000000367,0.0018936889999999762,0.00448897699999995,0.0038674120000000145,0.98955115,0.999999246,-0.010448095999999962,logistics,logistics,True,logistics,31965.129040405,31965.129040405,32302.654624942,31965.153127234,0.0,337.5014977079991,0.0,0.010503068709344742,-0.010503068709344742,0.9999992464660219,0.989551150255113,0.9999992464660219,0.989551150255113,-0.01044809621090892,0.0,-0.01044809621090892,0.0
phase_023,2026200007,forcegen_constrained,0.4,0.25,logistics,False,,0.005688322999999995,-0.006584969999999912,0.010495323,0.004278794000000086,-0.0008024199999999704,0.952194695,1.0,-0.04780530500000002,logistics,logistics,True,logistics,30907.443404054,33844.849919993,32459.16362279,32104.067250911,-2937.406515939001,355.0963718790008,-0.09078980185983693,0.011000067613268308,-0.10178986947310524,1.0,0.952194694947515,0.9627267212747617,1.0,-0.047805305052485036,-0.037273278725238335,0.0,-0.010532026327246702
phase_023,2026200008,forcegen_constrained,0.4,0.25,logistics,False,,1.1070000000001912e-06,2.8489999999159465e-06,0.0017598859999999883,-0.00015337800000003732,0.003214789000000051,0.795173618,0.806527627,-0.011354009000000054,logistics,logistics,True,logistics,29478.922538797,29478.922538797,37072.309574863,36550.418815188,0.0,521.8907596749996,0.0,0.014177673471441148,-0.014177673471441148,0.8065276266149776,0.795173618176335,0.8065276266149776,0.795173618176335,-0.011354008438642538,0.0,-0.011354008438642538,0.0
phase_023,2026200009,forcegen_constrained,0.4,0.25,logistics,False,,0.0004686339999999678,0.011734000999999994,0.003382200000000002,0.042098367000000025,0.07693097400000004,0.764103091,0.791198578,-0.027095487000000085,logistics,logistics,True,logistics,31206.032596296,26942.370610141,40840.081606807,34052.602435786,4263.6619861550025,6787.4791710209975,0.1469112655377564,0.18175753199518083,-0.03484626645742442,0.7911985775814645,0.7641030910940871,0.9164066874225587,0.6597041325610474,-0.027095486487377363,0.1252081098410942,-0.13149444502041707,-0.020809151308054497
phase_023,2026200010,forcegen_constrained,0.4,0.25,logistics,False,,0.0007131019999999655,0.002112204999999978,0.005859626999999978,0.004809882999999959,0.004691612000000012,0.990088087,0.999999995,-0.00991190800000008,logistics,logistics,True,logistics,33712.451767319,33712.451767319,34049.951934623,33712.451920762,0.0,337.50001386099757,0.0,0.009961358672665234,-0.009961358672665234,0.9999999954484768,0.9900880868216198,0.9999999954484768,0.9900880868216198,-0.009911908626857091,0.0,-0.009911908626857091,0.0
phase_023,2026200011,forcegen_constrained,0.4,0.25,logistics,False,,1.0419999999511376e-06,0.0013562510000000305,0.0005485920000000144,0.005304341999999962,-0.009563442000000033,0.777260484,0.790979448,-0.013718963999999945,logistics,logistics,True,logistics,26759.831129204,26759.831129204,34428.395225224,33831.259723983,0.0,597.1355012409986,0.0,0.017496447493520164,-0.017496447493520164,0.7909794476329813,0.7772604837996743,0.7909794476329813,0.7772604837996743,-0.013718963833307063,0.0,-0.013718963833307063,0.0
phase_024,2026200000,forcegen_constrained,0.4,0.5,logistics,False,,0.0024061550000000764,0.00816946400000007,0.010897769999999918,0.00875319200000002,0.007099337999999955,0.980535923,0.999999997,-0.019464073999999942,logistics,logistics,True,logistics,34004.275706361,34004.275706361,34679.275808819,34004.275811447,0.0,674.9999973720041,0.0,0.019655993726315518,-0.019655993726315518,0.9999999969096239,0.9805359227747671,0.9999999969096239,0.9805359227747671,-0.019464074134856846,0.0,-0.019464074134856846,0.0
phase_024,2026200001,forcegen_constrained,0.4,0.5,logistics,False,,0.0008805800000000197,0.003515498999999922,0.01774912300000009,0.0013472000000001039,0.0075478069999999065,0.788490106,0.812102075,-0.023611968999999955,logistics,logistics,True,logistics,30562.988889576,30562.988889576,38761.410752739,37634.417927221,0.0,1126.9928255179984,0.0,0.029506181385033102,-0.029506181385033102,0.8121020749857212,0.7884901064241148,0.8121020749857212,0.7884901064241148,-0.02361196856160641,0.0,-0.02361196856160641,0.0
phase_024,2026200002,forcegen_constrained,0.4,0.5,logistics,False,,0.0009520920000000155,0.00593078800000002,0.008239287000000095,-0.0024012100000000425,-0.015510664999999979,0.784369897,0.80311019,-0.018740292999999908,logistics,logistics,True,logistics,28844.237203913,28844.237203913,36773.768758509,35915.665829397,0.0,858.1029291119994,0.0,0.023611211144309936,-0.023611211144309936,0.8031101898799817,0.7843698967416494,0.8031101898799817,0.7843698967416494,-0.018740293138332365,0.0,-0.018740293138332365,0.0
phase_024,2026200003,forcegen_constrained,0.4,0.5,logistics,False,,2.3120000000043106e-06,0.017875221999999913,0.022165124999999897,0.01567811600000002,-0.016898826000000033,0.989388872,0.974574749,0.014814123000000068,logistics,logistics,True,logistics,41088.596432713,39393.23968186,41529.268835956,40420.952530689,1695.356750852996,1108.3163052669988,0.042136404041837494,0.027050174280124992,0.015086229761712502,0.9745747493691862,0.989388871617661,1.0,0.9485656932094451,0.014814122248474781,0.0254252506308138,-0.02600905615974114,0.01539792777740212
phase_003,2026200003,forcegen_constrained,0.1,0.5,logistics,False,,2.2849999999907666e-06,0.017875152000000005,0.0221651169999999,0.01567828399999993,-0.01689826299999997,0.989388872,0.974574749,0.014814123000000068,logistics,logistics,True,logistics,41088.596434317,39393.239683398,41529.268838151,40420.952531874,1695.356750918996,1108.3163062770036,0.04213640404183281,0.027050174303662917,0.015086229738169893,0.9745747493786646,0.9893888716039908,1.0,0.9485656931963433,0.014814122225326187,0.025425250621335382,-0.0260090561823213,0.015397927786312104
phase_024,2026200004,forcegen_constrained,0.4,0.5,logistics,False,,2.2519999999248697e-06,0.011248034999999934,0.04662725599999995,0.010087828000000076,0.28539153899999997,0.765777284,0.982728826,-0.216951542,logistics,logistics,True,logistics,26112.653469038,30024.365272768,34099.540437897,30552.034780543,-3911.711803729999,3547.5056573539987,-0.1395892236944061,0.10985261897678847,-0.24944184267119457,0.9827288260318738,0.7657772842010897,0.854694414188995,0.8804917863174485,-0.21695154183078413,-0.12803441184287878,-0.10223703971442533,0.013319909726519974
phase_024,2026200005,forcegen_constrained,0.4,0.5,logistics,False,,0.0013138569999999739,0.0037370890000000268,0.003873493000000061,0.01746558500000006,-0.05652639699999995,0.795271165,0.815172815,-0.019901650000000104,logistics,logistics,True,logistics,31035.794721049,31035.794721049,39025.424415188,38072.656702119,0.0,952.767713068999,0.0,0.024716989189088885,-0.024716989189088885,0.8151728145443984,0.7952711645326892,0.8151728145443984,0.7952711645326892,-0.019901650011709182,0.0,-0.019901650011709182,0.0
phase_024,2026200006,forcegen_constrained,0.4,0.5,logistics,False,,0.0008933019999999292,0.007406660000000009,0.018359476999999957,0.010379593999999992,0.009453109999999987,0.979319706,0.999999246,-0.020679540000000052,logistics,logistics,True,logistics,31966.192323301,31966.192323301,32641.222392086,31966.216420681,0.0,675.0059714050003,0.0,0.020896371869263578,-0.020896371869263578,0.9999992461610193,0.9793197062084088,0.9999992461610193,0.9793197062084088,-0.020679539952610515,0.0,-0.020679539952610515,0.0
phase_024,2026200007,forcegen_constrained,0.4,0.5,logistics,False,,0.0062740189999999085,0.03369739199999999,0.00045567500000009975,0.0017097610000000873,0.042274535,1.0,0.760034158,0.23996584200000004,logistics,logistics,True,logistics,67572.303126975,25524.224818991,35737.30675311,33582.996957522,42048.078307984004,2154.3097955880003,0.9735701879270557,0.062175254280369435,0.9113949336466863,0.7600341580971981,1.0,1.0,0.7142179178561009,0.2399658419028019,0.2399658419028019,-0.045816240241097206,0.045816240241097206
phase_024,2026200008,forcegen_constrained,0.4,0.5,logistics,False,,0.0008410279999999659,0.0017922519999999942,0.0015149300000000254,0.029123452999999966,0.034463542999999985,1.0,0.798065993,0.20193400699999997,logistics,logistics,True,logistics,67488.474805715,27947.504867035,35715.704763261,35019.039932145,39540.96993868,696.6648311159952,0.881628915369559,0.019698589751496805,0.8619303256180622,0.7980659927053331,1.0,1.0,0.7824990449518788,0.20193400729466693,0.20193400729466693,-0.015566947753454241,0.015566947753454241
phase_024,2026200009,forcegen_constrained,0.4,0.5,logistics,False,,0.0007313869999999723,0.002337020000000023,0.0027389769999999203,0.043553237999999994,0.030297483999999986,0.609421109,1.0,-0.390578891,logistics,logistics,True,logistics,23191.219934612,67119.542401335,38054.507147105,35241.148231679,-43928.322466722995,2813.3589154260044,-1.0627014885682873,0.0768051468384727,-1.13950663540676,1.0,0.6094211086472124,0.6580721996386296,1.0,-0.39057889135278756,-0.3419278003613704,0.0,-0.04865109099141718
phase_024,2026200010,forcegen_constrained,0.4,0.5,logistics,False,,0.001373017000000032,0.0049248290000000194,0.010094405000000028,0.011335952000000038,0.0053711850000000005,0.980370762,0.999999995,-0.01962923300000008,logistics,logistics,True,logistics,33712.488727665,33712.488727665,34387.488926306,33712.488894253,0.0,675.0000320530016,0.0,0.01982444518332065,-0.01982444518332065,0.9999999950585671,0.980370762166218,0.9999999950585671,0.980370762166218,-0.01962923289234908,0.0,-0.01962923289234908,0.0
phase_024,2026200011,forcegen_constrained,0.4,0.5,logistics,False,,0.0015062769999999448,0.0029958730000000378,0.001087836999999925,-0.0032776899999999998,0.07303498099999994,1.0,0.920624985,0.079375015,logistics,logistics,True,logistics,38539.340346253,31131.943726533,34615.929370388,33816.096913433,7407.396619719995,799.8324569550023,0.21344512523996506,0.023377033380689922,0.19006809185927515,0.9206249853798546,1.0,1.0,0.8993531097612143,0.0793750146201454,0.0793750146201454,-0.0212718756186403,0.0212718756186403
phase_025,2026200000,forcegen_constrained,0.4,0.75,logistics,False,,0.003552371999999915,0.011419039000000075,0.015545539999999969,0.014128266999999917,0.011756850000000041,0.971085782,0.999999997,-0.02891421500000002,logistics,logistics,True,logistics,34004.877803232,34004.877803232,35017.377914811,34004.877918557,0.0,1012.499996253995,0.0,0.029340467601494998,-0.029340467601494998,0.9999999966085746,0.9710857816355589,0.9999999966085746,0.9710857816355589,-0.028914214973015717,0.0,-0.028914214973015717,0.0
phase_025,2026200001,forcegen_constrained,0.4,0.75,logistics,False,,0.004444800999999998,0.005024033999999955,0.008951963000000007,-0.089264762,0.008862919999999996,0.787479363,1.0,-0.212520637,logistics,logistics,True,logistics,30562.995853219,72868.77304884,38811.170516578,37732.343137692,-42305.777195621,1078.8273788860024,-0.8688702026659662,0.02819047028311518,-0.8970606729490813,1.0,0.7874793634519259,0.8099946441621507,1.0,-0.21252063654807407,-0.19000535583784928,0.0,-0.022515280710224794
phase_003,2026200004,forcegen_constrained,0.1,0.5,logistics,False,,2.2419999999856444e-06,0.011248033999999962,0.046627272999999914,0.010088086999999968,0.28539146899999995,0.765777284,0.982728826,-0.216951542,logistics,logistics,True,logistics,26112.653439506,30024.36523881,34099.540386993,30552.034748621,-3911.711799304001,3547.5056383720002,-0.13958922369433743,0.10985261852882285,-0.2494418422231603,0.9827288259471878,0.7657772844781938,0.854694414115401,0.8804917866360028,-0.21695154146899398,-0.12803441183178677,-0.102237039311185,0.013319909673977781
phase_025,2026200002,forcegen_constrained,0.4,0.75,logistics,False,,0.0013663429999999366,0.004865165999999976,0.0035985020000000034,-0.0010919429999999286,-0.005472942000000036,0.771775434,0.803110963,-0.03133552899999992,logistics,logistics,True,logistics,28844.378209965,28844.378209965,37374.055903879,35915.806849855,0.0,1458.2490540240033,0.0,0.03979927048090009,-0.03979927048090009,0.8031109625505032,0.7717754338503915,0.8031109625505032,0.7717754338503915,-0.03133552870011169,0.0,-0.03133552870011169,0.0
phase_025,2026200003,forcegen_constrained,0.4,0.75,logistics,False,,5.998000000007053e-06,-0.008027827000000043,-0.00479541799999994,0.01707700600000006,0.004369869999999998,0.933601237,0.986524898,-0.05292366100000001,logistics,logistics,True,logistics,36811.315313241,39028.399733865,39429.377183637,39561.494924841,-2217.084420624,-132.11774120399787,-0.058484300175879106,-0.003345142568424817,-0.05513915760745429,0.9865248977070059,0.9336012370116137,0.9304834254412075,0.9898304898932463,-0.05292366069539223,-0.056041472265798364,0.0033055921862403803,-0.00018778061583424321
phase_025,2026200004,forcegen_constrained,0.4,0.75,logistics,False,,3.717000000014181e-06,6.062000000084389e-06,3.542000000078538e-06,0.005262706000000006,0.05114810000000003,0.946935403,0.999289901,-0.05235449800000003,logistics,logistics,True,logistics,28226.862721229,27418.058963785,29808.64652829,27437.542343979,808.8037574440023,2371.1041843109997,0.02907222073423763,0.08288626925873316,-0.053814048524495534,0.9992899006787948,0.9469354032710006,1.0,0.9198022103339645,-0.05235449740779419,0.0007100993212052487,-0.07948769034483028,0.02642309361583084
phase_025,2026200005,forcegen_constrained,0.4,0.75,logistics,False,,0.0010526889999999955,0.003660874000000036,0.0012228349999999777,-0.00495082899999999,0.04649521400000001,1.0,1.0,0.0,logistics,logistics,True,logistics,43322.819355414,69515.298150856,40488.737144643,36858.30168933,-26192.478795442003,3630.435455312996,-0.4728673435386841,0.09394296368744176,-0.5668103072261259,1.0,1.0,1.0,1.0,0.0,0.0,0.0,0.0
phase_025,2026200006,forcegen_constrained,0.4,0.75,logistics,False,,2.8970000000017038e-06,-0.01520839400000007,-0.005325170999999962,-0.09524887199999998,-0.281974779,0.971133816,0.80314872,0.167985096,logistics,logistics,True,logistics,34070.778711769,28577.658102974,35083.505644667,35582.025348357,5493.120608795001,-498.519703689999,0.17581486031111263,-0.01410950903576332,0.18992436934687595,0.8031487197030389,0.9711338158975586,0.9575278073186528,0.8145610758632399,0.16798509619451973,0.15437908761561392,0.011412356160200976,0.002193652418704839
phase_025,2026200007,forcegen_constrained,0.4,0.75,logistics,False,,0.0014603679999999342,9.30099999996159e-06,0.008494774000000094,0.040702716999999944,0.06505092199999996,1.0,0.783168243,0.216831757,logistics,logistics,True,logistics,67692.259725145,25534.847213273,33813.371212848,32604.548839899,42157.41251187201,1208.8223729489982,0.974927764746756,0.03640450866917312,0.9385232560775829,0.7831682425252691,1.0,1.0,0.7551701086690397,0.21683175747473094,0.21683175747473094,-0.0279981338562294,0.0279981338562294
phase_025,2026200008,forcegen_constrained,0.4,0.75,logistics,False,,0.001053776999999978,0.002063115999999976,0.0031431129999999197,0.021299681000000015,0.17633220100000002,0.771608067,0.908029518,-0.13642145100000003,logistics,logistics,True,logistics,27947.760837777,31411.918897673,36220.151168372,34593.499727531,-3464.158059895999,1626.6514408410003,-0.11685032036603815,0.04594983079501399,-0.16280015116105215,0.9080295184090333,0.7716080672292008,0.8078905302412918,0.8672498011301062,-0.1364214511798325,-0.10013898816774158,-0.04077971727892715,0.004497254266836226
phase_025,2026200009,forcegen_constrained,0.4,0.75,logistics,False,,0.0012444929999999577,0.002847445000000004,0.025803655000000036,0.10528235000000008,-0.03954027699999996,0.765689274,1.0,-0.23431072600000002,logistics,logistics,True,logistics,27315.302521647,70522.826495818,35674.134993206,35330.907523891,-43207.523974170996,343.2274693149957,-0.9484893604152532,0.009667768104281011,-0.9581571285195343,1.0,0.7656892739473318,0.7731276787378362,1.0,-0.23431072605266823,-0.22687232126216383,0.0,-0.007438404790504394
phase_025,2026200010,forcegen_constrained,0.4,0.75,logistics,False,,0.00160761900000006,0.004485930999999943,0.005917361000000065,0.00030879100000003046,-0.004469308999999977,0.785786078,0.813071236,-0.027285157999999976,logistics,logistics,True,logistics,30465.302042618,30465.302042618,38770.478225736,37469.413120496,0.0,1301.065105239999,0.0,0.034134136516948424,-0.034134136516948424,0.8130712361212109,0.785786078398048,0.8130712361212109,0.785786078398048,-0.027285157723162867,0.0,-0.027285157723162867,0.0
phase_025,2026200011,forcegen_constrained,0.4,0.75,logistics,False,,0.0022498320000000627,0.004524715000000068,0.002995992000000003,-0.003059922999999909,0.008790701000000012,1.0,0.790893196,0.20910680400000003,logistics,logistics,True,logistics,69030.305391238,26745.876534342,34946.478395611,33817.305151147,42284.428856896004,1129.1732444640002,0.9481653035310191,0.03284504420140408,0.915320259329615,0.7908931955045166,1.0,1.0,0.7653382475786479,0.20910680449548336,0.20910680449548336,-0.025554947925868765,0.025554947925868765
phase_003,2026200005,forcegen_constrained,0.1,0.5,logistics,False,,0.0013138209999999928,0.0037370250000000604,0.0038734550000000256,0.017465848999999922,-0.05652576600000003,0.795271164,0.815172814,-0.019901649999999993,logistics,logistics,True,logistics,31035.794707272,31035.794707272,39025.424403022,38072.656688344,0.0,952.767714677997,0.0,0.024716989239151683,-0.024716989239151683,0.8151728144774739,0.7952711644275852,0.8151728144774739,0.7952711644275852,-0.019901650049888753,0.0,-0.019901650049888753,0.0
phase_026,2026200000,forcegen_constrained,0.4,1.0,logistics,False,,0.004167662000000072,0.014120660999999979,0.01943145700000004,0.017416329000000008,0.012912699000000027,0.961829847,0.999999994,-0.03817014699999999,logistics,logistics,True,logistics,34017.953754586,34017.953754586,35367.953971463,34017.953943206,0.0,1350.0000282570036,0.0,0.03891771270935145,-0.03891771270935145,0.999999994455281,0.961829846929617,0.999999994455281,0.961829846929617,-0.038170147525663944,0.0,-0.038170147525663944,0.0
phase_026,2026200001,forcegen_constrained,0.4,1.0,logistics,False,,0.005778101000000091,-0.017964405999999933,0.006493894999999972,-0.006829222000000024,-0.023684163999999952,0.784840613,1.0,-0.21515938700000004,logistics,logistics,True,logistics,31751.179218781,72050.135130268,40455.576178474,38580.43874028,-40298.955911487,1875.137438194004,-0.8194323325526068,0.047459107978557125,-0.866891440531164,1.0,0.7848406132867161,0.8229864733402087,1.0,-0.21515938671328394,-0.1770135266597913,0.0,-0.03814586005349263
phase_026,2026200002,forcegen_constrained,0.4,1.0,logistics,False,,0.002360813000000017,0.008904625,0.011066084999999948,-0.0001554190000000455,-0.005687255999999974,0.769332214,0.803111969,-0.03377975500000008,logistics,logistics,True,logistics,28844.561880779,28844.561880779,37492.985919664,35915.990532832,0.0,1576.9953868320008,0.0,0.042971258272918,-0.042971258272918,0.8031119691495415,0.7693322143662836,0.8031119691495415,0.7693322143662836,-0.0337797547832579,0.0,-0.0337797547832579,0.0
phase_026,2026200003,forcegen_constrained,0.4,1.0,logistics,False,,4.8809999999566145e-06,0.00637626400000002,0.014117578999999991,0.03365526900000004,-0.045191062999999976,1.0,1.0,0.0,logistics,logistics,True,logistics,41249.44987632,43363.753357413,40856.544474171,39583.613371322,-2114.3034810929967,1272.9311028490047,-0.04998613969589894,0.03165178705467616,-0.0816379267505751,1.0,1.0,1.0,1.0,0.0,0.0,0.0,0.0
phase_026,2026200004,forcegen_constrained,0.4,1.0,logistics,False,,5.0189999999394885e-06,1.0339000000025855e-05,3.427999999972009e-06,-0.037669035999999934,-0.015339769000000003,0.952655168,0.999647988,-0.046992819999999935,logistics,logistics,True,logistics,27418.519158178,27418.519158178,28781.158255103,27428.17419464,0.0,1352.9840604630008,0.0,0.04815020540798489,-0.04815020540798489,0.999647988364319,0.9526551681886049,0.999647988364319,0.9526551681886049,-0.046992820175714156,0.0,-0.046992820175714156,0.0
phase_026,2026200005,forcegen_constrained,0.4,1.0,logistics,False,,0.0013896350000000002,0.004790518000000077,0.007709351000000031,0.10821338300000005,0.011231388000000009,1.0,1.0,0.0,logistics,logistics,True,logistics,43137.615564689,69530.002578073,41567.673414989,36667.041063837,-26392.38701338401,4900.632351152002,-0.4773629837845759,0.12544449590843212,-0.6028074796930081,1.0,1.0,1.0,1.0,0.0,0.0,0.0,0.0
phase_026,2026200006,forcegen_constrained,0.4,1.0,logistics,False,,0.0009634450000000072,0.01916351500000002,-0.020583771999999945,-0.15377472300000006,-0.239717713,0.961845423,0.803156722,0.158688701,logistics,logistics,True,logistics,34037.304956457,28579.229447845,35387.500065874,35583.627305665,5458.075508612004,-196.12723979099974,0.17477691682759308,-0.005526972624492908,0.180303889452086,0.8031567215547785,0.961845422623706,0.9565439932268563,0.8076080365848004,0.15868870106892752,0.15338727167207789,0.004451315030021941,0.0008501143668276923
phase_026,2026200007,forcegen_constrained,0.4,1.0,logistics,False,,5.103999999978015e-06,-8.978999999964543e-06,1.4432999999924867e-05,0.02813640900000003,-0.029967737000000105,0.878918883,1.0,-0.12108111700000002,logistics,logistics,True,logistics,29439.4757561,38251.915509655,33495.099879103,32104.695502238,-8812.439753555002,1390.4043768650008,-0.261857151198005,0.042396859099835864,-0.3042540102978409,1.0,0.8789188825338231,0.9169834909054905,1.0,-0.12108111746617689,-0.08301650909450953,0.0,-0.03806460837166736
phase_026,2026200008,forcegen_constrained,0.4,1.0,logistics,False,,0.001547594000000041,0.0030699880000000235,0.11590951199999999,0.09255452100000006,-0.1594468120000001,0.960995412,1.0,-0.03900458799999995,logistics,logistics,True,logistics,34545.362186185,67519.839942816,35947.478795196,35019.725611531,-32974.47775663101,927.7531836650014,-0.6701481734090419,0.02614745920328531,-0.6962956326123272,1.0,0.9609954117505903,0.9864543934293475,1.0,-0.039004588249409666,-0.013545606570652513,0.0,-0.025458981678757153
phase_026,2026200009,forcegen_constrained,0.4,1.0,logistics,False,,0.001723822000000097,0.003789298000000052,0.0063186200000000525,0.027048759000000033,0.005087092000000015,0.762792837,0.799808506,-0.03701566899999997,logistics,logistics,True,logistics,28284.505208856,28257.187141067,37080.192480717,35329.940784723,27.31806778900136,1750.2516959939967,0.0009662982758133311,0.04835214633456517,-0.047385848058751845,0.7998085055745598,0.7627928367298776,0.8005817326783204,0.7620561073344408,-0.037015668844682215,0.0007732271037605987,-0.037752398240119,-3.6497708323812716e-05
phase_003,2026200006,forcegen_constrained,0.1,0.5,logistics,False,,0.0007714140000000258,-0.024736238999999993,-0.016374708999999932,-0.026102999999999987,0.025517035999999993,0.779459395,0.797185341,-0.017725945999999992,logistics,logistics,True,logistics,27558.424415586,27531.653198177,35355.817873412,34536.07558097,26.77121740900111,819.7422924420025,0.0009719071265081044,0.023458511244000287,-0.022486604117492183,0.797185341271011,0.7794593951766638,0.7979605080193648,0.7787022010564528,-0.01772594609434719,0.0007751667483537616,-0.018483140214558214,-1.7972628142737257e-05
phase_026,2026200010,forcegen_constrained,0.4,1.0,logistics,False,,5.0459999999530325e-06,0.006377593999999931,0.007887807999999996,0.004573614000000004,0.04513100299999995,0.779291107,0.813070233,-0.03377912599999999,logistics,logistics,True,logistics,30465.335220544,30465.335220544,39093.651822743,37469.500173581,0.0,1624.1516491619986,0.0,0.04243282299469663,-0.04243282299469663,0.8130702325734385,0.7792911073818021,0.8130702325734385,0.7792911073818021,-0.033779125191636394,0.0,-0.033779125191636394,0.0
phase_026,2026200011,forcegen_constrained,0.4,1.0,logistics,False,,0.003086699000000026,0.006126524999999994,0.00505498400000004,-0.0011516640000001077,-0.006836547000000026,1.0,1.0,0.0,logistics,logistics,True,logistics,66304.588672364,66631.401470105,35451.224047428,33817.40328593,-326.81279774100403,1633.8207614979983,-0.004916854431889598,0.04718222112862726,-0.05209907556051686,1.0,1.0,1.0,1.0,0.0,0.0,0.0,0.0
phase_027,2026200000,forcegen_constrained,0.4,1.5,logistics,False,,0.006281945999999983,0.01878824999999995,0.032350134000000086,0.029870956999999976,0.024126451000000104,0.945908261,0.999999994,-0.05409173299999992,logistics,logistics,True,logistics,35411.405181597,35411.405181597,37436.405446508,35411.405399014,0.0,2025.0000474939952,0.0,0.05560968396545173,-0.05560968396545173,0.999999993860255,0.9459082612030028,0.999999993860255,0.9459082612030028,-0.0540917326572522,0.0,-0.0540917326572522,0.0
phase_027,2026200001,forcegen_constrained,0.4,1.5,logistics,False,,0.0031138170000000187,0.009374971000000065,-0.005890517000000095,0.23246302200000002,0.314960103,0.704547715,0.999999126,-0.29545141099999994,logistics,logistics,True,logistics,28305.871485421,32124.16771986,40175.946782812,32124.195796642,-3818.296234439,8051.750986170002,-0.12653937921405808,0.2236589684784236,-0.3501983476924817,0.9999991259926886,0.7045477145427415,0.8811386801589556,0.7995870736667567,-0.29545141144994713,-0.11886044583373301,-0.20041205232593184,0.02382108670971772
phase_027,2026200002,forcegen_constrained,0.4,1.5,logistics,False,,0.003360867000000045,0.014113316999999959,0.018197221999999957,0.009095652000000065,0.00419059799999999,0.758624884,0.803113071,-0.0444881869999999,logistics,logistics,True,logistics,28844.762913921,28844.762913921,38022.431785887,35916.191581286,0.0,2106.2402046009956,0.0,0.05698808292373287,-0.05698808292373287,0.803113070845475,0.7586248842881079,0.803113070845475,0.7586248842881079,-0.04448818655736708,0.0,-0.04448818655736708,0.0
phase_027,2026200003,forcegen_constrained,0.4,1.5,logistics,False,,7.416999999954044e-06,0.0061318580000000455,0.019824714999999937,0.03341154499999999,0.07182354199999996,0.997460982,1.0,-0.002539018000000004,logistics,logistics,True,logistics,41235.097759716,40523.78377654,41340.060938379,39562.987096936,711.3139831759981,1777.0738414430016,0.01740072558890295,0.043938016414950536,-0.026537290826047586,1.0,0.9974609815205775,1.0,0.9802545728450732,-0.0025390184794225057,0.0,-0.019745427154926776,0.01720640867550427
phase_027,2026200004,forcegen_constrained,0.4,1.5,logistics,False,,8.929000000046372e-06,1.6487000000009466e-05,2.2130000000286643e-06,-0.01734978900000006,-0.0008281679999999625,0.930501996,0.99927357,-0.068771574,logistics,logistics,True,logistics,27419.290373993,27419.290373993,29467.202089799,27439.22305434,0.0,2027.9790354590004,0.0,0.07130436316808304,-0.07130436316808304,0.9992735697979668,0.9305019964377633,0.9992735697979668,0.9305019964377633,-0.06877157336020345,0.0,-0.06877157336020345,0.0
phase_027,2026200005,forcegen_constrained,0.4,1.5,logistics,False,,0.0021981759999999406,0.006425922000000028,-0.019457331999999994,-0.015783338999999952,0.04547499900000007,0.93378737,0.872422344,0.061365026000000045,logistics,logistics,True,logistics,39305.931679067,34699.026095233,42093.021316576,39773.197388734,4606.905583833999,2319.8239278420006,0.12466382065637656,0.056688709506974085,0.06797511114940247,0.8724223440246147,0.9337873702021132,0.9882517438791744,0.8243415418975572,0.061365026177498505,0.11582939985455964,-0.048080802127057565,-0.006383571550003575
phase_027,2026200006,forcegen_constrained,0.4,1.5,logistics,False,,0.003146616000000102,0.01170715599999994,0.04278484199999999,0.03422940200000002,0.03279066799999997,0.757639384,0.803169515,-0.04553013100000003,logistics,logistics,True,logistics,28581.790739749,28581.790739749,37724.795373572,35586.249468851,0.0,2138.5459047210024,0.0,0.0583582681104841,-0.0583582681104841,0.8031695153704503,0.7576393843019198,0.8031695153704503,0.7576393843019198,-0.045530131068530544,0.0,-0.045530131068530544,0.0
phase_027,2026200007,forcegen_constrained,0.4,1.5,logistics,False,,7.586999999920074e-06,2.1519999999997097e-05,0.027305222000000073,0.050109053999999986,0.06235706399999996,1.0,0.77974215,0.22025784999999998,logistics,logistics,True,logistics,66707.894705857,25033.838841607,34238.113495585,32105.278457269,41674.055864250004,2132.8350383159996,0.9800948440200707,0.06431899870953581,0.9157758453105349,0.7797421497192795,1.0,1.0,0.7311687556861189,0.22025785028072054,0.22025785028072054,-0.04857339403316052,0.04857339403316052
phase_003,2026200007,forcegen_constrained,0.1,0.5,logistics,False,,0.0062739720000000165,0.03369728800000005,0.0004556780000000149,0.0017101840000000035,0.04227534300000002,1.0,0.760034159,0.23996584099999996,logistics,logistics,True,logistics,67572.303205481,25524.224894481,35737.306923183,33582.997029157,42048.078311000005,2154.3098940260024,0.9735701861312805,0.062175256906272264,0.9113949292250083,0.7600341587238533,1.0,1.0,0.7142179165695132,0.23996584127614673,0.23996584127614673,-0.0458162421543401,0.0458162421543401
phase_027,2026200008,forcegen_constrained,0.4,1.5,logistics,False,,-0.01179561200000001,0.007933709999999983,0.02192004599999997,-0.06407605900000002,-0.11052901400000004,0.751579143,0.989211972,-0.23763282900000005,logistics,logistics,True,logistics,27994.191584408,38784.311997526,37247.163968594,39207.281230909,-10790.120413117998,-1960.1172623149978,-0.3260187896633159,-0.051286668378431904,-0.274732121284884,0.9892119723657463,0.751579143260735,0.7140049170851158,1.0,-0.23763282910501127,-0.2752070552806305,0.010788027634253683,0.026786198541365547
phase_027,2026200009,forcegen_constrained,0.4,1.5,logistics,False,,0.0023019149999999877,0.005285254999999989,0.01043872899999998,-0.022210839999999954,-0.013870307000000026,1.0,1.0,0.0,logistics,logistics,True,logistics,67901.554410971,67604.720683674,40043.939840319,34756.050538897,296.8337272970093,5287.889301422001,0.004381113743684197,0.1416236741350752,-0.13724256039139102,1.0,1.0,1.0,1.0,0.0,0.0,0.0,0.0
phase_027,2026200010,forcegen_constrained,0.4,1.5,logistics,False,,0.0035954059999999677,0.016392548000000007,0.068046002,0.10981397599999998,0.16619901499999995,0.943381251,0.999999992,-0.05661874099999997,logistics,logistics,True,logistics,33712.63534209,33712.63534209,35735.960745603,33712.635601322,0.0,2023.3251442809997,0.0,0.05828477485004503,-0.05828477485004503,0.9999999923105388,0.9433812506702522,0.9999999923105388,0.9433812506702522,-0.056618741640286574,0.0,-0.056618741640286574,0.0
phase_027,2026200011,forcegen_constrained,0.4,1.5,logistics,False,,0.005162883000000007,0.012969145000000015,0.02053861300000004,0.02243983100000002,0.03681540900000002,1.0,1.0,0.0,logistics,logistics,True,logistics,65939.97468783,66635.400406131,35996.444413616,33818.771597956,-695.4257183009904,2177.67281566,-0.01049112018303668,0.06240414624274331,-0.07289526642578,1.0,1.0,1.0,1.0,0.0,0.0,0.0,0.0
phase_028,2026200000,forcegen_constrained,0.4,2.0,logistics,False,,0.008370984000000026,0.029867808999999967,0.06152543299999991,0.08109582599999998,0.11490290999999997,0.927493495,0.999999994,-0.07250649899999995,logistics,logistics,True,logistics,34011.933997535,34011.624721885,36670.80595754,34011.624921544,0.30927565000456525,2659.181035996,9.09319229487054e-06,0.07527858486820978,-0.0752694916759149,0.9999999941296835,0.9274934954229361,1.0,0.9274850615845753,-0.07250649870674741,5.870316455158786e-09,-0.07251493254510821,8.427968044344425e-06
phase_028,2026200001,forcegen_constrained,0.4,2.0,logistics,False,,0.004136687000000028,0.014361660999999915,0.027579895999999993,-0.11680980299999999,0.12331661799999999,0.930350647,0.999739814,-0.06938916699999997,logistics,logistics,True,logistics,35618.692738736,36038.392016706,38285.23456651,36047.771146613,-419.6992779700013,2237.4634198970016,-0.01171423813209021,0.06021926630185263,-0.07193350443394284,0.9997398138745152,0.9303506467188644,0.9880969504014032,0.941313078651752,-0.0693891671556508,-0.011642863473111942,-0.058426735222763204,0.0006804315402243466
phase_028,2026200002,forcegen_constrained,0.4,2.0,logistics,False,,0.004029320000000003,0.016318971000000015,0.02455937600000002,0.024023323999999957,0.025795695000000007,0.748498071,0.803105834,-0.05460776300000003,logistics,logistics,True,logistics,28843.442911313,28843.442911313,38535.093189526,35914.871581412,0.0,2620.2216081139995,0.0,0.07041787764081556,-0.07041787764081556,0.80310583447112,0.7484980708221763,0.80310583447112,0.7484980708221763,-0.05460776364894371,0.0,-0.05460776364894371,0.0
phase_028,2026200003,forcegen_constrained,0.4,2.0,logistics,False,,0.004702042000000017,-0.005455977000000001,0.01515676999999993,-0.01210427599999997,0.08608016899999993,0.768163882,0.800875365,-0.03271148300000004,logistics,logistics,True,logistics,32161.578559704,28536.771082272,41868.12126278,35631.975113996,3624.807477432001,6236.146148783999,0.11957905859651016,0.16128129620268225,-0.04170223760617209,0.8008753652014914,0.7681638819627443,0.9026044292187202,0.6815870935111835,-0.03271148323874706,0.10172906401722881,-0.11928827169030787,-0.015152275565668005
phase_028,2026200004,forcegen_constrained,0.4,2.0,logistics,False,,0.00404850000000001,0.044347020999999986,0.03702399099999998,0.020962543999999972,-0.028616264000000058,0.745588424,0.802488748,-0.056900324,logistics,logistics,True,logistics,28626.913645056,28626.913645056,38395.061849288,35672.6666952,0.0,2722.3951540880007,0.0,0.07354409690489302,-0.07354409690489302,0.8024887483084617,0.7455884237776493,0.8024887483084617,0.7455884237776493,-0.056900324530812396,0.0,-0.056900324530812396,0.0
phase_028,2026200005,forcegen_constrained,0.4,2.0,logistics,False,,0.003830778999999951,0.011503178000000003,0.017697931999999916,-0.02796921100000005,0.11526536399999993,0.928941441,0.999998347,-0.07105690600000003,logistics,logistics,True,logistics,35490.275275907,35524.730072759,38205.072690018,35524.788800425,-34.45479685199825,2680.2838895930036,-0.0009703526567755874,0.07273757086035954,-0.07370792351713512,0.9999983468539017,0.9289414409406344,0.9990284664403808,0.92984327921566,-0.0710569059132673,-0.0009698804135208627,-0.07015506763824164,6.804213849520568e-05
phase_003,2026200008,forcegen_constrained,0.1,0.5,logistics,False,,0.0008409869999999042,0.0017921969999999954,0.001515025999999975,0.02912373800000001,0.03446439499999998,1.0,0.798065993,0.20193400699999997,logistics,logistics,True,logistics,67488.474818567,27947.504879798,35715.70477604,35019.039944907,39540.969938769005,696.6648311329991,0.8816289151033139,0.01969858974486438,0.8619303253584495,0.7980659927789525,1.0,1.0,0.7824990450292522,0.20193400722104748,0.20193400722104748,-0.015566947749700355,0.015566947749700355
phase_028,2026200006,forcegen_constrained,0.4,2.0,logistics,False,,6.297999999960169e-06,1.589900000009692e-05,0.018788452999999983,0.030681762000000057,0.02824946500000003,0.748338612,0.803231632,-0.05489302000000007,logistics,logistics,True,logistics,28599.714573506,28599.714573506,38217.61183071,35605.812125478,0.0,2611.799705231999,0.0,0.07078756556991575,-0.07078756556991575,0.8032316317548973,0.7483386115331394,0.8032316317548973,0.7483386115331394,-0.054893020221757904,0.0,-0.054893020221757904,0.0
phase_028,2026200007,forcegen_constrained,0.4,2.0,logistics,False,,0.004235007000000013,0.00972751500000002,-0.022020204999999904,0.020365276000000043,-0.02779543200000001,0.556575951,1.0,-0.443424049,logistics,logistics,True,logistics,21116.999553476,70203.837866485,37940.912693803,35259.856701354,-49086.83831300901,2681.0559924490008,-1.201324597851274,0.07328490755446014,-1.2746095054057343,1.0,0.5565759507130965,0.5988963520848651,1.0,-0.4434240492869035,-0.40110364791513486,0.0,-0.04232040137176862
phase_028,2026200008,forcegen_constrained,0.4,2.0,logistics,False,,0.0028342890000000454,0.01130745199999994,-0.007043183999999925,0.043711111999999996,-0.257694423,0.924283867,1.0,-0.07571613300000002,logistics,logistics,True,logistics,33441.948280161,69918.489386042,36181.469196239,37175.609428942,-36476.541105881,-994.140232703001,-0.7375190777373118,-0.027105798617962234,-0.7104132791193496,1.0,0.9242838674897489,0.899566914809626,1.0,-0.07571613251025111,-0.10043308519037397,0.0,0.02471695268012286
phase_028,2026200009,forcegen_constrained,0.4,2.0,logistics,False,,0.0058562309999999895,0.009892716000000079,0.00714515299999996,0.020564083999999982,0.028765539000000007,1.0,1.0,0.0,logistics,logistics,True,logistics,69034.421333104,69797.382879333,39399.38803272,36847.007255778,-762.9615462290094,2552.380776942002,-0.010991274391874074,0.06697588290733852,-0.0779671572992126,1.0,1.0,1.0,1.0,0.0,0.0,0.0,0.0
phase_028,2026200010,forcegen_constrained,0.4,2.0,logistics,False,,0.0048717969999999555,-0.0036359320000000084,0.06916540100000002,0.11075611100000005,0.16951680500000005,0.924646956,0.999999993,-0.07535303699999996,logistics,logistics,True,logistics,33675.826044263,33675.826044263,36420.198909397,33675.826284033,0.0,2744.372625363998,0.0,0.07834327681560341,-0.07834327681560341,0.9999999928800559,0.9246469556094076,0.9999999928800559,0.9246469556094076,-0.07535303727064835,0.0,-0.07535303727064835,0.0
phase_028,2026200011,forcegen_constrained,0.4,2.0,logistics,False,,1.1144000000018472e-05,0.014451257999999911,0.06879563799999999,0.273372276,0.36870972399999996,0.733489774,0.999999979,-0.266510205,logistics,logistics,True,logistics,26772.073886342,31195.471518028,36499.587066982,31195.472173688,-4423.397631685999,5304.114893294001,-0.1529136155570702,0.1570279856451583,-0.30994160120222847,0.9999999789822063,0.7334897744791301,0.8582038360337133,0.8546801217443862,-0.26651020450307616,-0.14179614294849296,-0.14531985723782004,0.02060579568323684
phase_003,2026200009,forcegen_constrained,0.1,0.5,logistics,False,,0.0007313339999999169,0.002336930000000015,0.0027388449999999898,0.04355324500000002,0.03029835000000003,0.60942111,1.0,-0.39057889,logistics,logistics,True,logistics,23191.220083429,67119.537722689,38054.50730252,35241.148417606,-43928.31763926,2813.358884914007,-1.062701412445164,0.07680514564663335,-1.1395065580917974,1.0,0.6094211100689578,0.6580722003895589,1.0,-0.3905788899310422,-0.34192779961044106,0.0,-0.04865109032060111
phase_030,2026200000,forcegen_constrained,0.6,0.25,logistics,False,,0.001225480000000001,0.003981118000000006,0.005390496999999939,0.0048168000000000655,0.0037719860000000605,0.990172592,0.999999997,-0.009827405000000011,logistics,logistics,True,logistics,34005.237197349,34005.237197349,34342.737292863,34005.237294327,0.0,337.4999985359973,0.0,0.009876012969210486,-0.009876012969210486,0.9999999971481451,0.9901725918747852,0.9999999971481451,0.9901725918747852,-0.009827405273359902,0.0,-0.009827405273359902,0.0
phase_030,2026200001,forcegen_constrained,0.6,0.25,logistics,False,,0.00044167900000002813,0.0017968839999999986,0.032809278,0.004254912000000055,-0.08788875200000001,0.921220735,1.0,-0.07877926499999999,logistics,logistics,True,logistics,35001.827105046,72869.113194585,37995.049165746,37714.749434727,-37867.286089539004,280.29973101900396,-0.733264598788504,0.007404616493422292,-0.7406692152819263,1.0,0.9212207346372248,0.9280673378361891,1.0,-0.07877926536277524,-0.07193266216381089,0.0,-0.006846603198964352
phase_003,2026200010,forcegen_constrained,0.1,0.5,logistics,False,,0.001372959000000007,0.004924715999999996,0.010094307999999996,0.011336067999999977,0.00537186700000003,0.980370762,0.999999995,-0.01962923300000008,logistics,logistics,True,logistics,33712.488727665,33712.488727665,34387.488926306,33712.488894253,0.0,675.0000320530016,0.0,0.01982444518332065,-0.01982444518332065,0.9999999950585671,0.980370762166218,0.9999999950585671,0.980370762166218,-0.01962923289234908,0.0,-0.01962923289234908,0.0
phase_030,2026200002,forcegen_constrained,0.6,0.25,logistics,False,,0.0004938079999999845,0.004629592000000016,0.007810880999999936,-0.003771440999999931,-0.007793882999999946,0.790801801,0.803109408,-0.012307606999999998,logistics,logistics,True,logistics,28844.094606425,28844.094606425,36474.492807454,35915.523219665,0.0,558.9695877889972,0.0,0.015443585404310196,-0.015443585404310196,0.8031094084307214,0.7908018011022311,0.8031094084307214,0.7908018011022311,-0.012307607328490344,0.0,-0.012307607328490344,0.0
phase_030,2026200003,forcegen_constrained,0.6,0.25,logistics,False,,1.4980000000441862e-06,0.0018365089999999862,0.0009438609999999903,0.016370271999999964,0.008603075000000016,0.989270957,1.0,-0.010729042999999994,logistics,logistics,True,logistics,40557.091219006,42682.806497536,40996.949251859,41071.334265062,-2125.715278530006,-74.38501320300566,-0.051085539805186875,-0.0018127595798288544,-0.04927278022535802,1.0,0.9892709569643635,0.987479270998667,1.0,-0.010729043035636487,-0.012520729001333053,0.0,0.0017916859656965656
phase_030,2026200004,forcegen_constrained,0.6,0.25,logistics,False,,8.069999999360533e-07,0.010407658999999958,0.013772204999999982,0.020505367000000052,-0.0012126089999999756,0.77196348,0.788001202,-0.016037721999999976,logistics,logistics,True,logistics,26112.249707309,26112.249707309,33825.757813424,33137.322173952,0.0,688.4356394720016,0.0,0.020562372458182467,-0.020562372458182467,0.7880012020957703,0.7719634797641152,0.7880012020957703,0.7719634797641152,-0.016037722331655124,0.0,-0.016037722331655124,0.0
phase_030,2026200005,forcegen_constrained,0.6,0.25,logistics,False,,0.00035887499999998074,0.0012255979999999944,0.00448574200000007,0.06196087000000006,0.01916997399999998,0.792023519,0.807247532,-0.01522401299999998,logistics,logistics,True,logistics,29336.361889036,29621.100051301,37039.761065985,36693.949339654,-284.7381622649991,345.81172633100505,-0.009659180253834436,0.009380085715862388,-0.019039265969696823,0.8072475322052731,0.7920235186391814,0.7994877198277787,0.7997108836240081,-0.01522401356609171,-0.007759812377494457,-0.007536648581265015,7.244739266776268e-05
phase_030,2026200006,forcegen_constrained,0.6,0.25,logistics,False,,0.00045453500000003366,0.0013712089999999844,0.0018936040000000487,0.004488889999999968,0.003867313000000039,0.98955115,0.999999246,-0.010448095999999962,logistics,logistics,True,logistics,31965.129099883,31965.129099883,32302.654684422,31965.153186716,0.0,337.5014977059982,0.0,0.010503068689840663,-0.010503068689840663,0.9999992464658981,0.9895511502742909,0.9999992464658981,0.9895511502742909,-0.010448096191607248,0.0,-0.010448096191607248,0.0
phase_030,2026200007,forcegen_constrained,0.6,0.25,logistics,False,,0.005688306000000032,-0.006584974999999993,0.010495208000000034,0.004278654000000048,-0.0008024209999999421,0.952194695,1.0,-0.04780530500000002,logistics,logistics,True,logistics,30907.443477874,33844.85000083,32459.163682686,32104.067310701,-2937.4065229560038,355.0963719850006,-0.09078980185987352,0.011000067596159822,-0.10178986945603334,1.0,0.9521946954646986,0.962726721781195,1.0,-0.04780530453530141,-0.037273278218804995,0.0,-0.010532026316496412
phase_030,2026200008,forcegen_constrained,0.6,0.25,logistics,False,,1.0750000000170346e-06,2.8140000000176357e-06,0.0017598500000000072,-0.0001535670000000211,0.0032147880000000795,0.795173618,0.806527627,-0.011354009000000054,logistics,logistics,True,logistics,29478.922535931,29478.922535931,37072.309572543,36550.418812326,0.0,521.8907602170002,0.0,0.014177673487163454,-0.014177673487163454,0.8065276265997187,0.7951736181487888,0.8065276265997187,0.7951736181487888,-0.01135400845092982,0.0,-0.01135400845092982,0.0
phase_030,2026200009,forcegen_constrained,0.6,0.25,logistics,False,,0.00046862699999994373,0.011734016999999985,0.003382098,0.042098245000000034,0.07693085700000002,0.764103092,0.791198577,-0.02709548499999992,logistics,logistics,True,logistics,31206.032703233,26942.370702471,40840.08168943,34052.602580064,4263.662000762,6787.479109366002,0.14691126553761763,0.18175752978135148,-0.034846264243733854,0.7911985769406165,0.7641030921666733,0.9164066866801683,0.6597041334871784,-0.02709548477394319,0.12520810973955188,-0.13149444345343808,-0.020809151060056985
phase_030,2026200010,forcegen_constrained,0.6,0.25,logistics,False,,0.0007130939999999697,0.002112198000000065,0.00585955699999996,0.00480971100000005,0.004691612999999983,0.990088087,0.999999995,-0.00991190800000008,logistics,logistics,True,logistics,33712.451767319,33712.451767319,34049.951934623,33712.451920762,0.0,337.50001386099757,0.0,0.009961358672665234,-0.009961358672665234,0.9999999954484768,0.9900880868216198,0.9999999954484768,0.9900880868216198,-0.009911908626857091,0.0,-0.009911908626857091,0.0
phase_030,2026200011,forcegen_constrained,0.6,0.25,logistics,False,,1.0550000000275617e-06,0.001356278000000044,0.0005484599999999729,0.005304038999999983,-0.00956344099999995,0.777260484,0.790979448,-0.013718963999999945,logistics,logistics,True,logistics,26759.831148989,26759.831148989,34428.39524515,33831.259743764,0.0,597.1355013860011,0.0,0.017496447487590758,-0.017496447487590758,0.790979447755313,0.7772604839244929,0.790979447755313,0.7772604839244929,-0.013718963830820163,0.0,-0.013718963830820163,0.0
phase_003,2026200011,forcegen_constrained,0.1,0.5,logistics,False,,0.0015062089999999806,0.0029957439999999114,0.0010876060000000187,-0.00327742200000003,0.073035654,1.0,0.920624985,0.079375015,logistics,logistics,True,logistics,38539.340298543,31131.943687993,34615.929337128,33816.096880327,7407.39661055,799.8324568009994,0.21344512523996614,0.0233770333988619,0.19006809184110424,0.9206249851414536,1.0,1.0,0.8993531095119789,0.07937501485854637,0.07937501485854637,-0.021271875629474746,0.021271875629474746
phase_031,2026200000,forcegen_constrained,0.6,0.5,logistics,False,,0.0024061409999999173,0.008169415999999985,0.010897702000000065,0.008753016999999974,0.007099337999999955,0.980535923,0.999999997,-0.019464073999999942,logistics,logistics,True,logistics,34004.275716646,34004.275716646,34679.275819105,34004.275821731,0.0,674.999997374005,0.0,0.019655993720486646,-0.019655993720486646,0.9999999969096535,0.9805359227805115,0.9999999969096535,0.9805359227805115,-0.019464074129141973,0.0,-0.019464074129141973,0.0
phase_031,2026200001,forcegen_constrained,0.6,0.5,logistics,False,,0.0008806120000000028,0.0035155379999999292,0.017748929000000024,0.0013466989999999512,0.007547746999999938,0.788490107,0.812102075,-0.023611967999999983,logistics,logistics,True,logistics,30562.988944259,30562.988944259,38761.41080624,37634.417981907,0.0,1126.9928243329996,0.0,0.02950618131221287,-0.02950618131221287,0.8121020752586732,0.7884901067465486,0.8121020752586732,0.7884901067465486,-0.023611968512124548,0.0,-0.023611968512124548,0.0
phase_031,2026200002,forcegen_constrained,0.6,0.5,logistics,False,,0.0009520949999999306,0.005930751000000067,0.008239109999999994,-0.002401284000000059,-0.015510664000000007,0.784369897,0.80311019,-0.018740292999999908,logistics,logistics,True,logistics,28844.237217248,28844.237217248,36773.768771911,35915.665842733,0.0,858.1029291780069,0.0,0.023611211137440358,-0.023611211137440358,0.803110189953062,0.7843698968184126,0.803110189953062,0.7843698968184126,-0.01874029313464942,0.0,-0.01874029313464942,0.0
phase_031,2026200003,forcegen_constrained,0.6,0.5,logistics,False,,2.3040000000085215e-06,0.017875185999999932,0.022165051999999963,0.015677967999999987,-0.016898826000000033,0.989388872,0.974574749,0.014814123000000068,logistics,logistics,True,logistics,41088.596431723,39393.239680911,41529.268834593,40420.952529951,1695.3567508120032,1108.3163046420013,0.04213640404183366,0.027050174265562693,0.015086229776270964,0.9745747493635019,0.9893888716262944,1.0,0.9485656932177257,0.01481412226279255,0.025425250636498142,-0.0260090561457762,0.015397927772070608
phase_031,2026200004,forcegen_constrained,0.6,0.5,logistics,False,,2.2439999999290805e-06,0.011248056000000006,0.04662728100000002,0.010087586000000037,0.28539153999999994,0.765777284,0.982728826,-0.216951542,logistics,logistics,True,logistics,26112.653489479,30024.365296271,34099.540470722,30552.034803193,-3911.711806792002,3547.5056675289998,-0.13958922369440316,0.1098526191980533,-0.24944184289245647,0.9827288260725975,0.7657772840633857,0.8546944142244155,0.8804917861591137,-0.21695154200921174,-0.12803441184818198,-0.10223703991348376,0.013319909752454007
phase_031,2026200005,forcegen_constrained,0.6,0.5,logistics,False,,0.001313863999999998,0.0037370529999999347,0.0038733140000000166,0.01746557999999998,-0.05652644899999992,0.795271165,0.815172815,-0.019901650000000104,logistics,logistics,True,logistics,31035.794729607,31035.794729607,39025.424423138,38072.65671068,0.0,952.7677124580005,0.0,0.024716989167942738,-0.024716989167942738,0.8151728145858799,0.7952711645899748,0.8151728145858799,0.7952711645899748,-0.019901649995905046,0.0,-0.019901649995905046,0.0
phase_031,2026200006,forcegen_constrained,0.6,0.5,logistics,False,,0.0008932959999999879,0.007406646000000072,0.01835938699999995,0.010379448000000013,0.009452993999999992,0.979319706,0.999999246,-0.020679540000000052,logistics,logistics,True,logistics,31966.192383517,31966.192383517,32641.222452302,31966.216480897,0.0,675.0059714050003,0.0,0.020896371830308645,-0.020896371830308645,0.9999992461610208,0.9793197062465595,0.9999992461610208,0.9793197062465595,-0.020679539914461254,0.0,-0.020679539914461254,0.0
phase_031,2026200007,forcegen_constrained,0.6,0.5,logistics,False,,0.006274031000000013,0.03369740900000007,0.00045552000000004256,0.001709508999999998,0.042274536999999945,1.0,0.760034159,0.23996584099999996,logistics,logistics,True,logistics,67572.303213267,25524.224906643,35737.306951704,33582.997040426,42048.078306624004,2154.3099112779964,0.9735701857700169,0.06217525736878909,0.9113949284012278,0.7600341588309661,1.0,1.0,0.7142179163398314,0.23996584116903386,0.23996584116903386,-0.045816242491134695,0.045816242491134695
phase_031,2026200008,forcegen_constrained,0.6,0.5,logistics,False,,0.0008409980000000372,0.0017922119999999042,0.001514811999999921,0.029123175000000057,0.034463542000000014,1.0,0.798065993,0.20193400699999997,logistics,logistics,True,logistics,67488.474804333,27947.504865666,35715.704761912,35019.039930776,39540.969938667,696.6648311359968,0.8816289153980662,0.019698589752819413,0.8619303256452467,0.7980659926974388,1.0,1.0,0.7824990449431037,0.20193400730256117,0.20193400730256117,-0.015566947754335092,0.015566947754335092
phase_031,2026200009,forcegen_constrained,0.6,0.5,logistics,False,,0.0007314090000000162,0.0023370280000000188,0.0027388210000000024,0.04355292399999999,0.03029736500000002,0.60942111,1.0,-0.39057889,logistics,logistics,True,logistics,23191.220050978,67119.538743048,38054.50726885,35241.148373163,-43928.31869207,2813.3588956870008,-1.0627014290465593,0.07680514602296078,-1.1395065750695201,1.0,0.6094211097554131,0.658072200298634,1.0,-0.3905788902445869,-0.341927799701366,0.0,-0.04865109054322092
phase_004,2026200000,forcegen_constrained,0.1,0.75,logistics,False,,0.0035523150000000836,0.011418929000000078,0.015545576000000061,0.014128622999999951,0.011757598999999952,0.971085782,0.999999997,-0.02891421500000002,logistics,logistics,True,logistics,34004.877786999,34004.877786999,35017.377898578,34004.877902322,0.0,1012.4999962560032,0.0,0.02934046761535706,-0.02934046761535706,0.9999999966086337,0.9710857816221552,0.9999999966086337,0.9710857816221552,-0.028914214986478504,0.0,-0.028914214986478504,0.0
phase_031,2026200010,forcegen_constrained,0.6,0.5,logistics,False,,0.0013730360000000497,0.0049248000000000625,0.010094290999999922,0.011335640999999952,0.0053711850000000005,0.980370762,0.999999995,-0.01962923300000008,logistics,logistics,True,logistics,33712.488727665,33712.488727665,34387.488926306,33712.488894253,0.0,675.0000320530016,0.0,0.01982444518332065,-0.01982444518332065,0.9999999950585671,0.980370762166218,0.9999999950585671,0.980370762166218,-0.01962923289234908,0.0,-0.01962923289234908,0.0
phase_031,2026200011,forcegen_constrained,0.6,0.5,logistics,False,,0.0015063079999999562,0.002995856999999935,0.0010875350000000283,-0.003277881000000038,0.07303488299999994,1.0,0.920624986,0.07937501400000002,logistics,logistics,True,logistics,38539.340374544,31131.943749385,34615.929390118,33816.096933069,7407.396625159003,799.8324570490004,0.2134451252400094,0.02337703336998847,0.1900680918700209,0.9206249855210479,1.0,1.0,0.8993531099087695,0.07937501447895212,0.07937501447895212,-0.02127187561227839,0.02127187561227839
phase_032,2026200000,forcegen_constrained,0.6,0.75,logistics,False,,0.0035523370000000165,0.011418972999999943,0.01554540399999993,0.01412807100000002,0.011756851000000013,0.971085782,0.999999997,-0.02891421500000002,logistics,logistics,True,logistics,34004.877813427,34004.877813427,35017.377925005,34004.877928749,0.0,1012.4999962559959,0.0,0.029340467592885982,-0.029340467592885982,0.999999996608663,0.9710857816440049,0.999999996608663,0.9710857816440049,-0.02891421496465807,0.0,-0.02891421496465807,0.0
phase_032,2026200001,forcegen_constrained,0.6,0.75,logistics,False,,0.0044448470000000295,0.005024088000000093,0.008951566999999994,-0.08926541199999993,0.008862861999999971,0.787479364,1.0,-0.21252063600000004,logistics,logistics,True,logistics,30562.995910909,72868.773106585,38811.170573968,37732.343196108,-42305.777195676,1078.8273778599978,-0.8688702015708413,0.02819047021364526,-0.8970606717844866,1.0,0.7874793637739096,0.8099946444370701,1.0,-0.2125206362260904,-0.19000535556292986,0.0,-0.022515280663160553
phase_032,2026200002,forcegen_constrained,0.6,0.75,logistics,False,,0.0013663400000000214,0.004865113000000032,0.003598292999999919,-0.001092042999999987,-0.005472942000000036,0.771775434,0.803110963,-0.03133552899999992,logistics,logistics,True,logistics,28844.378224673,28844.378224673,37374.055915575,35915.806864562,0.0,1458.249051013001,0.0,0.039799270384359084,-0.039799270384359084,0.8031109626311541,0.7717754340024037,0.8031109626311541,0.7717754340024037,-0.03133552862875044,0.0,-0.03133552862875044,0.0
phase_032,2026200003,forcegen_constrained,0.6,0.75,logistics,False,,5.981000000043757e-06,-0.008027895000000007,-0.004795546999999956,0.017076861999999915,0.004369869999999998,0.933601237,0.986524898,-0.05292366100000001,logistics,logistics,True,logistics,36811.315312346,39028.399732919,39429.377182436,39561.494924209,-2217.0844205730027,-132.11774177299958,-0.058484300175953616,-0.0033451425829093074,-0.05513915759304431,0.9865248976988537,0.9336012370173519,0.9304834254334491,0.9898304898994038,-0.05292366068150178,-0.05604147226540457,0.003305592200550156,-0.00018778061664737056
phase_032,2026200004,forcegen_constrained,0.6,0.75,logistics,False,,3.7300000000906053e-06,6.087000000043474e-06,3.5310000000565722e-06,0.005262345000000002,0.05114810000000003,0.946935403,0.999289901,-0.05235449800000003,logistics,logistics,True,logistics,28226.862743919,27418.058985827,29808.646550031,27437.54236599,808.803758091999,2371.104184041,0.029072220734159118,0.08288626918586332,-0.053814048451704205,0.9992899006804942,0.9469354033415396,1.0,0.9198022104025546,-0.052354497338954586,0.0007100993195058303,-0.07948769027793956,0.026423093619479143
phase_032,2026200005,forcegen_constrained,0.6,0.75,logistics,False,,0.0010526700000000888,0.003660781000000002,0.0012226760000000336,-0.004950915999999972,0.04649521500000009,1.0,1.0,0.0,logistics,logistics,True,logistics,43322.819404829,69515.298184602,40488.73717512,36858.301723069,-26192.478779772995,3630.435452050995,-0.47286734288350807,0.09394296352479915,-0.5668103064083072,1.0,1.0,1.0,1.0,0.0,0.0,0.0,0.0
phase_032,2026200006,forcegen_constrained,0.6,0.75,logistics,False,,2.9160000000194586e-06,-0.015208397999999956,-0.005325418000000082,-0.09524942599999997,-0.281974795,0.971133816,0.803148719,0.16798509700000008,logistics,logistics,True,logistics,34070.778792554,28577.658170739,35083.505725455,35582.025469671,5493.120621815004,-498.5197442160061,0.17581486031094817,-0.014109510142447036,0.18992437045339522,0.8031487188692419,0.9711338159639444,0.957527806324428,0.8145610759190565,0.16798509709470255,0.15437908745518614,0.011412357049814581,0.0021936525897018333
phase_032,2026200007,forcegen_constrained,0.6,0.75,logistics,False,,0.0014603709999999603,9.284999999970012e-06,0.008494604999999988,0.040702405,0.06505092199999996,1.0,0.783168243,0.216831757,logistics,logistics,True,logistics,67692.259837385,25534.847325806,33813.371387713,32604.548952248,42157.41251157901,1208.822435465001,0.9749277619978116,0.03640451039484042,0.9385232516029712,0.783168243278073,1.0,1.0,0.7551701080917586,0.216831756721927,0.216831756721927,-0.027998135186314443,0.027998135186314443
phase_004,2026200001,forcegen_constrained,0.1,0.75,logistics,False,,0.0044447129999999335,0.005023875000000011,0.008951563999999967,-0.08926432200000001,0.008863951000000037,0.787479363,1.0,-0.212520637,logistics,logistics,True,logistics,30562.995783658,72868.772979208,38811.170447377,37732.343067239,-42305.77719555001,1078.8273801379983,-0.868870203986373,0.028190470367275434,-0.8970606743536484,1.0,0.7874793630637222,0.809994643831017,1.0,-0.21252063693627776,-0.19000535616898295,0.0,-0.02251528076729481
phase_032,2026200008,forcegen_constrained,0.6,0.75,logistics,False,,0.0010537539999999623,0.002063061999999949,0.0031428810000000418,0.02129940500000005,0.17633220100000002,0.771608067,0.908029518,-0.13642145100000003,logistics,logistics,True,logistics,27947.760837589,31411.918897463,36220.151168179,34593.499727347,-3464.158059874,1626.651440832,-0.1168503203660797,0.04594983079500444,-0.16280015116108415,0.9080295184077927,0.7716080672281219,0.8078905302401543,0.8672498011289295,-0.13642145117967075,-0.10013898816763833,-0.0407797172788632,0.004497254266830786
phase_032,2026200009,forcegen_constrained,0.6,0.75,logistics,False,,0.0012445050000000624,0.002847455999999915,0.02580343499999993,0.1052820499999999,-0.03954038599999998,0.765689275,1.0,-0.23431072500000005,logistics,logistics,True,logistics,27315.302698771,70522.826679043,35674.135172473,35330.907707177,-43207.523980272,343.2274652959968,-0.9484893565289245,0.009667767941710521,-0.9581571244706351,1.0,0.765689275064701,0.7731276797403726,1.0,-0.23431072493529903,-0.22687232025962745,0.0,-0.007438404675671584
phase_032,2026200010,forcegen_constrained,0.6,0.75,logistics,False,,0.0016075970000000162,0.004485879999999942,0.005917190000000017,0.00030839599999998857,-0.004469308999999977,0.785786078,0.813071236,-0.027285157999999976,logistics,logistics,True,logistics,30465.302042618,30465.302042618,38770.478225736,37469.413120496,0.0,1301.065105239999,0.0,0.034134136516948424,-0.034134136516948424,0.8130712361212109,0.785786078398048,0.8130712361212109,0.785786078398048,-0.027285157723162867,0.0,-0.027285157723162867,0.0
phase_032,2026200011,forcegen_constrained,0.6,0.75,logistics,False,,0.002249869999999987,0.004524689999999998,0.002995619000000005,-0.003060179999999968,0.008790597000000067,1.0,0.790893196,0.20910680400000003,logistics,logistics,True,logistics,69030.305394365,26745.876553849,34946.478414807,33817.305170659,42284.428840516004,1129.1732441480053,0.948165302846972,0.03284504417371872,0.9153202586732533,0.7908931956250198,1.0,1.0,0.7653382477164462,0.2091068043749802,0.2091068043749802,-0.0255549479085736,0.0255549479085736
phase_033,2026200000,forcegen_constrained,0.6,1.0,logistics,False,,0.00416761599999993,0.014120579000000077,0.01943128499999991,0.017416135000000055,0.0129127,0.961829847,0.999999994,-0.03817014699999999,logistics,logistics,True,logistics,34017.953764765,34017.953764765,35367.953981644,34017.953953385,0.0,1350.0000282590045,0.0,0.038917712697986585,-0.038917712697986585,0.999999994455281,0.9618298469405482,0.999999994455281,0.9618298469405482,-0.0381701475147328,0.0,-0.0381701475147328,0.0
phase_033,2026200001,forcegen_constrained,0.6,1.0,logistics,False,,0.005778143000000013,-0.01796437399999995,0.006493352000000008,-0.0068298490000000545,-0.02368421799999998,0.784840612,1.0,-0.215159388,logistics,logistics,True,logistics,31751.179278206,72050.133441228,40455.576318412,38580.43881347,-40298.954163022,1875.1375049420021,-0.8194323072384572,0.04745910954053518,-0.8668914167789924,1.0,0.7848406120408057,0.8229864733192297,1.0,-0.21515938795919431,-0.1770135266807703,0.0,-0.03814586127842401
phase_033,2026200002,forcegen_constrained,0.6,1.0,logistics,False,,0.0023607799999999513,0.008904562999999976,0.011065855999999985,-0.00015553499999998444,-0.005687256999999946,0.769332214,0.803111969,-0.03377975500000008,logistics,logistics,True,logistics,28844.56189682,28844.56189682,37492.985935825,35915.990548875,0.0,1576.9953869500023,0.0,0.04297125825727757,-0.04297125825727757,0.803111969237432,0.7693322144625102,0.803111969237432,0.7693322144625102,-0.03377975477492179,0.0,-0.03377975477492179,0.0
phase_033,2026200003,forcegen_constrained,0.6,1.0,logistics,False,,4.841000000088691e-06,0.00637618800000006,0.014117418999999964,0.03365513299999989,-0.045191062999999976,1.0,1.0,0.0,logistics,logistics,True,logistics,41249.449875322,43363.753356363,40856.544472854,39583.613370441,-2114.3034810409954,1272.9311024130002,-0.04998613969587945,0.03165178704469795,-0.0816379267405774,1.0,1.0,1.0,1.0,0.0,0.0,0.0,0.0
phase_033,2026200004,forcegen_constrained,0.6,1.0,logistics,False,,5.036000000013807e-06,1.0371000000009012e-05,3.4169999999500433e-06,-0.03766948700000006,-0.015339769000000003,0.952655168,0.999647988,-0.046992819999999935,logistics,logistics,True,logistics,27418.519180739,27418.519180739,28781.158277652,27428.174217188,0.0,1352.9840604640012,0.0,0.04815020536937433,-0.04815020536937433,0.9996479883650823,0.9526551682261147,0.9996479883650823,0.9526551682261147,-0.04699282013896755,0.0,-0.04699282013896755,0.0
phase_033,2026200005,forcegen_constrained,0.6,1.0,logistics,False,,0.001389584999999971,0.004790402000000027,0.007709187000000006,0.10821331099999998,0.01123138899999998,1.0,1.0,0.0,logistics,logistics,True,logistics,43137.615613597,69530.002611626,41567.673444974,36667.041097388,-26392.386998028996,4900.6323475860045,-0.4773629831333774,0.12544449571476804,-0.6028074788481455,1.0,1.0,1.0,1.0,0.0,0.0,0.0,0.0
phase_004,2026200002,forcegen_constrained,0.1,0.75,logistics,False,,0.0013662899999999922,0.004865060999999948,0.0035984610000000528,-0.0010915820000000354,-0.005472121999999913,0.771775434,0.803110962,-0.031335527999999946,logistics,logistics,True,logistics,28844.378194959,28844.378194959,37374.055891953,35915.806834851,0.0,1458.2490571020026,0.0,0.03979927057955655,-0.03979927057955655,0.8031109624681961,0.7717754336951553,0.8031109624681961,0.7717754336951553,-0.0313355287730408,0.0,-0.0313355287730408,0.0
phase_033,2026200006,forcegen_constrained,0.6,1.0,logistics,False,,0.0009634600000000271,0.01916355599999997,-0.02058401799999998,-0.15377541799999994,-0.23971772800000002,0.961845423,0.803156721,0.15868870199999996,logistics,logistics,True,logistics,34037.305036219,28579.22951482,35387.500145605,35583.627429166,5458.075521398998,-196.12728356099979,0.17477691682747767,-0.005526973842134573,0.18030389066961225,0.8031567206494279,0.9618454227105473,0.9565439921484912,0.8076080366578094,0.1586887020611194,0.15338727149906328,0.004451316008381556,0.0008501145536745636
phase_033,2026200007,forcegen_constrained,0.6,1.0,logistics,False,,5.095999999982226e-06,-8.99800000009332e-06,1.4222000000008173e-05,0.028136039000000057,-0.029967736000000023,0.878918884,1.0,-0.12108111600000004,logistics,logistics,True,logistics,29439.475912289,38251.9157126,33495.100013686,32104.69563505,-8812.439800311,1390.4043786360016,-0.2618571511980636,0.04239685898098624,-0.3042540101790498,1.0,0.8789188836653753,0.9169834919770654,1.0,-0.1210811163346247,-0.08301650802293459,0.0,-0.03806460831169012
phase_033,2026200008,forcegen_constrained,0.6,1.0,logistics,False,,0.0015475630000000296,0.0030699219999998917,0.11590926700000004,0.09256270899999997,-0.15928574500000003,0.960995411,1.0,-0.039004589000000034,logistics,logistics,True,logistics,34545.362187434,67520.756512646,35947.478816155,35019.725628621,-32975.39432521199,927.7531875339992,-0.6701617481030647,0.0261474592983196,-0.6963092074013844,1.0,0.960995411225032,0.9864543929836129,1.0,-0.03900458877496804,-0.013545607016387073,0.0,-0.025458981758580967
phase_033,2026200009,forcegen_constrained,0.6,1.0,logistics,False,,0.001723833000000008,0.003789311999999989,0.006318288000000005,0.027048396999999946,0.005086986999999987,0.762792838,0.799808507,-0.03701566899999997,logistics,logistics,True,logistics,28284.505430404,28257.187362403,37080.192701575,35329.941006094,27.3180680009973,1750.251695480998,0.0009662982757432328,0.04835214602497237,-0.04738584774922914,0.7998085068279329,0.7627928381613455,0.800581733932849,0.7620561087645794,-0.037015668666587453,0.0007732271049161188,-0.03775239806335351,-3.649770815006281e-05
phase_033,2026200010,forcegen_constrained,0.6,1.0,logistics,False,,5.010999999943699e-06,0.006377529999999965,0.007887551000000048,0.004573197000000029,0.04513100399999992,0.779291107,0.813070233,-0.03377912599999999,logistics,logistics,True,logistics,30465.335220544,30465.335220544,39093.651822743,37469.500173581,0.0,1624.1516491619986,0.0,0.04243282299469663,-0.04243282299469663,0.8130702325734385,0.7792911073818021,0.8130702325734385,0.7792911073818021,-0.033779125191636394,0.0,-0.033779125191636394,0.0
phase_033,2026200011,forcegen_constrained,0.6,1.0,logistics,False,,0.003086688000000004,0.0061264970000000085,0.005054573000000007,-0.0011519819999999958,-0.006836653000000026,1.0,1.0,0.0,logistics,logistics,True,logistics,66304.588692125,66631.401489604,35451.22406555,33817.403305431,-326.8127974789968,1633.8207601190006,-0.0049168544264955455,0.047182221063152764,-0.05209907548964831,1.0,1.0,1.0,1.0,0.0,0.0,0.0,0.0
phase_034,2026200000,forcegen_constrained,0.6,1.5,logistics,False,,0.006281886000000014,0.018788161000000025,0.03234992800000003,0.02987078200000004,0.024126451000000104,0.945908261,0.999999994,-0.05409173299999992,logistics,logistics,True,logistics,35411.405192273,35411.405192273,37436.40545718,35411.405409688,0.0,2025.0000474920016,0.0,0.05560968394909388,-0.05560968394909388,0.9999999938603115,0.9459082612185294,0.9999999938603115,0.9459082612185294,-0.05409173264178202,0.0,-0.05409173264178202,0.0
phase_034,2026200001,forcegen_constrained,0.6,1.5,logistics,False,,0.0031138689999999913,0.009375067000000015,-0.0058912389999999926,0.23246268300000006,0.314960076,0.704547715,0.999999126,-0.29545141099999994,logistics,logistics,True,logistics,28305.871531125,32124.167771732,40175.946830153,32124.195848511,-3818.296240607,8051.750981641999,-0.12653937921414515,0.2236589680421259,-0.3501983472562711,0.9999991259927834,0.7045477148501395,0.8811386801589624,0.7995870740156907,-0.29545141114264395,-0.11886044583382105,-0.20041205197709266,0.023821086668269764
phase_034,2026200002,forcegen_constrained,0.6,1.5,logistics,False,,0.0033608250000000117,0.01411324199999997,0.018196982999999944,0.009095509999999973,0.004190599000000073,0.758624884,0.803113071,-0.0444881869999999,logistics,logistics,True,logistics,28844.762932786,28844.762932786,38022.431801648,35916.191600144,0.0,2106.240201504006,0.0,0.05698808281319605,-0.05698808281319605,0.8031130709490467,0.7586248844697983,0.8031130709490467,0.7586248844697983,-0.04448818647924846,0.0,-0.04448818647924846,0.0
phase_034,2026200003,forcegen_constrained,0.6,1.5,logistics,False,,7.364999999981414e-06,0.006131771000000064,0.019824504999999992,0.033411415,0.07182354099999999,0.997460982,1.0,-0.002539018000000004,logistics,logistics,True,logistics,41235.097758733,40523.783775571,41340.060937164,39562.987096143,711.3139831619992,1777.0738410210033,0.017400725588975832,0.043938016405604165,-0.026537290816628333,1.0,0.9974609815261147,1.0,0.9802545728504434,-0.0025390184738852684,0.0,-0.019745427149556627,0.01720640867567136
phase_004,2026200003,forcegen_constrained,0.1,0.75,logistics,False,,5.961000000054284e-06,-0.008027887999999983,-0.004795355999999917,0.017077281000000055,0.004370580000000013,0.933601237,0.986524898,-0.05292366100000001,logistics,logistics,True,logistics,36811.315314676,39028.399735385,39429.377185564,39561.494925858,-2217.0844207089976,-132.11774029400112,-0.0584843001758425,-0.003345142545259479,-0.055139157630583024,0.9865248977200666,0.9336012370023807,0.9304834254535603,0.989830489883421,-0.05292366071768584,-0.05604147226650624,0.003305592163354465,-0.00018778061453406103
phase_034,2026200004,forcegen_constrained,0.6,1.5,logistics,False,,8.951999999951e-06,1.652900000004287e-05,2.172999999938696e-06,-0.017350321999999974,-0.0008281669999999908,0.930501996,0.99927357,-0.068771574,logistics,logistics,True,logistics,27419.290397605,27419.290397605,29467.202113416,27439.223077932,0.0,2027.979035483997,0.0,0.07130436310975909,-0.07130436310975909,0.9992735697993201,0.930501996493294,0.9992735697993201,0.930501996493294,-0.06877157330602612,0.0,-0.06877157330602612,0.0
phase_034,2026200005,forcegen_constrained,0.6,1.5,logistics,False,,0.0021980999999999806,0.006425752000000062,-0.01945751699999998,-0.015783417999999938,0.04547499900000007,0.933787371,0.872422344,0.061365027000000016,logistics,logistics,True,logistics,39305.931720273,34699.026131609,42093.021339985,39773.197415597,4606.905588664005,2319.8239243880016,0.12466382065638812,0.05668870938769505,0.06797511126869307,0.8724223443499622,0.9337873706617374,0.9882517442477289,0.8243415423033009,0.061365026311775206,0.11582939989776664,-0.04808080204666132,-0.006383571539330113
phase_034,2026200006,forcegen_constrained,0.6,1.5,logistics,False,,0.003146642000000033,0.011707113000000047,0.04278468600000007,0.03422866400000002,0.03279066399999997,0.757639384,0.803169514,-0.04553013000000006,logistics,logistics,True,logistics,28581.790805569,28581.790805569,37724.7954874,35586.249596782,0.0,2138.5458906179992,0.0,0.05835826753285379,-0.05835826753285379,0.803169514332682,0.7576393837606159,0.803169514332682,0.7576393837606159,-0.04553013057206612,0.0,-0.04553013057206612,0.0
phase_034,2026200007,forcegen_constrained,0.6,1.5,logistics,False,,7.5780000000635894e-06,2.1481999999961587e-05,0.027305040999999974,0.050153247999999984,0.059140203,1.0,1.0,0.0,logistics,logistics,True,logistics,66707.894884427,39721.580749798,34238.113671744,32105.278632253,26986.314134629007,2132.835039491001,0.5184286742901526,0.06431899840433124,0.45410967588582135,1.0,1.0,1.0,1.0,0.0,0.0,0.0,0.0
phase_034,2026200008,forcegen_constrained,0.6,1.5,logistics,False,,-0.011795657999999931,0.007933630999999997,0.02191903399999995,-0.06407643500000004,-0.11052901300000006,0.751579143,0.989211972,-0.23763282900000005,logistics,logistics,True,logistics,27994.191584473,38784.311997618,37247.163968658,39207.281230966,-10790.120413145003,-1960.1172623079983,-0.32601878966336617,-0.05128666837816744,-0.27473212128519875,0.9892119723666548,0.7515791432611887,0.7140049170857357,1.0,-0.23763282910546613,-0.27520705528091916,0.010788027633345187,0.026786198542107842
phase_034,2026200009,forcegen_constrained,0.6,1.5,logistics,False,,0.0023019300000000076,0.005285258999999987,0.010438356999999954,-0.022211356000000015,-0.013870411999999943,1.0,1.0,0.0,logistics,logistics,True,logistics,67901.554706256,67604.720966566,40043.940133279,34756.050828567,296.8337396900024,5287.889304712,0.004381113907905651,0.14162367311666238,-0.13724255920875672,1.0,1.0,1.0,1.0,0.0,0.0,0.0,0.0
phase_034,2026200010,forcegen_constrained,0.6,1.5,logistics,False,,0.0035953739999999845,0.016392465999999994,0.06804565500000004,0.10981362400000005,0.16619901499999995,0.943381251,0.999999992,-0.05661874099999997,logistics,logistics,True,logistics,33712.63534209,33712.63534209,35735.960745603,33712.635601322,0.0,2023.3251442809997,0.0,0.05828477485004503,-0.05828477485004503,0.9999999923105388,0.9433812506702522,0.9999999923105388,0.9433812506702522,-0.056618741640286574,0.0,-0.056618741640286574,0.0
phase_034,2026200011,forcegen_constrained,0.6,1.5,logistics,False,,0.005162871000000013,0.01296909699999993,0.020538182999999988,0.022439417000000073,0.03681531699999996,1.0,1.0,0.0,logistics,logistics,True,logistics,65939.974707616,66635.400425574,35996.444429378,33818.771617402,-695.4257179580018,2177.672811976001,-0.010491120174757831,0.06240414610561394,-0.07289526628037177,1.0,1.0,1.0,1.0,0.0,0.0,0.0,0.0
phase_035,2026200000,forcegen_constrained,0.6,2.0,logistics,False,,0.0083709500000001,0.029867731999999925,0.06152522500000002,0.08109562199999998,0.11490291000000008,0.927493495,0.999999994,-0.07250649899999995,logistics,logistics,True,logistics,34011.934008851,34011.624733203,36670.805966762,34011.624932859,0.30927564799640095,2659.181033902998,9.093192232698615e-06,0.07527858478700994,-0.07526949159477724,0.9999999941297719,0.9274934954982728,1.0,0.9274850616599688,-0.07250649863149916,5.870228081406026e-09,-0.07251493246980312,8.427968075874759e-06
phase_035,2026200001,forcegen_constrained,0.6,2.0,logistics,False,,0.004136702999999908,0.01436166800000005,0.027579284000000093,-0.11681048900000002,0.12331661999999999,0.930350648,0.999739814,-0.069389166,logistics,logistics,True,logistics,35618.693014048,36038.392295259,38285.23479275,36047.77142476,-419.69928121099656,2237.46336799,-0.01171423813200585,0.06021926449511387,-0.07193350262711971,0.9997398138877857,0.9303506484121927,0.9880969504146023,0.9413130803649536,-0.06938916547559293,-0.01164286347318333,-0.05842673352283201,0.0006804315204224087
phase_004,2026200004,forcegen_constrained,0.1,0.75,logistics,False,,3.7259999999816884e-06,6.085000000100038e-06,3.6710000000939047e-06,0.00526307199999998,0.05114833199999996,0.946935403,0.999289901,-0.05235449800000003,logistics,logistics,True,logistics,28226.862688255,27418.058931758,29808.64649754,27437.54231205,808.803756497,2371.1041854899995,0.029072220734158258,0.08288626939085075,-0.053814048656692495,0.9992899006743966,0.9469354031416509,1.0,0.9198022102083941,-0.05235449753274568,0.0007100993256033972,-0.07948769046600246,0.02642309360765338
phase_035,2026200002,forcegen_constrained,0.6,2.0,logistics,False,,0.004029272000000028,0.016318853000000022,0.024559145000000004,0.024023185999999974,0.025795694999999896,0.748498071,0.803105835,-0.054607764,logistics,logistics,True,logistics,28843.442932701,28843.442932701,38535.093206442,35914.8716028,0.0,2620.2216036419995,0.0,0.07041787748427272,-0.07041787748427272,0.8031058345883744,0.74849807104863,0.8031058345883744,0.74849807104863,-0.05460776353974439,0.0,-0.05460776353974439,0.0
phase_035,2026200003,forcegen_constrained,0.6,2.0,logistics,False,,0.004701969999999944,-0.005456223000000038,0.015156473999999975,-0.012104282999999993,0.08608016899999993,0.768163882,0.800875365,-0.03271148300000004,logistics,logistics,True,logistics,32161.578565058,28536.771087022,41868.121274792,35631.975118788,3624.8074780360002,6236.146156003997,0.11957905859653006,0.16128129635509697,-0.04170223775856691,0.8008753652270921,0.7681638818702351,0.9026044292475908,0.681587093429087,-0.03271148335685703,0.10172906402049864,-0.11928827179800516,-0.015152275579350505
phase_035,2026200004,forcegen_constrained,0.6,2.0,logistics,False,,0.00404847499999994,0.04434699800000008,0.037023947,0.020962104999999953,-0.02861628599999999,0.745588424,0.802488748,-0.056900324,logistics,logistics,True,logistics,28626.913667436,28626.913667436,38395.061879196,35672.666725042,0.0,2722.395154154001,0.0,0.07354409684729639,-0.07354409684729639,0.8024887482645103,0.7455884237797575,0.8024887482645103,0.7455884237797575,-0.056900324484752796,0.0,-0.056900324484752796,0.0
phase_035,2026200005,forcegen_constrained,0.6,2.0,logistics,False,,0.003830756999999907,0.011503162000000011,0.017697750000000068,-0.027969437000000097,0.11526536400000004,0.928941441,0.999998347,-0.07105690600000003,logistics,logistics,True,logistics,35490.275361825,35524.730158763,38205.072762408,35524.788886429,-34.45479693800007,2680.283875979003,-0.0009703526568484887,0.07273757033417667,-0.07370792299102516,0.9999983468539057,0.9289414414293633,0.9990284664403118,0.9298432797049314,-0.07105690542454235,-0.0009698804135938044,-0.07015506714897424,6.804213802569237e-05
phase_035,2026200006,forcegen_constrained,0.6,2.0,logistics,False,,6.276999999998978e-06,1.5811000000032216e-05,0.01878833999999996,0.030681132,0.028249271999999936,0.748338611,0.803231631,-0.05489301999999996,logistics,logistics,True,logistics,28599.714622521,28599.714622521,38217.611933131,35605.812239699,0.0,2611.7996934319963,0.0,0.07078756504192675,-0.07078756504192675,0.8032316305547865,0.748338610810159,0.8032316305547865,0.748338610810159,-0.05489301974462757,0.0,-0.05489301974462757,0.0
phase_035,2026200007,forcegen_constrained,0.6,2.0,logistics,False,,0.004235002000000043,0.009727456999999995,-0.022020496,0.020364666999999947,-0.027795431999999898,0.556575952,1.0,-0.443424048,logistics,logistics,True,logistics,21116.999755531,70203.837592952,37940.912938698,35259.856903404,-49086.837837421,2681.056035294001,-1.201324584386648,0.07328490827878927,-1.2746094926654372,1.0,0.5565759524461159,0.5988963543834563,1.0,-0.4434240475538841,-0.40110364561654366,0.0,-0.042320401937340435
phase_035,2026200008,forcegen_constrained,0.6,2.0,logistics,False,,0.00283426100000006,0.011307313999999957,-0.00704428300000004,0.04371081500000007,-0.257694423,0.924283867,1.0,-0.07571613300000002,logistics,logistics,True,logistics,33441.948280309,69918.489386173,36181.469196379,37175.609429075,-36476.541105863995,-994.1402326959942,-0.7375190777347599,-0.027105798617670325,-0.7104132791170895,1.0,0.9242838674902629,0.899566914810389,1.0,-0.07571613250973708,-0.10043308518961103,0.0,0.02471695267987395
phase_035,2026200009,forcegen_constrained,0.6,2.0,logistics,False,,0.0058563249999999956,0.00989272200000002,0.007144328000000089,0.020563464999999947,0.028765496999999973,1.0,1.0,0.0,logistics,logistics,True,logistics,69034.421358923,69797.38290454,39399.388047803,36847.007280985,-762.9615456169995,2552.3807668179943,-0.010991274379017486,0.0669758826060626,-0.07796715698508008,1.0,1.0,1.0,1.0,0.0,0.0,0.0,0.0
phase_035,2026200010,forcegen_constrained,0.6,2.0,logistics,False,,0.004871765999999944,-0.003636012999999938,0.06916507299999997,0.11075583099999997,0.16951680400000008,0.924646956,0.999999993,-0.07535303699999996,logistics,logistics,True,logistics,33675.826044263,33675.826044263,36420.198909397,33675.826284033,0.0,2744.372625363998,0.0,0.07834327681560341,-0.07834327681560341,0.9999999928800559,0.9246469556094076,0.9999999928800559,0.9246469556094076,-0.07535303727064835,0.0,-0.07535303727064835,0.0
phase_035,2026200011,forcegen_constrained,0.6,2.0,logistics,False,,1.1124000000029e-05,0.014451124999999898,0.06879526699999994,0.27337206000000003,0.36870967299999996,0.733489775,0.999999979,-0.26651020400000003,logistics,logistics,True,logistics,26772.073905783,31195.471540681,36499.58708203,31195.472196343,-4423.3976348979995,5304.114885686999,-0.15291361555706617,0.15702798533120965,-0.3099416008882758,0.9999999789821422,0.7334897747093642,0.8582038360336617,0.8546801220126571,-0.26651020427277805,-0.14179614294848053,-0.14531985696948513,0.020605795645187608
phase_004,2026200005,forcegen_constrained,0.1,0.75,logistics,False,,0.0010526379999999946,0.0036607749999999495,0.0012228839999999241,-0.0049504540000000485,0.046495895999999926,1.0,1.0,0.0,logistics,logistics,True,logistics,43322.819272711,69515.298094382,40488.737093641,36858.301632865,-26192.478821671,3630.4354607760033,-0.47286734463528124,0.09394296395973102,-0.5668103085950122,1.0,1.0,1.0,1.0,0.0,0.0,0.0,0.0
phase_004,2026200006,forcegen_constrained,0.1,0.75,logistics,False,,2.8289999999264737e-06,-0.015208490000000019,-0.005325348000000063,-0.09524825799999992,-0.28197268900000005,0.971133816,0.803148721,0.16798509500000003,logistics,logistics,True,logistics,34070.7785935,28577.658003777,35083.505526406,35582.025186934,5493.120589722999,-498.5196605279998,0.17581486031097704,-0.014109507869962196,0.18992436818093925,0.8031487205587989,0.9711338158000272,0.9575278083387749,0.8145610757815436,0.1679850952412283,0.154379087779976,0.011412355222744641,0.0021936522385076485
phase_037,2026200000,logistics_constrained,0.15,0.25,logistics,False,,0.0,0.0,0.0,0.0,0.0,0.904007836,0.969870224,-0.065862388,logistics,logistics,True,logistics,4516.898689377,4516.898689377,4996.5260335,4657.219677096,0.0,339.3063564040003,0.0,0.07032424339010679,-0.07032424339010679,0.9698702235565368,0.9040078364633222,0.9698702235565368,0.9040078364633222,-0.06586238709321468,0.0,-0.06586238709321468,0.0
phase_037,2026200001,logistics_constrained,0.15,0.25,logistics,False,,0.0,0.0,0.0,0.0,0.0,0.931823438,0.972823552,-0.04100011400000003,logistics,logistics,True,logistics,4612.881634317,4612.881634317,4950.381635396,4741.745434096,0.0,208.6362012999998,0.0,0.043059368702042404,-0.043059368702042404,0.9728235516709961,0.9318234378808651,0.9728235516709961,0.9318234378808651,-0.04100011379013102,0.0,-0.04100011379013102,0.0
phase_037,2026200002,logistics_constrained,0.15,0.25,logistics,False,,0.0,0.0,0.0,0.0,0.0,0.926688076,0.975411027,-0.048722951000000014,logistics,logistics,True,logistics,4289.434400342,4289.434400342,4628.779102365,4397.566035029,0.0,231.21306733599977,0.0,0.051241926521283794,-0.051241926521283794,0.9754110265029171,0.926688075944342,0.9754110265029171,0.926688075944342,-0.04872295055857512,0.0,-0.04872295055857512,0.0
phase_037,2026200003,logistics_constrained,0.15,0.25,logistics,False,,0.0,0.0,0.0,0.0,0.0,0.926559703,0.974355652,-0.04779594899999995,logistics,logistics,True,logistics,4260.32659151,4260.32659151,4598.005478784,4372.455357474,0.0,225.55012130999967,0.0,0.05029789987998639,-0.05029789987998639,0.9743556521915463,0.9265597031512666,0.9743556521915463,0.9265597031512666,-0.04779594904027973,0.0,-0.04779594904027973,0.0
phase_037,2026200004,logistics_constrained,0.15,0.25,logistics,False,,0.0,0.0,0.0,0.0,0.0,0.904547681,0.95204803,-0.047500349,logistics,logistics,True,logistics,4338.134435161,4338.134435161,4795.915713926,4556.63401231,0.0,239.28170161599974,0.0,0.0511804670064536,-0.0511804670064536,0.9520480300680916,0.9045476805533235,0.9520480300680916,0.9045476805533235,-0.047500349514768114,0.0,-0.047500349514768114,0.0
phase_037,2026200005,logistics_constrained,0.15,0.25,logistics,False,,0.0,0.0,0.0,0.0,0.0,0.932257961,0.985040272,-0.05278231099999997,logistics,logistics,True,logistics,4646.912050189,4646.912050189,4984.577491813,4717.484331211,0.0,267.09316060200035,0.0,0.055072967079561344,-0.055072967079561344,0.9850402723004099,0.9322579612457417,0.9850402723004099,0.9322579612457417,-0.05278231105466824,0.0,-0.05278231105466824,0.0
phase_037,2026200006,logistics_constrained,0.15,0.25,logistics,False,,0.0,0.0,0.0,0.0,0.0,0.92572529,0.999989362,-0.07426407199999996,logistics,logistics,True,logistics,4207.121538336,4207.121538336,4544.676030903,4207.166292475,0.0,337.50973842799976,0.0,0.07716711336516573,-0.07716711336516573,0.9999893624031264,0.9257252903679629,0.9999893624031264,0.9257252903679629,-0.0742640720351635,0.0,-0.0742640720351635,0.0
phase_037,2026200007,logistics_constrained,0.15,0.25,logistics,False,,0.0,0.0,0.0,0.0,0.0,0.923792342,0.957458371,-0.03366602899999993,logistics,logistics,True,logistics,4101.971533784,4101.971533784,4440.361051962,4284.229642607,0.0,156.13140935499996,0.0,0.03579493528178844,-0.03579493528178844,0.9574583708094382,0.9237923416095905,0.9574583708094382,0.9237923416095905,-0.033666029199847736,0.0,-0.033666029199847736,0.0
phase_004,2026200007,forcegen_constrained,0.1,0.75,logistics,False,,0.0014603340000000076,9.24199999996489e-06,0.008494784000000033,0.04070315599999996,0.06505178600000006,1.0,0.783168243,0.216831757,logistics,logistics,True,logistics,67692.259756989,25534.847242121,33813.371257761,32604.548869213,42157.412514868,1208.8223885480002,0.9749277640874288,0.036404509098357615,0.9385232549890712,0.783168242705925,1.0,1.0,0.7551701085191298,0.216831757294075,0.216831757294075,-0.0279981341867952,0.0279981341867952
phase_037,2026200008,logistics_constrained,0.15,0.25,logistics,False,,0.0,0.0,0.0,0.0,0.0,0.921756684,0.970385597,-0.04862891300000005,logistics,logistics,True,logistics,4342.4822292,4342.4822292,4711.093831577,4475.006887281,0.0,236.08694429600018,0.0,0.051412226286488324,-0.051412226286488324,0.9703855968450763,0.9217566842107218,0.9703855968450763,0.9217566842107218,-0.04862891263435454,0.0,-0.04862891263435454,0.0
phase_037,2026200009,logistics_constrained,0.15,0.25,logistics,False,,0.0,0.0,0.0,0.0,0.0,0.924975309,0.997390234,-0.07241492500000002,logistics,logistics,True,logistics,4212.42908221,4212.42908221,4554.09894673,4223.451303789,0.0,330.6476429409995,0.0,0.07537505654343375,-0.07537505654343375,0.9973902335350447,0.9249753093824783,0.9973902335350447,0.9249753093824783,-0.07241492415256645,0.0,-0.07241492415256645,0.0
phase_037,2026200010,logistics_constrained,0.15,0.25,logistics,False,,0.0,0.0,0.0,0.0,0.0,0.890346179,0.939272846,-0.048926667000000035,logistics,logistics,True,logistics,3835.598118242,3835.598118242,4307.985150022,4083.582459042,0.0,224.40269098,0.0,0.053495655378897236,-0.053495655378897236,0.9392728460151686,0.8903461791697245,0.9392728460151686,0.8903461791697245,-0.04892666684544411,0.0,-0.04892666684544411,0.0
phase_037,2026200011,logistics_constrained,0.15,0.25,logistics,False,,0.0,0.0,0.0,0.0,0.0,0.926708411,0.98388332,-0.057174908999999996,logistics,logistics,True,logistics,4269.275531548,4269.275531548,4606.924335417,4339.209179342,0.0,267.71515607499987,0.0,0.05986834722194871,-0.05986834722194871,0.9838833195396666,0.9267084112336658,0.9838833195396666,0.9267084112336658,-0.057174908306000805,0.0,-0.057174908306000805,0.0
phase_038,2026200000,logistics_constrained,0.15,0.5,logistics,False,,0.0,0.0,0.0,0.0,0.0,0.849268273,0.984708079,-0.13543980600000005,logistics,logistics,True,logistics,4517.188862981,4517.188862981,5318.91865742,4587.338072203,0.0,731.5805852170006,0.0,0.14797010766471658,-0.14797010766471658,0.9847080794748769,0.8492682731064949,0.9847080794748769,0.8492682731064949,-0.13543980636838204,0.0,-0.13543980636838204,0.0
phase_038,2026200001,logistics_constrained,0.15,0.5,logistics,False,,0.0,0.0,0.0,-0.874024809,-0.87604849,0.874180246,0.999546744,-0.125366498,logistics,logistics,True,logistics,4696.342541538,4696.342541538,5372.281705759,4698.472149965,0.0,673.8095557939996,0.0,0.1340153355361659,-0.1340153355361659,0.9995467444822427,0.8741802457052086,0.9995467444822427,0.8741802457052086,-0.1253664987770341,0.0,-0.1253664987770341,0.0
phase_038,2026200002,logistics_constrained,0.15,0.5,logistics,False,,0.0,0.0,0.0,0.0,0.0,0.864045363,0.999999875,-0.13595451199999997,logistics,logistics,True,logistics,4289.927237412,4289.927237412,4964.93288288,4289.927775739,0.0,675.0051071409998,0.0,0.14612988204928126,-0.14612988204928126,0.9999998745137382,0.8640453634739871,0.9999998745137382,0.8640453634739871,-0.1359545110397511,0.0,-0.1359545110397511,0.0
phase_038,2026200003,logistics_constrained,0.15,0.5,logistics,False,,0.0,0.0,0.0,0.0,0.0,0.86305961,0.977167696,-0.114108086,logistics,logistics,True,logistics,4262.417912457,4262.417912457,4938.729448199,4362.012712851,0.0,576.7167353479999,0.0,0.12417451916843376,-0.12417451916843376,0.9771676959811276,0.8630596102022495,0.9771676959811276,0.8630596102022495,-0.1141080857788781,0.0,-0.1141080857788781,0.0
phase_038,2026200004,logistics_constrained,0.15,0.5,logistics,False,,0.0,0.0,0.0,0.0,0.0,0.865350696,0.984068426,-0.11871772999999997,logistics,logistics,True,logistics,4338.157945175,4338.157945175,5013.179010123,4408.390545066,0.0,604.7884650569995,0.0,0.12856057974569474,-0.12856057974569474,0.9840684260677388,0.8653506959187085,0.9840684260677388,0.8653506959187085,-0.11871773014903031,0.0,-0.11871773014903031,0.0
phase_038,2026200005,logistics_constrained,0.15,0.5,logistics,False,,0.0,0.0,0.0,0.0,0.0,0.873081337,0.985027804,-0.111946467,logistics,logistics,True,logistics,4643.367019463,4643.367019463,5318.367054853,4713.945130056,0.0,604.4219247969995,0.0,0.12064114699819607,-0.12064114699819607,0.9850278039633945,0.8730813371043912,0.9850278039633945,0.8730813371043912,-0.11194646685900334,0.0,-0.11194646685900334,0.0
phase_004,2026200008,forcegen_constrained,0.1,0.75,logistics,False,,0.001053740999999997,0.0020630489999999835,0.0031432479999999874,0.021300202000000046,0.17633278600000002,0.771608067,0.908029518,-0.13642145100000003,logistics,logistics,True,logistics,27947.760848212,31411.918909402,36220.151178884,34593.499738021,-3464.158061189999,1626.6514408630028,-0.11685032036605625,0.045949830782003126,-0.16280015114805937,0.9080295184727382,0.7716080672933601,0.8078905302979564,0.8672498012022337,-0.1364214511793781,-0.10013898817478173,-0.040779717270504445,0.004497254265908079
phase_038,2026200006,logistics_constrained,0.15,0.5,logistics,False,,0.0,0.0,0.0,0.0,0.0,0.864285677,0.956569254,-0.092283577,logistics,logistics,True,logistics,4298.683376238,4298.683376238,4973.683457101,4493.854844104,0.0,479.82861299700016,0.0,0.10144983054177746,-0.10144983054177746,0.9565692540954972,0.864285677469222,0.9565692540954972,0.864285677469222,-0.09228357662627518,0.0,-0.09228357662627518,0.0
phase_038,2026200007,logistics_constrained,0.15,0.5,logistics,False,,0.0,0.0,0.0,0.0,0.0,0.858697051,0.983000536,-0.12430348499999999,logistics,logistics,True,logistics,4101.974032556,4101.974032556,4776.974638506,4172.91128683,0.0,604.0633516759999,0.0,0.1351934827736966,-0.1351934827736966,0.9830005362208674,0.8586970505329903,0.9830005362208674,0.8586970505329903,-0.12430348568787708,0.0,-0.12430348568787708,0.0
phase_038,2026200008,logistics_constrained,0.15,0.5,logistics,False,,0.0,0.0,0.0,0.0,0.0,0.865466479,0.999996194,-0.134529715,logistics,logistics,True,logistics,4342.489379597,4342.489379597,5017.513083616,4342.505909269,0.0,675.0071743469998,0.0,0.14448282935052265,-0.14448282935052265,0.9999961935176728,0.865466478558233,0.9999961935176728,0.865466478558233,-0.13452971495943977,0.0,-0.13452971495943977,0.0
phase_038,2026200009,logistics_constrained,0.15,0.5,logistics,False,,0.0,0.0,0.0,0.0,0.0,0.861890569,0.989873653,-0.1279830839999999,logistics,logistics,True,logistics,4212.42908221,4212.42908221,4887.429138998,4255.521974,0.0,631.9071649979996,0.0,0.13844899919955866,-0.13844899919955866,0.9898736530904352,0.8618905691333695,0.9898736530904352,0.8618905691333695,-0.1279830839570657,0.0,-0.1279830839570657,0.0
phase_038,2026200010,logistics_constrained,0.15,0.5,logistics,False,,0.0,0.0,0.0,0.0,0.0,0.848283056,0.953981186,-0.10569813000000006,logistics,logistics,True,logistics,3774.074600331,3774.074600331,4449.074600423,3956.131061633,0.0,492.9435387900003,0.0,0.11742957654325856,-0.11742957654325856,0.9539811855406906,0.8482830564297968,0.9539811855406906,0.8482830564297968,-0.10569812911089371,0.0,-0.10569812911089371,0.0
phase_038,2026200011,logistics_constrained,0.15,0.5,logistics,False,,0.0,0.0,0.0,0.0,0.0,0.861115608,0.983883068,-0.12276746000000005,logistics,logistics,True,logistics,4269.328339596,4269.328339596,4957.903791143,4339.26396006,0.0,618.639831083,0.0,0.13327828937991704,-0.13327828937991704,0.983883068394154,0.861115608419611,0.983883068394154,0.861115608419611,-0.12276745997454297,0.0,-0.12276745997454297,0.0
phase_039,2026200000,logistics_constrained,0.15,0.75,logistics,False,,0.0,0.0,0.0,0.0,0.0,0.80526891,0.999998611,-0.19472970099999998,logistics,logistics,True,logistics,4517.585477446,4517.585477446,5610.033396203,4517.591751955,0.0,1092.4416442479996,0.0,0.21657761887757057,-0.21657761887757057,0.9999986110942856,0.8052689098969725,0.9999986110942856,0.8052689098969725,-0.19472970119731303,0.0,-0.19472970119731303,0.0
phase_039,2026200001,logistics_constrained,0.15,0.75,logistics,False,,0.0,0.0,0.0,0.0,0.0,0.820014321,0.999297619,-0.17928329799999998,logistics,logistics,True,logistics,4612.947564233,4612.947564233,5625.447564412,4616.189886729,0.0,1009.2576776830001,0.0,0.19773084693233386,-0.19773084693233386,0.9992976193407205,0.8200143208898913,0.9992976193407205,0.8200143208898913,-0.17928329845082913,0.0,-0.17928329845082913,0.0
phase_039,2026200002,logistics_constrained,0.15,0.75,logistics,False,,0.0,0.0,0.0,0.0,0.0,0.788957413,0.99992493,-0.21096751700000005,logistics,logistics,True,logistics,4290.261685605,4290.261685605,5437.887541745,4290.583780602,0.0,1147.303761143,0.0,0.23696786284375818,-0.23696786284375818,0.9999249297966267,0.7889574127213873,0.9999249297966267,0.7889574127213873,-0.21096751707523942,0.0,-0.21096751707523942,0.0
phase_039,2026200003,logistics_constrained,0.15,0.75,logistics,False,,0.0,0.0,0.0,0.0,0.0,0.808053802,0.960045326,-0.15199152400000004,logistics,logistics,True,logistics,4262.430783953,4262.430783953,5274.934382639,4439.822441634,0.0,835.1119410050005,0.0,0.17235185495310512,-0.17235185495310512,0.9600453261334222,0.8080538021442735,0.9600453261334222,0.8080538021442735,-0.15199152398914872,0.0,-0.15199152398914872,0.0
phase_004,2026200009,forcegen_constrained,0.1,0.75,logistics,False,,0.0012444289999999913,0.0028473210000000693,0.02580342400000002,0.10528222600000003,-0.03953902900000006,0.765689275,1.0,-0.23431072500000005,logistics,logistics,True,logistics,27315.30261522,70522.826592606,35674.135087805,35330.907620715,-43207.523977385994,343.2274670900006,-0.9484893583620261,0.009667768015544285,-0.9581571263775703,1.0,0.7656892745399055,0.7731276792675618,1.0,-0.23431072546009446,-0.22687232073243824,0.0,-0.007438404727656223
phase_039,2026200004,logistics_constrained,0.15,0.75,logistics,False,,0.0,0.0,0.0,0.0,0.0,0.790393497,0.983886978,-0.19349348100000008,logistics,logistics,True,logistics,4338.183669747,4338.183669747,5488.637858503,4409.229683517,0.0,1079.4081749859997,0.0,0.21898011226912845,-0.21898011226912845,0.9838869782548205,0.7903934968174816,0.9838869782548205,0.7903934968174816,-0.1934934814373389,0.0,-0.1934934814373389,0.0
phase_039,2026200005,logistics_constrained,0.15,0.75,logistics,False,,0.0,0.0,0.0,0.0,0.0,0.823177637,0.999659374,-0.17648173700000003,logistics,logistics,True,logistics,4722.869470083,4722.869470083,5737.36367219,4724.478751469,0.0,1012.8849207210005,0.0,0.19424257655512236,-0.19424257655512236,0.9996593737699637,0.8231776369651396,0.9996593737699637,0.8231776369651396,-0.17648173680482415,0.0,-0.17648173680482415,0.0
phase_039,2026200006,logistics_constrained,0.15,0.75,logistics,False,,0.0,0.0,0.0,0.0,0.0,0.811493295,0.999785928,-0.188292633,logistics,logistics,True,logistics,4381.370664953,4381.370664953,5399.145859305,4382.308793025,0.0,1016.8370662799998,0.0,0.20866505965287072,-0.20866505965287072,0.9997859283504866,0.8114932952592965,0.9997859283504866,0.8114932952592965,-0.18829263309119015,0.0,-0.18829263309119015,0.0
phase_039,2026200007,logistics_constrained,0.15,0.75,logistics,False,,0.0,0.0,0.0,0.0,0.0,0.802032366,0.999412068,-0.197379702,logistics,logistics,True,logistics,4101.975521998,4101.975521998,5114.476294382,4104.388622544,0.0,1010.0876718379996,0.0,0.22001821093403118,-0.22001821093403118,0.9994120682109033,0.8020323657583119,0.9994120682109033,0.8020323657583119,-0.1973797024525914,0.0,-0.1973797024525914,0.0
phase_039,2026200008,logistics_constrained,0.15,0.75,logistics,False,,0.0,0.0,0.0,0.0,0.0,0.810482869,0.999997886,-0.18951501699999995,logistics,logistics,True,logistics,4342.496381184,4342.496381184,5357.912604342,4342.505561054,0.0,1015.4070432879998,0.0,0.21012295999955496,-0.21012295999955496,0.9999978860430064,0.8104828693295376,0.9999978860430064,0.8104828693295376,-0.18951501671346882,0.0,-0.18951501671346882,0.0
phase_039,2026200009,logistics_constrained,0.15,0.75,logistics,False,,0.0,0.0,0.0,0.0,0.0,0.794653407,0.989873639,-0.19522023200000005,logistics,logistics,True,logistics,4212.428941729,4212.428941729,5300.963798346,4255.521892527,0.0,1045.4419058189997,0.0,0.21967124432327728,-0.21967124432327728,0.9898736390303445,0.7946534068094102,0.9898736390303445,0.7946534068094102,-0.19522023222093432,0.0,-0.19522023222093432,0.0
phase_039,2026200010,logistics_constrained,0.15,0.75,logistics,False,,0.0,0.0,0.0,0.0,0.0,0.788470563,0.999912528,-0.211441965,logistics,logistics,True,logistics,3774.157965425,3774.157965425,4786.682143688,3774.488128098,0.0,1012.1940155900002,0.0,0.23757273000644477,-0.23757273000644477,0.9999125278284644,0.7884705631439987,0.9999125278284644,0.7884705631439987,-0.21144196468446574,0.0,-0.21144196468446574,0.0
phase_039,2026200011,logistics_constrained,0.15,0.75,logistics,False,,0.0,0.0,0.0,0.0,0.0,0.808307082,0.983706513,-0.175399431,logistics,logistics,True,logistics,4269.385269991,4269.385269991,5281.885272572,4340.100641871,0.0,941.7846307009995,0.0,0.1963855559723041,-0.1963855559723041,0.9837065133472308,0.808307081594757,0.9837065133472308,0.808307081594757,-0.17539943175247386,0.0,-0.17539943175247386,0.0
phase_040,2026200000,logistics_constrained,0.15,1.0,logistics,False,,0.0,0.0,0.0,0.0,0.0,0.766624443,1.0,-0.233375557,logistics,logistics,True,logistics,4517.76434279,4517.76434279,5893.060654439,4517.764342832,0.0,1375.2963116070005,0.0,0.2657582413634066,-0.2657582413634066,0.9999999999907034,0.7666244431723189,0.9999999999907034,0.7666244431723189,-0.2333755568183845,0.0,-0.2333755568183845,0.0
phase_040,2026200001,logistics_constrained,0.15,1.0,logistics,False,,0.0,0.0,0.0,0.0,0.0,0.776728977,0.999999982,-0.22327100499999997,logistics,logistics,True,logistics,4696.463106785,4696.463106785,6046.463107404,4696.463190303,0.0,1349.9999171009995,0.0,0.25266377801032797,-0.25266377801032797,0.9999999822168305,0.7767289774800905,0.9999999822168305,0.7767289774800905,-0.22327100473674,0.0,-0.22327100473674,0.0
phase_004,2026200010,forcegen_constrained,0.1,0.75,logistics,False,,0.0016075660000000047,0.0044858279999999695,0.00591738899999994,0.00030924999999992764,-0.004641262000000035,0.785786078,0.813071236,-0.027285157999999976,logistics,logistics,True,logistics,30465.302042618,30465.302042618,38770.478225736,37469.413120496,0.0,1301.065105239999,0.0,0.034134136516948424,-0.034134136516948424,0.8130712361212109,0.785786078398048,0.8130712361212109,0.785786078398048,-0.027285157723162867,0.0,-0.027285157723162867,0.0
phase_040,2026200002,logistics_constrained,0.15,1.0,logistics,False,,0.0,0.0,0.0,0.0,0.0,0.760644442,0.999998835,-0.23935439299999994,logistics,logistics,True,logistics,4290.508235457,4290.508235457,5640.622606175,4290.513232419,0.0,1350.1093737560004,0.0,0.2735880902023099,-0.2735880902023099,0.9999988353463259,0.760644442115312,0.9999988353463259,0.760644442115312,-0.23935439323101393,0.0,-0.23935439323101393,0.0
phase_040,2026200003,logistics_constrained,0.15,1.0,logistics,False,,0.0,0.0,0.0,0.0,0.0,0.759462848,0.98159432,-0.22213147200000005,logistics,logistics,True,logistics,4262.438603587,4262.438603587,5612.438603874,4342.362741947,0.0,1270.075861927,0.0,0.25656670327091563,-0.25656670327091563,0.9815943201640118,0.7594628475124594,0.9815943201640118,0.7594628475124594,-0.22213147265155242,0.0,-0.22213147265155242,0.0
phase_040,2026200004,logistics_constrained,0.15,1.0,logistics,False,,0.0,0.0,0.0,0.0,0.0,0.76262016,0.968601946,-0.20598178600000006,logistics,logistics,True,logistics,4338.21428988,4338.21428988,5688.564920438,4478.841186594,0.0,1209.723733844,0.0,0.23909365624743917,-0.23909365624743917,0.9686019461607789,0.7626201600149749,0.9686019461607789,0.7626201600149749,-0.20598178614580398,0.0,-0.20598178614580398,0.0
phase_040,2026200005,logistics_constrained,0.15,1.0,logistics,False,,0.0,0.0,0.0,0.0,0.0,0.777699229,0.999813374,-0.22211414500000004,logistics,logistics,True,logistics,4722.904815155,4722.904815155,6072.919500924,4723.786396279,0.0,1349.1331046450005,0.0,0.25122878098059703,-0.25122878098059703,0.9998133740499582,0.7776992292482068,0.9998133740499582,0.7776992292482068,-0.2221141448017514,0.0,-0.2221141448017514,0.0
phase_040,2026200006,logistics_constrained,0.15,1.0,logistics,False,,0.0,0.0,0.0,0.0,0.0,0.757673101,0.999812167,-0.24213906600000001,logistics,logistics,True,logistics,4220.995065211,4220.995065211,5570.997647201,4221.788055734,0.0,1349.2095914669999,0.0,0.27731540051103903,-0.27731540051103903,0.9998121671404315,0.7576731013935586,0.9998121671404315,0.7576731013935586,-0.24213906574687294,0.0,-0.24213906574687294,0.0
phase_040,2026200007,logistics_constrained,0.15,1.0,logistics,False,,0.0,0.0,0.0,0.0,0.0,0.743653792,0.998924455,-0.255270663,logistics,logistics,True,logistics,4101.977988546,4101.977988546,5515.978043232,4106.394599238,0.0,1409.583443994,0.0,0.2951035623062353,-0.2951035623062353,0.9989244553621759,0.7436537920195402,0.9989244553621759,0.7436537920195402,-0.2552706633426357,0.0,-0.2552706633426357,0.0
phase_040,2026200008,logistics_constrained,0.15,1.0,logistics,False,,0.0,0.0,0.0,0.0,0.0,0.759660105,0.999982137,-0.24032203200000002,logistics,logistics,True,logistics,4267.044987893,4267.044987893,5617.044990583,4267.121211916,0.0,1349.923778667,0.0,0.27486631260975675,-0.27486631260975675,0.9999821368976379,0.7596601050991615,0.9999821368976379,0.7596601050991615,-0.24032203179847644,0.0,-0.24032203179847644,0.0
phase_040,2026200009,logistics_constrained,0.15,1.0,logistics,False,,0.0,0.640141179,0.0,0.0,-0.637034374,0.756735643,0.989749721,-0.23301407800000007,logistics,logistics,True,logistics,4212.428941729,4212.428941729,5566.579271513,4256.054689059,0.0,1310.5245824539998,0.0,0.26843812907348436,-0.26843812907348436,0.9897497211579193,0.7567356425311552,0.9897497211579193,0.7567356425311552,-0.23301407862676404,0.0,-0.23301407862676404,0.0
phase_040,2026200010,logistics_constrained,0.15,1.0,logistics,False,,0.0,0.0,0.0,0.0,0.0,0.718168501,0.998831084,-0.280662583,logistics,logistics,True,logistics,3774.233038933,3774.233038933,5255.358640008,3778.649963873,0.0,1476.7086761350001,0.0,0.3298814559623018,-0.3298814559623018,0.9988310838574016,0.7181685014226269,0.9988310838574016,0.7181685014226269,-0.2806625824347747,0.0,-0.2806625824347747,0.0
phase_040,2026200011,logistics_constrained,0.15,1.0,logistics,False,,0.0,0.0,0.0,0.0,0.0,0.744851987,0.999998638,-0.255146651,logistics,logistics,True,logistics,4269.408157955,4269.408157955,5731.887992262,4269.41397466,0.0,1462.4740176019995,0.0,0.294568393643723,-0.294568393643723,0.9999986375870237,0.7448519865912706,0.9999986375870237,0.7448519865912706,-0.25514665099575307,0.0,-0.25514665099575307,0.0
phase_004,2026200011,forcegen_constrained,0.1,0.75,logistics,False,,0.00224974,0.004524536000000023,0.0029957299999999742,-0.003059542000000026,0.008791968000000039,1.0,0.790893195,0.209106805,logistics,logistics,True,logistics,69030.305385957,26745.876501451,34946.478363251,33817.305118262,42284.42888450601,1129.1732449890042,0.9481653046842763,0.0328450442478478,0.9153202604364284,0.7908931953009972,1.0,1.0,0.7653382473461593,0.20910680469900278,0.20910680469900278,-0.025554947954837925,0.025554947954837925
phase_041,2026200000,logistics_constrained,0.15,1.5,logistics,False,,0.0,0.0,0.0,0.0,0.0,0.689266783,1.0,-0.310733217,logistics,logistics,True,logistics,4526.104799483,4526.104799483,6566.550012233,4526.104799527,0.0,2040.4452127060003,0.0,0.3721268803408617,-0.3721268803408617,0.9999999999902786,0.6892667825648474,0.9999999999902786,0.6892667825648474,-0.31073321742543114,0.0,-0.31073321742543114,0.0
phase_041,2026200001,logistics_constrained,0.15,1.5,logistics,False,,0.0,0.0,0.0,0.0,0.0,0.698732705,0.999999982,-0.301267277,logistics,logistics,True,logistics,4696.605819372,4696.605819372,6721.605819784,4696.605902918,0.0,2024.9999168660006,0.0,0.35848698773974275,-0.35848698773974275,0.9999999822114094,0.6987327054419454,0.9999999822114094,0.6987327054419454,-0.30126727676946397,0.0,-0.30126727676946397,0.0
phase_041,2026200002,logistics_constrained,0.15,1.5,logistics,False,,0.0,0.0,0.0,0.0,0.0,0.679361656,0.999999479,-0.320637823,logistics,logistics,True,logistics,4291.032129375,4291.032129375,6316.270709404,4291.034366538,0.0,2025.236342866,0.0,0.38660114141005814,-0.38660114141005814,0.9999994786424884,0.6793616560775781,0.9999994786424884,0.6793616560775781,-0.32063782256491025,0.0,-0.32063782256491025,0.0
phase_041,2026200003,logistics_constrained,0.15,1.5,logistics,False,,0.0,0.0,0.0,0.0,0.0,0.677930059,0.973935348,-0.296005289,logistics,logistics,True,logistics,4262.454198754,4262.454198754,6287.454198755,4376.526849294,0.0,1910.9273494609997,0.0,0.3623007978574427,-0.3623007978574427,0.9739353477156429,0.6779300594504565,0.9739353477156429,0.6779300594504565,-0.29600528826518646,0.0,-0.29600528826518646,0.0
phase_041,2026200004,logistics_constrained,0.15,1.5,logistics,False,,0.0,0.0,0.0,0.0,0.0,0.67390658,0.997682335,-0.323775755,logistics,logistics,True,logistics,4198.617447681,4198.617447681,6230.266290351,4208.371043911,0.0,2021.89524644,0.0,0.39234342773789477,-0.39234342773789477,0.9976823345355652,0.6739065799135303,0.9976823345355652,0.6739065799135303,-0.3237757546220349,0.0,-0.3237757546220349,0.0
phase_041,2026200005,logistics_constrained,0.15,1.5,logistics,False,,0.0,0.0,0.0,0.0,0.0,0.69990676,0.999171048,-0.29926428800000004,logistics,logistics,True,logistics,4722.96352093,4722.96352093,6747.989574361,4726.881877507,0.0,2021.107696854,0.0,0.3559788570788778,-0.3559788570788778,0.9991710483404196,0.6999067602112057,0.9991710483404196,0.6999067602112057,-0.2992642881292139,0.0,-0.2992642881292139,0.0
phase_041,2026200006,logistics_constrained,0.15,1.5,logistics,False,,0.0,0.0,0.0,0.0,0.0,0.6725624,0.999970561,-0.32740816100000003,logistics,logistics,True,logistics,4225.818800168,4225.818800168,6283.162421719,4225.94320887,0.0,2057.2192128490005,0.0,0.3966309434718298,-0.3966309434718298,0.999970560725535,0.6725624003544166,0.999970560725535,0.6725624003544166,-0.3274081603711184,0.0,-0.3274081603711184,0.0
phase_041,2026200007,logistics_constrained,0.15,1.5,logistics,False,,0.0,0.0,0.0,0.0,0.0,0.663898181,0.998033247,-0.334135066,logistics,logistics,True,logistics,4101.983081139,4101.983081139,6178.632806616,4110.066568918,0.0,2068.566237698001,0.0,0.4076577930979999,-0.4076577930979999,0.9980332465074581,0.66389818096111,0.9980332465074581,0.66389818096111,-0.3341350655463481,0.0,-0.3341350655463481,0.0
phase_041,2026200008,logistics_constrained,0.15,1.5,logistics,False,,0.0,0.0,0.0,0.0,0.0,0.668723345,0.999998315,-0.33127497000000006,logistics,logistics,True,logistics,4417.982026871,4417.982026871,6606.591593102,4417.989469606,0.0,2188.602123496,0.0,0.40238315539024205,-0.40238315539024205,0.9999983153570077,0.6687233446492823,0.9999983153570077,0.6687233446492823,-0.3312749707077254,0.0,-0.3312749707077254,0.0
phase_041,2026200009,logistics_constrained,0.15,1.5,logistics,False,,0.0,0.0,0.0,0.0,0.0,0.675346671,0.975690532,-0.300343861,logistics,logistics,True,logistics,4212.42818791,4212.42818791,6237.430888662,4317.381433324,0.0,1920.0494553380004,0.0,0.3679193122627211,-0.3679193122627211,0.9756905320887538,0.6753466712660625,0.9756905320887538,0.6753466712660625,-0.30034386082269127,0.0,-0.30034386082269127,0.0
phase_005,2026200000,forcegen_constrained,0.1,1.0,logistics,False,,0.004167592000000053,0.01412052499999994,0.01943151300000001,0.017416753000000007,0.01291349399999997,0.961829847,0.999999994,-0.03817014699999999,logistics,logistics,True,logistics,34017.953738373,34017.953738373,35367.953955255,34017.953926996,0.0,1350.0000282589972,0.0,0.03891771272759645,-0.03891771272759645,0.9999999944551926,0.9618298469119836,0.9999999944551926,0.9618298469119836,-0.03817014754320902,0.0,-0.03817014754320902,0.0
phase_041,2026200010,logistics_constrained,0.15,1.5,logistics,False,,0.0,0.0,0.0,0.0,0.0,0.654282336,0.997699574,-0.343417238,logistics,logistics,True,logistics,3833.789752739,3833.789752739,5859.534241191,3842.629436764,0.0,2016.9048044269998,0.0,0.4219132379815204,-0.4219132379815204,0.9976995741664739,0.654282336262916,0.9976995741664739,0.654282336262916,-0.34341723790355794,0.0,-0.34341723790355794,0.0
phase_041,2026200011,logistics_constrained,0.15,1.5,logistics,False,,0.0,0.0,0.0,0.0,0.0,0.678281957,0.999999955,-0.321717998,logistics,logistics,True,logistics,4269.452849605,4269.452849605,6294.510422916,4269.453041365,0.0,2025.0573815509997,0.0,0.388192166420788,-0.388192166420788,0.9999999550855816,0.6782819572530201,0.9999999550855816,0.6782819572530201,-0.3217179978325615,0.0,-0.3217179978325615,0.0
phase_042,2026200000,logistics_constrained,0.15,2.0,logistics,False,,0.0,0.0,0.0,0.0,0.0,0.626353148,0.975654207,-0.3493010590000001,logistics,logistics,True,logistics,4526.07452776,4526.07452776,7226.074527761,4639.015026979,0.0,2587.059500782,0.0,0.44319388147023975,-0.44319388147023975,0.9756542070758178,0.6263531479466217,0.9756542070758178,0.6263531479466217,-0.3493010591291962,0.0,-0.3493010591291962,0.0
phase_042,2026200001,logistics_constrained,0.15,2.0,logistics,False,,0.0,0.0,0.0,0.0,0.0,0.634652416,0.999547861,-0.36489544500000004,logistics,logistics,True,logistics,4690.22272703,4690.22272703,7390.222755925,4692.344319203,0.0,2697.8784367219996,0.0,0.45422556497838223,-0.45422556497838223,0.9995478609350303,0.6346524160276068,0.9995478609350303,0.6346524160276068,-0.36489544490742354,0.0,-0.36489544490742354,0.0
phase_042,2026200002,logistics_constrained,0.15,2.0,logistics,False,,0.0,0.0,0.0,0.0,0.0,0.61374612,0.999998491,-0.3862523710000001,logistics,logistics,True,logistics,4291.217471428,4291.217471428,6991.844567203,4291.223945718,0.0,2700.620621485,0.0,0.4881724137338301,-0.4881724137338301,0.999998491271935,0.613746119522884,0.999998491271935,0.613746119522884,-0.3862523717490509,0.0,-0.3862523717490509,0.0
phase_042,2026200003,logistics_constrained,0.15,2.0,logistics,False,,0.0,0.0,0.0,0.0,0.0,0.606998452,0.998618992,-0.39162054,logistics,logistics,True,logistics,4189.691598432,4189.691598432,6902.310190454,4195.485599364,0.0,2706.8245910899996,0.0,0.4978470758558397,-0.4978470758558397,0.9986189915815994,0.6069984516526666,0.9986189915815994,0.6069984516526666,-0.39162053992893275,0.0,-0.39162053992893275,0.0
phase_042,2026200004,logistics_constrained,0.15,2.0,logistics,False,,0.0,0.0,0.0,0.0,0.0,0.608620692,0.995621627,-0.387000935,logistics,logistics,True,logistics,4198.680656331,4198.680656331,6898.682072831,4217.144889086,0.0,2681.537183745,0.0,0.4921720569159239,-0.4921720569159239,0.9956216271338494,0.6086206918951397,0.9956216271338494,0.6086206918951397,-0.3870009352387097,0.0,-0.3870009352387097,0.0
phase_042,2026200005,logistics_constrained,0.15,2.0,logistics,False,,0.0,0.0,0.0,0.0,0.0,0.635942719,0.998742448,-0.362799729,logistics,logistics,True,logistics,4723.049334918,4723.049334918,7426.847093848,4728.996292476,0.0,2697.850801372,0.0,0.45138844093566827,-0.45138844093566827,0.9987424482511305,0.6359427190618101,0.9987424482511305,0.6359427190618101,-0.36279972918932035,0.0,-0.36279972918932035,0.0
phase_042,2026200006,logistics_constrained,0.15,2.0,logistics,False,,0.0,0.0,0.0,0.0,0.0,0.618717895,0.965156822,-0.346438927,logistics,logistics,True,logistics,4381.370899648,4381.370899648,7081.370902916,4539.543002444,0.0,2541.827900472,0.0,0.4446411725850103,-0.4446411725850103,0.9651568224574933,0.6187178951244905,0.9651568224574933,0.6187178951244905,-0.34643892733300286,0.0,-0.34643892733300286,0.0
phase_042,2026200007,logistics_constrained,0.15,2.0,logistics,False,,0.0,0.0,0.0,0.0,0.0,0.607173296,1.0,-0.39282670399999997,logistics,logistics,True,logistics,4173.259865391,4173.259865391,6873.259895054,4173.259865399,0.0,2700.0000296549997,0.0,0.49894103263062944,-0.49894103263062944,0.9999999999980831,0.6071732960940528,0.9999999999980831,0.6071732960940528,-0.3928267039040303,0.0,-0.3928267039040303,0.0
phase_005,2026200001,forcegen_constrained,0.1,1.0,logistics,False,,0.005777990999999982,-0.017964552000000023,0.006493432000000077,-0.006829047999999949,-0.023682842999999898,0.784840615,1.0,-0.21515938499999998,logistics,logistics,True,logistics,31751.179140966,72050.137342276,40455.575995209,38580.438644424,-40298.95820130999,1875.1373507850003,-0.819432365704337,0.04745910593310166,-0.8668914716374386,1.0,0.7848406149186004,0.8229864733680257,1.0,-0.21515938508139965,-0.17701352663197434,0.0,-0.03814585844942531
phase_042,2026200008,logistics_constrained,0.15,2.0,logistics,False,,0.0,0.0,0.0,0.0,0.0,0.616371343,0.999989422,-0.383618079,logistics,logistics,True,logistics,4342.05277525,4342.05277525,7044.54031714,4342.098704751,0.0,2702.4416123890005,0.0,0.48389508995092123,-0.48389508995092123,0.9999894222807627,0.6163713428803005,0.9999894222807627,0.6163713428803005,-0.3836180794004622,0.0,-0.3836180794004622,0.0
phase_042,2026200009,logistics_constrained,0.15,2.0,logistics,False,,0.0,0.0,0.0,0.0,0.0,0.613507307,0.99548128,-0.381973973,logistics,logistics,True,logistics,4285.901801662,4285.901801662,6985.901804481,4305.356504159,0.0,2680.545300322,0.0,0.48403414414014645,-0.48403414414014645,0.9954812795460245,0.6135073068036648,0.9954812795460245,0.6135073068036648,-0.38197397274235967,0.0,-0.38197397274235967,0.0
phase_042,2026200010,logistics_constrained,0.15,2.0,logistics,False,,0.0,0.0,0.0,0.0,0.0,0.586712969,0.994979812,-0.40826684299999993,logistics,logistics,True,logistics,3834.155310265,3834.155310265,6534.976240116,3853.500608145,0.0,2681.4756319709995,0.0,0.5281867272279649,-0.5281867272279649,0.9949798119042434,0.5867129687065153,0.9949798119042434,0.5867129687065153,-0.4082668431977281,0.0,-0.4082668431977281,0.0
phase_042,2026200011,logistics_constrained,0.15,2.0,logistics,False,,0.0,0.0,0.0,0.0,0.0,0.612597946,0.999998653,-0.38740070700000007,logistics,logistics,True,logistics,4269.503574738,4269.503574738,6969.503575916,4269.509325664,0.0,2699.994250252,0.0,0.4900450906532227,-0.4900450906532227,0.9999986530241389,0.6125979459271401,0.9999986530241389,0.6125979459271401,-0.3874007070969988,0.0,-0.3874007070969988,0.0
phase_005,2026200002,forcegen_constrained,0.1,1.0,logistics,False,,0.0023607469999999964,0.008904491999999986,0.011066038999999916,-0.0001549980000000728,-0.005686378999999908,0.769332214,0.803111969,-0.03377975500000008,logistics,logistics,True,logistics,28844.561863583,28844.561863583,37492.985902093,35915.99051564,0.0,1576.9953864530034,0.0,0.04297125828294301,-0.04297125828294301,0.8031119690551853,0.7693322142681835,0.8031119690551853,0.7693322142681835,-0.03377975478700179,0.0,-0.03377975478700179,0.0
phase_044,2026200000,logistics_constrained,0.25,0.25,logistics,False,,0.0,0.0,0.0,0.0,0.0,0.956969559,0.997560828,-0.040591268999999985,logistics,logistics,True,logistics,7531.231824083,7531.231824083,7869.876065222,7549.64671141,0.0,320.2293538120002,0.0,0.04154154558178783,-0.04154154558178783,0.9975608279392506,0.956969558563252,0.9975608279392506,0.956969558563252,-0.04059126937599855,0.0,-0.04059126937599855,0.0
phase_044,2026200001,logistics_constrained,0.25,0.25,logistics,False,,0.0,0.0,0.0,0.0,0.0,0.959878188,1.0,-0.04012181199999998,logistics,logistics,True,logistics,8078.373646509,8078.373646509,8416.04043897,8078.373646509,0.0,337.6667924610001,0.0,0.04094889009396253,-0.04094889009396253,1.0,0.9598781879781075,1.0,0.9598781879781075,-0.04012181202189247,0.0,-0.04012181202189247,0.0
phase_044,2026200002,logistics_constrained,0.25,0.25,logistics,False,,0.0,0.0,0.0,0.0,0.0,0.944116458,0.98582732,-0.04171086199999996,logistics,logistics,True,logistics,7158.42490079,7158.42490079,7582.141845959,7261.33751279,0.0,320.80433316900053,0.0,0.043231682889923136,-0.043231682889923136,0.9858273201295585,0.9441164576214272,0.9858273201295585,0.9441164576214272,-0.041710862508131386,0.0,-0.041710862508131386,0.0
phase_044,2026200003,logistics_constrained,0.25,0.25,logistics,False,,0.0,0.0,0.0,0.0,0.0,0.938833168,0.999999998,-0.061166829999999894,logistics,logistics,True,logistics,7230.437239138,7230.437239138,7701.514478431,7230.437250743,0.0,471.07722768799977,0.0,0.06311748340691266,-0.06311748340691266,0.9999999983949796,0.9388331683836593,0.9999999983949796,0.9388331683836593,-0.06116683001132028,0.0,-0.06116683001132028,0.0
phase_005,2026200003,forcegen_constrained,0.1,1.0,logistics,False,,4.83400000006462e-06,0.006376170000000014,0.014117633000000018,0.03365559699999998,-0.045190285,1.0,1.0,0.0,logistics,logistics,True,logistics,41249.449877931,43363.753359109,40856.544476293,39583.613372738,-2114.3034811780017,1272.9311035549981,-0.049986139695954966,0.03165178707084142,-0.08163792676679638,1.0,1.0,1.0,1.0,0.0,0.0,0.0,0.0
phase_044,2026200004,logistics_constrained,0.25,0.25,logistics,False,,0.0,0.0,0.0,0.0,0.0,0.953846212,0.999999998,-0.046153785999999974,logistics,logistics,True,logistics,6978.312769483,6978.312769483,7315.97261626,6978.31278057,0.0,337.65983569000036,0.0,0.04725282195473646,-0.04725282195473646,0.9999999984112206,0.9538462123236302,0.9999999984112206,0.9538462123236302,-0.046153786087590354,0.0,-0.046153786087590354,0.0
phase_044,2026200005,logistics_constrained,0.25,0.25,logistics,False,,0.0,0.0,0.0,0.0,0.0,0.959493451,1.0,-0.04050654899999995,logistics,logistics,True,logistics,7994.486113233,7994.486113233,8331.986113233,7994.486113233,0.0,337.5000000000009,0.0,0.041349788516888954,-0.041349788516888954,1.0,0.959493451451632,1.0,0.959493451451632,-0.04050654854836799,0.0,-0.04050654854836799,0.0
phase_044,2026200006,logistics_constrained,0.25,0.25,logistics,False,,0.0,0.0,0.0,0.0,0.0,0.955763517,0.999999998,-0.044236480999999994,logistics,logistics,True,logistics,7291.949234257,7291.949234257,7629.449234258,7291.949250689,0.0,337.4999835689996,0.0,0.04524476124732128,-0.04524476124732128,0.9999999977465559,0.9557635171768958,0.9999999977465559,0.9557635171768958,-0.04423648056966012,0.0,-0.04423648056966012,0.0
phase_044,2026200007,logistics_constrained,0.25,0.25,logistics,False,,0.0,0.0,0.0,0.0,0.823614311,0.937480555,0.999913577,-0.062433022000000005,logistics,logistics,True,logistics,6955.725814288,6955.725814288,7419.594758497,6956.327004082,0.0,463.2677544150001,0.0,0.06447283518038345,-0.06447283518038345,0.9999135765478467,0.9374805552988225,0.9999135765478467,0.9374805552988225,-0.06243302124902428,0.0,-0.06243302124902428,0.0
phase_044,2026200008,logistics_constrained,0.25,0.25,logistics,False,,0.0,0.0,0.0,0.0,0.0,0.95689449,0.990648807,-0.03375431699999998,logistics,logistics,True,logistics,7492.12547304,7492.12547304,7829.625473069,7562.847118555,0.0,266.77835451400006,0.0,0.03466695427809777,-0.03466695427809777,0.9906488066720947,0.9568944898846216,0.9906488066720947,0.9568944898846216,-0.03375431678747309,0.0,-0.03375431678747309,0.0
phase_044,2026200009,logistics_constrained,0.25,0.25,logistics,False,,0.0,0.0,0.0,0.0,0.0,0.95474725,0.999995409,-0.0452481589999999,logistics,logistics,True,logistics,7143.169669437,7143.169669437,7481.738928477,7143.20246057,0.0,338.53646790699986,0.0,0.04630404235282103,-0.04630404235282103,0.9999954094633071,0.9547472503014858,0.9999954094633071,0.9547472503014858,-0.045248159161821344,0.0,-0.045248159161821344,0.0
phase_044,2026200010,logistics_constrained,0.25,0.25,logistics,False,,0.0,0.0,0.0,0.0,0.0,0.938982865,0.997169937,-0.05818707199999995,logistics,logistics,True,logistics,6281.943881452,6281.943881452,6690.15816738,6299.77263372,0.0,390.38553365999996,0.0,0.060123973358888264,-0.060123973358888264,0.9971699371858961,0.938982864722335,0.9971699371858961,0.938982864722335,-0.05818707246356103,0.0,-0.05818707246356103,0.0
phase_044,2026200011,logistics_constrained,0.25,0.25,logistics,False,,0.0,0.0,0.0,0.0,0.0,0.954664886,0.98400286,-0.029337974000000044,logistics,logistics,True,logistics,7115.721879743,7115.721879743,7453.63319017,7231.403655715,0.0,222.22953445499934,0.0,0.03026842946906914,-0.03026842946906914,0.9840028600974893,0.9546648859951085,0.9840028600974893,0.9546648859951085,-0.029337974102380815,0.0,-0.029337974102380815,0.0
phase_045,2026200000,logistics_constrained,0.25,0.5,logistics,False,,0.0,0.0,0.0,0.0,0.0,0.917748648,0.994763881,-0.07701523300000002,logistics,logistics,True,logistics,7531.577405983,7531.577405983,8206.579681546,7571.221220579,0.0,635.3584609669997,0.0,0.08058185454727439,-0.08058185454727439,0.9947638810911711,0.9177486478220803,0.9947638810911711,0.9177486478220803,-0.07701523326909077,0.0,-0.07701523326909077,0.0
phase_045,2026200001,logistics_constrained,0.25,0.5,logistics,False,,0.0,0.0,0.0,0.0,0.0,0.917399581,1.0,-0.08260041900000004,logistics,logistics,True,logistics,7967.657629946,7967.657629946,8685.046071324,7967.657629946,0.0,717.3884413780006,0.0,0.08621215314964314,-0.08621215314964314,1.0,0.9173995813624236,1.0,0.9173995813624236,-0.08260041863757639,0.0,-0.08260041863757639,0.0
phase_005,2026200004,forcegen_constrained,0.1,1.0,logistics,False,,5.0310000000441946e-06,1.0368000000093858e-05,3.580000000003025e-06,-0.03766858299999998,-0.015339431999999986,0.952655168,0.999647988,-0.046992819999999935,logistics,logistics,True,logistics,27418.519125246,27418.519125246,28781.158222184,27428.174161745,0.0,1352.984060439001,0.0,0.04815020546353009,-0.04815020546353009,0.9996479883625478,0.9526551681340015,0.9996479883625478,0.9526551681340015,-0.04699282022854623,0.0,-0.04699282022854623,0.0
phase_045,2026200002,logistics_constrained,0.25,0.5,logistics,False,,0.0,0.0,0.0,0.0,0.0,0.913705791,0.985826966,-0.07212117499999993,logistics,logistics,True,logistics,7158.460206441,7158.460206441,7834.535222587,7261.375933499,0.0,573.1592890880002,0.0,0.07597221998299199,-0.07597221998299199,0.985826966128662,0.9137057914811753,0.985826966128662,0.9137057914811753,-0.0721211746474868,0.0,-0.0721211746474868,0.0
phase_045,2026200003,logistics_constrained,0.25,0.5,logistics,False,,0.0,0.0,0.0,0.0,0.0,0.910323382,1.0,-0.08967661800000004,logistics,logistics,True,logistics,6852.045639238,6852.045639238,7527.045639241,6852.045639977,0.0,674.9999992639996,0.0,0.0939553781726033,-0.0939553781726033,0.999999999892149,0.9103233815291355,0.999999999892149,0.9103233815291355,-0.08967661836301355,0.0,-0.08967661836301355,0.0
phase_045,2026200004,logistics_constrained,0.25,0.5,logistics,False,,0.0,0.0,0.0,0.0,0.0,0.911804179,0.984777075,-0.07297289600000001,logistics,logistics,True,logistics,6978.423864702,6978.423864702,7653.423869975,7086.298049657,0.0,567.1258203180005,0.0,0.07699004509152434,-0.07699004509152434,0.9847770748282002,0.9118041785296801,0.9847770748282002,0.9118041785296801,-0.0729728962985201,0.0,-0.0729728962985201,0.0
phase_045,2026200005,logistics_constrained,0.25,0.5,logistics,False,,0.0,0.0,0.0,0.0,0.0,0.922149132,1.0,-0.07785086799999996,logistics,logistics,True,logistics,7995.423531957,7995.423531957,8670.423532328,7995.423533851,0.0,674.9999984770011,0.0,0.08104832020204386,-0.08104832020204386,0.9999999997631145,0.922149131717241,0.9999999997631145,0.922149131717241,-0.07785086804587349,0.0,-0.07785086804587349,0.0
phase_045,2026200006,logistics_constrained,0.25,0.5,logistics,False,,0.0,0.0,0.0,0.0,0.0,0.915275368,0.999999968,-0.08472460000000004,logistics,logistics,True,logistics,7291.98647513,7291.98647513,7966.986475198,7291.986709885,0.0,674.9997653130004,0.0,0.08853027854019625,-0.08853027854019625,0.9999999678064416,0.9152753676475616,0.9999999678064416,0.9152753676475616,-0.08472460015888006,0.0,-0.08472460015888006,0.0
phase_045,2026200007,logistics_constrained,0.25,0.5,logistics,False,,0.0,0.0,0.0,0.0,0.0,0.911379058,0.999989471,-0.08861041300000005,logistics,logistics,True,logistics,6942.149194954,6942.149194954,7617.191916223,6942.222289613,0.0,674.96962661,0.0,0.09278584894628691,-0.09278584894628691,0.9999894709999263,0.9113790582286234,0.9999894709999263,0.9113790582286234,-0.08861041277130288,0.0,-0.08861041277130288,0.0
phase_045,2026200008,logistics_constrained,0.25,0.5,logistics,False,,0.0,0.0,0.0,0.0,0.0,0.91735223,0.979019044,-0.06166681399999996,logistics,logistics,True,logistics,7492.189475424,7492.189475424,8167.189475675,7652.751520714,0.0,514.4379549609994,0.0,0.0650595851822383,-0.0650595851822383,0.9790190436922719,0.9173522296425953,0.9790190436922719,0.9173522296425953,-0.061666814049676555,0.0,-0.061666814049676555,0.0
phase_045,2026200009,logistics_constrained,0.25,0.5,logistics,False,,0.0,0.0,0.0,0.0,0.0,0.912261269,1.0,-0.08773873099999996,logistics,logistics,True,logistics,7020.714902881,7020.714902881,7695.947580616,7020.71490365,0.0,675.2326769659994,0.0,0.09182885111033855,-0.09182885111033855,0.999999999890467,0.9122612685881947,0.999999999890467,0.9122612685881947,-0.08773873130227228,0.0,-0.08773873130227228,0.0
phase_045,2026200010,logistics_constrained,0.25,0.5,logistics,False,,0.0,0.0,0.0,0.0,0.0,0.902975535,0.998722623,-0.09574708799999998,logistics,logistics,True,logistics,6282.008202309,6282.008202309,6957.00820248,6290.042959313,0.0,666.9652431670002,0.0,0.10078162549773367,-0.10078162549773367,0.9987226228730117,0.902975534809578,0.9987226228730117,0.902975534809578,-0.09574708806343368,0.0,-0.09574708806343368,0.0
phase_045,2026200011,logistics_constrained,0.25,0.5,logistics,False,,0.0,0.710469225,0.0,0.892377517,0.0,0.910478785,0.999999103,-0.08952031799999993,logistics,logistics,True,logistics,6865.195183175,6865.195183175,7540.20335012,6865.201339446,0.0,675.0020106740003,0.0,0.09378378398117838,-0.09378378398117838,0.9999991032643187,0.9104787847751802,0.9999991032643187,0.9104787847751802,-0.08952031848913855,0.0,-0.08952031848913855,0.0
phase_005,2026200005,forcegen_constrained,0.1,1.0,logistics,False,,0.0013895709999999228,0.00479039399999992,0.007709441000000039,0.10821363699999997,0.011232165000000016,1.0,1.0,0.0,logistics,logistics,True,logistics,43137.615482834,69530.002521926,41567.673364847,36667.041007685,-26392.387039092,4900.632357162001,-0.47736298487458556,0.1254444962335607,-0.6028074811081463,1.0,1.0,1.0,1.0,0.0,0.0,0.0,0.0
phase_046,2026200000,logistics_constrained,0.25,0.75,logistics,False,,0.0,0.0,0.0,0.0,0.0,0.881503087,0.997560367,-0.11605727999999993,logistics,logistics,True,logistics,7532.026399983,7532.026399983,8544.526399983,7550.446715469,0.0,994.0796845140003,0.0,0.1236841616825054,-0.1236841616825054,0.9975603674616681,0.8815030871691129,0.9975603674616681,0.8815030871691129,-0.11605728029255524,0.0,-0.11605728029255524,0.0
phase_046,2026200001,logistics_constrained,0.25,0.75,logistics,False,,0.0,0.0,0.0,0.0,0.0,0.887252721,1.0,-0.11274727900000003,logistics,logistics,True,logistics,7967.761087884,7967.761087884,8980.261090987,7967.761087884,0.0,1012.5000031030004,0.0,0.11962542072913439,-0.11962542072913439,1.0,0.8872527209571678,1.0,0.8872527209571678,-0.11274727904283222,0.0,-0.11274727904283222,0.0
phase_046,2026200002,logistics_constrained,0.25,0.75,logistics,False,,0.0,0.0,0.0,0.0,0.0,0.875049364,0.999999648,-0.12495028399999997,logistics,logistics,True,logistics,7158.494324472,7158.494324472,8180.674845856,7158.496840964,0.0,1022.178004892,0.0,0.13347462618560646,-0.13347462618560646,0.9999996484608353,0.8750493644296601,0.9999996484608353,0.8750493644296601,-0.12495028403117525,0.0,-0.12495028403117525,0.0
phase_046,2026200003,logistics_constrained,0.25,0.75,logistics,False,,0.0,0.0,0.0,0.0,0.0,0.876876926,0.999999994,-0.12312306799999995,logistics,logistics,True,logistics,7224.556991129,7224.556991129,8238.963507614,7224.557035557,0.0,1014.4064720570004,0.0,0.13138862593704026,-0.13138862593704026,0.9999999938504189,0.8768769256536285,0.9999999938504189,0.8768769256536285,-0.12312306819679042,0.0,-0.12312306819679042,0.0
phase_046,2026200004,logistics_constrained,0.25,0.75,logistics,False,,0.0,0.0,0.0,0.0,0.0,0.873294457,0.997703638,-0.12440918099999998,logistics,logistics,True,logistics,6978.531794768,6978.531794768,7991.040984164,6994.59391392,0.0,996.4470702440003,0.0,0.1331834845014205,-0.1331834845014205,0.9977036380739652,0.8732944567043881,0.9977036380739652,0.8732944567043881,-0.12440918136957713,0.0,-0.12440918136957713,0.0
phase_046,2026200005,logistics_constrained,0.25,0.75,logistics,False,,0.0,0.0,0.0,0.0,0.0,0.887603957,0.999999995,-0.11239603799999998,logistics,logistics,True,logistics,7995.877399703,7995.877399703,9008.384130077,7995.877436565,0.0,1012.5066935120003,0.0,0.11922962527547011,-0.11922962527547011,0.9999999953898744,0.8876039569634399,0.9999999953898744,0.8876039569634399,-0.11239603842643453,0.0,-0.11239603842643453,0.0
phase_046,2026200006,logistics_constrained,0.25,0.75,logistics,False,,0.0,0.0,0.0,0.0,0.0,0.87807758,0.999999991,-0.12192241100000001,logistics,logistics,True,logistics,7292.036640215,7292.036640215,8304.54712548,7292.036702335,0.0,1012.5104231449995,0.0,0.13002032119610493,-0.13002032119610493,0.9999999914811181,0.8780775796721755,0.9999999914811181,0.8780775796721755,-0.12192241180894259,0.0,-0.12192241180894259,0.0
phase_046,2026200007,logistics_constrained,0.25,0.75,logistics,False,,0.0,0.0,0.0,0.0,0.0,0.87254904,0.999914254,-0.127365214,logistics,logistics,True,logistics,6931.732021246,6931.732021246,7944.232021246,6932.326440963,0.0,1011.9055802829998,0.0,0.13625067078993505,-0.13625067078993505,0.9999142539345107,0.8725490396941861,0.9999142539345107,0.8725490396941861,-0.12736521424032465,0.0,-0.12736521424032465,0.0
phase_046,2026200008,logistics_constrained,0.25,0.75,logistics,False,,0.0,0.0,0.0,0.0,0.0,0.880949057,0.9999859,-0.11903684299999995,logistics,logistics,True,logistics,7492.262515478,7492.262515478,8504.762515521,7492.368156316,0.0,1012.3943592050009,0.0,0.1267413792335173,-0.1267413792335173,0.9999859002072782,0.8809490566967377,0.9999859002072782,0.8809490566967377,-0.11903684351054045,0.0,-0.11903684351054045,0.0
phase_046,2026200009,logistics_constrained,0.25,0.75,logistics,False,,0.0,0.0,0.0,0.0,0.0,0.873960797,1.0,-0.12603920300000004,logistics,logistics,True,logistics,7020.714902881,7020.714902881,8033.214904511,7020.71490409,0.0,1012.5000004209996,0.0,0.1347197585007566,-0.1347197585007566,0.9999999998277953,0.8739607973065133,0.9999999998277953,0.8739607973065133,-0.12603920252128198,0.0,-0.12603920252128198,0.0
phase_005,2026200006,forcegen_constrained,0.1,1.0,logistics,False,,0.000963358999999997,0.01916331299999996,-0.020583878000000055,-0.15377385799999999,-0.23971575299999992,0.961845422,0.803156723,0.15868869900000004,logistics,logistics,True,logistics,34037.304839795,28579.229349892,35387.499949248,35583.627140169,5458.075489902996,-196.1271909210045,0.17477691682753732,-0.005526971269273508,0.18030388809681083,0.8031567225374278,0.9618454224969432,0.9565439943971192,0.8076080364784097,0.1586886999595154,0.15338727185969148,0.004451313940981971,0.0008501141588419525
phase_046,2026200010,logistics_constrained,0.25,0.75,logistics,False,,0.0,0.0,0.0,0.0,0.0,0.861198328,0.98726849,-0.1260701620000001,logistics,logistics,True,logistics,6282.080735747,6282.080735747,7294.580735747,6363.092510254,0.0,931.4882254929998,0.0,0.13661720457438517,-0.13661720457438517,0.9872684902228828,0.8611983283647466,0.9872684902228828,0.8611983283647466,-0.12607016185813613,0.0,-0.12607016185813613,0.0
phase_046,2026200011,logistics_constrained,0.25,0.75,logistics,False,,0.0,0.0,0.0,0.0,0.0,0.86672314,0.999480436,-0.13275729600000008,logistics,logistics,True,logistics,6987.627350806,6987.627350806,8062.121607521,6991.259759427,0.0,1070.8618480940004,0.0,0.14251598551855577,-0.14251598551855577,0.9994804357517826,0.8667231395129757,0.9994804357517826,0.8667231395129757,-0.13275729623880683,0.0,-0.13275729623880683,0.0
phase_047,2026200000,logistics_constrained,0.25,1.0,logistics,False,,0.0,0.0,0.0,0.0,0.0,0.848011791,1.0,-0.15198820899999999,logistics,logistics,True,logistics,7532.267975569,7532.267975569,8882.267982201,7532.267975569,0.0,1350.000006632,0.0,0.16486073935795606,-0.16486073935795606,1.0,0.8480117905317383,1.0,0.8480117905317383,-0.15198820946826175,0.0,-0.15198820946826175,0.0
phase_047,2026200001,logistics_constrained,0.25,1.0,logistics,False,,0.0,0.0,0.0,0.0,0.0,0.857117218,1.0,-0.14288278200000004,logistics,logistics,True,logistics,8098.304259129,8098.304259129,9448.304259129,8098.30425913,0.0,1349.9999999989996,0.0,0.1541805928885516,-0.1541805928885516,0.9999999999998764,0.8571172177594066,0.9999999999998764,0.8571172177594066,-0.1428827822404698,0.0,-0.1428827822404698,0.0
phase_047,2026200002,logistics_constrained,0.25,1.0,logistics,False,,0.0,0.0,0.0,0.0,0.0,0.841335644,0.999999455,-0.15866381099999993,logistics,logistics,True,logistics,7158.527249575,7158.527249575,8508.527249576,7158.531152567,0.0,1349.9960970089996,0.0,0.17276405281641583,-0.17276405281641583,0.999999454777535,0.8413356435958674,0.999999454777535,0.8413356435958674,-0.1586638111816676,0.0,-0.1586638111816676,0.0
phase_047,2026200003,logistics_constrained,0.25,1.0,logistics,False,,0.0,0.0,0.0,0.0,0.0,0.837899929,0.999998349,-0.16209841999999997,logistics,logistics,True,logistics,6978.188850318,6978.188850318,8328.188850318,6978.200369026,0.0,1349.988481292,0.0,0.17685495086257655,-0.17685495086257655,0.9999983493297139,0.8378999294728466,0.9999983493297139,0.8378999294728466,-0.16209841985686724,0.0,-0.16209841985686724,0.0
phase_047,2026200004,logistics_constrained,0.25,1.0,logistics,False,,0.0,0.0,0.0,0.0,0.0,0.84274118,0.996320441,-0.15357926099999997,logistics,logistics,True,logistics,7234.574129585,7234.574129585,8584.574129592,7261.292482946,0.0,1323.281646646,0.0,0.16740904583583477,-0.16740904583583477,0.9963204411027718,0.842741179745493,0.9963204411027718,0.842741179745493,-0.15357926135727884,0.0,-0.15357926135727884,0.0
phase_047,2026200005,logistics_constrained,0.25,1.0,logistics,False,,0.0,0.0,0.0,0.0,0.0,0.855556436,1.0,-0.14444356400000002,logistics,logistics,True,logistics,7996.210841559,7996.210841559,9346.210841559,7996.210841559,0.0,1349.999999999999,0.0,0.1560032189046958,-0.1560032189046958,1.0,0.8555564364119554,1.0,0.8555564364119554,-0.14444356358804455,0.0,-0.14444356358804455,0.0
phase_047,2026200006,logistics_constrained,0.25,1.0,logistics,False,,0.0,0.0,0.0,0.0,0.0,0.843787432,0.999999987,-0.1562125550000001,logistics,logistics,True,logistics,7292.070324485,7292.070324485,8642.070324484,7292.070421255,0.0,1349.9999032290007,0.0,0.1698546609003951,-0.1698546609003951,0.9999999867294206,0.843787431794637,0.9999999867294206,0.843787431794637,-0.1562125549347836,0.0,-0.1562125549347836,0.0
phase_047,2026200007,logistics_constrained,0.25,1.0,logistics,False,,0.0,0.0,0.0,0.0,0.0,0.83698365,0.999542245,-0.16255859500000003,logistics,logistics,True,logistics,6931.43207486,6931.43207486,8281.442628028,6934.606426278,0.0,1346.8362017500003,0.0,0.17749288330103571,-0.17749288330103571,0.9995422449057857,0.8369836496120884,0.9995422449057857,0.8369836496120884,-0.16255859529369732,0.0,-0.16255859529369732,0.0
phase_005,2026200007,forcegen_constrained,0.1,1.0,logistics,False,,5.063999999999069e-06,-9.052999999981104e-06,1.4476000000041012e-05,0.028122725000000015,-0.029971847999999968,0.878918882,1.0,-0.12108111799999999,logistics,logistics,True,logistics,29439.475738943,38251.915487362,33495.099864319,32104.69548765,-8812.439748418998,1390.4043766690047,-0.2618571511979995,0.04239685911284642,-0.3042540103108459,1.0,0.8789188824095343,0.9169834907877494,1.0,-0.12108111759046569,-0.08301650921225057,0.0,-0.038064608378215126
phase_047,2026200008,logistics_constrained,0.25,1.0,logistics,False,,0.0,0.0,0.0,0.0,0.0,0.845216716,0.999996039,-0.15477932299999997,logistics,logistics,True,logistics,7492.320686124,7492.320686124,8864.378266001,7492.350361133,0.0,1372.0279048680004,0.0,0.16815825531938378,-0.16815825531938378,0.9999960392924023,0.8452167158593088,0.9999960392924023,0.8452167158593088,-0.15477932343309353,0.0,-0.15477932343309353,0.0
phase_047,2026200009,logistics_constrained,0.25,1.0,logistics,False,,0.0,0.0,0.0,0.0,0.0,0.841048742,0.999975506,-0.15892676399999994,logistics,logistics,True,logistics,7143.169669437,7143.169669437,8493.169669437,7143.34463784,0.0,1349.825031597,0.0,0.17308116881911353,-0.17308116881911353,0.9999755060952717,0.8410487423961366,0.9999755060952717,0.8410487423961366,-0.15892676369913517,0.0,-0.15892676369913517,0.0
phase_047,2026200010,logistics_constrained,0.25,1.0,logistics,False,,0.0,0.0,0.0,0.0,0.0,0.823116679,0.995815311,-0.17269863200000002,logistics,logistics,True,logistics,6282.149780024,6282.149780024,7632.149780025,6308.549094654,0.0,1323.6006853709996,0.0,0.1904638465610751,-0.1904638465610751,0.9958153112175395,0.8231166789291473,0.9958153112175395,0.8231166789291473,-0.17269863228839222,0.0,-0.17269863228839222,0.0
phase_047,2026200011,logistics_constrained,0.25,1.0,logistics,False,,0.0,0.0,0.0,0.0,0.0,0.838085307,0.983919008,-0.14583370100000004,logistics,logistics,True,logistics,6987.723861722,6987.723861722,8337.723861721,7101.929942977,0.0,1235.7939187440006,0.0,0.16042369079820623,-0.16042369079820623,0.9839190076258163,0.8380853069268781,0.9839190076258163,0.8380853069268781,-0.1458337006989382,0.0,-0.1458337006989382,0.0
phase_048,2026200000,logistics_constrained,0.25,1.5,logistics,False,,0.0,0.0,0.0,0.0,0.0,0.788022161,0.999999994,-0.21197783299999995,logistics,logistics,True,logistics,7532.672047755,7532.672047755,9558.95965342,7532.672096126,0.0,2026.287557294001,0.0,0.238229059370494,-0.238229059370494,0.9999999935785071,0.7880221614974557,0.9999999935785071,0.7880221614974557,-0.21197783208105136,0.0,-0.21197783208105136,0.0
phase_048,2026200001,logistics_constrained,0.25,1.5,logistics,False,,0.0,0.0,0.0,0.0,0.0,0.797357634,1.0,-0.20264236599999996,logistics,logistics,True,logistics,7967.97453754,7967.97453754,9992.974537541,7967.97453754,0.0,2025.0000000010004,0.0,0.22645197515955362,-0.22645197515955362,1.0,0.797357634366664,1.0,0.797357634366664,-0.20264236563333604,0.0,-0.20264236563333604,0.0
phase_048,2026200002,logistics_constrained,0.25,1.5,logistics,False,,0.0,0.0,0.0,0.0,0.0,0.779498135,0.999999155,-0.22050102000000005,logistics,logistics,True,logistics,7158.595780296,7158.595780296,9183.595780298,7158.601830223,0.0,2024.9939500749988,0.0,0.2491041383439266,-0.2491041383439266,0.9999991548730962,0.7794981346689576,0.9999991548730962,0.7794981346689576,-0.22050102020413864,0.0,-0.22050102020413864,0.0
phase_048,2026200003,logistics_constrained,0.25,1.5,logistics,False,,0.0,0.0,0.0,0.0,0.0,0.78121045,0.999607936,-0.21839748599999997,logistics,logistics,True,logistics,7230.469450189,7230.469450189,9255.469450189,7233.305366403,0.0,2022.1640837860004,0.0,0.24651856321754428,-0.24651856321754428,0.9996079363347257,0.7812104495727497,0.9996079363347257,0.7812104495727497,-0.218397486761976,0.0,-0.218397486761976,0.0
phase_048,2026200004,logistics_constrained,0.25,1.5,logistics,False,,0.0,0.0,0.0,0.0,0.0,0.781312035,0.998313885,-0.21700184999999994,logistics,logistics,True,logistics,7234.768815032,7234.768815032,9259.768815032,7246.988071814,0.0,2012.7807432179989,0.0,0.2450931381894936,-0.2450931381894936,0.9983138847944948,0.7813120348412282,0.9983138847944948,0.7813120348412282,-0.21700184995326655,0.0,-0.21700184995326655,0.0
phase_048,2026200005,logistics_constrained,0.25,1.5,logistics,False,,0.0,0.0,0.0,0.0,0.0,0.792516701,1.0,-0.20748329899999995,logistics,logistics,True,logistics,7734.821683803,7734.821683803,9759.821683805,7734.821683807,0.0,2024.999999997999,0.0,0.23254169955690446,-0.23254169955690446,0.9999999999994829,0.79251670106205,0.9999999999994829,0.79251670106205,-0.2074832989374329,0.0,-0.2074832989374329,0.0
phase_005,2026200008,forcegen_constrained,0.1,1.0,logistics,False,,0.0015475489999999814,0.0030698900000000195,0.11590938500000003,0.09255503399999998,-0.15944552899999997,0.960995412,1.0,-0.03900458799999995,logistics,logistics,True,logistics,34545.36219631,67519.839951005,35947.478789013,35019.725619724,-32974.47775469499,927.7531692890043,-0.6701481732372315,0.02614745879733065,-0.6962956320345621,1.0,0.9609954121975435,0.9864543934876856,1.0,-0.039004587802456525,-0.013545606512314401,0.0,-0.025458981290142124
phase_048,2026200006,logistics_constrained,0.25,1.5,logistics,False,,0.0,0.0,0.0,0.0,0.0,0.785257407,0.999999135,-0.21474172800000002,logistics,logistics,True,logistics,7404.894504398,7404.894504398,9429.894504583,7404.900912443,0.0,2024.9935921400001,0.0,0.24174284290879888,-0.24174284290879888,0.9999991346211008,0.7852574067291171,0.9999991346211008,0.7852574067291171,-0.21474172789198365,0.0,-0.21474172789198365,0.0
phase_048,2026200007,logistics_constrained,0.25,1.5,logistics,False,,0.0,0.0,0.0,0.0,0.0,0.773976767,0.999962781,-0.22598601400000007,logistics,logistics,True,logistics,6934.255994166,6934.255994166,8959.255995735,6934.514090537,0.0,2024.7419051980005,0.0,0.25617620228958915,-0.25617620228958915,0.9999627809003443,0.7739767674310245,0.9999627809003443,0.7739767674310245,-0.2259860134693198,0.0,-0.2259860134693198,0.0
phase_048,2026200008,logistics_constrained,0.25,1.5,logistics,False,,0.0,0.0,0.0,0.0,0.0,0.787232436,0.999963736,-0.21273129999999996,logistics,logistics,True,logistics,7492.428180574,7492.428180574,9517.428198444,7492.69989609,0.0,2024.7283023540003,0.0,0.23919546574038975,-0.23919546574038975,0.9999637359670388,0.7872324355227532,0.9999637359670388,0.7872324355227532,-0.21273130044428556,0.0,-0.21273130044428556,0.0
phase_048,2026200009,logistics_constrained,0.25,1.5,logistics,False,,0.0,0.0,0.0,0.0,0.0,0.766680764,1.0,-0.23331923600000004,logistics,logistics,True,logistics,7020.714902881,7020.714902881,9157.285843203,7020.714905874,0.0,2136.570937329001,0.0,0.26568477815563146,-0.26568477815563146,0.9999999995736901,0.7666807636120837,0.9999999995736901,0.7666807636120837,-0.23331923596160642,0.0,-0.23331923596160642,0.0
phase_048,2026200010,logistics_constrained,0.25,1.5,logistics,False,,0.0,0.0,0.0,0.0,0.0,0.756238642,0.975302286,-0.219063644,logistics,logistics,True,logistics,6282.305196064,6282.305196064,8307.305196065,6441.392878154,0.0,1865.9123179109993,0.0,0.25439046964948503,-0.25439046964948503,0.9753022855305804,0.7562386415079344,0.9753022855305804,0.7562386415079344,-0.219063644022646,0.0,-0.219063644022646,0.0
phase_048,2026200011,logistics_constrained,0.25,1.5,logistics,False,,0.0,0.0,0.0,0.0,0.0,0.77832744,0.999999884,-0.22167244399999997,logistics,logistics,True,logistics,7110.09546146,7110.09546146,9135.095461638,7110.096286403,0.0,2024.9991752350006,0.0,0.2506078537577041,-0.2506078537577041,0.9999998839758328,0.7783274396330281,0.9999998839758328,0.7783274396330281,-0.22167244434280475,0.0,-0.22167244434280475,0.0
phase_049,2026200000,logistics_constrained,0.25,2.0,logistics,False,,0.0,0.0,0.0,0.0,0.0,0.736140101,1.0,-0.26385989899999995,logistics,logistics,True,logistics,7532.703080879,7532.703080879,10232.70308088,7532.703080879,0.0,2700.0000000009995,0.0,0.3063348235607261,-0.3063348235607261,1.0,0.7361401011384762,1.0,0.7361401011384762,-0.26385989886152383,0.0,-0.26385989886152383,0.0
phase_049,2026200001,logistics_constrained,0.25,2.0,logistics,False,,0.0,0.0,0.0,0.0,0.0,0.746908663,1.0,-0.25309133699999997,logistics,logistics,True,logistics,7968.085428039,7968.085428039,10668.08542804,7968.085428039,0.0,2700.0000000009995,0.0,0.29181237255021,-0.29181237255021,1.0,0.7469086633948094,1.0,0.7469086633948094,-0.25309133660519056,0.0,-0.25309133660519056,0.0
phase_049,2026200002,logistics_constrained,0.25,2.0,logistics,False,,0.0,0.0,0.0,0.0,0.0,0.726126669,0.999998692,-0.273872023,logistics,logistics,True,logistics,7158.572165689,7158.572165689,9858.572165689,7158.581532345,0.0,2699.9906333440003,0.0,0.32002949600790875,-0.32002949600790875,0.999998691548604,0.7261266687891308,0.999998691548604,0.7261266687891308,-0.2738720227594732,0.0,-0.2738720227594732,0.0
phase_049,2026200003,logistics_constrained,0.25,2.0,logistics,False,,0.0,0.0,0.0,0.0,0.0,0.728109758,0.999999996,-0.271890238,logistics,logistics,True,logistics,7230.477773089,7230.477773089,9930.477773089,7230.477801791,0.0,2699.9999712979998,0.0,0.3173034710186771,-0.3173034710186771,0.9999999960304145,0.7281097584935099,0.9999999960304145,0.7281097584935099,-0.27189023753690456,0.0,-0.27189023753690456,0.0
phase_005,2026200009,forcegen_constrained,0.1,1.0,logistics,False,,0.0017237379999999192,0.003789134999999999,0.006318386000000009,0.027048956000000013,0.005088242000000021,0.762792837,0.799808506,-0.03701566899999997,logistics,logistics,True,logistics,28284.505228079,28257.187160273,37080.192499903,35329.940803937,27.318067806001636,1750.2516959659988,0.0009662982757578737,0.048352146308139596,-0.047385848032381724,0.7998085056832065,0.762792836853611,0.8005817327870277,0.7620561074580968,-0.037015668829595505,0.0007732271038212168,-0.03775239822510967,-3.649770830704835e-05
phase_049,2026200004,logistics_constrained,0.25,2.0,logistics,False,,0.0,0.0,0.0,0.0,0.0,0.731650824,0.999726792,-0.268075968,logistics,logistics,True,logistics,7361.517743667,7361.517743667,10061.517743668,7363.529516276,0.0,2697.988227392,0.0,0.31217865081043866,-0.31217865081043866,0.9997267923480779,0.7316508235847233,0.9997267923480779,0.7316508235847233,-0.2680759687633546,0.0,-0.2680759687633546,0.0
phase_049,2026200005,logistics_constrained,0.25,2.0,logistics,False,,0.0,0.0,0.0,0.0,0.0,0.741252813,1.0,-0.258747187,logistics,logistics,True,logistics,7734.896043788,7734.896043788,10434.896043789,7734.896043788,0.0,2700.0000000010004,0.0,0.29941353399928106,-0.29941353399928106,1.0,0.7412528128051569,1.0,0.7412528128051569,-0.25874718719484313,0.0,-0.25874718719484313,0.0
phase_049,2026200006,logistics_constrained,0.25,2.0,logistics,False,,0.0,0.0,0.0,0.0,0.0,0.732940493,0.999997922,-0.26705742900000007,logistics,logistics,True,logistics,7410.106265374,7410.106265374,10110.106265373,7410.121660271,0.0,2699.9846051020004,0.0,0.31068868633098773,-0.31068868633098773,0.9999979224501694,0.7329404925004132,0.9999979224501694,0.7329404925004132,-0.26705742994975623,0.0,-0.26705742994975623,0.0
phase_049,2026200007,logistics_constrained,0.25,2.0,logistics,False,,0.0,0.0,0.0,0.0,0.0,0.7163671,0.999949565,-0.28358246499999995,logistics,logistics,True,logistics,6819.347001921,6819.347001921,9519.347001923,6819.690954918,0.0,2699.656047005001,0.0,0.33351209791525616,-0.33351209791525616,0.9999495647237868,0.7163670996070871,0.9999495647237868,0.7163670996070871,-0.2835824651166997,0.0,-0.2835824651166997,0.0
phase_049,2026200008,logistics_constrained,0.25,2.0,logistics,False,,0.0,0.0,0.0,0.0,0.0,0.731684139,0.969679063,-0.237994924,logistics,logistics,True,logistics,7362.767040751,7362.767040751,10062.76704075,7592.993728599,0.0,2469.773312151001,0.0,0.28161623631805527,-0.28161623631805527,0.9696790625572558,0.7316841392566151,0.9696790625572558,0.7316841392566151,-0.23799492330064065,0.0,-0.23799492330064065,0.0
phase_049,2026200009,logistics_constrained,0.25,2.0,logistics,False,,0.0,0.0,0.0,0.0,0.0,0.722242651,0.999999999,-0.27775734800000007,logistics,logistics,True,logistics,7020.714902881,7020.714902881,9720.714902883,7020.714907589,0.0,2699.9999952940007,0.0,0.32539411390661926,-0.32539411390661926,0.999999999329413,0.7222426511859508,0.999999999329413,0.7222426511859508,-0.2777573481434622,0.0,-0.2777573481434622,0.0
phase_049,2026200010,logistics_constrained,0.25,2.0,logistics,False,,0.0,0.0,0.0,0.0,0.0,0.703101105,0.998251554,-0.295150449,logistics,logistics,True,logistics,6394.004888959,6394.004888959,9094.004888959,6405.204045262,0.0,2688.8008436969994,0.0,0.35050460098034836,-0.35050460098034836,0.9982515535455447,0.7031011052921182,0.9982515535455447,0.7031011052921182,-0.2951504482534265,0.0,-0.2951504482534265,0.0
phase_049,2026200011,logistics_constrained,0.25,2.0,logistics,False,,0.0,0.0,0.0,0.0,0.0,0.724492591,0.999999968,-0.27550737700000005,logistics,logistics,True,logistics,7100.099439193,7100.099439193,9800.099439191,7100.099663867,0.0,2699.9997753240004,0.0,0.3222837113681559,-0.3222837113681559,0.9999999683562187,0.7244925914526347,0.9999999683562187,0.7244925914526347,-0.27550737690358407,0.0,-0.27550737690358407,0.0
phase_005,2026200010,forcegen_constrained,0.1,1.0,logistics,False,,4.981000000015001e-06,0.006377461000000029,0.007887840999999951,0.004574195000000003,0.04513214500000007,0.779291107,0.813070233,-0.03377912599999999,logistics,logistics,True,logistics,30465.335220544,30465.335220544,39093.651822743,37469.500173581,0.0,1624.1516491619986,0.0,0.04243282299469663,-0.04243282299469663,0.8130702325734385,0.7792911073818021,0.8130702325734385,0.7792911073818021,-0.033779125191636394,0.0,-0.033779125191636394,0.0
phase_005,2026200011,forcegen_constrained,0.1,1.0,logistics,False,,0.0030865860000000023,0.006126301999999972,0.005054710000000018,-0.0011512220000000628,-0.006835066000000056,1.0,1.0,0.0,logistics,logistics,True,logistics,66304.588639063,66631.401437245,35451.22401689,33817.403253073,-326.8127981819998,1633.820763817006,-0.004916854440971357,0.04718222123881894,-0.052099075679790295,1.0,1.0,1.0,1.0,0.0,0.0,0.0,0.0
phase_051,2026200000,logistics_constrained,0.4,0.25,logistics,False,,0.012337436000000035,0.03313317399999993,0.040958083000000034,0.04582075699999999,0.07739818399999998,0.972774177,0.99956702,-0.026792842999999955,logistics,logistics,True,logistics,12058.819366451,12058.819366451,12396.319366453,12064.042851682,0.0,332.27651477100153,0.0,0.027170239974963085,-0.027170239974963085,0.9995670203351217,0.9727741767515812,0.9995670203351217,0.9727741767515812,-0.026792843583540504,0.0,-0.026792843583540504,0.0
phase_051,2026200001,logistics_constrained,0.4,0.25,logistics,False,,0.01223413299999998,0.030336078999999905,0.035466686000000025,0.036768413,0.04083141000000001,0.974606146,1.0,-0.02539385400000005,logistics,logistics,True,logistics,12953.117607285,12953.117607285,13290.617607283,12953.117607285,0.0,337.49999999800093,0.0,0.025721842177078832,-0.025721842177078832,1.0,0.9746061462325831,1.0,0.9746061462325831,-0.025393853767416874,0.0,-0.025393853767416874,0.0
phase_051,2026200002,logistics_constrained,0.4,0.25,logistics,False,,0.011548793000000002,0.02731336300000009,0.03173989700000002,0.03358547600000006,0.041988731,0.971866106,1.0,-0.028133893999999993,logistics,logistics,True,logistics,11658.706368883,11658.706368883,11996.206368883,11658.706368883,0.0,337.5,0.0,0.028537235177633923,-0.028537235177633923,1.0,0.9718661058653141,1.0,0.9718661058653141,-0.02813389413468592,0.0,-0.02813389413468592,0.0
phase_051,2026200003,logistics_constrained,0.4,0.25,logistics,False,,0.026123661999999936,0.07311420899999999,0.09666610199999992,0.12827705899999997,0.559975883,0.971165004,0.997671744,-0.026506739999999973,logistics,logistics,True,logistics,11367.027506169,11367.027506169,11704.527506171,11393.554615851,0.0,310.97289031999935,0.0,0.026927922355099238,-0.026927922355099238,0.9976717441942926,0.9711650043263977,0.9976717441942926,0.9711650043263977,-0.02650673986789487,0.0,-0.02650673986789487,0.0
phase_051,2026200004,logistics_constrained,0.4,0.25,logistics,False,,0.028482130999999966,0.08614390400000005,0.627378967,0.0,0.0,0.973509929,1.0,-0.026490071000000004,logistics,logistics,True,logistics,12403.122784741,12403.122784741,12740.622784741,12403.122784741,0.0,337.5,0.0,0.02684725476744477,-0.02684725476744477,1.0,0.9735099291689091,1.0,0.9735099291689091,-0.026490070831090895,0.0,-0.026490070831090895,0.0
phase_051,2026200005,logistics_constrained,0.4,0.25,logistics,False,,0.684252396,0.0,0.0,0.0,0.0,0.974266118,1.0,-0.02573388200000004,logistics,logistics,True,logistics,12777.505277705,12777.505277705,13115.005277705,12777.505277705,0.0,337.5,0.0,0.026070791029242722,-0.026070791029242722,1.0,0.9742661178662477,1.0,0.9742661178662477,-0.025733882133752273,0.0,-0.025733882133752273,0.0
phase_051,2026200006,logistics_constrained,0.4,0.25,logistics,False,,0.0,0.0,0.0,0.0,0.0,0.963360813,1.0,-0.03663918700000002,logistics,logistics,True,logistics,8873.949006071,8873.949006071,9211.449006071,8873.949006071,0.0,337.5,0.0,0.037327261043703465,-0.037327261043703465,1.0,0.9633608132903343,1.0,0.9633608132903343,-0.036639186709665705,0.0,-0.036639186709665705,0.0
phase_051,2026200007,logistics_constrained,0.4,0.25,logistics,False,,0.025259946000000033,0.07541859100000003,0.12123754500000006,0.608319447,0.0,0.970475991,1.0,-0.029524008999999962,logistics,logistics,True,logistics,11093.874443073,11093.874443073,11431.374443072,11093.874443072,0.0,337.5,0.0,0.029968615298679276,-0.029968615298679276,1.0,0.9704759911697634,1.0,0.9704759911697634,-0.029524008830236648,0.0,-0.029524008830236648,0.0
phase_051,2026200008,logistics_constrained,0.4,0.25,logistics,False,,0.019726250000000056,0.05179474900000003,0.06692588100000008,0.08580777400000006,0.497422283,0.97257948,1.0,-0.02742051999999995,logistics,logistics,True,logistics,11970.800656834,11970.800656834,12308.300656836,11970.800656834,0.0,337.50000000199907,0.0,0.02780347896134186,-0.02780347896134186,1.0,0.9725794803513714,1.0,0.9725794803513714,-0.027420519648628572,0.0,-0.027420519648628572,0.0
phase_051,2026200009,logistics_constrained,0.4,0.25,logistics,False,,0.217254285,0.0,0.0,0.0,0.0,0.970831356,0.999999571,-0.029168214999999997,logistics,logistics,True,logistics,11233.144141666,11233.144141666,11570.644141679,11233.148957519,0.0,337.49518415999955,0.0,0.029602077815725925,-0.029602077815725925,0.9999995712820137,0.9708313559832611,0.9999995712820137,0.9708313559832611,-0.029168215298752576,0.0,-0.029168215298752576,0.0
phase_006,2026200000,forcegen_constrained,0.1,1.5,logistics,False,,0.006281851999999977,0.018788116000000077,0.032350214000000044,0.029871402000000047,0.02412717200000003,0.945908261,0.999999994,-0.05409173299999992,logistics,logistics,True,logistics,35411.405164596,35411.405164596,37436.405429509,35411.405382015,0.0,2025.0000474940025,0.0,0.05560968399141843,-0.05560968399141843,0.9999999938601984,0.9459082611783873,0.9999999938601984,0.9459082611783873,-0.05409173268181111,0.0,-0.05409173268181111,0.0
phase_051,2026200010,logistics_constrained,0.4,0.25,logistics,False,,0.0,0.0,0.0,0.0,0.0,0.968018565,1.0,-0.03198143499999995,logistics,logistics,True,logistics,10215.497487728,10215.497487728,10552.997487728,10215.497487729,0.0,337.49999999899956,0.0,0.03250401285623887,-0.03250401285623887,0.9999999999999021,0.9680185653040781,0.9999999999999021,0.9680185653040781,-0.03198143469582393,0.0,-0.03198143469582393,0.0
phase_051,2026200011,logistics_constrained,0.4,0.25,logistics,False,,0.02663035800000002,0.06868745899999995,0.08942646899999995,0.12084421500000009,0.532626086,0.971566408,1.0,-0.028433591999999952,logistics,logistics,True,logistics,11532.263183536,11532.263183536,11869.763183536,11532.263183538,0.0,337.49999999800093,0.0,0.02884565604710016,-0.02884565604710016,0.9999999999998267,0.971566408294638,0.9999999999998267,0.971566408294638,-0.028433591705188666,0.0,-0.028433591705188666,0.0
phase_052,2026200000,logistics_constrained,0.4,0.5,logistics,False,,0.02237315399999995,0.062007571999999955,0.07751738400000008,0.08644503599999998,0.14146065500000005,0.946993652,0.999028064,-0.05203441200000003,logistics,logistics,True,logistics,12059.323730062,12059.323730062,12734.323730063,12071.056026097,0.0,663.2677039660011,0.0,0.05349048067946625,-0.05349048067946625,0.9990280638239409,0.9469936516214464,0.9990280638239409,0.9469936516214464,-0.052034412202494496,0.0,-0.052034412202494496,0.0
phase_052,2026200001,logistics_constrained,0.4,0.5,logistics,False,,0.02250096700000004,0.057166376000000074,0.06722508099999991,0.06950256799999999,0.07685035299999998,0.95047024,1.0,-0.04952975999999998,logistics,logistics,True,logistics,12953.170257701,12953.170257701,13628.170257704,12953.170257702,0.0,675.0000000019991,0.0,0.050798427218527856,-0.050798427218527856,0.9999999999999227,0.9504702401541085,0.9999999999999227,0.9504702401541085,-0.0495297598458142,0.0,-0.0495297598458142,0.0
phase_052,2026200002,logistics_constrained,0.4,0.5,logistics,False,,0.020739326000000058,0.05020864199999997,0.058481969999999994,0.06107320199999999,0.07325240799999999,0.945272471,1.0,-0.054727529,logistics,logistics,True,logistics,11658.829293048,11658.829293048,12333.829293047,11658.829293048,0.0,674.9999999989996,0.0,0.056282063919498436,-0.056282063919498436,1.0,0.9452724710257243,1.0,0.9452724710257243,-0.054727528974275685,0.0,-0.054727528974275685,0.0
phase_052,2026200003,logistics_constrained,0.4,0.5,logistics,False,,0.024921842000000027,0.06349308200000003,0.07565118300000007,0.08191780700000006,0.09913997100000005,0.945626795,0.989633212,-0.044006416999999964,logistics,logistics,True,logistics,11739.202960886,11739.202960886,12414.202960887,11862.17562204,0.0,552.0273388469996,0.0,0.04548639847292187,-0.04548639847292187,0.9896332118936498,0.9456267952016171,0.9896332118936498,0.9456267952016171,-0.04400641669203276,0.0,-0.04400641669203276,0.0
phase_052,2026200004,logistics_constrained,0.4,0.5,logistics,False,,0.791540101,0.0,0.0,0.0,0.0,0.948387827,1.0,-0.05161217299999998,logistics,logistics,True,logistics,12403.30995571,12403.30995571,13078.309955708,12403.309955711,0.0,674.9999999970005,0.0,0.052991760498554696,-0.052991760498554696,0.9999999999999193,0.9483878266928978,0.9999999999999193,0.9483878266928978,-0.0516121733070215,0.0,-0.0516121733070215,0.0
phase_052,2026200005,logistics_constrained,0.4,0.5,logistics,False,,0.11975096600000001,0.0,0.0,0.0,0.0,0.949824611,1.0,-0.05017538899999996,logistics,logistics,True,logistics,12777.810497757,12777.810497757,13452.810497758,12777.810497757,0.0,675.0000000010004,0.0,0.05147793144230655,-0.05147793144230655,1.0,0.9498246109901353,1.0,0.9498246109901353,-0.050175389009864735,0.0,-0.050175389009864735,0.0
phase_052,2026200006,logistics_constrained,0.4,0.5,logistics,False,,0.0,0.0,0.0,0.0,0.0,0.929311607,1.0,-0.07068839299999996,logistics,logistics,True,logistics,8873.951034969,8873.951034969,9548.95103497,8873.95103497,0.0,675.0,0.0,0.07331117405641666,-0.07331117405641666,0.9999999999998874,0.9293116073661887,0.9999999999998874,0.9293116073661887,-0.07068839263369875,0.0,-0.07068839263369875,0.0
phase_052,2026200007,logistics_constrained,0.4,0.5,logistics,False,,0.03973108400000003,0.12633992699999996,0.20581689199999997,0.668783803,0.0,0.942648491,1.0,-0.05735150899999997,logistics,logistics,True,logistics,11094.524732807,11094.524732807,11769.524732805,11094.524732807,0.0,674.9999999980009,0.0,0.05906182160886706,-0.05906182160886706,1.0,0.9426484913093742,1.0,0.9426484913093742,-0.057351508690625774,0.0,-0.057351508690625774,0.0
phase_006,2026200001,forcegen_constrained,0.1,1.5,logistics,False,,0.003113681999999951,0.009374710000000008,-0.005891007000000004,0.23246227800000002,0.314959952,0.704547714,0.999999126,-0.2954514119999999,logistics,logistics,True,logistics,28305.871401999,32124.167625183,40175.946696404,32124.195701967,-3818.2962231839992,8051.750994436996,-0.12653937921400013,0.22365896927483944,-0.3501983484888396,0.9999991259926237,0.7045477139816236,0.8811386801589495,0.7995870730299012,-0.2954514120110001,-0.11886044583367428,-0.20041205296272258,0.02382108678539674
phase_052,2026200008,logistics_constrained,0.4,0.5,logistics,False,,0.03409910599999999,0.09390945900000003,0.12296585400000004,0.156693183,0.590047234,0.946623906,1.0,-0.053376093999999985,logistics,logistics,True,logistics,11971.110706012,11971.110706012,12646.110706012,11971.110706014,0.0,674.9999999979991,0.0,0.0548534077530294,-0.0548534077530294,0.9999999999998329,0.9466239055080308,0.9999999999998329,0.9466239055080308,-0.05337609449180214,0.0,-0.05337609449180214,0.0
phase_052,2026200009,logistics_constrained,0.4,0.5,logistics,False,,0.12719439100000007,0.705230985,0.0,0.0,0.0,0.943316103,0.999999818,-0.05668371500000002,logistics,logistics,True,logistics,11233.14384461,11233.14384461,11908.143844611,11233.145888529,0.0,674.9979560820011,0.0,0.05835366067233992,-0.05835366067233992,0.9999998180457176,0.9433161029284619,0.9999998180457176,0.9433161029284619,-0.05668371511725567,0.0,-0.05668371511725567,0.0
phase_052,2026200010,logistics_constrained,0.4,0.5,logistics,False,,0.0,0.0,0.0,0.0,0.0,0.938019424,1.0,-0.061980575999999954,logistics,logistics,True,logistics,10215.508687383,10215.508687383,10890.508687384,10215.508687384,0.0,675.0,0.0,0.06398462216639063,-0.06398462216639063,0.9999999999999022,0.9380194241263545,0.9999999999999022,0.9380194241263545,-0.06198057587354766,0.0,-0.06198057587354766,0.0
phase_052,2026200011,logistics_constrained,0.4,0.5,logistics,False,,0.04016497599999991,0.10685864599999995,0.13698205200000002,0.16899685499999995,0.665155629,0.944705785,1.0,-0.05529421499999998,logistics,logistics,True,logistics,11532.425305855,11532.425305855,12207.425305855,11532.425305857,0.0,674.9999999980009,0.0,0.05688173863545535,-0.05688173863545535,0.9999999999998267,0.9447057849556325,0.9999999999998267,0.9447057849556325,-0.055294215044194184,0.0,-0.055294215044194184,0.0
phase_053,2026200000,logistics_constrained,0.4,0.75,logistics,False,,0.029037486999999973,0.08158547599999999,0.10154171000000001,0.110764172,0.16355424699999999,0.922544645,0.999944114,-0.07739946900000005,logistics,logistics,True,logistics,12059.546526372,12059.546526372,13072.046526375,12060.22052124,0.0,1011.8260051349989,0.0,0.08056362087537842,-0.08056362087537842,0.9999441142169155,0.922544645326949,0.9999441142169155,0.922544645326949,-0.07739946888996652,0.0,-0.07739946888996652,0.0
phase_053,2026200001,logistics_constrained,0.4,0.75,logistics,False,,0.030568479000000037,0.07947305000000005,0.094002268,0.09683315300000006,0.10570227999999993,0.927501115,1.0,-0.07249888500000001,logistics,logistics,True,logistics,12953.232032924,12953.232032924,13965.732032923,12953.232032924,0.0,1012.4999999990014,0.0,0.07526128229886943,-0.07526128229886943,1.0,0.9275011150427259,1.0,0.9275011150427259,-0.07249888495727408,0.0,-0.07249888495727408,0.0
phase_053,2026200002,logistics_constrained,0.4,0.75,logistics,False,,0.02897876399999999,0.07221923600000002,0.08481849899999994,0.08870471599999996,0.10870575800000004,0.920095955,1.0,-0.07990404500000003,logistics,logistics,True,logistics,11658.948560721,11658.948560721,12671.44856072,11658.948560719,0.0,1012.5000000010004,0.0,0.08327731580699123,-0.08327731580699123,1.0,0.9200959546852733,1.0,0.9200959546852733,-0.07990404531472672,0.0,-0.07990404531472672,0.0
phase_053,2026200003,logistics_constrained,0.4,0.75,logistics,False,,0.033718844000000026,0.08890757299999996,0.10419386200000003,0.11386340399999995,0.143127122,0.920694999,1.0,-0.07930500100000004,logistics,logistics,True,logistics,11754.664572726,11754.664572726,12767.164572726,11754.664572727,0.0,1012.4999999989996,0.0,0.08262646050717132,-0.08262646050717132,0.9999999999999148,0.9206949989379032,0.9999999999999148,0.9206949989379032,-0.07930500106201166,0.0,-0.07930500106201166,0.0
phase_053,2026200004,logistics_constrained,0.4,0.75,logistics,False,,0.013386626000000068,0.03492810699999993,0.039491881000000006,0.038388029000000046,0.037112050999999924,0.92145409,1.0,-0.07854591,logistics,logistics,True,logistics,11878.050229743,11878.050229743,12890.550229743,11878.050229744,0.0,1012.4999999989996,0.0,0.08180232420927971,-0.08180232420927971,0.9999999999999157,0.9214540898600426,0.9999999999999157,0.9214540898600426,-0.07854591013987311,0.0,-0.07854591013987311,0.0
phase_053,2026200005,logistics_constrained,0.4,0.75,logistics,False,,0.19124208999999992,0.646632243,0.0,0.0,0.0,0.925396196,1.0,-0.074603804,logistics,logistics,True,logistics,12559.193997597,12559.193997597,13571.693997596,12559.193997597,0.0,1012.4999999989996,0.0,0.07753331325649068,-0.07753331325649068,1.0,0.925396195922311,1.0,0.925396195922311,-0.07460380407768896,0.0,-0.07460380407768896,0.0
phase_006,2026200002,forcegen_constrained,0.1,1.5,logistics,False,,0.003360776999999926,0.014113142000000023,0.018197206999999938,0.009096108999999908,0.004191540999999965,0.758624884,0.803113071,-0.0444881869999999,logistics,logistics,True,logistics,28844.762892136,28844.762892136,38022.431767662,35916.191559499,0.0,2106.240208162999,0.0,0.05698808305101738,-0.05698808305101738,0.8031130707260979,0.7586248840787825,0.8031130707260979,0.7586248840787825,-0.044488186647315464,0.0,-0.044488186647315464,0.0
phase_053,2026200006,logistics_constrained,0.4,0.75,logistics,False,,0.0,0.0,0.0,0.0,0.0,0.897587135,1.0,-0.10241286500000002,logistics,logistics,True,logistics,8873.953210545,8873.953210545,9886.453210546,8873.953210547,0.0,1012.4999999989996,0.0,0.1080450772087704,-0.1080450772087704,0.9999999999997745,0.8975871347956258,0.9999999999997745,0.8975871347956258,-0.10241286520414872,0.0,-0.10241286520414872,0.0
phase_053,2026200007,logistics_constrained,0.4,0.75,logistics,False,,0.019368289999999955,0.04607638299999994,0.05199050400000005,0.05150277600000008,0.05143760200000003,0.916390527,1.0,-0.08360947299999999,logistics,logistics,True,logistics,11097.371747514,11097.371747514,12109.871747513,11097.371747514,0.0,1012.4999999989996,0.0,0.08731266610405984,-0.08731266610405984,1.0,0.9163905265795291,1.0,0.9163905265795291,-0.08360947342047087,0.0,-0.08360947342047087,0.0
phase_053,2026200008,logistics_constrained,0.4,0.75,logistics,False,,0.04208004399999998,0.11789654799999993,0.15249502299999995,0.18525534300000002,0.647585958,0.922019538,1.0,-0.07798046199999997,logistics,logistics,True,logistics,11971.521494871,11971.521494871,12984.021494872,11971.521494871,0.0,1012.5000000010004,0.0,0.08118886519614205,-0.08118886519614205,1.0,0.9220195375985103,1.0,0.9220195375985103,-0.0779804624014897,0.0,-0.0779804624014897,0.0
phase_053,2026200009,logistics_constrained,0.4,0.75,logistics,False,,0.106839617,0.775038284,0.628977106,0.0,0.0,0.91731754,0.999999721,-0.08268218100000002,logistics,logistics,True,logistics,11233.144393915,11233.144393915,12245.644393913,11233.147531305,0.0,1012.4968626080008,0.0,0.0863013057703297,-0.0863013057703297,0.999999720702502,0.9173175402266875,0.999999720702502,0.9173175402266875,-0.08268218047581444,0.0,-0.08268218047581444,0.0
phase_053,2026200010,logistics_constrained,0.4,0.75,logistics,False,,0.0,0.0,0.0,0.0,0.0,0.909519823,1.0,-0.090480177,logistics,logistics,True,logistics,10177.796432966,10177.796432966,11190.296432965,10177.796432965,0.0,1012.5,0.0,0.09483848557911968,-0.09483848557911968,1.0,0.9095198231731985,1.0,0.9095198231731985,-0.09048017682680154,0.0,-0.09048017682680154,0.0
phase_053,2026200011,logistics_constrained,0.4,0.75,logistics,False,,0.05125091699999995,0.14403341599999997,0.186719961,0.22805543100000003,0.701062248,0.919291187,1.0,-0.08070881299999999,logistics,logistics,True,logistics,11532.598387695,11532.598387695,12545.098387697,11532.598387694,0.0,1012.5000000029995,0.0,0.08415235481459035,-0.08415235481459035,1.0,0.9192911869870258,1.0,0.9192911869870258,-0.08070881301297417,0.0,-0.08070881301297417,0.0
phase_054,2026200000,logistics_constrained,0.4,1.0,logistics,False,,0.03609718799999995,0.10171051400000009,0.12591838300000002,0.13402688099999993,0.17512520999999992,0.89924878,0.993378943,-0.09413016299999999,logistics,logistics,True,logistics,12049.341423282,12049.341423282,13399.341423284,12129.652544543,0.0,1269.6888787410007,0.0,0.09955247999534392,-0.09955247999534392,0.9933789429692171,0.8992487796709091,0.9933789429692171,0.8992487796709091,-0.09413016329830803,0.0,-0.09413016329830803,0.0
phase_054,2026200001,logistics_constrained,0.4,1.0,logistics,False,,0.011541638999999937,0.02860416599999993,0.030961610999999944,0.028437810000000008,0.023963720999999993,0.905511738,1.0,-0.09448826200000005,logistics,logistics,True,logistics,12937.489009189,12937.489009189,14287.489009192,12937.48900919,0.0,1350.000000002001,0.0,0.09925503836621155,-0.09925503836621155,0.9999999999999226,0.9055117383373338,0.9999999999999226,0.9055117383373338,-0.09448826166258883,0.0,-0.09448826166258883,0.0
phase_054,2026200002,logistics_constrained,0.4,1.0,logistics,False,,0.03570217500000006,0.091046399,0.10754860300000002,0.11202036299999996,0.13443609499999998,0.896226736,1.0,-0.10377326399999998,logistics,logistics,True,logistics,11659.131144573,11659.131144573,13009.131144573,11659.131144573,0.0,1350.0,0.0,0.10956184439041815,-0.10956184439041815,1.0,0.896226736051994,1.0,0.896226736051994,-0.10377326394800601,0.0,-0.10377326394800601,0.0
phase_054,2026200003,logistics_constrained,0.4,1.0,logistics,False,,0.04035978000000007,0.10900298399999997,0.13186785999999995,0.138589536,0.167907413,0.89700666,1.0,-0.10299334000000004,logistics,logistics,True,logistics,11757.643668629,11757.643668629,13107.643668632,11757.643668632,0.0,1350.0,0.0,0.10869199211989894,-0.10869199211989894,0.9999999999997449,0.8970066600731835,0.9999999999997449,0.8970066600731835,-0.10299333992656134,0.0,-0.10299333992656134,0.0
phase_006,2026200003,forcegen_constrained,0.1,1.5,logistics,False,,7.355000000042189e-06,0.006131752000000046,0.019824795999999978,0.033411952999999994,0.07182420099999998,0.997460982,1.0,-0.002539018000000004,logistics,logistics,True,logistics,41235.097761299,40523.783778092,41340.060940338,39562.987098216,711.313983207001,1777.0738421220012,0.017400725588994165,0.043938016429984454,-0.02653729084099029,1.0,0.9974609815116025,1.0,0.9802545728361637,-0.0025390184883975486,0.0,-0.019745427163836315,0.017206408675438767
phase_054,2026200004,logistics_constrained,0.4,1.0,logistics,False,,0.0,0.0,0.0,0.0,0.0,0.897987013,1.0,-0.10201298700000005,logistics,logistics,True,logistics,11883.609178904,11883.609178904,13233.609178906,11883.609178903,0.0,1350.0000000029995,0.0,0.10759967282769439,-0.10759967282769439,1.0,0.8979870130852994,1.0,0.8979870130852994,-0.10201298691470062,0.0,-0.10201298691470062,0.0
phase_054,2026200005,logistics_constrained,0.4,1.0,logistics,False,,0.144289483,0.698778034,0.0,0.0,0.0,0.902944265,1.0,-0.09705573499999998,logistics,logistics,True,logistics,12559.533537835,12559.533537835,13909.533537834,12559.533537836,0.0,1349.999999998001,0.0,0.10209444942618524,-0.10209444942618524,0.9999999999999204,0.9029442650735199,0.9999999999999204,0.9029442650735199,-0.09705573492640052,0.0,-0.09705573492640052,0.0
phase_054,2026200006,logistics_constrained,0.4,1.0,logistics,False,,0.0,0.0,0.0,0.0,0.0,0.86795717,1.0,-0.13204283000000006,logistics,logistics,True,logistics,8873.955380295,8873.955380295,10223.955380294,8873.955380295,0.0,1349.9999999990014,0.0,0.14161290860827883,-0.14161290860827883,1.0,0.8679571702160362,1.0,0.8679571702160362,-0.13204282978396376,0.0,-0.13204282978396376,0.0
phase_054,2026200007,logistics_constrained,0.4,1.0,logistics,False,,0.06229036100000007,0.2066217640000001,0.3077973169999999,0.786650136,0.699704991,0.888199201,1.0,-0.11180079899999995,logistics,logistics,True,logistics,10725.047834214,10725.047834214,12075.047834214,10725.047834214,0.0,1350.0,0.0,0.11855923608567197,-0.11855923608567197,1.0,0.8881992006545226,1.0,0.8881992006545226,-0.11180079934547738,0.0,-0.11180079934547738,0.0
phase_054,2026200008,logistics_constrained,0.4,1.0,logistics,False,,0.05052058199999998,0.14717840400000004,0.1943793960000001,0.23914119699999992,0.667503483,0.898662296,1.0,-0.10133770399999997,logistics,logistics,True,logistics,11971.793805187,11971.793805187,13321.793805187,11971.793805188,0.0,1349.9999999990014,0.0,0.10684795935020125,-0.10684795935020125,0.9999999999999166,0.8986622958032603,0.9999999999999166,0.8986622958032603,-0.10133770419665633,0.0,-0.10133770419665633,0.0
phase_054,2026200009,logistics_constrained,0.4,1.0,logistics,False,,0.11608033100000004,0.793417536,0.683817019,0.0,0.0,0.892713621,0.999999571,-0.10728595000000007,logistics,logistics,True,logistics,11233.144393915,11233.144393915,12583.144393915,11233.149209766,0.0,1349.9951841490001,0.0,0.11348901412722684,-0.11348901412722684,0.9999995712822015,0.8927136208773987,0.9999995712822015,0.8927136208773987,-0.10728595040480282,0.0,-0.10728595040480282,0.0
phase_054,2026200010,logistics_constrained,0.4,1.0,logistics,False,,0.0,0.0,0.0,0.0,0.0,0.88468418,1.0,-0.11531581999999996,logistics,logistics,True,logistics,10356.98001971,10356.98001971,11706.98001971,10356.980019709,0.0,1350.0000000009986,0.0,0.12252455635335786,-0.12252455635335786,1.0,0.8846841800594922,1.0,0.8846841800594922,-0.11531581994050777,0.0,-0.11531581994050777,0.0
phase_054,2026200011,logistics_constrained,0.4,1.0,logistics,False,,0.059286275000000055,0.17299599499999996,0.22875704800000007,0.285854017,0.717827626,0.895208823,1.0,-0.10479117699999996,logistics,logistics,True,logistics,11532.763942713,11532.763942713,12882.763942712,11532.763942715,0.0,1349.9999999969987,0.0,0.11069826643202489,-0.11069826643202489,0.9999999999998265,0.8952088227338266,0.9999999999998265,0.8952088227338266,-0.10479117726599985,0.0,-0.10479117726599985,0.0
phase_055,2026200000,logistics_constrained,0.4,1.5,logistics,False,,0.04561196100000009,0.13466343199999997,0.170784622,0.1830714670000001,0.256272665,0.856233268,0.996839339,-0.140606071,logistics,logistics,True,logistics,12060.317038562,12060.317038562,14085.317038564,12098.556474317,0.0,1986.7605642470007,0.0,0.1520467641825402,-0.1520467641825402,0.9968393389875746,0.8562332679869554,0.9968393389875746,0.8562332679869554,-0.14060607100061917,0.0,-0.14060607100061917,0.0
phase_055,2026200001,logistics_constrained,0.4,1.5,logistics,False,,0.013155601999999988,0.029832796999999966,0.03074081800000006,0.026294507000000023,0.018281834000000052,0.864762376,1.0,-0.13523762399999995,logistics,logistics,True,logistics,12948.643685354,12948.643685354,14973.643685357,12948.643685354,0.0,2025.0000000029995,0.0,0.14530052003142846,-0.14530052003142846,1.0,0.8647623756411885,1.0,0.8647623756411885,-0.13523762435881148,0.0,-0.13523762435881148,0.0
phase_006,2026200004,forcegen_constrained,0.1,1.5,logistics,False,,8.943000000094514e-06,1.652099999993606e-05,2.3949999999883786e-06,-0.01734944000000005,-0.0008278400000000241,0.930501996,0.99927357,-0.068771574,logistics,logistics,True,logistics,27419.290339236,27419.290339236,29467.20205505,27439.223019663,0.0,2027.9790353869976,0.0,0.07130436325261463,-0.07130436325261463,0.9992735697941331,0.9305019963555368,0.9992735697941331,0.9305019963555368,-0.0687715734385963,0.0,-0.0687715734385963,0.0
phase_055,2026200002,logistics_constrained,0.4,1.5,logistics,False,,0.046896570000000026,0.12520311699999997,0.150263983,0.15565594400000005,0.1866514669999999,0.852020755,1.0,-0.14797924500000004,logistics,logistics,True,logistics,11659.351470351,11659.351470351,13684.351470352,11659.351470353,0.0,2024.9999999989996,0.0,0.1601443922153789,-0.1601443922153789,0.9999999999998286,0.852020754919348,0.9999999999998286,0.852020754919348,-0.14797924508048055,0.0,-0.14797924508048055,0.0
phase_055,2026200003,logistics_constrained,0.4,1.5,logistics,False,,0.04933996100000004,0.13813073100000006,0.16857548299999991,0.175310941,0.199911136,0.853106734,1.0,-0.14689326599999997,logistics,logistics,True,logistics,11760.519615212,11760.519615212,13785.519615215,11760.519615215,0.0,2025.0,0.0,0.15887061155219243,-0.15887061155219243,0.999999999999745,0.8531067339842585,0.999999999999745,0.8531067339842585,-0.14689326601548647,0.0,-0.14689326601548647,0.0
phase_055,2026200004,logistics_constrained,0.4,1.5,logistics,False,,0.022028143,0.05634606600000003,0.06296316499999999,0.060019763000000004,0.05521723299999992,0.854364826,1.0,-0.14563517400000003,logistics,logistics,True,logistics,11879.607995303,11879.607995303,13904.607995304,11879.607995302,0.0,2025.000000002001,0.0,0.15739697929108834,-0.15739697929108834,1.0,0.8543648263449856,1.0,0.8543648263449856,-0.14563517365501444,0.0,-0.14563517365501444,0.0
phase_055,2026200005,logistics_constrained,0.4,1.5,logistics,False,,0.15458127899999996,0.776210753,0.659670674,0.0,0.0,0.861159159,1.0,-0.13884084100000005,logistics,logistics,True,logistics,12560.045655122,12560.045655122,14585.045655122,12560.045655122,0.0,2025.0,0.0,0.14947593759858757,-0.14947593759858757,1.0,0.8611591593277695,1.0,0.8611591593277695,-0.13884084067223046,0.0,-0.13884084067223046,0.0
phase_055,2026200006,logistics_constrained,0.4,1.5,logistics,False,,0.08785043000000003,0.823766179,0.774563066,0.707986483,0.493688808,0.852139314,1.0,-0.14786068600000002,logistics,logistics,True,logistics,11670.323969876,11670.323969876,13695.323969878,11670.323969877,0.0,2025.0000000010004,0.0,0.16000525167714602,-0.16000525167714602,0.9999999999999144,0.8521393137938278,0.9999999999999144,0.8521393137938278,-0.1478606862060866,0.0,-0.1478606862060866,0.0
phase_055,2026200007,logistics_constrained,0.4,1.5,logistics,False,,0.07072535499999999,0.23923784300000006,0.369025557,0.802742218,0.732674457,0.841181884,1.0,-0.15881811599999995,logistics,logistics,True,logistics,10725.434604758,10725.434604758,12750.434604763,10725.434604761,0.0,2025.000000002001,0.0,0.17294737109007616,-0.17294737109007616,0.9999999999997203,0.841181884165066,0.9999999999997203,0.841181884165066,-0.15881811583465433,0.0,-0.15881811583465433,0.0
phase_055,2026200008,logistics_constrained,0.4,1.5,logistics,False,,0.06192551800000001,0.188285343,0.255542669,0.315378363,0.6981,0.855479868,1.0,-0.14452013200000002,logistics,logistics,True,logistics,11986.888622211,11986.888622211,14011.888622212,11986.888622212,0.0,2025.0,0.0,0.15609271892695262,-0.15609271892695262,0.9999999999999165,0.8554798675182931,0.9999999999999165,0.8554798675182931,-0.14452013248162343,0.0,-0.14452013248162343,0.0
phase_055,2026200009,logistics_constrained,0.4,1.5,logistics,False,,0.10683571999999997,0.825130117,0.752594955,0.62910135,0.0,0.847263664,0.999996347,-0.15273268299999998,logistics,logistics,True,logistics,11233.141834429,11233.141834429,13258.141834428,11233.182871016,0.0,2024.9589634119984,0.0,0.16573968745899312,-0.16573968745899312,0.9999963468424335,0.847263664449524,0.9999963468424335,0.847263664449524,-0.1527326823929096,0.0,-0.1527326823929096,0.0
phase_055,2026200010,logistics_constrained,0.4,1.5,logistics,False,,0.0,0.0,0.0,0.0,0.0,0.8364789,1.0,-0.16352109999999997,logistics,logistics,True,logistics,10358.722928961,10358.722928961,12383.72292896,10358.722928961,0.0,2024.9999999989996,0.0,0.1785539834618609,-0.1785539834618609,1.0,0.8364788996317555,1.0,0.8364788996317555,-0.16352110036824452,0.0,-0.16352110036824452,0.0
phase_055,2026200011,logistics_constrained,0.4,1.5,logistics,False,,0.06665227800000006,0.20078752900000008,0.267700827,0.315721374,0.744127062,0.850641758,1.0,-0.14935824200000003,logistics,logistics,True,logistics,11533.006412618,11533.006412618,13558.00641262,11533.006412619,0.0,2025.0000000010004,0.0,0.16176420471835742,-0.16176420471835742,0.9999999999999134,0.8506417582073793,0.9999999999999134,0.8506417582073793,-0.1493582417925341,0.0,-0.1493582417925341,0.0
phase_006,2026200005,forcegen_constrained,0.1,1.5,logistics,False,,0.002198091999999985,0.006425765999999999,-0.019457131999999988,-0.015782765000000087,0.045475911000000036,0.933787369,0.872422343,0.061365026000000045,logistics,logistics,True,logistics,39305.93161012,34699.026034373,42093.021277666,39773.197343783,4606.905575747005,2319.8239338829953,0.12466382065620464,0.05668870971277597,0.06797511094342867,0.8724223434804355,0.9337873694273214,0.9882517432625758,0.8243415412137176,0.061365025946885976,0.11582939978214035,-0.04808080226671785,-0.006383571568536528
phase_056,2026200000,logistics_constrained,0.4,2.0,logistics,False,,0.03330523799999996,0.11908930900000003,0.16458666199999994,0.17066311499999998,0.20053376899999997,0.816818833,0.999809512,-0.182990679,logistics,logistics,True,logistics,12039.506515202,12039.506515202,14739.506515222,12041.800330418,0.0,2697.7061848039993,0.0,0.20214744910100438,-0.20214744910100438,0.9998095122695062,0.8168188333013988,0.9998095122695062,0.8168188333013988,-0.1829906789681074,0.0,-0.1829906789681074,0.0
phase_056,2026200001,logistics_constrained,0.4,2.0,logistics,False,,0.0,0.0,0.0,0.0,0.0,0.827408963,1.0,-0.172591037,logistics,logistics,True,logistics,12943.917779469,12943.917779469,15643.917779472,12943.917779471,0.0,2700.0000000010004,0.0,0.18945619287928037,-0.18945619287928037,0.9999999999998456,0.8274089625077199,0.9999999999998456,0.8274089625077199,-0.17259103749212568,0.0,-0.17259103749212568,0.0
phase_056,2026200002,logistics_constrained,0.4,2.0,logistics,False,,0.06750097600000005,0.20848674199999995,0.28206437900000003,0.33064638799999996,0.72415768,0.811969418,1.0,-0.188030582,logistics,logistics,True,logistics,11659.366270243,11659.366270243,14359.366270246,11659.366270246,0.0,2700.0,0.0,0.20829260235326372,-0.20829260235326372,0.9999999999997425,0.8119694177870744,0.9999999999997425,0.8119694177870744,-0.1880305822126681,0.0,-0.1880305822126681,0.0
phase_056,2026200003,logistics_constrained,0.4,2.0,logistics,False,,0.05842593699999998,0.17282700800000006,0.21804992700000003,0.22686186100000005,0.27400619000000004,0.813280072,1.0,-0.18671992800000003,logistics,logistics,True,logistics,11760.159814554,11760.159814554,14460.159814557,11760.159814556,0.0,2700.0000000010004,0.0,0.2066797368006375,-0.2066797368006375,0.9999999999998299,0.8132800719612435,0.9999999999998299,0.8132800719612435,-0.1867199280385864,0.0,-0.1867199280385864,0.0
phase_056,2026200004,logistics_constrained,0.4,2.0,logistics,False,,0.876098493,0.818915823,0.638429486,0.0,0.0,0.810293901,1.0,-0.18970609900000002,logistics,logistics,True,logistics,11532.541871414,11532.541871414,14232.541871413,11532.541871414,0.0,2699.9999999989996,0.0,0.21035825662146923,-0.21035825662146923,1.0,0.8102939008089534,1.0,0.8102939008089534,-0.18970609919104664,0.0,-0.18970609919104664,0.0
phase_056,2026200005,logistics_constrained,0.4,2.0,logistics,False,,0.064377601,0.21465338099999998,0.30752793199999995,0.36837614700000004,0.721974709,0.823230612,1.0,-0.17676938799999997,logistics,logistics,True,logistics,12574.137850516,12574.137850516,15274.137850518,12574.137850518,0.0,2700.0,0.0,0.1945189085597139,-0.1945189085597139,0.9999999999998409,0.8232306120040396,0.9999999999998409,0.8232306120040396,-0.17676938799580133,0.0,-0.17676938799580133,0.0
phase_056,2026200006,logistics_constrained,0.4,2.0,logistics,False,,0.0,0.0,0.0,0.0,0.0,0.80927487,1.0,-0.19072513000000002,logistics,logistics,True,logistics,11456.498412367,11456.498412367,14156.498412367,11456.498412366,0.0,2700.0000000010004,0.0,0.21161665448489092,-0.21161665448489092,1.0,0.8092748700030721,1.0,0.8092748700030721,-0.19072512999692792,0.0,-0.19072512999692792,0.0
phase_056,2026200007,logistics_constrained,0.4,2.0,logistics,False,,0.05987448400000006,0.17505654999999998,0.219699835,0.22988207500000002,0.27564246099999995,0.804387871,1.0,-0.19561212900000002,logistics,logistics,True,logistics,11102.825068849,11102.825068849,13802.82506885,11102.82506885,0.0,2700.0,0.0,0.21767369970279324,-0.21767369970279324,0.9999999999999101,0.8043878708501264,0.9999999999999101,0.8043878708501264,-0.19561212914978365,0.0,-0.19561212914978365,0.0
phase_056,2026200008,logistics_constrained,0.4,2.0,logistics,False,,0.08402467400000002,0.31481374399999995,0.841274598,0.798470582,0.702724657,0.813625437,1.0,-0.186374563,logistics,logistics,True,logistics,11786.955465519,11786.955465519,14486.955465519,11786.955465518,0.0,2700.0000000010004,0.0,0.20625517048903438,-0.20625517048903438,1.0,0.8136254365918097,1.0,0.8136254365918097,-0.18637456340819025,0.0,-0.18637456340819025,0.0
phase_056,2026200009,logistics_constrained,0.4,2.0,logistics,False,,0.0,0.0,0.0,0.0,0.0,0.814745445,0.999999049,-0.18525360400000002,logistics,logistics,True,logistics,11874.540430356,11874.540430356,14574.540430357,11874.551717414,0.0,2699.988712942999,0.0,0.20487860127891455,-0.20487860127891455,0.9999990494750228,0.8147454451203672,0.9999990494750228,0.8147454451203672,-0.18525360435465565,0.0,-0.18525360435465565,0.0
phase_006,2026200006,forcegen_constrained,0.1,1.5,logistics,False,,0.003146500000000052,0.011706929000000033,0.042784571999999965,0.034229561999999936,0.03279201200000004,0.757639385,0.803169517,-0.045530132,logistics,logistics,True,logistics,28581.790643552,28581.790643552,37724.795220267,35586.24929517,0.0,2138.5459250970016,0.0,0.05835826892727613,-0.05835826892727613,0.8031695165871643,0.7576393848308267,0.8031695165871643,0.7576393848308267,-0.04553013175633758,0.0,-0.04553013175633758,0.0
phase_056,2026200010,logistics_constrained,0.4,2.0,logistics,False,,0.0,0.0,0.0,0.0,0.0,0.79604051,1.0,-0.20395949000000002,logistics,logistics,True,logistics,10537.922883046,10537.922883046,13237.922883047,10537.922883047,0.0,2700.0,0.0,0.22810520248376326,-0.22810520248376326,0.9999999999999051,0.7960405099912823,0.9999999999999051,0.7960405099912823,-0.2039594900086228,0.0,-0.2039594900086228,0.0
phase_056,2026200011,logistics_constrained,0.4,2.0,logistics,False,,0.07595860899999995,0.24392189600000003,0.35287925899999995,0.47508773699999995,0.746075153,0.810303896,1.0,-0.18969610400000003,logistics,logistics,True,logistics,11533.291756117,11533.291756117,14233.29175612,11533.29175612,0.0,2700.0,0.0,0.21034592201813443,-0.21034592201813443,0.9999999999997399,0.8103038955242339,0.9999999999997399,0.8103038955242339,-0.189696104475506,0.0,-0.189696104475506,0.0
phase_006,2026200007,forcegen_constrained,0.1,1.5,logistics,False,,7.533999999975727e-06,2.142199999999317e-05,0.027305269999999937,0.05010948900000001,0.06235808899999995,1.0,0.779742149,0.22025785099999995,logistics,logistics,True,logistics,66707.894611065,25033.838749244,34238.113402072,32105.278364905,41674.055861821,2132.8350371669985,0.9800948462885954,0.0643189988551915,0.9157758474334039,0.7797421490856485,1.0,1.0,0.7311687549854607,0.22025785091435146,0.22025785091435146,-0.048573394100187794,0.048573394100187794
phase_058,2026200000,logistics_constrained,0.6,0.25,logistics,False,,0.0,0.0,0.0,0.0,0.0,0.977394131,1.0,-0.022605868999999945,logistics,logistics,True,logistics,14592.251252225,14592.251252225,14929.751252223,14592.251252225,0.0,337.49999999800093,0.0,0.022865298801099616,-0.022865298801099616,1.0,0.9773941310678068,1.0,0.9773941310678068,-0.022605868932193185,0.0,-0.022605868932193185,0.0
phase_058,2026200001,logistics_constrained,0.6,0.25,logistics,False,,0.0,0.0,0.0,0.0,0.0,0.977527881,1.0,-0.022472119000000013,logistics,logistics,True,logistics,14681.110560933,14681.110560933,15018.610560933,14681.110560933,0.0,337.5,0.0,0.022728464512488823,-0.022728464512488823,1.0,0.9775278812490206,1.0,0.9775278812490206,-0.02247211875097943,0.0,-0.02247211875097943,0.0
phase_058,2026200002,logistics_constrained,0.6,0.25,logistics,False,,0.0019895650000000265,0.005314612000000052,0.006481751000000036,0.0058653349999999715,0.004571466000000024,0.981554419,1.0,-0.018445581000000044,logistics,logistics,True,logistics,17959.565619045,17959.565619045,18297.065620603,17959.565621307,0.0,337.49999929600017,0.0,0.01861782170371176,-0.01861782170371176,0.9999999998740504,0.9815544192409756,0.9999999998740504,0.9815544192409756,-0.018445580633074776,0.0,-0.018445580633074776,0.0
phase_058,2026200003,logistics_constrained,0.6,0.25,logistics,False,,0.0014553700000000669,0.004295920000000009,0.00546267899999997,0.004965182000000068,0.004004106999999979,0.981252983,0.999999999,-0.01874701600000006,logistics,logistics,True,logistics,17665.365030568,17665.365030568,18002.86504708,17665.365045997,0.0,337.5000010829972,0.0,0.018924968984224674,-0.018924968984224674,0.9999999991265959,0.9812529830319013,0.9999999991265959,0.9812529830319013,-0.018747016094694535,0.0,-0.018747016094694535,0.0
phase_058,2026200004,logistics_constrained,0.6,0.25,logistics,False,,0.0017737100000000394,0.0049008759999999985,0.006023552000000043,0.00541484400000003,0.004255291999999966,0.981228306,1.0,-0.018771694000000005,logistics,logistics,True,logistics,17641.697815348,17641.697815348,17979.197820709,17641.697820917,0.0,337.49999979199856,0.0,0.018950118661330555,-0.018950118661330555,0.9999999996843274,0.9812283056938027,0.9999999996843274,0.9812283056938027,-0.018771693990524696,0.0,-0.018771693990524696,0.0
phase_058,2026200005,logistics_constrained,0.6,0.25,logistics,False,,0.0017573029999999878,0.005043320000000073,0.006062753000000032,0.004979852000000062,0.0032824479999999934,0.982690563,1.0,-0.017309436999999983,logistics,logistics,True,logistics,19160.534510532,19160.534510532,19498.034519474,19160.534519221,0.0,337.5000002529996,0.0,0.017460996800055785,-0.017460996800055785,0.9999999995465159,0.9826905625485012,0.9999999995465159,0.9826905625485012,-0.017309436998014682,0.0,-0.017309436998014682,0.0
phase_006,2026200008,forcegen_constrained,0.1,1.5,logistics,False,,-0.011795734999999974,0.007933398000000036,0.02191989399999994,-0.06407456,-0.11052664900000009,0.751579143,0.989211972,-0.23763282900000005,logistics,logistics,True,logistics,27994.191584503,38784.311997659,37247.163968683,39207.281230993,-10790.120413156,-1960.1172623099992,-0.32601878966335157,-0.05128666837818497,-0.2747321212851666,0.9892119723670193,0.7515791432614898,0.7140049170860092,1.0,-0.23763282910552952,-0.2752070552810101,0.010788027632980701,0.02678619854249986
phase_058,2026200006,logistics_constrained,0.6,0.25,logistics,False,,0.0,0.08555152499999996,0.00479725200000003,0.004771179000000014,0.005508144000000104,0.953254835,0.986585534,-0.033330699000000075,logistics,logistics,True,logistics,13878.113982015,13878.113982015,14558.660985067,14066.812758413,0.0,491.8482266539995,0.0,0.03436775523904254,-0.03436775523904254,0.9865855343609985,0.9532548354721602,0.9865855343609985,0.9532548354721602,-0.03333069888883833,0.0,-0.03333069888883833,0.0
phase_058,2026200007,logistics_constrained,0.6,0.25,logistics,False,,0.0021273490000000006,0.005740662999999979,0.006881169999999992,0.006027512999999929,0.004537385999999977,0.979919973,1.0,-0.020080027,logistics,logistics,True,logistics,16470.246070965,16470.246070965,16807.74607308,16470.246073417,0.0,337.49999966299947,0.0,0.020284371141729228,-0.020284371141729228,0.9999999998511254,0.9799199725741005,0.9999999998511254,0.9799199725741005,-0.02008002727702496,0.0,-0.02008002727702496,0.0
phase_058,2026200008,logistics_constrained,0.6,0.25,logistics,False,,0.0019019780000000264,0.005160686999999942,0.006268209000000025,0.005580461999999953,0.004272297999999952,0.980889899,1.0,-0.01911010099999999,logistics,logistics,True,logistics,17323.317498894,17323.317498894,17660.817502202,17323.317502705,0.0,337.49999949700214,0.0,0.019295058763195466,-0.019295058763195466,0.9999999997800076,0.9808898991642987,0.9999999997800076,0.9808898991642987,-0.019110100615708947,0.0,-0.019110100615708947,0.0
phase_058,2026200009,logistics_constrained,0.6,0.25,logistics,False,,0.002017356999999942,0.005433452000000005,0.0065182179999999645,0.005664308000000062,0.004140264000000005,0.98067412,1.0,-0.019325880000000017,logistics,logistics,True,logistics,17126.128770439,17126.128770439,17463.628772954,17126.128773579,0.0,337.4999993750025,0.0,0.01951506655787996,-0.01951506655787996,0.9999999998166546,0.9806741195141706,0.9999999998166546,0.9806741195141706,-0.019325880302483944,0.0,-0.019325880302483944,0.0
phase_058,2026200010,logistics_constrained,0.6,0.25,logistics,False,,0.0,0.0,0.0,0.0,0.0,0.979108915,1.0,-0.02089108500000003,logistics,logistics,True,logistics,15817.716372619,15817.716372619,16155.216372618,15817.716372619,0.0,337.4999999990014,0.0,0.021112391461733264,-0.021112391461733264,1.0,0.979108914903112,1.0,0.979108914903112,-0.020891085096887974,0.0,-0.020891085096887974,0.0
phase_058,2026200011,logistics_constrained,0.6,0.25,logistics,False,,0.0020769569999999904,0.005549221999999965,0.006740444000000068,0.006166844000000005,0.005015455999999974,0.980845275,1.0,-0.01915472500000004,logistics,logistics,True,logistics,17282.173907977,17282.173907977,17619.673909599,17282.173910054,0.0,337.49999954500163,0.0,0.01934055306047558,-0.01934055306047558,0.9999999998798185,0.9808452753805997,0.9999999998798185,0.9808452753805997,-0.019154724499218734,0.0,-0.019154724499218734,0.0
phase_059,2026200000,logistics_constrained,0.6,0.5,logistics,False,,0.0,0.0,0.0,0.0,0.0,0.955788263,1.0,-0.04421173700000003,logistics,logistics,True,logistics,14592.439142609,14592.439142609,15267.439142608,14592.439142609,0.0,674.9999999989996,0.0,0.0452188724024338,-0.0452188724024338,1.0,0.9557882632644511,1.0,0.9557882632644511,-0.0442117367355489,0.0,-0.0442117367355489,0.0
phase_059,2026200001,logistics_constrained,0.6,0.5,logistics,False,,0.0,0.0,0.0,0.0,0.0,0.956071154,1.0,-0.04392884600000002,logistics,logistics,True,logistics,14690.757477037,14690.757477037,15365.757477036,14690.757477037,0.0,674.9999999990014,0.0,0.04492294024651397,-0.04492294024651397,1.0,0.9560711536019111,1.0,0.9560711536019111,-0.04392884639808892,0.0,-0.04392884639808892,0.0
phase_059,2026200002,logistics_constrained,0.6,0.5,logistics,False,,0.003901927999999999,0.010488198999999976,0.012827445999999965,0.011602204000000005,0.009024258000000063,0.96377764,1.0,-0.03622236000000001,logistics,logistics,True,logistics,17959.89864038,17959.89864038,18634.898642139,17959.898643542,0.0,674.9999985969989,0.0,0.036894674401169156,-0.036894674401169156,0.999999999823941,0.9637776402908559,0.999999999823941,0.9637776402908559,-0.03622235953308517,0.0,-0.03622235953308517,0.0
phase_059,2026200003,logistics_constrained,0.6,0.5,logistics,False,,0.0,0.0,0.0,0.0,0.0,0.963201605,0.999999999,-0.03679839400000007,logistics,logistics,True,logistics,17668.191792489,17668.191792489,18343.191804655,17668.191803794,0.0,675.0000008610004,0.0,0.03749253716161536,-0.03749253716161536,0.9999999993601495,0.9632016052956114,0.9999999993601495,0.9632016052956114,-0.03679839406453811,0.0,-0.03679839406453811,0.0
phase_006,2026200009,forcegen_constrained,0.1,1.5,logistics,False,,0.0023018040000000184,0.005285037999999909,0.010438507000000041,-0.02221042799999995,-0.01386894400000005,1.0,1.0,0.0,logistics,logistics,True,logistics,67901.554290405,67604.720568169,40043.939720721,34756.05042062,296.8337222359987,5287.889300101,0.004381113676618547,0.14162367455146818,-0.13724256087484962,1.0,1.0,1.0,1.0,0.0,0.0,0.0,0.0
phase_059,2026200004,logistics_constrained,0.6,0.5,logistics,False,,0.0,0.0,0.0,0.0,0.0,0.964019223,0.999999999,-0.03598077600000005,logistics,logistics,True,logistics,18085.018013356,18085.018013356,18760.018034089,18085.018031186,0.0,675.0000029030016,0.0,0.036644042455051276,-0.036644042455051276,0.9999999990141011,0.9640192232488022,0.9999999990141011,0.9640192232488022,-0.0359807757652989,0.0,-0.0359807757652989,0.0
phase_059,2026200005,logistics_constrained,0.6,0.5,logistics,False,,0.003059527999999978,0.009100914000000015,0.01103535,0.008923765000000028,0.005499369999999892,0.965970596,0.999999999,-0.034029403000000014,logistics,logistics,True,logistics,19160.787295553,19160.787295553,19835.787311812,19160.787309785,0.0,675.0000020270018,0.0,0.03462188321349151,-0.03462188321349151,0.9999999992572332,0.9659705961932227,0.9999999992572332,0.9659705961932227,-0.03402940306401048,0.0,-0.03402940306401048,0.0
phase_059,2026200006,logistics_constrained,0.6,0.5,logistics,False,,0.0,0.0,0.0,0.0,0.0,0.952706472,1.0,-0.047293527999999974,logistics,logistics,True,logistics,13597.566154239,13597.566154239,14272.566154241,13597.566154239,0.0,675.0000000019991,0.0,0.048448426450100945,-0.048448426450100945,1.0,0.9527064724936358,1.0,0.9527064724936358,-0.047293527506364175,0.0,-0.047293527506364175,0.0
phase_059,2026200007,logistics_constrained,0.6,0.5,logistics,False,,0.0037342910000000007,0.01024488899999998,0.012263036000000005,0.01056891900000001,0.007599320999999937,0.961304893,1.0,-0.038695107000000006,logistics,logistics,True,logistics,16769.06603706,16769.06603706,17444.066041538,16769.066042196,0.0,674.9999993420024,0.0,0.03946365378295326,-0.03946365378295326,0.999999999693722,0.9613048928575092,0.999999999693722,0.9613048928575092,-0.0386951068362128,0.0,-0.0386951068362128,0.0
phase_059,2026200008,logistics_constrained,0.6,0.5,logistics,False,,0.0037929669999999804,0.01029730800000006,0.012524575000000038,0.011143116000000064,0.008525746,0.962510498,1.0,-0.03748950200000001,logistics,logistics,True,logistics,17330.040678131,17330.040678131,18005.0406812,17330.040682344,0.0,674.9999988560012,0.0,0.03821030530281964,-0.03821030530281964,0.9999999997568962,0.962510498308743,0.9999999997568962,0.962510498308743,-0.03748950144815322,0.0,-0.03748950144815322,0.0
phase_059,2026200009,logistics_constrained,0.6,0.5,logistics,False,,0.0039606990000000675,0.010747523999999897,0.012927052999999966,0.01124953399999995,0.00818373299999997,0.962082212,1.0,-0.03791778800000001,logistics,logistics,True,logistics,17126.671301278,17126.671301278,17801.671304106,17126.671305343,0.0,674.9999987629999,0.0,0.0386553725205807,-0.0386553725205807,0.9999999997626509,0.9620822117599537,0.9999999997626509,0.9620822117599537,-0.037917788002697184,0.0,-0.037917788002697184,0.0
phase_059,2026200010,logistics_constrained,0.6,0.5,logistics,False,,0.0,0.0,0.0,0.0,0.0,0.95838889,1.0,-0.04161110999999995,logistics,logistics,True,logistics,15546.629324082,15546.629324082,16221.629324082,15546.629324082,0.0,675.0,0.0,0.04250164378474935,-0.04250164378474935,1.0,0.9583888901346105,1.0,0.9583888901346105,-0.04161110986538952,0.0,-0.04161110986538952,0.0
phase_059,2026200011,logistics_constrained,0.6,0.5,logistics,False,,0.004088678000000012,0.011029227999999947,0.013417803000000061,0.012130858000000022,0.009724548999999971,0.962411498,1.0,-0.03758850199999997,logistics,logistics,True,logistics,17282.61931761,17282.61931761,17957.619319462,17282.619320361,0.0,674.9999991010009,0.0,0.038313166564185444,-0.038313166564185444,0.9999999998408228,0.9624114984372982,0.9999999998408228,0.9624114984372982,-0.037588501403524543,0.0,-0.037588501403524543,0.0
phase_060,2026200000,logistics_constrained,0.6,0.75,logistics,False,,0.0,0.0,0.0,0.0,0.0,0.93511752,1.0,-0.06488247999999996,logistics,logistics,True,logistics,14592.637060442,14592.637060442,15605.13706044,14592.637060442,0.0,1012.4999999979991,0.0,0.06708306821657858,-0.06708306821657858,1.0,0.9351175195657364,1.0,0.9351175195657364,-0.06488248043426359,0.0,-0.06488248043426359,0.0
phase_060,2026200001,logistics_constrained,0.6,0.75,logistics,False,,0.0,0.0,0.0,0.0,0.0,0.935561733,1.0,-0.064438267,logistics,logistics,True,logistics,14700.213009124,14700.213009124,15712.713009122,14700.213009124,0.0,1012.4999999980009,0.0,0.06660814639464659,-0.06660814639464659,1.0,0.9355617327567687,1.0,0.9355617327567687,-0.06443826724323132,0.0,-0.06443826724323132,0.0
phase_006,2026200010,forcegen_constrained,0.1,1.5,logistics,False,,0.003595271000000011,0.016392290999999948,0.06804574099999994,0.10981407799999998,0.16619969099999993,0.943381251,0.999999992,-0.05661874099999997,logistics,logistics,True,logistics,33712.63534209,33712.63534209,35735.960745603,33712.635601322,0.0,2023.3251442809997,0.0,0.05828477485004503,-0.05828477485004503,0.9999999923105388,0.9433812506702522,0.9999999923105388,0.9433812506702522,-0.056618741640286574,0.0,-0.056618741640286574,0.0
phase_060,2026200002,logistics_constrained,0.6,0.75,logistics,False,,0.005288658000000002,0.01456459600000004,0.01773585700000002,0.01598774599999997,0.012572819000000068,0.946513159,1.0,-0.05348684100000001,logistics,logistics,True,logistics,17917.389765026,17917.389765026,18929.889770662,17917.389771494,0.0,1012.4999991680015,0.0,0.054970405342578584,-0.054970405342578584,0.99999999963901,0.9465131589300009,0.99999999963901,0.9465131589300009,-0.05348684070900911,0.0,-0.05348684070900911,0.0
phase_060,2026200003,logistics_constrained,0.6,0.75,logistics,False,,0.0,0.0,0.0,0.0,0.0,0.930159588,1.0,-0.06984041200000002,logistics,logistics,True,logistics,13484.83707992,13484.83707992,14497.33707992,13484.83707992,0.0,1012.5,0.0,0.07239910795951433,-0.07239910795951433,1.0,0.9301595876250683,1.0,0.9301595876250683,-0.06984041237493166,0.0,-0.06984041237493166,0.0
phase_060,2026200004,logistics_constrained,0.6,0.75,logistics,False,,0.0,0.0,0.0,0.0,0.0,0.946987255,0.999999999,-0.053012744,logistics,logistics,True,logistics,18086.680946915,18086.680946915,19099.180960927,18086.68095922,0.0,1012.5000017069979,0.0,0.054469643717969196,-0.054469643717969196,0.999999999319665,0.9469872547894401,0.999999999319665,0.9469872547894401,-0.053012744530224865,0.0,-0.053012744530224865,0.0
phase_060,2026200005,logistics_constrained,0.6,0.75,logistics,False,,0.003719192000000038,0.011657434999999938,0.014405916999999935,0.011316719999999947,0.006125305000000025,0.949810738,0.999999999,-0.050189260999999985,logistics,logistics,True,logistics,19161.138399021,19161.138399021,20173.638431919,19161.13842391,0.0,1012.5000080089994,0.0,0.051492536519170407,-0.051492536519170407,0.9999999987010688,0.949810737596248,0.9999999987010688,0.949810737596248,-0.050189261104820804,0.0,-0.050189261104820804,0.0
phase_060,2026200006,logistics_constrained,0.6,0.75,logistics,False,,0.0,0.010850247999999896,0.014974138999999997,0.01327355600000002,0.08409726100000003,0.898760738,0.979858687,-0.081097949,logistics,logistics,True,logistics,14376.969623644,14376.969623644,15996.437104442,14672.492894734,0.0,1323.944209708001,0.0,0.08639150727743419,-0.08639150727743419,0.9798586870540544,0.8987607383929077,0.9798586870540544,0.8987607383929077,-0.08109794866114672,0.0,-0.08109794866114672,0.0
phase_060,2026200007,logistics_constrained,0.6,0.75,logistics,False,,0.005729787999999902,0.01558778500000002,0.01899160700000002,0.016993237999999966,0.010223783000000042,0.943127857,1.0,-0.056872142999999986,logistics,logistics,True,logistics,16790.592013647,16790.592013647,17803.092016311,16790.592018406,0.0,1012.4999979049971,0.0,0.058553420347073684,-0.058553420347073684,0.9999999997165675,0.9431278565691648,0.9999999997165675,0.9431278565691648,-0.05687214314740274,0.0,-0.05687214314740274,0.0
phase_060,2026200008,logistics_constrained,0.6,0.75,logistics,False,,0.006322922000000064,0.017050372000000036,0.02069900400000002,0.01837972600000004,0.014287314000000051,0.94531081,1.0,-0.054689190000000054,logistics,logistics,True,logistics,17501.213664089,17501.213664089,18513.713665653,17501.213667262,0.0,1012.4999983909984,0.0,0.05624150575734994,-0.05624150575734994,0.9999999998186982,0.9453108101459725,0.9999999998186982,0.9453108101459725,-0.054689189672725735,0.0,-0.054689189672725735,0.0
phase_060,2026200009,logistics_constrained,0.6,0.75,logistics,False,,0.0058204299999999876,0.01587230900000003,0.019167246000000082,0.016602252999999956,0.012059436000000034,0.944183377,1.0,-0.05581662300000001,logistics,logistics,True,logistics,17127.257369955,17127.257369955,18139.757373117,17127.257374958,0.0,1012.4999981590008,0.0,0.057434876379001326,-0.057434876379001326,0.9999999997078926,0.9441833767488799,0.9999999997078926,0.9441833767488799,-0.055816622959012685,0.0,-0.055816622959012685,0.0
phase_060,2026200010,logistics_constrained,0.6,0.75,logistics,False,,0.0,0.0,0.0,0.0,0.0,0.939812678,1.0,-0.06018732199999999,logistics,logistics,True,logistics,15809.979632886,15809.979632886,16822.479632886,15809.979632886,0.0,1012.5,0.0,0.062074702394824925,-0.062074702394824925,1.0,0.9398126779110091,1.0,0.9398126779110091,-0.06018732208899091,0.0,-0.06018732208899091,0.0
phase_060,2026200011,logistics_constrained,0.6,0.75,logistics,False,,0.006054698999999997,0.016456440000000017,0.020189178000000085,0.018352056999999977,0.01492673,0.944658785,1.0,-0.055341215,logistics,logistics,True,logistics,17283.086910143,17283.086910143,18295.586912235,17283.086913567,0.0,1012.4999986680014,0.0,0.056931490175629935,-0.056931490175629935,0.9999999998018873,0.9446587853699898,0.9999999998018873,0.9446587853699898,-0.055341214431897434,0.0,-0.055341214431897434,0.0
phase_006,2026200011,forcegen_constrained,0.1,1.5,logistics,False,,0.0051627290000000325,0.012968838000000038,0.02053830999999995,0.02244023900000003,0.03681697399999995,1.0,1.0,0.0,logistics,logistics,True,logistics,65939.974654481,66635.40037336,35996.444387056,33818.771565191,-695.4257188789925,2177.6728218650023,-0.010491120196988911,0.0624041464737333,-0.07289526667072221,1.0,1.0,1.0,1.0,0.0,0.0,0.0,0.0
phase_061,2026200000,logistics_constrained,0.6,1.0,logistics,False,,0.0,0.0,0.0,0.0,0.0,0.915322475,1.0,-0.08467752500000003,logistics,logistics,True,logistics,14592.837233586,14592.837233586,15942.837233586,14592.837233586,0.0,1350.0,0.0,0.08847884421050388,-0.08847884421050388,1.0,0.9153224749007648,1.0,0.9153224749007648,-0.0846775250992352,0.0,-0.0846775250992352,0.0
phase_061,2026200001,logistics_constrained,0.6,1.0,logistics,False,,0.0,0.0,0.0,0.0,0.0,0.931481925,0.999999999,-0.06851807399999998,logistics,logistics,True,logistics,18352.830307821,18352.830307821,19702.830309578,18352.830320426,0.0,1349.9999891519983,0.0,0.07097849245944851,-0.07097849245944851,0.999999999313185,0.93148192515769,0.999999999313185,0.93148192515769,-0.06851807415549493,0.0,-0.06851807415549493,0.0
phase_061,2026200002,logistics_constrained,0.6,1.0,logistics,False,,0.0,0.0,0.0,0.0,0.0,0.929936353,1.0,-0.070063647,logistics,logistics,True,logistics,17918.194926071,17918.194926071,19268.194930848,17918.194932504,0.0,1349.9999983439993,0.0,0.07263913227442612,-0.07263913227442612,0.9999999996409794,0.9299363531653047,0.9999999996409794,0.9299363531653047,-0.07006364647567476,0.0,-0.07006364647567476,0.0
phase_061,2026200003,logistics_constrained,0.6,1.0,logistics,False,,0.0,0.0,0.0,0.0,0.0,0.90900211,1.0,-0.09099789000000003,logistics,logistics,True,logistics,13485.508750475,13485.508750475,14835.508750475,13485.508750475,0.0,1350.0,0.0,0.09540786406688566,-0.09540786406688566,1.0,0.9090021095530831,1.0,0.9090021095530831,-0.09099789044691686,0.0,-0.09099789044691686,0.0
phase_061,2026200004,logistics_constrained,0.6,1.0,logistics,False,,0.010112573999999985,0.027894556999999987,0.034874132999999974,0.03241876799999999,0.02752682900000003,0.930553969,1.0,-0.06944603100000002,logistics,logistics,True,logistics,18089.555811191,18089.555811191,19439.55581238,18089.555815529,0.0,1349.999996851002,0.0,0.07197520465242786,-0.07197520465242786,0.9999999997601932,0.9305539687110927,0.9999999997601932,0.9305539687110927,-0.06944603104910041,0.0,-0.06944603104910041,0.0
phase_061,2026200005,logistics_constrained,0.6,1.0,logistics,False,,0.003385432000000077,0.014128639000000054,0.01818228300000002,0.014204812000000011,0.007878317999999995,0.934182855,0.999999998,-0.06581714299999997,logistics,logistics,True,logistics,19161.373626689,19161.373626689,20511.373671526,19161.373657451,0.0,1350.000014074998,0.0,0.06808308154329619,-0.06808308154329619,0.9999999983945828,0.9341828554997721,0.9999999983945828,0.9341828554997721,-0.06581714289481067,0.0,-0.06581714289481067,0.0
phase_061,2026200006,logistics_constrained,0.6,1.0,logistics,False,,0.027971254,0.0,0.0,0.0,0.0,0.90937432,1.0,-0.09062568000000004,logistics,logistics,True,logistics,13546.439878331,13546.439878331,14896.439878332,13546.439878331,0.0,1350.0000000009986,0.0,0.09499847686487786,-0.09499847686487786,1.0,0.909374319567142,1.0,0.909374319567142,-0.09062568043285801,0.0,-0.09062568043285801,0.0
phase_061,2026200007,logistics_constrained,0.6,1.0,logistics,False,,0.008041823000000003,0.02213476000000003,0.02651782299999994,0.022422217999999994,0.01596156400000004,0.925510538,1.0,-0.07448946199999995,logistics,logistics,True,logistics,16773.368931663,16773.368931663,18123.368935214,16773.368937531,0.0,1349.9999976830004,0.0,0.0774097605215036,-0.0774097605215036,0.9999999996501598,0.9255105378929893,0.9999999996501598,0.9255105378929893,-0.07448946175717053,0.0,-0.07448946175717053,0.0
phase_061,2026200008,logistics_constrained,0.6,1.0,logistics,False,,0.007700832000000046,0.021009198000000007,0.025601478999999983,0.022671262000000025,0.017068578000000056,0.929524914,1.0,-0.07047508599999996,logistics,logistics,True,logistics,17805.70559603,17805.70559603,19155.705598122,17805.70560115,0.0,1349.999996972001,0.0,0.07308166838457933,-0.07308166838457933,0.9999999997124517,0.9295249138604242,0.9999999997124517,0.9295249138604242,-0.07047508585202744,0.0,-0.07047508585202744,0.0
phase_061,2026200009,logistics_constrained,0.6,1.0,logistics,False,,0.007573009999999991,0.02078906799999991,0.025170682000000055,0.021761007000000054,0.015713801999999943,0.926939733,1.0,-0.07306026700000001,logistics,logistics,True,logistics,17127.895841282,17127.895841282,18477.895845005,17127.895847355,0.0,1349.9999976500003,0.0,0.07586672810195853,-0.07586672810195853,0.9999999996454321,0.9269397330168446,0.9999999996454321,0.9269397330168446,-0.07306026662858744,0.0,-0.07306026662858744,0.0
phase_007,2026200000,forcegen_constrained,0.1,2.0,logistics,False,,0.00837091000000001,0.02986769300000003,0.06152549600000001,0.08109618500000004,0.11490356300000004,0.927493495,0.999999994,-0.07250649899999995,logistics,logistics,True,logistics,34011.933979503,34011.624703855,36670.805942848,34011.624903515,0.3092756480036769,2659.1810393329943,9.093192240914191e-06,0.07527858499764725,-0.07526949180540633,0.999999994129654,0.9274934953028061,1.0,0.9274850614644965,-0.0725064988268479,5.870345987091241e-09,-0.07251493266515752,8.427967963631211e-06
phase_061,2026200010,logistics_constrained,0.6,1.0,logistics,False,,0.0,0.0,0.0,0.0,0.0,0.920171453,1.0,-0.07982854699999997,logistics,logistics,True,logistics,15561.243583309,15561.243583309,16911.24358331,15561.243583309,0.0,1350.0000000009986,0.0,0.08319526413898422,-0.08319526413898422,1.0,0.9201714531902706,1.0,0.9201714531902706,-0.0798285468097294,0.0,-0.0798285468097294,0.0
phase_061,2026200011,logistics_constrained,0.6,1.0,logistics,False,,0.007826294999999983,0.021417261999999937,0.026211953999999982,0.023754794999999995,0.01911967400000003,0.927549875,1.0,-0.07245012500000003,logistics,logistics,True,logistics,17283.508373103,17283.508373103,18633.508375564,17283.508377275,0.0,1349.9999982890004,0.0,0.07520871162605418,-0.07520871162605418,0.9999999997586138,0.9275498754581616,0.9999999997586138,0.9275498754581616,-0.07245012430045217,0.0,-0.07245012430045217,0.0
phase_062,2026200000,logistics_constrained,0.6,1.5,logistics,False,,0.002591235000000025,0.011696680000000015,0.025721618999999918,0.022867491999999934,0.016341068000000014,0.899372638,0.999999995,-0.10062735700000003,logistics,logistics,True,logistics,18098.752403216,18098.752403216,20123.752532806,18098.752484806,0.0,2025.0000480000017,0.0,0.10605782303082509,-0.10605782303082509,0.9999999954919546,0.8993726380659463,0.9999999954919546,0.8993726380659463,-0.10062735742600837,0.0,-0.10062735742600837,0.0
phase_062,2026200001,logistics_constrained,0.6,1.5,logistics,False,,0.0,0.0,0.0,0.0,0.0,0.87891171,1.0,-0.12108828999999999,logistics,logistics,True,logistics,14698.334650762,14698.334650762,16723.334650759,14698.334650762,0.0,2024.9999999969987,0.0,0.12907083030255415,-0.12907083030255415,1.0,0.8789117097584905,1.0,0.8789117097584905,-0.12108829024150947,0.0,-0.12108829024150947,0.0
phase_062,2026200002,logistics_constrained,0.6,1.5,logistics,False,,0.01011664999999995,0.028087385999999936,0.033983131000000055,0.02911903700000007,0.020296764999999994,0.898446969,1.0,-0.10155303100000002,logistics,logistics,True,logistics,17915.320714222,17915.320714222,19940.320720265,17915.320722502,0.0,2024.9999977629996,0.0,0.1070875956175658,-0.1070875956175658,0.9999999995378258,0.8984469691109318,0.9999999995378258,0.8984469691109318,-0.10155303042689401,0.0,-0.10155303042689401,0.0
phase_062,2026200003,logistics_constrained,0.6,1.5,logistics,False,,0.0,0.0,0.0,0.0,0.0,0.869466926,1.0,-0.13053307400000003,logistics,logistics,True,logistics,13488.309729454,13488.309729454,15513.309729455,13488.309729454,0.0,2025.0000000010004,0.0,0.13987498335263676,-0.13987498335263676,1.0,0.8694669264447065,1.0,0.8694669264447065,-0.13053307355529353,0.0,-0.13053307355529353,0.0
phase_062,2026200004,logistics_constrained,0.6,1.5,logistics,False,,0.0,0.0,0.0,0.0,0.0,0.899326664,0.999999999,-0.10067333499999997,logistics,logistics,True,logistics,18089.561806361,18089.561806361,20114.561851468,18089.561833262,0.0,2025.0000182059994,0.0,0.10610894536069729,-0.10610894536069729,0.9999999985128994,0.8993266639333132,0.9999999985128994,0.8993266639333132,-0.10067333457958627,0.0,-0.10067333457958627,0.0
phase_062,2026200005,logistics_constrained,0.6,1.5,logistics,False,,0.007294080999999952,0.022709321999999976,0.02788462700000005,0.021650806999999994,0.011344118000000014,0.904420922,0.999999999,-0.09557907700000001,logistics,logistics,True,logistics,19161.64556783,19161.64556783,21186.645611505,19161.645593638,0.0,2025.000017866998,0.0,0.10046040341914864,-0.10046040341914864,0.9999999986531428,0.9044209224618662,0.9999999986531428,0.9044209224618662,-0.09557907619127659,0.0,-0.09557907619127659,0.0
phase_062,2026200006,logistics_constrained,0.6,1.5,logistics,False,,0.0,0.0,0.0,0.0,0.0,0.872076135,1.0,-0.12792386499999997,logistics,logistics,True,logistics,13804.728037488,13804.728037488,15829.728037488,13804.728037488,0.0,2025.0,0.0,0.13687854865130564,-0.13687854865130564,1.0,0.8720761345233228,1.0,0.8720761345233228,-0.12792386547667722,0.0,-0.12792386547667722,0.0
phase_062,2026200007,logistics_constrained,0.6,1.5,logistics,False,,0.010609771000000046,0.029466313000000022,0.03615950899999998,0.031859618000000034,0.02376356199999996,0.892436138,1.0,-0.10756386200000001,logistics,logistics,True,logistics,16801.025414942,16801.025414942,18826.025419359,16801.025423142,0.0,2024.9999962170004,0.0,0.1138003217120352,-0.1138003217120352,0.9999999995119345,0.8924361377768739,0.9999999995119345,0.8924361377768739,-0.1075638617350606,0.0,-0.1075638617350606,0.0
phase_007,2026200001,forcegen_constrained,0.1,2.0,logistics,False,,0.004136529999999916,0.01436134999999994,0.027579448999999978,-0.11680910499999997,0.12331723900000008,0.930350644,0.999739814,-0.06938917,logistics,logistics,True,logistics,35618.69230585,36038.391578721,38285.234210867,36047.770708856,-419.6992728709956,2237.463502011,-0.011714238132138512,0.06021926915635538,-0.07193350728849389,0.9997398138650306,0.9303506440543045,0.9880969503919813,0.9413130759558407,-0.06938916981072618,-0.011642863473049325,-0.05842673790918995,0.000680431571513096
phase_062,2026200008,logistics_constrained,0.6,1.5,logistics,False,,0.010267330000000019,0.02866454399999996,0.03511725200000004,0.03100535400000004,0.023225209000000024,0.898873501,1.0,-0.10112649900000004,logistics,logistics,True,logistics,17999.425066954,17999.425066954,20024.425073209,17999.425075726,0.0,2024.9999974829989,0.0,0.10661296494216439,-0.10661296494216439,0.9999999995126511,0.8988735007945732,0.9999999995126511,0.8988735007945732,-0.10112649871807788,0.0,-0.10112649871807788,0.0
phase_062,2026200009,logistics_constrained,0.6,1.5,logistics,False,,0.010953223999999984,0.03042946000000002,0.037069931,0.03201135899999996,0.022955037999999983,0.894276222,1.0,-0.10572377799999999,logistics,logistics,True,logistics,17128.685545266,17128.685545266,19153.685549977,17128.685553353,0.0,2024.9999966239993,0.0,0.11174057823981416,-0.11174057823981416,0.999999999527868,0.89427622170014,0.999999999527868,0.89427622170014,-0.10572377782772802,0.0,-0.10572377782772802,0.0
phase_062,2026200010,logistics_constrained,0.6,1.5,logistics,False,,0.0,0.0,0.0,0.0,0.0,0.886605894,1.0,-0.113394106,logistics,logistics,True,logistics,15833.070973534,15833.070973534,17858.070973534,15833.070973534,0.0,2024.9999999999982,0.0,0.12035470927165248,-0.12035470927165248,1.0,0.8866058936040132,1.0,0.8866058936040132,-0.1133941063959868,0.0,-0.1133941063959868,0.0
phase_062,2026200011,logistics_constrained,0.6,1.5,logistics,False,,0.010723968000000084,0.029792901999999954,0.03682358299999999,0.03312835000000003,0.02655815099999992,0.895126931,1.0,-0.10487306900000004,logistics,logistics,True,logistics,17284.056322224,17284.056322224,19309.056327054,17284.056328584,0.0,2024.9999984700007,0.0,0.11078974853003358,-0.11078974853003358,0.9999999996320309,0.8951269305692188,0.9999999996320309,0.8951269305692188,-0.10487306906281213,0.0,-0.10487306906281213,0.0
phase_063,2026200000,logistics_constrained,0.6,2.0,logistics,False,,0.0055030729999999695,0.02269109199999997,0.03487216100000001,0.030335407000000036,0.021451078000000012,0.870184002,0.999999997,-0.12981599499999996,logistics,logistics,True,logistics,18098.669816449,18098.669816449,20798.669908118,18098.669867621,0.0,2700.0000404970015,0.0,0.13905059034283118,-0.13905059034283118,0.9999999971726099,0.8701840019772056,0.9999999971726099,0.8701840019772056,-0.12981599519540432,0.0,-0.12981599519540432,0.0
phase_063,2026200001,logistics_constrained,0.6,2.0,logistics,False,,0.009892769999999995,0.028692168999999934,0.03623318100000006,0.030622651000000056,0.020796217000000006,0.877930066,0.999999998,-0.12206993199999994,logistics,logistics,True,logistics,19418.46919355,19418.46919355,22118.469267489,19418.469229643,0.0,2700.000037845999,0.0,0.13018833764052995,-0.13018833764052995,0.9999999981413057,0.8779300664396512,0.9999999981413057,0.8779300664396512,-0.12206993170165448,0.0,-0.12206993170165448,0.0
phase_063,2026200002,logistics_constrained,0.6,2.0,logistics,False,,0.012311680000000047,0.03525321199999998,0.04423155599999995,0.03915065399999995,0.02940844900000006,0.868930633,0.999999999,-0.13106936600000008,logistics,logistics,True,logistics,17899.779163332,17899.779163332,20599.779177916,17899.779177071,0.0,2700.0000008450006,0.0,0.1404919799253063,-0.1404919799253063,0.9999999992324488,0.8689306331264689,0.9999999992324488,0.8689306331264689,-0.13106936610597986,0.0,-0.13106936610597986,0.0
phase_063,2026200003,logistics_constrained,0.6,2.0,logistics,False,,0.0,0.0,0.0,0.0,0.0,0.833557247,1.0,-0.166442753,logistics,logistics,True,logistics,13521.793685975,13521.793685975,16221.793685972,13521.793685975,0.0,2699.9999999969987,0.0,0.18205289650898268,-0.18205289650898268,1.0,0.8335572469811487,1.0,0.8335572469811487,-0.16644275301885125,0.0,-0.16644275301885125,0.0
phase_063,2026200004,logistics_constrained,0.6,2.0,logistics,False,,0.0,0.0,0.0,0.0,0.0,0.875707349,0.999999999,-0.12429265,logistics,logistics,True,logistics,19022.925645615,19022.925645615,21722.925666198,19022.925661062,0.0,2700.0000051360003,0.0,0.13272331964176762,-0.13272331964176762,0.9999999991879798,0.8757073489053853,0.9999999991879798,0.8757073489053853,-0.12429265028259451,0.0,-0.12429265028259451,0.0
phase_063,2026200005,logistics_constrained,0.6,2.0,logistics,False,,0.011059166999999981,0.034416077000000045,0.042206642000000016,0.03474823299999996,0.022536245000000066,0.874119678,0.999999999,-0.12588032100000002,logistics,logistics,True,logistics,18748.944456412,18748.944456412,21448.944485069,18748.944470858,0.0,2700.0000142110002,0.0,0.1345379800637438,-0.1345379800637438,0.9999999992295031,0.8741196784514724,0.9999999992295031,0.8741196784514724,-0.12588032077803069,0.0,-0.12588032077803069,0.0
phase_007,2026200002,forcegen_constrained,0.1,2.0,logistics,False,,0.004029216000000058,0.016318787,0.024559409999999948,0.024023797999999985,0.025796634000000096,0.748498071,0.803105834,-0.05460776300000003,logistics,logistics,True,logistics,28843.442885268,28843.442885268,38535.093168942,35914.871555367,0.0,2620.221613575006,0.0,0.07041787783184023,-0.07041787783184023,0.803105834328335,0.7484980705461185,0.803105834328335,0.7484980705461185,-0.054607763782216545,0.0,-0.054607763782216545,0.0
phase_063,2026200006,logistics_constrained,0.6,2.0,logistics,False,,0.0,0.0,0.0,0.0,0.0,0.834247083,1.0,-0.16575291700000006,logistics,logistics,True,logistics,13589.306114809,13589.306114809,16289.306114809,13589.306114809,0.0,2700.0,0.0,0.181225657584159,-0.181225657584159,1.0,0.834247083272297,1.0,0.834247083272297,-0.16575291672770298,0.0,-0.16575291672770298,0.0
phase_063,2026200007,logistics_constrained,0.6,2.0,logistics,False,,0.01435773600000001,0.04018177200000006,0.04958043000000001,0.04402006699999994,0.03492377499999999,0.859467373,1.0,-0.14053262700000002,logistics,logistics,True,logistics,16512.620271503,16512.620271503,19212.620276384,16512.620279395,0.0,2699.9999969890014,0.0,0.1514424152004619,-0.1514424152004619,0.9999999995220626,0.8594673726935718,0.9999999995220626,0.8594673726935718,-0.14053262682849088,0.0,-0.14053262682849088,0.0
phase_063,2026200008,logistics_constrained,0.6,2.0,logistics,False,,0.013513548000000042,0.037967182000000044,0.04674303999999996,0.04125703000000003,0.030858154999999998,0.869562602,0.999999999,-0.130437397,logistics,logistics,True,logistics,17999.585009679,17999.585009679,20699.585015691,17999.585019832,0.0,2699.999995858998,0.0,0.13976494934258005,-0.13976494934258005,0.9999999994359315,0.8695626021504632,0.9999999994359315,0.8695626021504632,-0.13043739728546833,0.0,-0.13043739728546833,0.0
phase_063,2026200009,logistics_constrained,0.6,2.0,logistics,False,,0.015359447000000026,0.043485388000000014,0.05262915199999996,0.04412460000000007,0.03134968100000002,0.861832191,1.0,-0.13816780900000003,logistics,logistics,True,logistics,16841.454874826,16841.454874826,19541.454880652,16841.454882941,0.0,2699.9999977109983,0.0,0.14869470081941807,-0.14869470081941807,0.9999999995181531,0.8618321909849572,0.9999999995181531,0.8618321909849572,-0.13816780853319588,0.0,-0.13816780853319588,0.0
phase_063,2026200010,logistics_constrained,0.6,2.0,logistics,False,,0.0,0.0,0.0,0.0,0.0,0.854314752,1.0,-0.14568524800000004,logistics,logistics,True,logistics,15833.10506079,15833.10506079,18533.105060791,15833.10506079,0.0,2700.0000000010004,0.0,0.15745559059348527,-0.15745559059348527,1.0,0.854314752377184,1.0,0.854314752377184,-0.14568524762281598,0.0,-0.14568524762281598,0.0
phase_063,2026200011,logistics_constrained,0.6,2.0,logistics,False,,0.013478258999999992,0.03763472999999995,0.046790221000000076,0.04203353700000001,0.032983626000000044,0.866770113,0.999999999,-0.13322988600000008,logistics,logistics,True,logistics,17565.723145772,17565.723145772,20265.723151542,17565.723155424,0.0,2699.999996118,0.0,0.1429814890783574,-0.1429814890783574,0.9999999994505209,0.866770112984369,0.9999999994505209,0.866770112984369,-0.13322988646615186,0.0,-0.13322988646615186,0.0
phase_007,2026200003,forcegen_constrained,0.1,2.0,logistics,False,,0.004701920000000026,-0.005456176000000035,0.015156884000000037,-0.012103529000000002,0.08608114299999992,0.768163882,0.800875365,-0.03271148300000004,logistics,logistics,True,logistics,32161.578550654,28536.771074236,41868.121242404,35631.97510589,3624.807476418002,6236.1461365139985,0.11957905859672,0.1612812959435035,-0.041702237346783494,0.8008753651581566,0.7681638821204325,0.9026044291700703,0.6815870936509562,-0.03271148303772409,0.10172906401191373,-0.11928827150720045,-0.015152275542437366
phase_065,2026200000,logistics_constrained,0.8,0.25,logistics,False,,0.0005711179999999816,0.005377783999999997,0.0,0.0,0.0,0.982967676,1.0,-0.017032323999999988,logistics,logistics,True,logistics,19477.764265286,19477.764265286,19815.264265287,19477.764265287,0.0,337.5,0.0,0.017179042329728514,-0.017179042329728514,0.9999999999999486,0.9829676760560674,0.9999999999999486,0.9829676760560674,-0.01703232394388121,0.0,-0.01703232394388121,0.0
phase_065,2026200001,logistics_constrained,0.8,0.25,logistics,False,,0.028927614999999962,0.13471972499999996,0.622707612,0.0,0.0,0.983097463,1.0,-0.016902536999999995,logistics,logistics,True,logistics,19629.916289535,19629.916289535,19967.416289537,19629.916289537,0.0,337.5,0.0,0.01704701560047077,-0.01704701560047077,0.9999999999998981,0.9830974626307134,0.9999999999998981,0.9830974626307134,-0.016902537369184678,0.0,-0.016902537369184678,0.0
phase_007,2026200004,forcegen_constrained,0.1,2.0,logistics,False,,0.004048465000000001,0.04434691199999996,0.03702414799999998,0.020962786999999983,-0.028615449999999987,0.745588424,0.802488748,-0.056900324,logistics,logistics,True,logistics,28626.913612649,28626.913612649,38395.061803947,35672.666649917,0.0,2722.395154029997,0.0,0.07354409699338896,-0.07354409699338896,0.802488748418689,0.7455884238140792,0.802488748418689,0.7455884238140792,-0.05690032460460981,0.0,-0.05690032460460981,0.0
phase_065,2026200002,logistics_constrained,0.8,0.25,logistics,False,,7.80000000144554e-08,3.0939999999812784e-06,-5.120000000635727e-07,5.083999999988542e-06,1.9058999999987947e-05,1.0,1.0,0.0,logistics,logistics,True,logistics,24274.151988957,24274.151988957,24060.509956967,23577.082305975,0.0,483.42765099199823,0.0,0.020296754051269822,-0.020296754051269822,1.0,1.0,1.0,1.0,0.0,0.0,0.0,0.0
phase_065,2026200003,logistics_constrained,0.8,0.25,logistics,False,,0.028953493999999913,0.11378160400000004,0.36845372800000004,0.496478614,0.0,0.981585635,1.0,-0.018414365000000044,logistics,logistics,True,logistics,17990.58272155,17990.58272155,18328.08272155,17990.582721552,0.0,337.4999999979991,0.0,0.01858601968590573,-0.01858601968590573,0.9999999999998888,0.9815856352719768,0.9999999999998888,0.9815856352719768,-0.018414364727911914,0.0,-0.018414364727911914,0.0
phase_065,2026200004,logistics_constrained,0.8,0.25,logistics,False,,0.00012164300000006012,3.499999999823089e-07,3.729999999979583e-07,6.800000000861672e-07,0.001540845999999929,1.0,1.0,0.0,logistics,logistics,True,logistics,23232.397624039,23232.397624039,23048.370642554,22512.47536167,0.0,535.8952808840004,0.0,0.023525462912931696,-0.023525462912931696,1.0,1.0,1.0,1.0,0.0,0.0,0.0,0.0
phase_065,2026200005,logistics_constrained,0.8,0.25,logistics,False,,4.399999997684034e-08,0.0007449580000000733,9.294800000003711e-05,8.794100000009131e-05,0.00045590399999995146,1.0,1.0,0.0,logistics,logistics,True,logistics,25464.308588457,25464.308588457,25253.116307142,24863.478078819,0.0,389.6382283230014,0.0,0.015549583284182232,-0.015549583284182232,1.0,1.0,1.0,1.0,0.0,0.0,0.0,0.0
phase_065,2026200006,logistics_constrained,0.8,0.25,logistics,False,,7.920200000000044e-05,0.00044771799999998585,0.006446528000000007,0.004035138999999965,0.0003588999999999398,1.0,1.0,0.0,logistics,logistics,True,logistics,24094.155824076,24094.155824076,23602.765833373,23301.561305601,0.0,301.204527771999,0.0,0.012843534343234196,-0.012843534343234196,1.0,1.0,1.0,1.0,0.0,0.0,0.0,0.0
phase_065,2026200007,logistics_constrained,0.8,0.25,logistics,False,,4.3000000005122274e-08,2.110000000277168e-07,0.00012077399999999017,8.040000000208991e-07,-2.25300000000761e-06,1.0,1.0,0.0,logistics,logistics,True,logistics,21138.243679005,21138.243679005,21056.92300746,20554.222706471,0.0,502.7003009889995,0.0,0.024162985689758994,-0.024162985689758994,1.0,1.0,1.0,1.0,0.0,0.0,0.0,0.0
phase_065,2026200008,logistics_constrained,0.8,0.25,logistics,False,,1.4199999998076862e-07,0.0017139210000000071,0.0002132260000000663,0.0006184169999999822,0.0007323999999999664,1.0,1.0,0.0,logistics,logistics,True,logistics,23734.690492976,23734.690492976,23549.968067237,23018.781908931,0.0,531.1861583060017,0.0,0.022813977080504286,-0.022813977080504286,1.0,1.0,1.0,1.0,0.0,0.0,0.0,0.0
phase_065,2026200009,logistics_constrained,0.8,0.25,logistics,False,,0.0013160150000000037,0.000475598000000077,0.0013552580000000258,0.0006331680000000173,0.0002448699999999526,1.0,1.0,0.0,logistics,logistics,True,logistics,23204.75205225,23204.75205225,22732.738686843,22427.807868822,0.0,304.93081802099914,0.0,0.013504506720723545,-0.013504506720723545,1.0,1.0,1.0,1.0,0.0,0.0,0.0,0.0
phase_065,2026200010,logistics_constrained,0.8,0.25,logistics,False,,0.0,0.0,0.0,0.0,0.0,0.984263357,1.0,-0.015736642999999995,logistics,logistics,True,logistics,21109.259614531,21109.259614531,21446.759614531,21109.259614531,0.0,337.5,0.0,0.015861778532041453,-0.015861778532041453,1.0,0.9842633569795164,1.0,0.9842633569795164,-0.01573664302048361,0.0,-0.01573664302048361,0.0
phase_065,2026200011,logistics_constrained,0.8,0.25,logistics,False,,0.0009584169999999892,0.0008793179999999623,0.0005386520000000283,0.00023222099999997692,-0.0012552479999999866,1.0,1.0,0.0,logistics,logistics,True,logistics,23469.574521066,23444.340965821,23201.077863716,22763.630211813,25.23355524499857,437.4476519029995,0.0010757387191626772,0.019034641056274518,-0.01795890233711184,1.0,1.0,1.0,1.0,0.0,0.0,0.0,0.0
phase_007,2026200005,forcegen_constrained,0.1,2.0,logistics,False,,0.003830806999999936,0.011503255000000046,0.01769844399999998,-0.027968487999999958,0.11526579599999998,0.92894144,0.999998347,-0.071056907,logistics,logistics,True,logistics,35490.275127215,35524.729923924,38205.072565142,35524.788651588,-34.45479670900386,2680.283913553998,-0.0009703526568139273,0.07273757178145415,-0.07370792443826808,0.9999983468539511,0.9289414400850017,0.9990284664403919,0.9298432783592323,-0.07105690676894938,-0.0009698804135591654,-0.07015506849471875,6.804213932853909e-05
phase_066,2026200000,logistics_constrained,0.8,0.5,logistics,False,,0.001253621000000038,0.009569089999999947,0.0,0.0,0.0,0.966505999,1.0,-0.033494000999999995,logistics,logistics,True,logistics,19477.862627429,19477.862627429,20152.862627429,19477.862627429,0.0,675.0,0.0,0.03406777336965126,-0.03406777336965126,1.0,0.9665059990494207,1.0,0.9665059990494207,-0.033494000950579306,0.0,-0.033494000950579306,0.0
phase_066,2026200001,logistics_constrained,0.8,0.5,logistics,False,,0.04223689500000005,0.1530207,0.33264091999999995,0.650515193,0.0,0.966785273,1.0,-0.033214727000000055,logistics,logistics,True,logistics,19647.310443368,19647.310443368,20322.310443368,19647.310443368,0.0,675.0,0.0,0.03377886333199953,-0.03377886333199953,1.0,0.966785272674531,1.0,0.966785272674531,-0.03321472732546904,0.0,-0.03321472732546904,0.0
phase_066,2026200002,logistics_constrained,0.8,0.5,logistics,False,,0.005805761999999937,3.3899999996034325e-07,4.6900000005845044e-07,7.859999999748624e-07,-3.605200000000863e-05,0.91611748,1.0,-0.08388251999999996,logistics,logistics,True,logistics,24275.990850138,24274.058275189,26498.774870264,23577.026002502,1.9325749490017188,2921.7488677619986,7.961165785982505e-05,0.11682573718537578,-0.11674612552751595,1.0,0.9161174797322299,1.0,0.9160445490039806,-0.0838825202677701,0.0,-0.08395545099601942,7.293072824932079e-05
phase_066,2026200003,logistics_constrained,0.8,0.5,logistics,False,,0.04422093500000002,0.171963239,0.733371411,0.640465679,0.0,0.96383851,1.0,-0.03616149000000002,logistics,logistics,True,logistics,17991.266356995,17991.266356995,18666.266356995,17991.266356995,0.0,675.0,0.0,0.03683151891787729,-0.03683151891787729,1.0,0.9638385102253162,1.0,0.9638385102253162,-0.03616148977468381,0.0,-0.03616148977468381,0.0
phase_066,2026200004,logistics_constrained,0.8,0.5,logistics,False,,1.200000000478596e-07,1.3500000006771984e-07,-1.2529999999788544e-06,-1.2903000000008547e-05,3.446999999989764e-06,1.0,1.0,0.0,logistics,logistics,True,logistics,23516.351785485,23516.351785485,23492.430056834,22794.27707857,0.0,698.1529782639991,0.0,0.03016874488811823,-0.03016874488811823,1.0,1.0,1.0,1.0,0.0,0.0,0.0,0.0
phase_066,2026200005,logistics_constrained,0.8,0.5,logistics,False,,0.0008114599999999861,0.008035891000000017,-0.003019463,-0.015003918000000005,-0.013574321999999972,0.967321932,1.0,-0.03267806799999995,logistics,logistics,True,logistics,19981.056266314,19981.056266314,20656.056270019,19981.056266322,0.0,675.0000036969977,0.0,0.0332239202441209,-0.0332239202441209,0.9999999999995997,0.9673219323726999,0.9999999999995997,0.9673219323726999,-0.03267806762689973,0.0,-0.03267806762689973,0.0
phase_066,2026200006,logistics_constrained,0.8,0.5,logistics,False,,0.0029300060000000405,0.0,0.0,0.0,0.0,0.964619082,1.0,-0.03538091799999998,logistics,logistics,True,logistics,18403.080299031,18403.080299031,19078.080299032,18403.080299031,0.0,675.0000000010004,0.0,0.03602198954011481,-0.03602198954011481,1.0,0.9646190817199124,1.0,0.9646190817199124,-0.0353809182800876,0.0,-0.0353809182800876,0.0
phase_066,2026200007,logistics_constrained,0.8,0.5,logistics,False,,8.699999998196262e-08,1.2100000001957767e-07,0.00024727099999999336,6.250000000873612e-07,-2.3860000000208714e-06,0.981062266,1.0,-0.018937733999999984,logistics,logistics,True,logistics,21138.707896621,21138.707896621,21546.754605107,20554.611108451,0.0,992.1434966559973,0.0,0.04713990622658298,-0.04713990622658298,1.0,0.981062265943787,1.0,0.981062265943787,-0.018937734056213018,0.0,-0.018937734056213018,0.0
phase_066,2026200008,logistics_constrained,0.8,0.5,logistics,False,,0.001038316000000039,0.0053308629999999635,0.003235717000000027,0.00022200800000005128,0.0002348890000000159,0.99397555,1.0,-0.006024449999999959,logistics,logistics,True,logistics,23769.817377701,23769.817377701,23913.885395907,23032.884218423,0.0,881.0011774839986,0.0,0.03753632570395389,-0.03753632570395389,1.0,0.9939755495261069,1.0,0.9939755495261069,-0.006024450473893106,0.0,-0.006024450473893106,0.0
phase_066,2026200009,logistics_constrained,0.8,0.5,logistics,False,,0.005503636000000034,0.04299320799999995,0.0,0.0,0.0,0.964980338,1.0,-0.03501966199999995,logistics,logistics,True,logistics,18599.886036468,18599.886036468,19274.886036475,18599.886036471,0.0,675.0000000039981,0.0,0.03564755329844118,-0.03564755329844118,0.9999999999998387,0.9649803376928062,0.9999999999998387,0.9649803376928062,-0.03501966230703246,0.0,-0.03501966230703246,0.0
phase_007,2026200006,forcegen_constrained,0.1,2.0,logistics,False,,6.218000000002277e-06,1.577799999996632e-05,0.01878854800000007,0.03068200600000004,0.028250628,0.748338612,0.803231633,-0.05489302100000004,logistics,logistics,True,logistics,28599.714505261,28599.714505261,38217.611693972,35605.811972447,0.0,2611.7997215249998,0.0,0.07078756628995833,-0.07078756628995833,0.8032316332904426,0.7483386124249094,0.8032316332904426,0.7483386124249094,-0.05489302086553316,0.0,-0.05489302086553316,0.0
phase_066,2026200010,logistics_constrained,0.8,0.5,logistics,False,,0.814973369,0.0,0.0,0.0,0.0,0.969014863,1.0,-0.03098513700000005,logistics,logistics,True,logistics,21109.638214756,21109.638214756,21784.638214756,21109.638214756,0.0,675.0,0.0,0.03147532873562487,-0.03147532873562487,1.0,0.9690148629807043,1.0,0.9690148629807043,-0.030985137019295728,0.0,-0.030985137019295728,0.0
phase_066,2026200011,logistics_constrained,0.8,0.5,logistics,False,,0.0021555769999999086,0.002005178999999968,0.0017492550000000051,0.001105766000000008,0.019999994000000076,0.993910806,1.0,-0.0060891939999999645,logistics,logistics,True,logistics,23077.869065532,23083.874290077,23219.255623989,22381.546603435,-6.00522454500242,837.7090205540007,-0.0002601818797274298,0.03674511122434027,-0.0370052931040677,1.0,0.9939108057232064,1.0,0.9941694369490411,-0.0060891942767935525,0.0,-0.005830563050958859,-0.00025863122583469345
phase_067,2026200000,logistics_constrained,0.8,0.75,logistics,False,,0.0015930800000000245,0.017647179999999985,0.0,0.0,0.0,0.95061199,1.0,-0.04938801000000004,logistics,logistics,True,logistics,19488.427363966,19488.427363966,20500.927363965,19488.427363968,0.0,1012.4999999969987,0.0,0.05064930150467786,-0.05064930150467786,0.9999999999998973,0.9506119902761718,0.9999999999998973,0.9506119902761718,-0.04938800972372548,0.0,-0.04938800972372548,0.0
phase_067,2026200001,logistics_constrained,0.8,0.75,logistics,False,,0.055402657999999994,0.21677380699999993,0.759760009,0.681257342,0.0,0.950991838,1.0,-0.04900816200000002,logistics,logistics,True,logistics,19647.324045388,19647.324045388,20659.824045388,19647.324045389,0.0,1012.4999999989996,0.0,0.05024979882949442,-0.05024979882949442,0.999999999999949,0.9509918381794725,0.999999999999949,0.9509918381794725,-0.049008161820476515,0.0,-0.049008161820476515,0.0
phase_067,2026200002,logistics_constrained,0.8,0.75,logistics,False,,0.0027599510000000382,0.002726757000000024,0.002426221999999978,0.0010426900000000128,0.00039127999999999385,0.987319919,1.0,-0.012680080999999954,logistics,logistics,True,logistics,24319.499967794,24292.268089204,24631.833623764,23594.6940191,27.231878589998814,1037.1396046640002,0.0011203822665593751,0.04301779906964492,-0.04189741680308554,1.0,0.9873199185760709,1.0,0.9862143622863546,-0.012680081423929068,0.0,-0.013785637713645382,0.001105556289716314
phase_067,2026200003,logistics_constrained,0.8,0.75,logistics,False,,0.050933575000000064,0.18849563200000008,0.476002569,0.694728337,0.446461302,0.946730039,1.0,-0.05326996100000003,logistics,logistics,True,logistics,17994.45950823,17994.45950823,19006.95950823,17994.459508231,0.0,1012.4999999989996,0.0,0.054741296589337,-0.054741296589337,0.9999999999999444,0.9467300385650009,0.9999999999999444,0.9467300385650009,-0.05326996143494345,0.0,-0.05326996143494345,0.0
phase_067,2026200004,logistics_constrained,0.8,0.75,logistics,False,,0.001521486999999988,0.007793055000000049,0.0024734809999999996,0.001587623000000038,0.0003106069999999628,0.991710721,1.0,-0.008289278999999983,logistics,logistics,True,logistics,23535.277126312,23535.277126312,23731.998271877,22819.286183428,0.0,912.7120884489996,0.0,0.03921821193896278,-0.03921821193896278,1.0,0.9917107213934817,1.0,0.9917107213934817,-0.008289278606518291,0.0,-0.008289278606518291,0.0
phase_067,2026200005,logistics_constrained,0.8,0.75,logistics,False,,4.909999999913595e-07,0.003641786999999952,-0.20560111699999994,-0.18760775100000004,-0.23778813999999998,0.952493955,1.0,-0.047506045,logistics,logistics,True,logistics,20300.577097626,25442.0219536,21313.077097697,24847.906119159,-5141.444855974001,-3534.829021461999,-0.2257529005236412,-0.1534526556191242,-0.072300244904517,1.0,0.9524939549822016,0.8169934722174929,1.0,-0.047506045017798426,-0.18300652778250714,0.0,0.13550048276470872
phase_067,2026200006,logistics_constrained,0.8,0.75,logistics,False,,1.0399999994525899e-07,1.7600000001838367e-07,-0.0010572680000000556,-0.17354336699999995,-0.03310502399999993,0.992762899,1.0,-0.007237100999999968,logistics,logistics,True,logistics,24128.746108014,24153.857949999,24304.64125258,23369.053380302,-25.111841985002684,935.5878722779998,-0.0010402025631892128,0.03925468819058565,-0.04029489075377486,1.0,0.9927628989567031,1.0,0.993796110750452,-0.00723710104329689,0.0,-0.006203889249547956,-0.0010332117937489338
phase_067,2026200007,logistics_constrained,0.8,0.75,logistics,False,,1.299999999870849e-07,1.910000000382439e-07,0.0003727460000000349,1.412000000000635e-05,9.876000000019758e-06,0.965960121,1.0,-0.03403987900000005,logistics,logistics,True,logistics,21138.956577759,21138.956577759,21883.881246577,20554.796900428,0.0,1329.0843461490003,0.0,0.06265601017730338,-0.06265601017730338,1.0,0.9659601210395657,1.0,0.9659601210395657,-0.034039878960434256,0.0,-0.034039878960434256,0.0
phase_007,2026200007,forcegen_constrained,0.1,2.0,logistics,False,,0.004234952000000014,0.009727417999999988,-0.02201993899999999,0.02036581100000001,-0.027794058999999982,0.556575949,1.0,-0.44342405100000004,logistics,logistics,True,logistics,21116.999398797,70203.838075893,37940.912506319,35259.856546674,-49086.838677096,2681.055959645004,-1.2013246081589877,0.07328490699984545,-1.274609515158833,1.0,0.5565759493865625,0.5988963503253087,1.0,-0.4434240506134375,-0.40110364967469125,0.0,-0.04232040093874623
phase_067,2026200008,logistics_constrained,0.8,0.75,logistics,False,,0.0009654599999999736,0.004850510999999891,0.02208882500000009,0.0012234449999999342,0.0017572889999999397,0.989441351,1.0,-0.010558649000000031,logistics,logistics,True,logistics,23749.505101321,23749.505101321,24002.943751752,23033.234701473,0.0,969.7090502789979,0.0,0.041238319188687346,-0.041238319188687346,1.0,0.989441351317065,1.0,0.989441351317065,-0.01055864868293499,0.0,-0.01055864868293499,0.0
phase_067,2026200009,logistics_constrained,0.8,0.75,logistics,False,,0.003161192999999951,0.007548159999999915,0.00031125799999998094,0.0016400109999999968,0.00035739399999989985,0.990261058,1.0,-0.009738942000000028,logistics,logistics,True,logistics,23240.246921946,23240.246921946,23468.808295473,22515.885848279,0.0,952.9224471940033,0.0,0.0414511351385883,-0.0414511351385883,1.0,0.9902610575428711,1.0,0.9902610575428711,-0.009738942457128918,0.0,-0.009738942457128918,0.0
phase_067,2026200010,logistics_constrained,0.8,0.75,logistics,False,,0.858965697,0.748298563,0.0,0.0,0.0,0.954232099,1.0,-0.045767901000000055,logistics,logistics,True,logistics,21109.991702738,21109.991702738,22122.49170274,21109.99170274,0.0,1012.5,0.0,0.04684834628815711,-0.04684834628815711,0.9999999999999052,0.954232099457558,0.9999999999999052,0.954232099457558,-0.04576790054234714,0.0,-0.04576790054234714,0.0
phase_067,2026200011,logistics_constrained,0.8,0.75,logistics,False,,6.030000000434299e-07,-0.0038982990000000495,-0.006675148999999991,0.0038375609999999893,-0.0004817740000000459,0.981600457,1.0,-0.018399543000000018,logistics,logistics,True,logistics,22717.808370356,22688.286490877,23143.640787593,22123.09312933,29.521879479001655,1020.5476582630035,0.0013003489390189993,0.04509804586131026,-0.04379769692229126,1.0,0.9816004568535611,1.0,0.9803248632790692,-0.01839954314643888,0.0,-0.019675136720930797,0.0012755935744919178
phase_068,2026200000,logistics_constrained,0.8,1.0,logistics,False,,0.0021150199999999675,0.022427729000000007,0.185301376,0.0,0.0,0.935216126,1.0,-0.06478387399999996,logistics,logistics,True,logistics,19488.519184326,19488.519184326,20838.519184329,19488.519184326,0.0,1350.0000000030013,0.0,0.06697762554193389,-0.06697762554193389,1.0,0.9352161260566811,1.0,0.9352161260566811,-0.06478387394331886,0.0,-0.06478387394331886,0.0
phase_068,2026200001,logistics_constrained,0.8,1.0,logistics,False,,8.120000000166883e-07,1.2529999999788544e-06,0.0007113609999999104,0.031079367999999996,0.007181142999999945,0.976612451,1.0,-0.023387548999999952,logistics,logistics,True,logistics,25895.179291282,25895.969628244,26515.3073284,25158.605787314,-0.7903369620034937,1356.7015410859967,-3.0520155607765645e-05,0.0525221848211485,-0.05255270497675627,1.0,0.9766124514629406,1.0,0.9766422582817799,-0.023387548537059377,0.0,-0.023357741718220137,-2.9806818839239746e-05
phase_068,2026200002,logistics_constrained,0.8,1.0,logistics,False,,0.0034345239999999944,0.0036396410000000268,0.0036212740000000077,0.0014746180000000386,0.000493863999999955,0.971316329,1.0,-0.02868367100000002,logistics,logistics,True,logistics,24319.889255157,24292.656940453,25038.073110296,23594.958451088,27.2323147040006,1443.1146592080004,0.0011203822751045085,0.059364526550082244,-0.05824414427497773,1.0,0.9713163288574441,1.0,0.970228692657005,-0.028683671142555878,0.0,-0.029771307342995046,0.0010876362004391682
phase_068,2026200003,logistics_constrained,0.8,1.0,logistics,False,,0.06175835399999996,0.24508901300000008,0.779137325,0.718297422,0.546291424,0.930234976,1.0,-0.06976502399999995,logistics,logistics,True,logistics,18000.670676708,18000.670676708,19350.670676708,18000.670676708,0.0,1350.0,0.0,0.0723180621509776,-0.0723180621509776,1.0,0.9302349762158391,1.0,0.9302349762158391,-0.06976502378416094,0.0,-0.06976502378416094,0.0
phase_068,2026200004,logistics_constrained,0.8,1.0,logistics,False,,0.0022681970000000273,0.011678560000000004,-0.005274981000000012,0.0023687690000000483,-0.005497542999999938,0.977470403,1.0,-0.022529597000000012,logistics,logistics,True,logistics,23536.393351096,23483.467029557,24078.880842575,22832.025026067,52.92632153900195,1246.8558165079994,0.0022512335622995486,0.05317098589328009,-0.05091975233098055,1.0,0.9774704025894841,1.0,0.9752723634910299,-0.022529597410515856,0.0,-0.02472763650897014,0.0021980390984542852
phase_068,2026200005,logistics_constrained,0.8,1.0,logistics,False,,-0.00759267600000002,0.006647642999999981,0.007895677000000045,0.0015020510000000042,0.004403053999999962,0.978252542,1.0,-0.021747457999999997,logistics,logistics,True,logistics,25561.206878884,25558.398953456,26129.456130911,24864.942625495,2.8079254280019086,1264.5135054159982,0.00010985708458073253,0.04960438062022109,-0.049494523535640364,1.0,0.9782525419136159,1.0,0.9781450798442206,-0.02174745808638412,0.0,-0.02185492015577939,0.00010746206939526992
phase_007,2026200008,forcegen_constrained,0.1,2.0,logistics,False,,0.002834105000000031,0.011307170000000033,-0.007043216000000019,0.043712171999999994,-0.25769190399999997,0.924283867,1.0,-0.07571613300000002,logistics,logistics,True,logistics,33441.948280164,69918.489386044,36181.46919624,37175.609428947,-36476.54110588001,-994.1402327069954,-0.7375190777372509,-0.027105798618069006,-0.7104132791191818,1.0,0.9242838674898062,0.8995669148095857,1.0,-0.07571613251019382,-0.10043308519041427,0.0,0.02471695268022045
phase_068,2026200006,logistics_constrained,0.8,1.0,logistics,False,,0.0,0.0,0.0,0.0,0.0,0.931601173,1.0,-0.068398827,logistics,logistics,True,logistics,18387.180596754,18387.180596754,19737.180596757,18387.180596754,0.0,1350.0000000030013,0.0,0.07085048178870483,-0.07085048178870483,1.0,0.9316011730558508,1.0,0.9316011730558508,-0.06839882694414923,0.0,-0.06839882694414923,0.0
phase_068,2026200007,logistics_constrained,0.8,1.0,logistics,False,,0.0009563260000000628,0.0014522510000000155,0.0004950390000000304,0.0019091150000000168,0.00099167,0.964504822,1.0,-0.035495178000000016,logistics,logistics,True,logistics,21139.343881027,21139.343881027,21917.302431216,20555.27961955,0.0,1362.022811666,0.0,0.06415856649922315,-0.06415856649922315,1.0,0.9645048220404633,1.0,0.9645048220404633,-0.03549517795953672,0.0,-0.03549517795953672,0.0
phase_068,2026200008,logistics_constrained,0.8,1.0,logistics,False,,0.0012122650000000457,0.006030466999999984,0.027882206999999992,-0.004251777999999984,-0.004262996000000019,0.973460747,1.0,-0.02653925300000004,logistics,logistics,True,logistics,23749.965704684,23750.065134047,24397.455949539,23033.611094607,-0.09942936299921712,1363.8448549319983,-4.186496776734473e-06,0.0575243613671304,-0.05752854786390713,1.0,0.973460747456858,1.0,0.9734648228556703,-0.026539252543142045,0.0,-0.026535177144329736,-4.075398812308784e-06
phase_068,2026200009,logistics_constrained,0.8,1.0,logistics,False,,0.020069396000000017,0.18460295000000004,0.423452975,0.0,0.0,0.932330441,1.0,-0.06766955900000005,logistics,logistics,True,logistics,18599.886036468,18599.886036468,19949.886036475,18599.886036469,0.0,1350.000000005999,0.0,0.07006797723333692,-0.07006797723333692,0.9999999999999463,0.9323304405078429,0.9999999999999463,0.9323304405078429,-0.0676695594921034,0.0,-0.0676695594921034,0.0
phase_068,2026200010,logistics_constrained,0.8,1.0,logistics,False,,0.276863666,0.785621826,0.537970785,0.0,0.0,0.939894007,1.0,-0.06010599299999997,logistics,logistics,True,logistics,21110.322715613,21110.322715613,22460.322715608,21110.322715614,0.0,1349.999999994001,0.0,0.061988168589851594,-0.061988168589851594,0.9999999999999528,0.9398940069967533,0.9999999999999528,0.9398940069967533,-0.06010599300319952,0.0,-0.06010599300319952,0.0
phase_068,2026200011,logistics_constrained,0.8,1.0,logistics,False,,0.0020415870000000114,0.005769471999999998,0.011446603,0.0026830890000000274,0.006180752000000012,0.975631438,1.0,-0.024368562000000038,logistics,logistics,True,logistics,22395.386110116,22395.386110116,22954.760618231,21697.223374796,0.0,1257.5372434349993,0.0,0.05634105205966334,-0.05634105205966334,1.0,0.9756314379653893,1.0,0.9756314379653893,-0.024368562034610686,0.0,-0.024368562034610686,0.0
phase_069,2026200000,logistics_constrained,0.8,1.5,logistics,False,,0.002577688999999994,0.028138604999999983,0.28808395,0.187874993,0.0,0.905873985,1.0,-0.09412601499999995,logistics,logistics,True,logistics,19488.712227588,19488.712227588,21513.712227593,19488.712227589,0.0,2025.0000000040018,0.0,0.0988550720253693,-0.0988550720253693,0.9999999999999487,0.9058739849923351,0.9999999999999487,0.9058739849923351,-0.09412601500761364,0.0,-0.09412601500761364,0.0
phase_069,2026200001,logistics_constrained,0.8,1.5,logistics,False,,1.1680000000513502e-06,1.545000000047203e-06,0.009988463999999975,0.0015660449999999049,0.0005794709999999981,0.953658028,1.0,-0.04634197200000001,logistics,logistics,True,logistics,25738.892226049,25738.892226049,26989.645617858,25179.567518202,0.0,1810.0780996560025,0.0,0.06942044395503069,-0.06942044395503069,1.0,0.9536580283595341,1.0,0.9536580283595341,-0.04634197164046594,0.0,-0.04634197164046594,0.0
phase_069,2026200002,logistics_constrained,0.8,1.5,logistics,False,,3.565999999954883e-06,6.017999999996526e-06,-1.2240000000218743e-06,0.0035258129999999888,0.0002517530000000212,0.946486142,1.0,-0.05351385799999997,logistics,logistics,True,logistics,23875.796859618,23936.768286138,25225.722597117,23351.207071896,-60.97142652000184,1874.5155252210025,-0.0025504366638491234,0.07721553439277144,-0.07976597105662056,1.0,0.9464861419805956,1.0,0.94890317587468,-0.05351385801940445,0.0,-0.05109682412532002,-0.0024170338940844305
phase_069,2026200003,logistics_constrained,0.8,1.5,logistics,False,,0.11406730200000004,0.807167314,0.727345546,0.598001429,0.0,0.898766758,1.0,-0.10123324199999995,logistics,logistics,True,logistics,17978.310758409,17978.310758409,20003.31075841,17978.310758409,0.0,2025.0000000010004,0.0,0.10673172429002928,-0.10673172429002928,1.0,0.898766757940326,1.0,0.898766757940326,-0.10123324205967399,0.0,-0.10123324205967399,0.0
phase_007,2026200009,forcegen_constrained,0.1,2.0,logistics,False,,0.005856081000000013,0.009892440999999974,0.007144861999999974,0.02056460800000004,0.028767205000000073,1.0,1.0,0.0,logistics,logistics,True,logistics,69034.421290142,69797.382837387,39399.388007889,36847.007213832,-762.9615472450096,2552.380794056997,-0.010991274413233209,0.06697588341548309,-0.0779671578287163,1.0,1.0,1.0,1.0,0.0,0.0,0.0,0.0
phase_069,2026200004,logistics_constrained,0.8,1.5,logistics,False,,0.0028295999999999877,0.014444184999999998,-0.322367143,-0.824247052,-0.821433138,0.903005663,1.0,-0.09699433700000004,logistics,logistics,True,logistics,18852.507508341,23498.940744817,20877.507508447,22795.324623638,-4646.433236475998,-1917.8171151909992,-0.22030941608333798,-0.08788307087769344,-0.13242634520564456,1.0,0.9030056629467532,0.8270339562873157,1.0,-0.09699433705324678,-0.17296604371268431,0.0,0.07597170665943753
phase_069,2026200005,logistics_constrained,0.8,1.5,logistics,False,,2.2410000000139263e-06,4.768000000043848e-06,-0.008238995000000027,0.050478190000000006,0.250788865,0.909274546,1.0,-0.09072545399999998,logistics,logistics,True,logistics,20295.08674137,20295.08674137,22320.086742339,20295.086741392,0.0,2025.0000009470023,0.0,0.0951081995016504,-0.0951081995016504,0.9999999999989161,0.9092745460918046,0.9999999999989161,0.9092745460918046,-0.09072545390711151,0.0,-0.09072545390711151,0.0
phase_069,2026200006,logistics_constrained,0.8,1.5,logistics,False,,0.020042044999999953,0.0,0.0,0.0,0.0,0.900753078,1.0,-0.09924692199999996,logistics,logistics,True,logistics,18378.65542885,18378.65542885,20403.655428853,18378.655428851,0.0,2025.0000000019973,0.0,0.10452411226941458,-0.10452411226941458,0.9999999999999456,0.900753077944091,0.9999999999999456,0.900753077944091,-0.09924692205585461,0.0,-0.09924692205585461,0.0
phase_069,2026200007,logistics_constrained,0.8,1.5,logistics,False,,5.699999999775329e-07,0.005150070000000007,3.6690000000394463e-06,2.728000000007391e-06,7.4989999999997e-05,0.94482758,1.0,-0.05517242,logistics,logistics,True,logistics,22393.298203208,22391.32683081,23700.936213992,21673.516559735,1.9713723979984934,2027.4196542570025,8.803791023245474e-05,0.08942346988712167,-0.08933543197688922,1.0,0.9448275798484269,1.0,0.9447444028641846,-0.05517242015157309,0.0,-0.055255597135815404,8.31769842423169e-05
phase_069,2026200008,logistics_constrained,0.8,1.5,logistics,False,,0.0037953020000000004,0.0007053590000000165,0.008259368999999905,0.0014000779999999713,0.0020881499999999553,0.954286346,1.0,-0.04571365400000005,logistics,logistics,True,logistics,23384.809336983,23384.809336983,24505.023492545,22680.761154916,0.0,1824.2623376289994,0.0,0.07736109812598453,-0.07736109812598453,1.0,0.9542863463933101,1.0,0.9542863463933101,-0.045713653606689886,0.0,-0.045713653606689886,0.0
phase_069,2026200009,logistics_constrained,0.8,1.5,logistics,False,,0.021657529999999925,0.12818554100000001,0.533574146,0.462137958,0.0,0.901817639,1.0,-0.098182361,logistics,logistics,True,logistics,18599.886036468,18599.886036468,20624.886036478,18599.886036469,0.0,2025.0000000090004,0.0,0.10334295307255631,-0.10334295307255631,0.9999999999999463,0.9018176393106607,0.9999999999999463,0.9018176393106607,-0.09818236068928554,0.0,-0.09818236068928554,0.0
phase_069,2026200010,logistics_constrained,0.8,1.5,logistics,False,,0.233487027,0.825683394,0.696758405,0.0,0.0,0.912489675,1.0,-0.087510325,logistics,logistics,True,logistics,21115.12650487,21115.12650487,23140.126504873,21115.12650487,0.0,2025.0000000029977,0.0,0.09157850908520256,-0.09157850908520256,1.0,0.9124896746101816,1.0,0.9124896746101816,-0.0875103253898184,0.0,-0.0875103253898184,0.0
phase_069,2026200011,logistics_constrained,0.8,1.5,logistics,False,,0.002907062000000016,0.011484990000000028,0.096127619,0.0,0.0,0.896465966,1.0,-0.10353403400000005,logistics,logistics,True,logistics,17533.785897487,17533.785897487,19558.785897635,17533.785897489,0.0,2025.0000001459994,0.0,0.10929494962085094,-0.10929494962085094,0.9999999999998859,0.8964659662033082,0.9999999999998859,0.8964659662033082,-0.10353403379657766,0.0,-0.10353403379657766,0.0
phase_070,2026200000,logistics_constrained,0.8,2.0,logistics,False,,0.0031519469999999883,0.002482222000000034,8.320000000061611e-06,0.006531261999999982,0.0,0.878190824,0.999999599,-0.12180877499999998,logistics,logistics,True,logistics,19466.037207567,19466.037207567,22166.067644997,19466.04502183,0.0,2700.022623167002,0.0,0.12989096824851276,-0.12989096824851276,0.9999995985695609,0.878190823890253,0.9999995985695609,0.878190823890253,-0.12180877467930784,0.0,-0.12180877467930784,0.0
phase_070,2026200001,logistics_constrained,0.8,2.0,logistics,False,,0.0022024689999999847,0.010091746000000068,0.07833736299999994,0.661177691,0.671294508,0.934392075,1.0,-0.06560792500000001,logistics,logistics,True,logistics,25824.940844402,20634.323864952,27638.227604053,20634.323864956,5190.616979450002,7003.903739097001,0.22438482812094368,0.2922439762834457,-0.06785914816250205,0.999999999999806,0.9343920751493815,1.0,0.7465863643848886,-0.06560792485042455,1.9395596240201485e-13,-0.2534136356149175,0.18780571076429897
phase_007,2026200010,forcegen_constrained,0.1,2.0,logistics,False,,0.004871701999999978,-0.003636048999999919,0.069165331,0.11075632699999993,0.16951736300000003,0.924646956,0.999999993,-0.07535303699999996,logistics,logistics,True,logistics,33675.826044263,33675.826044263,36420.198909397,33675.826284033,0.0,2744.372625363998,0.0,0.07834327681560341,-0.07834327681560341,0.9999999928800559,0.9246469556094076,0.9999999928800559,0.9246469556094076,-0.07535303727064835,0.0,-0.07535303727064835,0.0
phase_070,2026200002,logistics_constrained,0.8,2.0,logistics,False,,0.025559138000000092,0.02895556499999996,-3.794099999998579e-05,3.168900000005692e-05,4.2554999999944165e-05,0.921773172,1.0,-0.07822682800000003,logistics,logistics,True,logistics,23875.822118281,23913.907178606,25902.057957239,23351.224412165,-38.085060325000086,2550.8335450740014,-0.001593859975685435,0.10367300326540677,-0.1052668632410922,1.0,0.9217731717571223,1.0,0.9232435205760413,-0.07822682824287774,0.0,-0.07675647942395869,-0.0014703488189190539
phase_070,2026200003,logistics_constrained,0.8,2.0,logistics,False,,2.3040000000085215e-06,0.005457711000000032,0.020847994000000036,0.023781708999999984,0.0007625319999999824,0.926174116,1.0,-0.07382588400000001,logistics,logistics,True,logistics,23552.243706662,23552.243706662,25429.606930351,22805.751601433,0.0,2623.8553289180018,0.0,0.10890135501962563,-0.10890135501962563,1.0,0.926174115516968,1.0,0.926174115516968,-0.07382588448303196,0.0,-0.07382588448303196,0.0
phase_070,2026200004,logistics_constrained,0.8,2.0,logistics,False,,0.00501492300000006,0.04317220700000002,0.120349875,0.126593681,0.190821078,0.881705298,1.0,-0.11829470200000003,logistics,logistics,True,logistics,20124.352660398,20124.352660398,22824.352660418,20124.3526604,0.0,2700.0000000180007,0.0,0.12589740824506307,-0.12589740824506307,0.9999999999999005,0.8817052978373252,0.9999999999999005,0.8817052978373252,-0.11829470216257532,0.0,-0.11829470216257532,0.0
phase_070,2026200005,logistics_constrained,0.8,2.0,logistics,False,,3.4710000000881536e-06,7.73300000000976e-06,0.018108278000000033,0.04142636199999994,0.09448670599999998,0.929876114,1.0,-0.07012388599999997,logistics,logistics,True,logistics,25570.6642226,25559.273047387,27499.001031674,25027.74099234,11.391175213000679,2471.260039334,0.0004455775230591499,0.09416482852504018,-0.09371925100198103,1.0,0.9298761141594599,1.0,0.9294618745585421,-0.07012388584054008,0.0,-0.07053812544145788,0.00041423960091779843
phase_070,2026200006,logistics_constrained,0.8,2.0,logistics,False,,0.014244658999999937,0.0,0.0,0.0,0.0,0.872076845,1.0,-0.12792315499999996,logistics,logistics,True,logistics,18406.42119961,18406.42119961,21106.421199613,18406.42119961,0.0,2700.0000000030013,0.0,0.13687773446606455,-0.13687773446606455,1.0,0.8720768445551296,1.0,0.8720768445551296,-0.12792315544487043,0.0,-0.12792315544487043,0.0
phase_070,2026200007,logistics_constrained,0.8,2.0,logistics,False,,0.009834059000000006,0.0012156210000000556,4.590999999942724e-06,3.242999999986118e-06,-4.115999999942943e-06,0.929882319,1.0,-0.07011768100000004,logistics,logistics,True,logistics,22419.673181639,22391.143950189,24110.226335992,21673.387767149,28.529231449996587,2436.838568842999,0.0012733191283124292,0.1065509420270049,-0.10527762289869247,1.0,0.929882319195431,1.0,0.9286990357599119,-0.07011768080456904,0.0,-0.07130096424008814,0.0011832834355191002
phase_070,2026200008,logistics_constrained,0.8,2.0,logistics,False,,0.004831608000000043,0.0009147640000000123,0.008478307000000074,0.0018190430000000202,-0.013260757000000067,0.925778714,1.0,-0.074221286,logistics,logistics,True,logistics,23386.583768501,23390.029967273,25261.526775724,22681.505959284,-3.446198771998752,2580.020816439999,-0.00014734708235618333,0.1077326805471753,-0.10788002762953149,1.0,0.9257787138572798,1.0,0.9259151347000338,-0.07422128614272017,0.0,-0.07408486529996616,-0.00013642084275400368
phase_070,2026200009,logistics_constrained,0.8,2.0,logistics,False,,0.0,0.0,0.0,0.0,0.0,0.867647756,1.0,-0.132352244,logistics,logistics,True,logistics,17700.107417833,17700.107417833,20400.107417832,17700.107417833,0.0,2699.9999999989996,0.0,0.14196945805081485,-0.14196945805081485,1.0,0.8676477557349088,1.0,0.8676477557349088,-0.13235224426509118,0.0,-0.13235224426509118,0.0
phase_070,2026200010,logistics_constrained,0.8,2.0,logistics,False,,0.19934834,0.800697995,0.716904315,0.523004293,0.0,0.88662792,1.0,-0.11337207999999999,logistics,logistics,True,logistics,21115.387403627,21115.387403627,23815.387403626,21115.387403627,0.0,2699.9999999989996,0.0,0.12032986579539874,-0.12032986579539874,1.0,0.8866279202500853,1.0,0.8866279202500853,-0.1133720797499147,0.0,-0.1133720797499147,0.0
phase_070,2026200011,logistics_constrained,0.8,2.0,logistics,False,,0.005516524000000023,0.018962209000000008,0.132378897,0.268442344,0.0,0.866533008,1.0,-0.133466992,logistics,logistics,True,logistics,17529.720949095,17529.720949095,20229.720949353,17529.720949096,0.0,2700.0000002569977,0.0,0.1432550768527278,-0.1432550768527278,0.9999999999999429,0.8665330081903897,0.9999999999999429,0.8665330081903897,-0.13346699180955324,0.0,-0.13346699180955324,0.0
phase_007,2026200011,forcegen_constrained,0.1,2.0,logistics,False,,1.0971999999997983e-05,0.01445089300000002,0.06879524699999995,0.273371754,0.368709908,0.733489774,0.999999979,-0.266510205,logistics,logistics,True,logistics,26772.073853586,31195.471479859,36499.58704163,31195.472135519,-4423.397626272999,5304.114906111001,-0.15291361555704097,0.15702798617411798,-0.3099416017311589,0.9999999789822062,0.7334897740911649,0.8582038360337383,0.8546801212922948,-0.26651020489104127,-0.14179614294846787,-0.1453198576899114,0.020605795747338007
phase_072,2026200000,command_constrained,0.2,0.25,logistics,False,,0.0021490540000000946,0.005976591000000031,0.004646413999999988,-0.015863456000000054,-0.05633956299999998,0.795498014,0.810708142,-0.01521012799999999,logistics,logistics,True,logistics,30090.961536521,30090.961536521,37826.570280386,37116.885812804,0.0,709.6844675819957,0.0,0.018939763895889666,-0.018939763895889666,0.8107081420645665,0.7954980140539969,0.8107081420645665,0.7954980140539969,-0.015210128010569646,0.0,-0.015210128010569646,0.0
phase_072,2026200001,command_constrained,0.2,0.25,logistics,False,,0.000797740999999963,0.0022517760000000386,0.002019466999999997,-0.003537377000000008,-0.01899039400000002,0.802143317,0.815126377,-0.012983060000000046,logistics,logistics,True,logistics,31045.690343575,31045.690343575,38703.420807648,38086.965690016,0.0,616.4551176320019,0.0,0.01605587336497811,-0.01605587336497811,0.8151263767308516,0.8021433169400936,0.8151263767308516,0.8021433169400936,-0.01298305979075809,0.0,-0.01298305979075809,0.0
phase_072,2026200004,command_constrained,0.2,0.25,command,True,21.0,0.0008909109999999387,0.0046080649999999945,0.0064128679999999605,-0.01102307800000002,-0.04846630399999996,0.769481854,0.788440006,-0.01895815199999995,logistics,logistics,True,logistics,26202.376801609,26202.376801609,34051.974940108,33233.190354571,0.0,818.784585536996,0.0,0.02433894607068367,-0.02433894607068367,0.7884400059714712,0.7694818537748489,0.7884400059714712,0.7694818537748489,-0.018958152196622335,0.0,-0.018958152196622335,0.0
phase_072,2026200005,command_constrained,0.2,0.25,command,True,7.0,6.900000004694817e-08,0.0010523140000000542,-0.01935791599999992,-0.024374368000000035,0.036466493999999905,1.0,0.815197017,0.18480298299999998,logistics,logistics,True,logistics,73332.067606634,31193.26668966,38826.570103604,38264.69682241,42138.800916973996,561.873281193999,0.8547957373297651,0.014577091621650592,0.8402186457081146,0.8151970165719812,1.0,1.0,0.8034000069134242,0.18480298342801882,0.18480298342801882,-0.011797009658557012,0.011797009658557012
phase_072,2026200006,command_constrained,0.2,0.25,command,True,7.0,0.00026465600000002976,0.0011858110000000366,0.025825797999999955,-0.0010390919999999637,0.016999034000000024,0.629378893,1.0,-0.37062110699999995,logistics,logistics,True,logistics,24996.929922684,78239.685368791,39716.822753896,39123.270825439,-53242.755446107,593.5519284569964,-1.1410239901237993,0.01505739315855763,-1.1560813832823569,1.0,0.6293788926062053,0.6389274054875372,1.0,-0.3706211073937947,-0.36107259451246276,0.0,-0.00954851288133196
phase_072,2026200007,command_constrained,0.2,0.25,logistics,False,,0.0021957980000000266,0.006508069000000005,0.019468483000000036,-0.008344124000000064,-0.054581557,0.758018152,0.771322413,-0.01330426100000004,logistics,logistics,True,logistics,23777.719442926,23777.719442926,31368.271843586,30827.211846586,0.0,541.0599970000003,0.0,0.017399129789064258,-0.017399129789064258,0.7713224134981022,0.7580181516371273,0.7713224134981022,0.7580181516371273,-0.013304261860974886,0.0,-0.013304261860974886,0.0
phase_072,2026200009,command_constrained,0.2,0.25,logistics,True,133.0,0.000289951000000066,0.0009059959999999645,0.01908544599999995,-0.009220231000000023,0.03468505099999997,1.0,0.852663331,0.14733666899999998,logistics,logistics,True,logistics,58380.511463705,29409.630090332,34907.234278528,34491.49157887,28970.881373373,415.7426996579961,0.6856599515246371,0.011981420926272144,0.6736785305983649,0.8526633306965703,1.0,1.0,0.8425081705319272,0.1473366693034297,0.1473366693034297,-0.010155160164643129,0.010155160164643129
phase_072,2026200010,command_constrained,0.2,0.25,logistics,False,,0.0015264289999999958,0.004454746999999926,0.005776431000000026,0.005714661000000065,0.005484538000000039,0.990844235,0.999999998,-0.009155762999999983,logistics,logistics,True,logistics,36524.53017575,36524.53017575,36862.030251885,36524.530255901,0.0,337.4999959839988,0.0,0.009197934146971024,-0.009197934146971024,0.9999999978055569,0.990844235278719,0.9999999978055569,0.990844235278719,-0.009155762526837918,0.0,-0.009155762526837918,0.0
phase_072,2026200011,command_constrained,0.2,0.25,logistics,True,77.0,0.0004993249999999394,0.0013914250000000017,-0.0049972560000000055,-0.0046615890000000215,0.368059441,0.617019314,1.0,-0.382980686,logistics,logistics,True,logistics,23712.815269114,67972.694015404,38431.236671647,35236.488739286,-44259.87874629001,3194.7479323610023,-1.0530904352782382,0.08678842630482014,-1.1398788615830584,1.0,0.6170193135264977,0.6729619243439549,1.0,-0.38298068647350225,-0.32703807565604515,0.0,-0.055942610817457106
phase_073,2026200000,command_constrained,0.2,0.5,logistics,False,,0.0038991250000000033,0.011556318999999982,0.014583300000000077,-0.012487731000000002,-0.06211879500000006,1.0,1.0,0.0,logistics,logistics,True,logistics,71915.6308847,72123.364103631,37974.039965984,37103.429860622,-207.73321893099637,870.6101053619932,-0.0028844045041070128,0.02319335306358566,-0.026077757567692674,1.0,1.0,1.0,1.0,0.0,0.0,0.0,0.0
phase_073,2026200001,command_constrained,0.2,0.5,logistics,True,336.0,0.0008846070000000372,0.002553554999999985,0.0023186179999999945,0.0007037109999999958,-0.0030534239999999713,0.796480089,0.814533671,-0.018053581999999957,logistics,logistics,True,logistics,31056.406686505,31056.406686505,38992.069104102,38127.836562122,0.0,864.2325419800036,0.0,0.022413635355531314,-0.022413635355531314,0.8145336711120376,0.7964800894148456,0.8145336711120376,0.7964800894148456,-0.018053581697191956,0.0,-0.018053581697191956,0.0
phase_073,2026200002,command_constrained,0.2,0.5,command,True,7.0,1.1700000002168309e-07,0.0022055619999999942,9.599999994946984e-08,-0.001118677999999984,0.39892257600000003,1.0,0.997472187,0.0025278130000000454,logistics,logistics,True,logistics,66540.155466159,31312.049926844,34630.813981095,31391.401522662,35228.105539315,3239.412458433002,0.7538026018712284,0.09820984466698117,0.6555927572042473,0.9974721869056813,1.0,1.0,0.904167310186162,0.0025278130943187094,0.0025278130943187094,-0.09330487671951926,0.09330487671951926
phase_073,2026200003,command_constrained,0.2,0.5,logistics,True,84.0,1.1900000007614153e-07,0.0018227119999999486,0.0017960230000000355,0.00141584699999997,0.015627054999999945,0.772504839,0.796898792,-0.024393953000000024,logistics,logistics,True,logistics,27745.845748066,27745.845748066,35916.727454696,34817.276690444,0.0,1099.4507642520039,0.0,0.03108941257988411,-0.03108941257988411,0.7968987923653766,0.7725048386733885,0.7968987923653766,0.7725048386733885,-0.024393953691988157,0.0,-0.024393953691988157,0.0
phase_073,2026200004,command_constrained,0.2,0.5,command,True,21.0,0.0017600850000000223,0.009058092999999934,0.012629349000000012,-0.006538129000000059,-0.06132498400000008,0.762317711,0.78844089,-0.02612317899999994,logistics,logistics,True,logistics,26202.546197399,26202.546197399,34372.212284425,33233.367931941,0.0,1138.8443524839968,0.0,0.03369402613720201,-0.03369402613720201,0.7884408902239308,0.7623177111957993,0.7884408902239308,0.7623177111957993,-0.02612317902813155,0.0,-0.02612317902813155,0.0
phase_073,2026200005,command_constrained,0.2,0.5,logistics,True,30.0,0.0006883610000000262,0.0018319099999999366,0.006015257000000052,-0.04079500300000005,-0.01855241299999999,0.796490875,0.815504993,-0.01901411799999997,logistics,logistics,True,logistics,31257.140402279,31257.140402279,39243.563739873,38328.570227952,0.0,914.9935119210058,0.0,0.02359187258043973,-0.02359187258043973,0.8155049931782743,0.796490874515571,0.8155049931782743,0.796490874515571,-0.019014118662703305,0.0,-0.019014118662703305,0.0
phase_073,2026200006,command_constrained,0.2,0.5,logistics,False,,2.6100000005691015e-07,0.0032115439999998996,0.0040669540000000115,-0.20959497799999993,-0.29654372000000007,0.783616221,0.86869324,-0.08507701900000009,logistics,logistics,True,logistics,28594.055884028,33279.077281198,36489.872377954,38309.354485787,-4685.02139717,-1819.4821078329987,-0.15173002964102747,-0.04865935582339292,-0.10307067381763454,0.868693240277508,0.7836162206284832,0.7463987913092236,0.9120085961523982,-0.08507701964902481,-0.12229444896828445,0.043315355874890105,-0.006097926555630462
phase_073,2026200007,command_constrained,0.2,0.5,logistics,False,,0.004155581999999991,0.012544028999999957,0.020044817000000048,-0.0031908059999999905,-0.047926889000000084,0.749171931,0.771322612,-0.02215068099999995,logistics,logistics,True,logistics,23777.790209658,23777.790209658,31738.762786226,30827.295641838,0.0,911.4671443879997,0.0,0.029138215044381088,-0.029138215044381088,0.7713226124638518,0.749171931174869,0.7713226124638518,0.749171931174869,-0.022150681288982788,0.0,-0.022150681288982788,0.0
phase_073,2026200009,command_constrained,0.2,0.5,logistics,True,98.0,0.0015010150000001055,0.0029525150000000444,0.003324153999999968,0.006981965000000034,0.0057144430000000135,0.978978393,0.999999706,-0.021021312999999986,logistics,logistics,True,logistics,31435.409440432,31435.409440432,32110.422110673,31435.418696915,0.0,675.0034137580005,0.0,0.0212454125885083,-0.0212454125885083,0.9999997055396942,0.9789783931237503,0.9999997055396942,0.9789783931237503,-0.02102131241594385,0.0,-0.02102131241594385,0.0
phase_073,2026200010,command_constrained,0.2,0.5,logistics,False,,4.080000000072914e-07,1.0870000000107183e-06,-0.055204189000000015,-0.17133735399999994,-0.18986473799999992,0.981854461,0.814628984,0.167225477,logistics,logistics,True,logistics,36524.567605787,31076.005758606,37199.573929866,38147.434426036,5448.561847181001,-947.8604961700039,0.1615491168629862,-0.025161198108634028,0.18671031497162022,0.8146289842599825,0.9818544608776537,0.9574580349985116,0.8353860669800941,0.16722547661767118,0.14282905073852903,0.020757082720111564,0.0036393431590305836
phase_073,2026200011,command_constrained,0.2,0.5,logistics,True,7.0,0.0008532729999999322,0.018031892999999966,0.05337347400000003,0.05374559899999998,-0.012219893000000037,0.72949421,0.970923535,-0.24142932499999992,logistics,logistics,True,logistics,28954.584429231,38190.695749679,39691.314920629,39334.401086776,-9236.111320447999,356.91383385300287,-0.27686337090556384,0.00903291431458133,-0.28589628522014515,0.9709235349847106,0.7294942101850664,0.7361135196988003,0.9621927574344462,-0.24142932479964418,-0.23481001528591028,-0.008730777550264412,0.002111468036530506
phase_074,2026200000,command_constrained,0.2,0.75,logistics,False,,0.004407670999999946,0.014262156000000026,0.019206414000000005,0.0008622560000000057,-0.04061638599999995,1.0,1.0,0.0,logistics,logistics,True,logistics,73926.731191725,74228.618286599,40413.270179003,39182.593908527,-301.8870948739932,1230.6762704759967,-0.004075283325873189,0.030925585571162997,-0.035000868897036186,1.0,1.0,1.0,1.0,0.0,0.0,0.0,0.0
phase_074,2026200001,command_constrained,0.2,0.75,logistics,False,,0.0018310990000000027,0.008527692000000031,0.012672914000000035,0.000984959000000063,-0.014978088999999972,0.782473558,0.809330643,-0.02685708500000006,logistics,logistics,True,logistics,29894.536720821,29894.536720821,38205.171833904,36937.35925037,0.0,1267.8125835340034,0.0,0.03374741009207181,-0.03374741009207181,0.809330643216503,0.7824735575274135,0.809330643216503,0.7824735575274135,-0.02685708568908951,0.0,-0.02685708568908951,0.0
phase_074,2026200002,command_constrained,0.2,0.75,logistics,True,7.0,8.160000000145828e-07,0.005135314999999974,1.1519999999487496e-06,-0.004220242999999901,0.013917779000000019,0.767488744,0.79125254,-0.023763796000000004,logistics,logistics,True,logistics,26804.090788828,26804.090788828,34924.408993001,33875.519406515,0.0,1048.8895864860024,0.0,0.03049337070781265,-0.03049337070781265,0.7912525404310994,0.7674887438810963,0.7912525404310994,0.7674887438810963,-0.023763796550003047,0.0,-0.023763796550003047,0.0
phase_074,2026200003,command_constrained,0.2,0.75,logistics,True,7.0,1.8700000004034933e-07,0.003367246000000046,0.009492500000000015,0.003608319999999998,-0.0028355449999999394,1.0,1.0,0.0,logistics,logistics,True,logistics,67290.280885433,67541.756926195,36067.891186056,34756.665638027,-251.4760407619906,1311.2255480289969,-0.0037302162963744013,0.03703165818423547,-0.04076187448060987,1.0,1.0,1.0,1.0,0.0,0.0,0.0,0.0
phase_074,2026200004,command_constrained,0.2,0.75,command,True,21.0,0.0024266719999999076,0.011113361000000044,0.018653017999999966,6.173599999992341e-05,-0.05807474899999998,0.76316627,0.788441742,-0.02527547199999991,logistics,logistics,True,logistics,26202.710706789,26202.710706789,34334.209665224,33233.54070028,0.0,1100.6689649440013,0.0,0.03258259545781501,-0.03258259545781501,0.7884417415255497,0.7631662695101693,0.7884417415255497,0.7631662695101693,-0.025275472015380385,0.0,-0.025275472015380385,0.0
phase_074,2026200005,command_constrained,0.2,0.75,logistics,True,315.0,0.0010011079999999728,0.002724506000000071,0.004448338999999968,0.0047890819999999445,0.014054123999999946,1.0,0.81534007,0.18465993000000003,logistics,logistics,True,logistics,70873.564644233,31222.909651609,39521.356788457,38294.339752067,39650.654992624004,1227.0170363900033,0.8197454008431534,0.03153910586936841,0.788206294973785,0.8153400699361502,1.0,1.0,0.7900262589347203,0.18465993006384984,0.18465993006384984,-0.02531381100142982,0.02531381100142982
phase_074,2026200006,command_constrained,0.2,0.75,logistics,True,14.0,4.729999999453227e-07,0.003801515000000033,-0.0018592640000000271,0.03778810799999999,-0.06453026700000009,1.0,1.0,0.0,logistics,logistics,True,logistics,71120.835379255,76676.172788256,39288.078505692,38309.424927622,-5555.337409000989,978.6535780699996,-0.07521066826971651,0.025225179370769454,-0.10043584764048596,1.0,1.0,1.0,1.0,0.0,0.0,0.0,0.0
phase_074,2026200007,command_constrained,0.2,0.75,logistics,False,,0.007136253999999953,0.020186080999999967,0.02123270899999996,0.0047323109999999335,-0.03409125600000007,0.736055555,0.7713228,-0.035267245,logistics,logistics,True,logistics,23777.859424263,23777.859424263,32304.435785335,30827.377901502,0.0,1477.0578838330002,0.0,0.04680136356082607,-0.04680136356082607,0.7713227995010393,0.7360555554125249,0.7713227995010393,0.7360555554125249,-0.03526724408851445,0.0,-0.03526724408851445,0.0
phase_074,2026200008,command_constrained,0.2,0.75,logistics,True,7.0,0.0009583410000000292,-0.0023382929999999913,0.03486537099999998,-0.04981347800000002,0.025390146999999974,0.743196629,0.779301761,-0.036105131999999984,logistics,logistics,True,logistics,24969.740940895,24969.740940895,33597.758593944,32041.170955591,0.0,1556.5876383530049,0.0,0.0474376880192603,-0.0474376880192603,0.779301760709776,0.7431966293547867,0.779301760709776,0.7431966293547867,-0.03610513135498927,0.0,-0.03610513135498927,0.0
phase_074,2026200009,command_constrained,0.2,0.75,logistics,True,98.0,0.00213153899999996,0.0048207310000000225,0.005677048000000018,-0.110769907,-0.12576211999999998,0.971029741,0.944203474,0.026826266999999904,logistics,logistics,True,logistics,33941.151565189,33941.151565189,34953.771392547,35946.861549589,0.0,-993.0901570419956,0.0,-0.02801540884194532,0.02801540884194532,0.9442034742968283,0.9710297405110936,0.9442034742968283,0.9710297405110936,0.026826266214265315,0.0,0.026826266214265315,0.0
phase_074,2026200010,command_constrained,0.2,0.75,logistics,False,,9.158999999980821e-06,-0.029718932999999947,-0.04031297700000003,-0.166606786,-0.1977675120000001,0.973026316,1.0,-0.026973683999999998,logistics,logistics,True,logistics,36524.416557846,70987.688186613,37536.925719327,38147.466161912,-34463.271628767,-610.5404425849993,-0.6645254724488601,-0.016134203410455985,-0.648391269038404,1.0,0.9730263162984687,0.9574532788841813,1.0,-0.026973683701531304,-0.0425467211158187,0.0,0.015573037414287394
phase_074,2026200011,command_constrained,0.2,0.75,logistics,True,21.0,0.0012526700000000668,0.0038163730000000395,0.006762174999999981,-0.012100104999999917,-0.12702018299999995,0.892113124,0.803898978,0.088214146,logistics,logistics,True,logistics,32954.100436114,28990.617015389,36939.374112855,36062.512581878,3963.4834207249987,876.861530977003,0.1281434709585931,0.02402413812392118,0.10411933283467192,0.8038989781859309,0.8921131239374704,0.9138048925818323,0.7848161402740224,0.08821414575153952,0.10990591439590136,-0.019082837911908568,-0.002608930732453274
phase_075,2026200000,command_constrained,0.2,1.0,logistics,False,,0.0073068659999999674,0.01984837100000003,0.021575684999999956,0.0034508610000000273,-0.03869215300000006,0.775575974,0.810723262,-0.035147288,logistics,logistics,True,logistics,30090.79226024,30090.79226024,38797.994350439,37115.984795754,0.0,1682.0095546850062,0.0,0.0443208194445934,-0.0443208194445934,0.810723261845994,0.7755759740683482,0.810723261845994,0.7755759740683482,-0.03514728777764575,0.0,-0.03514728777764575,0.0
phase_075,2026200001,command_constrained,0.2,1.0,logistics,False,,0.0026727330000000382,0.010974218999999952,0.017295021999999993,0.006861180999999994,-0.0026386430000000516,0.776883982,0.80934237,-0.032458388000000005,logistics,logistics,True,logistics,29896.894251008,29896.894251008,38483.087473297,36939.736961696,0.0,1543.3505116009983,0.0,0.040931004316003536,-0.040931004316003536,0.8093423697631916,0.7768839823923467,0.8093423697631916,0.7768839823923467,-0.03245838737084494,0.0,-0.03245838737084494,0.0
phase_075,2026200002,command_constrained,0.2,1.0,logistics,False,,1.0879999999824363e-06,0.0070713619999999144,6.960999999972017e-06,0.03673089299999999,-0.26318735700000007,0.958198738,0.79125256,0.166946178,logistics,logistics,True,logistics,31229.494198764,26804.093970001,32591.875728761,33875.522599326,4425.400228763003,-1283.646870565004,0.15280833923399226,-0.038629659826947764,0.19143799906094003,0.7912525597622604,0.9581987381967478,0.9218896655305135,0.8224164265067899,0.16694617843448745,0.13063710576825316,0.031163866744529534,0.005145205921704754
phase_075,2026200003,command_constrained,0.2,1.0,command,True,7.0,0.001456510000000022,0.004005615000000073,0.009165843000000007,0.005412567000000035,0.04005812200000003,0.765641669,0.796902135,-0.03126046599999999,logistics,logistics,True,logistics,27746.442333061,27746.442333061,36239.462217105,34817.879277343,0.0,1421.5829397619964,0.0,0.040017614398762766,-0.040017614398762766,0.796902135022233,0.7656416689308568,0.796902135022233,0.7656416689308568,-0.031260466091376116,0.0,-0.031260466091376116,0.0
phase_075,2026200004,command_constrained,0.2,1.0,command,True,21.0,0.0039024180000000186,0.015107066999999974,0.024655854000000033,0.005887917999999992,-0.049138940999999936,0.752217365,0.788442564,-0.036225198999999986,logistics,logistics,True,logistics,26202.872188135,26202.872188135,34834.176118067,33233.710861595,0.0,1600.4652564720018,0.0,0.04703422905831791,-0.04703422905831791,0.7884425635541994,0.7522173654781715,0.7884425635541994,0.7522173654781715,-0.036225198076027865,0.0,-0.036225198076027865,0.0
phase_075,2026200005,command_constrained,0.2,1.0,logistics,True,315.0,0.0013061839999999325,0.0032441490000000295,0.0063372879999999965,0.007530574999999984,0.016497162000000065,1.0,0.815341431,0.184658569,logistics,logistics,True,logistics,70776.392896421,31223.1920572,39721.401780531,38294.622169068,39553.200839221005,1426.7796114629964,0.8183643575865879,0.03658065712093041,0.7817837004656575,0.8153414314770323,1.0,1.0,0.7860546369867465,0.1846585685229677,0.1846585685229677,-0.029286794490285817,0.029286794490285817
phase_075,2026200006,command_constrained,0.2,1.0,logistics,True,14.0,3.7400000008069867e-07,-0.004083940000000008,0.011085655000000028,0.02510418399999992,0.0010131250000000591,1.0,1.0,0.0,logistics,logistics,True,logistics,77099.737468774,78744.052921089,39612.600847786,38309.494314278,-1644.3154523150006,1303.1065335079984,-0.021102880902498507,0.03344951208213159,-0.05455239298463009,1.0,1.0,1.0,1.0,0.0,0.0,0.0,0.0
phase_075,2026200007,command_constrained,0.2,1.0,logistics,False,,0.00926542599999991,0.026825968000000033,0.04229975500000005,0.014522731000000011,-0.04659526000000003,0.734266997,0.771322966,-0.03705596900000008,logistics,logistics,True,logistics,23777.92601158,23777.92601158,32383.214991492,30827.457567148,0.0,1555.7574243439994,0.0,0.04923446044227244,-0.04923446044227244,0.7713229662156603,0.7342669965853341,0.7713229662156603,0.7342669965853341,-0.0370559696303262,0.0,-0.0370559696303262,0.0
phase_075,2026200009,command_constrained,0.2,1.0,logistics,True,210.0,0.0035712119999999903,0.035296566999999945,-0.005050093000000033,-0.040854277999999966,-0.059470233999999955,0.751356867,0.787934284,-0.036577416999999945,logistics,logistics,True,logistics,26274.03012439,26274.03012439,34968.776207474,33345.458710969,0.0,1623.3174965050057,0.0,0.04753396246210537,-0.04753396246210537,0.7879342837094381,0.7513568667231298,0.7879342837094381,0.7513568667231298,-0.03657741698630823,0.0,-0.03657741698630823,0.0
phase_075,2026200010,command_constrained,0.2,1.0,logistics,False,,-0.00275879999999995,0.004559134999999936,0.019998526000000072,0.023766004000000063,0.027683682000000043,0.964244834,0.999999995,-0.03575516099999998,logistics,logistics,True,logistics,36406.785362514,36472.648902057,37756.78551474,36472.649086059,-65.86353954300284,1284.1364286809985,-0.00180746621152105,0.03460256869215831,-0.03641003490367936,0.999999994955069,0.9642448335094902,0.9981941612360102,0.9659892494772448,-0.035755161445578776,-0.001805833719058736,-0.03401074547782412,6.141775130408256e-05
phase_075,2026200011,command_constrained,0.2,1.0,logistics,True,21.0,0.001648096999999904,0.004957207000000019,0.0188447719999999,-0.008522028000000015,-0.09101620300000002,0.881841906,0.803891976,0.07794993000000006,logistics,logistics,True,logistics,32863.843167862,28990.805231874,37267.273130788,36063.060826521,3873.0379359880026,1204.2123042669991,0.12539434283650747,0.0328464498925071,0.09254789294400037,0.8038919760952176,0.8818419059674064,0.9112882382876865,0.7779159245199382,0.07794992987218885,0.1073962621924689,-0.02597605157527938,-0.0034702807450006645
phase_076,2026200000,command_constrained,0.2,1.5,logistics,False,,0.01170740800000003,0.031727489,0.03960540400000001,0.02962611500000001,0.0032952990000000293,0.765674996,0.810721926,-0.04504693000000004,logistics,logistics,True,logistics,30090.943530785,30090.943530785,39299.890541546,37116.232529378,0.0,2183.6580121680017,0.0,0.05716732526127523,-0.05716732526127523,0.8107219262345016,0.7656749959385832,0.8107219262345016,0.7656749959385832,-0.04504693029591833,0.0,-0.04504693029591833,0.0
phase_076,2026200001,command_constrained,0.2,1.5,logistics,True,21.0,0.0029220210000000524,0.023387939000000024,0.02398456800000004,0.034792015000000065,0.05351734900000005,0.764767344,1.0,-0.23523265599999998,logistics,logistics,True,logistics,29158.97384981,71228.611992972,38127.901363765,36179.011084639,-42069.638143161996,1948.890279125997,-0.8931318753446502,0.05246718698819398,-0.9455990623328442,1.0,0.7647673437783635,0.805963816467897,1.0,-0.23523265622163647,-0.19403618353210295,0.0,-0.041196472689533525
phase_076,2026200002,command_constrained,0.2,1.5,logistics,True,154.0,1.6609999999861458e-06,0.01173861899999995,9.328999999946852e-06,-0.010547485999999995,0.027062750999999996,0.74264563,0.791252597,-0.048606967,logistics,logistics,True,logistics,26804.100011461,26804.100011461,36092.718968698,33875.528656111,0.0,2217.1903125870012,0.0,0.06339826921621458,-0.06339826921621458,0.7912525966329284,0.7426456298487042,0.7912525966329284,0.7426456298487042,-0.04860696678422416,0.0,-0.04860696678422416,0.0
phase_076,2026200003,command_constrained,0.2,1.5,command,True,14.0,0.0005575349999999979,0.008369846999999986,0.00784048599999998,0.1693276760000001,0.203228297,1.0,0.999998093,1.9070000000231957e-06,logistics,logistics,True,logistics,67113.582717899,33181.720593908,36912.426850217,33181.783860556,33931.862123991,3730.642989660999,0.7043873087241215,0.1065472189162667,0.5978400898078547,0.9999980933319237,1.0,1.0,0.8989308865697876,1.9066680763124566e-06,1.9066680763124566e-06,-0.1010672067621361,0.1010672067621361
phase_076,2026200004,command_constrained,0.2,1.5,command,True,21.0,0.0035547409999999724,0.024518857999999977,0.03592785799999998,0.014669929999999942,-0.05336606499999996,0.737321008,0.788429671,-0.051108663000000054,logistics,logistics,True,logistics,26203.39209686,26203.39209686,35538.648458094,33234.913727561,0.0,2303.734730533004,0.0,0.06701985159040312,-0.06701985159040312,0.7884296710278532,0.7373210077968545,0.7884296710278532,0.7373210077968545,-0.05110866323099872,0.0,-0.05110866323099872,0.0
phase_076,2026200005,command_constrained,0.2,1.5,command,True,14.0,-0.0012314840000000604,0.007782226999999975,0.003147278000000031,-0.019205701999999936,0.19311228999999996,1.0,0.999950603,4.939699999995106e-05,logistics,logistics,True,logistics,70419.919014623,35571.725074131,40403.223194983,35573.482297642,34848.193940492,4829.740897341006,0.6829250809004983,0.12730908282086653,0.5556159980796318,0.9999506029942108,1.0,1.0,0.8804180028525064,4.9397005789209025e-05,4.9397005789209025e-05,-0.11953260014170441,0.11953260014170441
phase_076,2026200007,command_constrained,0.2,1.5,logistics,False,,0.00464344800000005,0.02745331900000003,0.023515015999999944,0.08156559499999994,0.13533171600000005,1.0,1.0,0.0,logistics,logistics,True,logistics,41951.771530203,39909.557207045,40592.647825654,36103.201741143,2042.2143231579976,4489.446084511001,0.04990483737346134,0.11720540987477118,-0.06730057250130984,1.0,1.0,1.0,0.9831720605774995,0.0,0.0,-0.016827939422500493,0.016827939422500493
phase_076,2026200009,command_constrained,0.2,1.5,logistics,True,105.0,0.004626846999999934,0.016377582000000057,0.016701849000000046,0.023028262999999938,0.02628839500000002,0.75067845,0.801876155,-0.05119770499999998,logistics,logistics,True,logistics,28414.29197926,28417.548674807,37851.482187606,35438.824913613,-3.2566955469992536,2412.657273992998,-0.00011460813209930578,0.06586217050869635,-0.06597677864079565,0.8018761554334455,0.7506784500122933,0.8017842591712263,0.7507644887975344,-0.051197705421152206,-9.189626221917102e-05,-0.051111666635911046,5.857476978010645e-06
phase_076,2026200010,command_constrained,0.2,1.5,logistics,False,,0.008512398000000032,0.024902678999999983,0.03253562799999998,0.03211219199999993,0.030566419999999983,0.947503691,0.999999996,-0.05249630500000002,logistics,logistics,True,logistics,36549.142808575,36549.142808575,38574.142926332,36549.142941111,0.0,2024.9999852210021,0.0,0.053924442653974586,-0.053924442653974586,0.999999996373759,0.9475036912258997,0.999999996373759,0.9475036912258997,-0.0524963051478593,0.0,-0.0524963051478593,0.0
phase_076,2026200011,command_constrained,0.2,1.5,command,True,28.0,-0.006999239999999962,0.003723955000000001,0.17613223199999994,0.10906049399999995,0.12321483900000008,0.757066348,0.795168394,-0.038102046,logistics,logistics,True,logistics,28701.357403843,27348.86207502,37911.284127911,34393.799185881,1352.4953288230026,3517.4849420300015,0.048269495978030715,0.09737251011315133,-0.049103014135120616,0.7951683943728723,0.7570663475023923,0.8344922074100264,0.7213910766711606,-0.03810204687048002,0.03932381303715404,-0.0737773177017117,-0.003648542205922367
phase_077,2026200000,command_constrained,0.2,2.0,logistics,False,,0.013063307999999996,0.04861700599999996,0.05543893199999994,0.030513038000000048,-0.06556255,1.0,1.0,0.0,logistics,logistics,True,logistics,67931.900389135,68729.314716978,39062.151627935,36390.009039625,-797.4143278429983,2672.142588310002,-0.011670075920751125,0.07085974909835964,-0.08252982501911077,1.0,1.0,1.0,1.0,0.0,0.0,0.0,0.0
phase_077,2026200001,command_constrained,0.2,2.0,logistics,True,42.0,-0.0005306050000000173,0.04436779199999996,0.04215818699999996,0.03599666199999996,0.05525847699999997,0.747565099,0.805326894,-0.057761795000000005,logistics,logistics,True,logistics,29200.704843348,29136.479103416,39061.08628306,36179.692158336,64.22573993200058,2881.394124724,0.002201880911471543,0.07662876437135199,-0.07442688345988045,0.8053268937696805,0.747565099233089,0.8071020813431657,0.7459208607839434,-0.05776179453659147,0.0017751875734852707,-0.0594060329857371,-0.000130949124339641
phase_077,2026200004,command_constrained,0.2,2.0,command,True,30.0,0.00257109099999997,0.040402913999999956,-0.06340663099999999,-0.11355396200000001,-0.276657041,0.735128252,1.0,-0.264871748,logistics,logistics,True,logistics,27620.39874992,52712.645367559,37572.217727521,39523.782369516,-25092.246617639,-1951.564641994999,-0.6463007919362566,-0.05063768897422399,-0.5956631029620325,1.0,0.7351282522162257,0.6988298460833327,1.0,-0.2648717477837743,-0.30117015391666735,0.0,0.036298406132893035
phase_077,2026200006,command_constrained,0.2,2.0,logistics,True,70.0,7.020000000190763e-07,0.01618484600000003,-0.02944845000000007,-0.24647043600000007,-0.28932649,0.747505596,1.0,-0.252494404,logistics,logistics,True,logistics,28623.060753859,75928.662446287,38291.433408945,38306.795716825,-47305.601692428,-15.362307880001026,-0.9755815344646943,-0.0004011139229015176,-0.9751804205417928,1.0,0.7475055960473019,0.747205821271218,1.0,-0.25249440395269807,-0.25279417872878196,0.0,0.00029977477608389425
phase_077,2026200007,command_constrained,0.2,2.0,logistics,True,35.0,0.005794848999999935,0.014912664999999992,0.007294813000000011,0.022114277000000016,0.30947061200000003,0.978907026,1.0,-0.021092973999999987,logistics,logistics,True,logistics,38146.047082387,38168.780392933,38967.998068013,34517.773683791,-22.733310545998393,4450.224384222005,-0.000595777045444658,0.1212663763070639,-0.12186215335250855,1.0,0.9789070256010738,1.0,0.9794904097027236,-0.021092974398926212,0.0,-0.020509590297276392,-0.0005833841016498198
phase_077,2026200008,command_constrained,0.2,2.0,logistics,False,,0.0033217190000000008,-8.141000000017051e-06,-6.609999999573901e-07,-7.799000000030532e-06,-0.10065077100000008,0.714620438,0.595767206,0.11885323199999998,logistics,logistics,True,logistics,24999.072455876,20844.059711857,34982.308279335,34986.920254182,4155.012744019001,-4.611974847000965,0.18176972066967997,-0.00013182866097975692,0.18190154933065972,0.5957672055849358,0.7146204377440591,0.7145262364979911,0.5958457499549895,0.11885323215912336,0.11875903091305529,7.854437005372361e-05,1.5656876014347176e-05
phase_077,2026200009,command_constrained,0.2,2.0,logistics,False,,0.007314295999999998,0.012466757999999967,0.020510296999999955,0.039088239000000025,0.027056929000000007,0.742765854,0.801621603,-0.05885574900000001,logistics,logistics,True,logistics,28466.063264024,28466.063264024,38324.410192315,35510.598983367,0.0,2813.8112089479982,0.0,0.07625582017436919,-0.07625582017436919,0.8016216025349888,0.7427658539604128,0.8016216025349888,0.7427658539604128,-0.05885574857457598,0.0,-0.05885574857457598,0.0
phase_077,2026200010,command_constrained,0.2,2.0,logistics,True,231.0,0.006234272000000041,0.014318745999999938,0.01693710199999998,0.006588590000000005,0.20336204299999994,1.0,0.998877095,0.0011229050000000074,logistics,logistics,True,logistics,67680.195566709,34004.282495216,38544.291394537,34042.509015442,33675.91307149299,4501.782379094999,0.6883071324467764,0.12419799704757425,0.5641091353992022,0.9988770945111989,1.0,1.0,0.8822131959088377,0.001122905488801118,0.001122905488801118,-0.11666389860236115,0.11666389860236115
phase_077,2026200011,command_constrained,0.2,2.0,command,True,7.0,0.004143627000000039,0.010267994999999974,-0.020795687000000007,-0.007091722999999939,0.0029956679999999514,0.722447971,1.0,-0.277552029,logistics,logistics,True,logistics,26794.681177097,66649.513579194,37088.734776508,33866.109832582,-39854.832402096996,3222.624943925999,-0.9112443441823022,0.09089847427611951,-1.0021428184584216,1.0,0.7224479707533391,0.7911945396018973,1.0,-0.2775520292466609,-0.20880546039810266,0.0,-0.06874656884855823
phase_079,2026200000,command_constrained,0.3,0.25,logistics,False,,0.001364796000000057,0.005423895999999928,0.007946416000000012,-0.015039880000000005,-0.06963262599999998,0.783096676,0.796253548,-0.013156872000000042,logistics,logistics,True,logistics,27297.856626193,27297.856626193,34858.859033416,34282.869700718,0.0,575.9893326980018,0.0,0.016661505808791097,-0.016661505808791097,0.7962535477484047,0.7830966756549615,0.7962535477484047,0.7830966756549615,-0.013156872093443184,0.0,-0.013156872093443184,0.0
phase_079,2026200001,command_constrained,0.3,0.25,logistics,False,,0.001001980000000069,0.0032561560000000656,0.003495962000000019,-0.0037931620000000166,-0.036606256000000004,0.802191387,0.815315941,-0.01312455400000001,logistics,logistics,True,logistics,31031.653938051,31031.653938051,38683.603998128,38060.894423269,0.0,622.709574859,0.0,0.01622847902301534,-0.01622847902301534,0.8153159406332663,0.8021913868095822,0.8153159406332663,0.8021913868095822,-0.013124553823684049,0.0,-0.013124553823684049,0.0
phase_079,2026200002,command_constrained,0.3,0.25,logistics,True,238.0,2.8299999998981917e-07,0.001530200000000037,0.003740226999999985,0.004453318000000039,-0.00856036299999996,1.0,0.635599369,0.364400631,logistics,logistics,True,logistics,76957.327936731,24533.533082946,39076.031399918,38599.05199799,52423.794853785,476.9794019280016,1.143210206596388,0.012281554818936022,1.130928651777452,0.6355993687156761,1.0,1.0,0.6278409604051419,0.3644006312843239,0.3644006312843239,-0.007758408310534204,0.007758408310534204
phase_079,2026200003,command_constrained,0.3,0.25,logistics,True,56.0,1.1599999993894272e-07,4.6799999997571007e-07,0.0007425159999999709,-0.00030383099999997665,8.979799999997429e-05,0.783526513,0.796498981,-0.01297246800000007,logistics,logistics,True,logistics,27677.834566318,27677.834566318,35324.694346059,34749.365943006,0.0,575.3284030529976,0.0,0.01642095030930316,-0.01642095030930316,0.7964989810666953,0.7835265125062825,0.7964989810666953,0.7835265125062825,-0.012972468560412787,0.0,-0.012972468560412787,0.0
phase_079,2026200004,command_constrained,0.3,0.25,logistics,True,98.0,0.00021283199999999614,0.0008004560000000049,0.001643408999999929,0.0004183460000000139,-0.23177518900000005,0.980755447,1.0,-0.019244553000000053,logistics,logistics,True,logistics,31715.973220501,67188.306990122,32338.309526323,34348.699136054,-35472.333769621,-2010.389609730999,-0.7506787882088,-0.06031156622459536,-0.6903672219842046,1.0,0.9807554471789744,0.9233529658539654,1.0,-0.01924455282102555,-0.07664703414603458,0.0,0.057402481325009025
phase_079,2026200006,command_constrained,0.3,0.25,logistics,False,,9.600000006049214e-08,0.0013227599999999784,0.005869909000000062,-0.00190023100000003,-0.036059273,0.780649867,0.801164578,-0.020514710999999908,logistics,logistics,True,logistics,28067.048378379,28067.048378379,35953.440275358,35032.812424234,0.0,920.6278511240016,0.0,0.02593965555609671,-0.02593965555609671,0.8011645778962233,0.7806498672566746,0.8011645778962233,0.7806498672566746,-0.020514710639548683,0.0,-0.020514710639548683,0.0
phase_079,2026200007,command_constrained,0.3,0.25,logistics,True,273.0,0.0006484060000000458,0.0012175979999999864,0.016184813999999936,0.03120109400000004,-0.032972314,0.758492811,0.770791411,-0.012298600000000048,logistics,logistics,True,logistics,23780.070571876,23780.070571876,31351.741547541,30851.499146787,0.0,500.24240075400303,0.0,0.01608447341150457,-0.01608447341150457,0.7707914114232778,0.7584928108639991,0.7707914114232778,0.7584928108639991,-0.012298600559278672,0.0,-0.012298600559278672,0.0
phase_079,2026200008,command_constrained,0.3,0.25,logistics,True,14.0,0.00047774300000003045,0.0012956950000000411,0.00187289700000004,-0.0008118000000000292,-0.006713233999999901,0.758294814,0.781093994,-0.02279918000000003,logistics,logistics,True,logistics,25232.064383643,25232.064383643,33274.742115599,32303.493034007,0.0,971.2490815920028,0.0,0.029623246307210922,-0.029623246307210922,0.7810939936767933,0.758294814005917,0.7810939936767933,0.758294814005917,-0.0227991796708763,0.0,-0.0227991796708763,0.0
phase_079,2026200009,command_constrained,0.3,0.25,command,True,7.0,0.0007574390000000264,0.00919283999999998,0.008205170999999956,-0.04935743599999998,0.02919458099999994,1.0,0.995384828,0.004615171999999945,logistics,logistics,True,logistics,50566.529006696,37146.554917575,37912.113127809,37318.787548007,13419.974089121002,593.3255798020036,0.3084188428584441,0.0157737811627872,0.2926450616956569,0.9953848278106452,1.0,1.0,0.9798070287548162,0.00461517218935481,0.00461517218935481,-0.015577799055829011,0.015577799055829011
phase_079,2026200010,command_constrained,0.3,0.25,command,True,7.0,0.0014326889999999315,0.004198443000000052,0.005395256999999987,0.005247879000000011,0.004915216,0.990767043,0.999999996,-0.009232953000000044,logistics,logistics,True,logistics,36216.349572781,36216.349572781,36553.84970075,36216.349699573,0.0,337.5000011769953,0.0,0.0092758415907772,-0.0092758415907772,0.9999999964990397,0.9907670428496052,0.9999999964990397,0.9907670428496052,-0.00923295364943455,0.0,-0.00923295364943455,0.0
phase_079,2026200011,command_constrained,0.3,0.25,logistics,True,28.0,0.0005081080000000071,0.0014059269999999735,0.0009373850000000683,-0.026092241999999932,-0.0016129649999999662,1.0,0.8669289,0.1330711,logistics,logistics,True,logistics,45739.312546227,32886.750093092,38344.930240967,37934.771903935,12852.562453135004,410.1583370320004,0.32988831496460064,0.010754166009131046,0.3191341489554696,0.8669289003865247,1.0,1.0,0.8576557549179322,0.1330710996134753,0.1330710996134753,-0.00927314546859248,0.00927314546859248
phase_080,2026200000,command_constrained,0.3,0.5,logistics,True,14.0,0.0015604060000000697,0.006822360999999999,0.01040409600000003,-0.0059967340000000036,-0.04482388299999995,0.795204643,0.811672801,-0.01646815800000001,logistics,logistics,True,logistics,30104.904125732,30104.904125732,37858.058787452,37089.950646905,0.0,768.1081405469959,0.0,0.020497810153902785,-0.020497810153902785,0.8116728008707697,0.7952046430788001,0.8116728008707697,0.7952046430788001,-0.01646815779196953,0.0,-0.01646815779196953,0.0
phase_080,2026200001,command_constrained,0.3,0.5,logistics,False,,0.0016027769999999997,0.006146038999999992,0.008793026999999953,-0.003659104999999996,-0.033984440999999976,0.793450539,0.815443516,-0.021992977000000025,logistics,logistics,True,logistics,31031.064504046,31031.064504046,39109.009310114,38054.217011857,0.0,1054.7922982570017,0.0,0.027340951251429185,-0.027340951251429185,0.8154435156129289,0.7934505386721991,0.8154435156129289,0.7934505386721991,-0.02199297694072988,0.0,-0.02199297694072988,0.0
phase_080,2026200002,command_constrained,0.3,0.5,logistics,True,35.0,-0.00047147300000005554,0.023241778000000046,0.004866822999999965,-0.01261120799999993,0.187852272,1.0,0.807849803,0.19215019700000002,logistics,logistics,True,logistics,56467.186122969,29630.6770873,39316.308671757,36678.44810064,26836.509035668998,2637.860571116995,0.644849480116611,0.06945007437003936,0.5753994057465717,0.8078498034049312,1.0,1.0,0.753648500795938,0.19215019659506882,0.19215019659506882,-0.05420130260899314,0.05420130260899314
phase_080,2026200003,command_constrained,0.3,0.5,logistics,True,182.0,2.599999999741698e-07,7.20000000065113e-07,-2.0989999999221354e-06,0.016169287000000088,-0.048337823,0.779698232,1.0,-0.220301768,logistics,logistics,True,logistics,27735.857557805,67534.51705891,35572.55410461,34807.31796835,-39798.659501105,765.2361362599986,-0.8899127582857495,0.02174673728370087,-0.9116594955694504,1.0,0.7796982324136965,0.7968398364684398,1.0,-0.2203017675863035,-0.2031601635315602,0.0,-0.017141604054743298
phase_080,2026200004,command_constrained,0.3,0.5,logistics,False,,0.00038047900000004464,-2.7167000000050123e-05,0.03935120399999992,0.024988861999999945,0.006768620999999975,0.979166044,0.999997299,-0.02083125500000005,logistics,logistics,True,logistics,31731.724634299,31690.565994694,32406.888306137,31690.651583813,41.158639605000644,716.2367223239999,0.0012979236471851536,0.022349267570893363,-0.02105134392370821,0.9999972992313277,0.9791660444082149,1.0,0.9778959860423456,-0.020831254823112877,2.7007686722591018e-06,-0.02210131318898212,0.001267357597196983
phase_080,2026200006,command_constrained,0.3,0.5,logistics,False,,0.003559031999999962,0.00958583699999993,0.012557025999999971,0.0012703720000000196,-0.03211461500000001,1.0,1.0,0.0,logistics,logistics,True,logistics,70017.35513014,70222.489011091,35997.257509192,35190.820877471,-205.13388095100527,806.4366317210006,-0.002925474261735127,0.022657477182907747,-0.025582951444642874,1.0,1.0,1.0,1.0,0.0,0.0,0.0,0.0
phase_080,2026200007,command_constrained,0.3,0.5,logistics,True,273.0,0.0013014989999999838,0.002455788999999986,0.01668724399999999,0.02707178499999996,-0.2897068810000001,0.963154661,0.770791417,0.19236324400000004,logistics,logistics,True,logistics,28842.746792159,23780.071276448,29946.121788477,30851.499851608,5062.675515710998,-905.3780631310001,0.1930106617423957,-0.029785540082134066,0.22279620182452978,0.7707914166516143,0.9631546614245531,0.9348896141480686,0.7940951901691109,0.19236324477293876,0.16409819749645427,0.023303773517496573,0.004961273758987916
phase_080,2026200008,command_constrained,0.3,0.5,logistics,True,14.0,0.0006902749999999624,0.002382070000000014,0.004721521999999978,0.0018379920000000105,-0.010974463000000045,0.580516208,1.0,-0.41948379199999997,logistics,logistics,True,logistics,20805.796915853,35560.029427305,35840.165434694,34948.654102301,-14754.232511452003,891.5113323929982,-0.5359905924290911,0.025189245314299988,-0.5611798377433911,1.0,0.5805162075427411,0.5953246970527302,0.9921837412302283,-0.41948379245725886,-0.40467530294726983,-0.007816258769771656,-0.0069922307402173756
phase_080,2026200009,command_constrained,0.3,0.5,logistics,False,,0.0013735549999999153,0.00404992500000001,0.013028972999999944,-0.0019558860000000733,-0.05019983099999997,0.769026467,0.791349908,-0.022323441000000055,logistics,logistics,True,logistics,26749.150351597,26749.150351597,34783.133607159,33801.925145128,0.0,981.2084620309979,0.0,0.02861484500729075,-0.02861484500729075,0.7913499079342367,0.7690264670717172,0.7913499079342367,0.7690264670717172,-0.022323440862519472,0.0,-0.022323440862519472,0.0
phase_080,2026200010,command_constrained,0.3,0.5,command,True,7.0,0.0024650550000000493,0.007857404000000012,0.010580028000000019,0.010308901000000037,0.009647540999999982,0.981703077,0.999999996,-0.018296918999999967,logistics,logistics,True,logistics,36216.456492841,36216.456492841,36891.456636681,36216.456634257,0.0,675.0000024239998,0.0,0.018466378091354266,-0.018466378091354266,0.9999999960952558,0.9817030769349224,0.9999999960952558,0.9817030769349224,-0.01829691916033338,0.0,-0.01829691916033338,0.0
phase_080,2026200011,command_constrained,0.3,0.5,logistics,True,28.0,0.014670027999999946,2.7431000000022188e-05,-0.007048489999999963,0.002098667000000054,0.05651125899999998,0.61263089,0.744198392,-0.131567502,logistics,logistics,True,logistics,23791.949224692,28231.02192865,38835.699628611,37934.806413028,-4439.072703957998,900.8932155829971,-0.17107418612219846,0.023470851469558015,-0.19454503759175648,0.7441983918746078,0.6126308899341681,0.6271799298419801,0.7269348099461472,-0.13156750194043965,-0.11701846203262767,-0.01726358192846056,0.0027145420206485804
phase_081,2026200000,command_constrained,0.3,0.75,logistics,True,7.0,0.0021347529999999892,0.018972404,0.015075922000000075,-0.091051094,-0.21233343700000007,1.0,1.0,0.0,logistics,logistics,True,logistics,71509.542525226,52324.245518553,38301.9794483,39092.145121328,19185.297006673005,-790.165673028001,0.31237105359685974,-0.020419977197832766,0.3327910307946925,1.0,1.0,1.0,1.0,0.0,0.0,0.0,0.0
phase_081,2026200001,command_constrained,0.3,0.75,logistics,True,147.0,0.0014413479999999534,0.0035782189999999936,-0.02258327800000004,-0.182834002,-0.214863339,1.0,0.647796813,0.352203187,logistics,logistics,True,logistics,43973.529598815,25975.965074608,40939.395150355,40098.939275905,17997.564524207002,840.4558744499955,0.52641616258319,0.020742924082857727,0.5056732385003323,0.6477968131744738,1.0,1.0,0.6344980178434012,0.3522031868255262,0.3522031868255262,-0.013298795331072588,0.013298795331072588
phase_081,2026200002,command_constrained,0.3,0.75,logistics,True,7.0,7.539999999917057e-07,0.0023754980000000314,-0.005570082999999948,-0.020084441000000064,0.206057437,0.775323052,0.99835693,-0.22303387800000007,logistics,logistics,True,logistics,28392.429101114,32055.832157766,36620.127627457,32108.58880906,-3663.4030566519978,4511.538818396999,-0.12135660873170721,0.13147446593256873,-0.25283107466427596,0.9983569302404498,0.7753230515730359,0.8842627519370325,0.8753610168668886,-0.22303387866741387,-0.11409417830341728,-0.1229959133735612,0.014056213009564611
phase_081,2026200003,command_constrained,0.3,0.75,logistics,True,49.0,3.670000000566276e-07,0.005341206999999959,0.010985466999999915,0.009961765999999983,0.00817143499999995,0.970387547,0.999999965,-0.02961241800000003,logistics,logistics,True,logistics,33179.255970089,33179.255970089,34191.757796506,33179.257130047,0.0,1012.5006664589964,0.0,0.030059719497941888,-0.030059719497941888,0.9999999650396633,0.9703875468338611,0.9999999650396633,0.9703875468338611,-0.029612418205802182,0.0,-0.029612418205802182,0.0
phase_081,2026200004,command_constrained,0.3,0.75,logistics,True,7.0,0.0006941690000000778,0.0026839530000000167,0.02157547999999998,-0.009533501000000055,-0.04961743299999999,0.747018131,1.0,-0.25298186899999997,logistics,logistics,True,logistics,27280.024200652,40065.404713198,36518.557000902,35973.684824209,-12785.380512545998,544.872176693003,-0.384358516498623,0.015032848318211549,-0.39939136481683457,1.0,0.7470181310827311,0.7583327739140451,1.0,-0.2529818689172689,-0.24166722608595492,0.0,-0.011314642831314004
phase_081,2026200006,command_constrained,0.3,0.75,logistics,False,,0.005184063999999933,0.01498245999999992,0.018290729999999922,0.007800040000000008,-0.027956431000000004,1.0,1.0,0.0,logistics,logistics,True,logistics,69915.403731723,70222.721469733,36221.717467862,35190.973805632,-307.31773801000963,1030.743662230001,-0.004385933238494704,0.028869245252145296,-0.03325517849064,1.0,1.0,1.0,1.0,0.0,0.0,0.0,0.0
phase_081,2026200007,command_constrained,0.3,0.75,logistics,True,259.0,0.001960502999999947,0.0038812499999999472,0.018223199000000023,0.028104958000000013,-0.205751923,0.911122974,0.770791422,0.14033155200000003,logistics,logistics,True,logistics,28848.169656367,23780.07198038,31662.212991771,30851.500556107,5068.097675987003,810.7124356640015,0.19319862930059703,0.02593856111530144,0.1672600681852956,0.770791421867251,0.9111229737436429,0.935065365909943,0.7510552716754332,0.1403315518763919,0.16427394404269202,-0.019736150191817847,-0.004206241974482272
phase_081,2026200009,command_constrained,0.3,0.75,logistics,False,,0.002159083000000006,0.006108045000000062,0.01772780900000004,0.004961223999999986,-0.05390941799999999,0.764085989,0.791350422,-0.027264433000000032,logistics,logistics,True,logistics,26749.422309492,26749.422309492,35008.392615373,33802.246840891,0.0,1206.145774482,0.0,0.035060546893071115,-0.035060546893071115,0.7913504222190607,0.7640859894191688,0.7913504222190607,0.7640859894191688,-0.02726443279989188,0.0,-0.02726443279989188,0.0
phase_009,2026200000,forcegen_constrained,0.15,0.25,logistics,False,,0.0012254670000000356,0.0039811149999999795,0.00539059800000008,0.004817139000000026,0.0037723660000000825,0.990172592,0.999999997,-0.009827405000000011,logistics,logistics,True,logistics,34005.237174234,34005.237174234,34342.737269753,34005.237271213,0.0,337.49999853999907,0.0,0.009876012976006876,-0.009876012976006876,0.9999999971481156,0.9901725918680264,0.9999999971481156,0.9901725918680264,-0.009827405280089185,0.0,-0.009827405280089185,0.0
phase_081,2026200010,command_constrained,0.3,0.75,logistics,False,,0.004188505000000009,0.012578280000000053,0.016328934000000017,0.015769637999999975,0.014576472999999979,0.973130382,0.999999997,-0.026869614999999958,logistics,logistics,True,logistics,36669.468819969,36669.468819969,37681.968930676,36669.468939403,0.0,1012.4999912729982,0.0,0.027237202517702407,-0.027237202517702407,0.999999996742958,0.9731303819986236,0.999999996742958,0.9731303819986236,-0.02686961474433447,0.0,-0.02686961474433447,0.0
phase_081,2026200011,command_constrained,0.3,0.75,logistics,True,28.0,0.0016544050000000254,-0.0007279359999999846,-1.9890000000355457e-06,-0.017254035999999973,-0.03741149799999999,1.0,0.866929823,0.133070177,logistics,logistics,True,logistics,68493.333491725,32886.843979203,37185.312804602,37934.839845975,35606.48951252201,-749.5270413730032,0.7336637204966725,-0.019956080742294175,0.7536198012389667,0.8669298226309077,1.0,1.0,0.8844041235316157,0.13307017736909232,0.13307017736909232,0.017474300900708006,-0.017474300900708006
phase_082,2026200000,command_constrained,0.3,1.0,logistics,False,,0.005855395999999957,0.018435887000000095,0.01942246999999997,-0.004261603999999974,-0.05273997399999997,0.777158671,0.811030992,-0.03387232099999993,logistics,logistics,True,logistics,29974.627838667,29974.627838667,38569.508355281,36958.671300123,0.0,1610.837055158001,0.0,0.042661728866942306,-0.042661728866942306,0.8110309917599023,0.7771586705891422,0.8110309917599023,0.7771586705891422,-0.03387232117076011,0.0,-0.03387232117076011,0.0
phase_082,2026200001,command_constrained,0.3,1.0,logistics,True,147.0,0.0019269870000000466,0.00485354799999993,-0.016867970000000065,-0.13351633500000004,-0.14086975699999993,0.627062168,1.0,-0.37293783199999997,logistics,logistics,True,logistics,25948.51488388,43973.125587284,41381.088205738,41584.763322919,-18024.610703403996,-203.67511718100286,-0.5274642871417827,-0.00490986406070546,-0.5225544230810772,1.0,0.6270621679852759,0.6239909238482728,1.0,-0.3729378320147241,-0.3760090761517272,0.0,0.003071244137003104
phase_082,2026200002,command_constrained,0.3,1.0,logistics,True,133.0,0.002388155000000003,0.004968091999999924,1.8096000000022983e-05,0.0019360529999999931,-0.003229210999999954,1.0,1.0,0.0,logistics,logistics,True,logistics,67926.499722308,68383.807029022,37265.42830296,35545.998729444,-457.3073067140067,1719.4295735159976,-0.006709823099104959,0.047238445111612556,-0.053948268210717513,1.0,1.0,1.0,1.0,0.0,0.0,0.0,0.0
phase_082,2026200004,command_constrained,0.3,1.0,logistics,True,7.0,0.0008667090000000766,0.004464397000000009,-0.02717750200000002,0.038479182,-0.040088711,1.0,1.0,0.0,logistics,logistics,True,logistics,66678.159134736,53698.188906061,36575.908988724,35973.729218182,12979.970228674996,602.1797705419958,0.21649817524206752,0.016600871206755307,0.19989730403531222,1.0,1.0,1.0,1.0,0.0,0.0,0.0,0.0
phase_082,2026200006,command_constrained,0.3,1.0,logistics,False,,0.00663849400000005,0.020068352999999983,0.02472817500000002,0.016767018999999994,-0.018358503999999942,0.765652443,0.799968718,-0.03431627500000001,logistics,logistics,True,logistics,28151.798669214,28151.798669214,36768.378321349,35191.124394041,0.0,1577.2539273080038,0.0,0.04384428811930718,-0.04384428811930718,0.7999687180777041,0.7656524425192852,0.7999687180777041,0.7656524425192852,-0.034316275558418874,0.0,-0.034316275558418874,0.0
phase_082,2026200007,command_constrained,0.3,1.0,logistics,True,77.0,0.0012921310000000297,0.002236092999999939,0.007634613999999984,0.016977680999999967,0.034696324,1.0,0.770836888,0.22916311199999995,logistics,logistics,True,logistics,65615.063545248,23786.199663562,32245.129455969,30857.630252482,41828.863881686004,1387.499203487001,1.0146997303710363,0.04398295349186621,0.9707167768791701,0.7708368876332876,1.0,1.0,0.7376679847430062,0.22916311236671238,0.22916311236671238,-0.033168902890281404,0.033168902890281404
phase_009,2026200001,forcegen_constrained,0.15,0.25,logistics,False,,0.0004416400000000209,0.0017968119999999255,0.03280912899999999,0.004255306000000014,-0.08788782700000008,0.921220734,1.0,-0.07877926599999996,logistics,logistics,True,logistics,35001.826988753,72869.113092941,37995.049063594,37714.749332293,-37867.286104188,280.29973130099825,-0.7332646007161032,0.007404616520880977,-0.7406692172369842,1.0,0.9212207340532417,0.9280673372733493,1.0,-0.07877926594675833,-0.07193266272665066,0.0,-0.006846603220107661
phase_082,2026200008,command_constrained,0.3,1.0,logistics,True,84.0,2.8410000000311797e-06,3.6410000000541842e-06,-1.6256999999963995e-05,2.622399999996361e-05,-0.02683929900000004,0.736199293,0.855868395,-0.11966910200000003,logistics,logistics,True,logistics,25225.758448072,29906.048802407,34264.850141376,34942.345061086,-4680.290354335,-677.4949197099995,-0.1701951279156953,-0.019579367747013524,-0.15061576016868178,0.8558683954990834,0.7361992929778209,0.7219251714208785,0.8727908827563907,-0.1196691025212625,-0.13394322407820491,0.016922487257307273,-0.002648365700364863
phase_082,2026200009,command_constrained,0.3,1.0,logistics,False,,0.0029419270000000664,0.008211879000000089,0.02239285499999999,0.011681127000000013,-0.05334574300000006,0.749827861,0.791355122,-0.04152726100000004,logistics,logistics,True,logistics,26750.369265044,26750.369265044,35675.347158477,33803.242703937,0.0,1872.10445454,0.0,0.053903158583644105,-0.053903158583644105,0.7913551223276113,0.7498278614140327,0.7913551223276113,0.7498278614140327,-0.04152726091357861,0.0,-0.04152726091357861,0.0
phase_082,2026200010,command_constrained,0.3,1.0,logistics,False,,0.004586062000000002,0.01601353400000005,0.02170512899999999,0.02099426300000007,0.020215722999999963,0.964491897,0.999999996,-0.03550809899999996,logistics,logistics,True,logistics,36669.494696494,36669.494696494,38019.49482824,36669.494831898,0.0,1349.9999963419978,0.0,0.03615384404264385,-0.03615384404264385,0.9999999963074485,0.9644918971742031,0.9999999963074485,0.9644918971742031,-0.035508099133245374,0.0,-0.035508099133245374,0.0
phase_082,2026200011,command_constrained,0.3,1.0,logistics,True,28.0,0.002142464000000066,0.0029346970000000416,0.010439372000000002,0.012497281000000027,-0.07112204699999991,0.769305736,0.627180587,0.14212514899999995,logistics,logistics,True,logistics,28856.821760919,23792.016074055,37510.212651815,37934.873281574,5064.805686863998,-424.66062975899695,0.19299635586199018,-0.011257595094174691,0.2042539509561649,0.6271805865135559,0.7693057362478778,0.7606937697333905,0.6342810235415656,0.1421251497343219,0.13351318321983463,0.007100437028009665,0.0015115294864775919
phase_083,2026200000,command_constrained,0.3,1.5,logistics,False,,0.020594891000000004,0.04942857200000006,0.04310762800000001,-0.002441719000000009,-0.16860177399999998,1.0,1.0,0.0,logistics,logistics,True,logistics,68989.417668469,69471.061612187,39164.5382806,37093.921899674,-481.64394371799426,2070.616380925996,-0.0069571604682123105,0.054318575673330954,-0.06127573614154327,1.0,1.0,1.0,1.0,0.0,0.0,0.0,0.0
phase_083,2026200001,command_constrained,0.3,1.5,logistics,False,,0.004873463999999994,0.012308312000000043,0.025277121000000013,0.03661536799999998,0.0581585,0.763911832,0.816038836,-0.05212700400000003,logistics,logistics,True,logistics,31046.992969424,31046.992969424,40642.115567583,38045.974781594,0.0,2596.1407859890023,0.0,0.06600956709844484,-0.06600956709844484,0.8160388358466771,0.7639118322420138,0.8160388358466771,0.7639118322420138,-0.05212700360466338,0.0,-0.05212700360466338,0.0
phase_083,2026200002,command_constrained,0.3,1.5,logistics,True,105.0,0.0029208400000000356,0.008837643999999978,0.15538586599999993,0.251565605,0.04978543199999996,0.741114612,0.999999956,-0.2588853440000001,logistics,logistics,True,logistics,26841.264533135,30961.193575865,36217.427214934,30961.194931538,-4119.92904273,5256.2322833960025,-0.1427941754236018,0.15680577380936106,-0.29959994923296285,0.9999999562138023,0.7411146124169524,0.8669324485856224,0.8548700434220343,-0.2588853437968499,-0.13306750762817998,-0.145129912791768,0.019312076623098084
phase_083,2026200003,command_constrained,0.3,1.5,logistics,True,21.0,1.6210000000072e-06,0.007372190000000001,0.011276167999999975,-0.006154042000000026,0.060165253999999946,0.744588291,0.796455787,-0.05186749599999996,logistics,logistics,True,logistics,27670.061425421,27670.061425421,37161.558623117,34741.490838373,0.0,2420.067784744002,0.0,0.06734018257227466,-0.06734018257227466,0.7964557869479396,0.7445882909821859,0.7964557869479396,0.7445882909821859,-0.051867495965753685,0.0,-0.051867495965753685,0.0
phase_083,2026200004,command_constrained,0.3,1.5,command,True,30.0,5.730000000037094e-07,-0.0006756749999999867,0.0040703460000000025,0.015750301000000078,-0.08373368000000003,0.886608899,0.80645327,0.08015562899999995,logistics,logistics,True,logistics,33908.355571867,29464.60650615,38244.99800751,36536.037005059,4443.749065717002,1708.9610024510039,0.14047169748048854,0.04571369195532203,0.09475800552516651,0.8064532697421495,0.8866088988998919,0.9280797358282686,0.7704172582350289,0.08015562915774244,0.12162646608611916,-0.03603601150712055,-0.005434825421256173
phase_083,2026200005,command_constrained,0.3,1.5,command,True,7.0,2.218999999969995e-06,3.6789999999786716e-06,0.04804457699999998,-0.04745025000000003,-0.052045731999999956,0.753998217,1.0,-0.24600178299999997,logistics,logistics,True,logistics,28809.690191785,69790.71694591,38209.228552991,36896.574860319,-40981.02675412499,1312.653692672,-0.8847892103366491,0.034958347067710976,-0.9197475574043601,1.0,0.753998216735255,0.7808228894104974,1.0,-0.24600178326474498,-0.21917711058950262,0.0,-0.026824672675242356
phase_009,2026200002,forcegen_constrained,0.15,0.25,logistics,False,,0.0004937830000000254,0.0046295530000000085,0.007810979999999912,-0.0037711569999999695,-0.00779343499999996,0.790801801,0.803109408,-0.012307606999999998,logistics,logistics,True,logistics,28844.094585118,28844.094585118,36474.492786024,35915.523198357,0.0,558.9695876670012,0.0,0.015443585410057414,-0.015443585410057414,0.803109408313938,0.7908018009826924,0.803109408313938,0.7908018009826924,-0.012307607331245585,0.0,-0.012307607331245585,0.0
phase_083,2026200007,command_constrained,0.3,1.5,logistics,True,56.0,-4.894000000033039e-06,-2.534000000053993e-06,-0.08070174100000005,-0.21807877499999995,-0.287354699,1.0,1.0,0.0,logistics,logistics,True,logistics,63828.195776189,36742.29943373,33868.900373467,35815.159974095,27085.896342459004,-1946.259600628,0.552266368305449,-0.055874066524330065,0.608140434829779,1.0,1.0,1.0,1.0,0.0,0.0,0.0,0.0
phase_083,2026200009,command_constrained,0.3,1.5,logistics,False,,0.012522460000000013,0.03729222700000001,0.04387119400000006,0.005176406000000022,-0.08920657499999995,0.738047503,0.788356933,-0.05030942999999999,logistics,logistics,True,logistics,26254.436970815,26254.436970815,35572.828124204,33302.728599454,0.0,2270.099524750003,0.0,0.06594275793949682,-0.06594275793949682,0.7883569327483108,0.7380475029746453,0.7883569327483108,0.7380475029746453,-0.05030942977366548,0.0,-0.05030942977366548,0.0
phase_083,2026200010,command_constrained,0.3,1.5,logistics,False,,0.0070360859999999414,0.025471032000000005,0.04420307099999998,0.057453742000000085,0.07612433699999999,0.94756381,0.999999996,-0.052436185999999996,logistics,logistics,True,logistics,36669.602929356,36669.602929356,38698.82171017,36669.603087261,0.0,2029.2186229090003,0.0,0.053860994690825226,-0.053860994690825226,0.9999999956938448,0.947563809668119,0.9999999956938448,0.947563809668119,-0.05243618602572575,0.0,-0.05243618602572575,0.0
phase_083,2026200011,command_constrained,0.3,1.5,logistics,True,14.0,8.686199999996536e-05,0.013483613000000005,0.006557358999999985,0.025495111999999986,0.02814016099999994,0.754080266,0.798173989,-0.04409372300000003,logistics,logistics,True,logistics,27965.822588889,27965.822588889,37086.002445368,35037.251247808,0.0,2048.751197559999,0.0,0.05682778897602371,-0.05682778897602371,0.7981739889095494,0.7540802660002494,0.7981739889095494,0.7540802660002494,-0.044093722909300026,0.0,-0.044093722909300026,0.0
phase_084,2026200000,command_constrained,0.3,2.0,logistics,False,,0.025476743000000024,0.06533269499999994,0.06133691299999999,0.017114418999999992,-0.13036373300000004,1.0,1.0,0.0,logistics,logistics,True,logistics,68830.356957156,69471.364511684,39681.589077703,37093.9821459,-641.0075545280124,2587.6069318029986,-0.009269763785769004,0.06743257878939342,-0.07670234257516242,1.0,1.0,1.0,1.0,0.0,0.0,0.0,0.0
phase_084,2026200001,command_constrained,0.3,2.0,command,True,14.0,3.0389999999824724e-06,0.010999472999999926,-0.016992818000000076,-0.11845931700000001,-0.130176921,1.0,0.814535149,0.185464851,logistics,logistics,True,logistics,70116.780196619,31056.709474518,40814.964736055,38128.13912497,39060.070722101,2686.825611084998,0.814347269352888,0.06809622766606946,0.7462510416868186,0.8145351487709783,1.0,1.0,0.760914769260678,0.18546485122902168,0.18546485122902168,-0.0536203795103003,0.0536203795103003
phase_084,2026200002,command_constrained,0.3,2.0,logistics,True,14.0,0.006126781000000081,0.007651700000000039,0.23254465600000007,0.327617296,0.012461712999999985,0.925257656,0.999996482,-0.07473882600000004,logistics,logistics,True,logistics,32938.671415226,32938.671415226,35599.458371529,32938.787309879,0.0,2660.6710616499986,0.0,0.07767951450962252,-0.07767951450962252,0.9999964815142736,0.9252576562111129,0.9999964815142736,0.9252576562111129,-0.07473882530316067,0.0,-0.07473882530316067,0.0
phase_084,2026200003,command_constrained,0.3,2.0,logistics,True,7.0,4.051000000004912e-06,-0.03940462999999994,4.653200000004354e-05,0.05101834900000002,0.03237788399999997,0.728192549,0.796521671,-0.06832912200000008,logistics,logistics,True,logistics,28695.736271887,27682.410549656,39406.797436563,34754.12102607,1013.3257222309985,4652.676410492997,0.03595133648482087,0.12564016953625246,-0.08968883305143158,0.7965216708801434,0.7281925489652223,0.8256786655706687,0.7024780583659228,-0.06832912191492102,0.02915699469052535,-0.09404361251422055,-0.0034425040912258176
phase_009,2026200003,forcegen_constrained,0.15,0.25,logistics,False,,1.4799999999981495e-06,0.001836498999999936,0.0009439410000000592,0.01637051299999992,0.008603383000000075,0.989270957,1.0,-0.010729042999999994,logistics,logistics,True,logistics,40557.091221297,42682.806499944,40996.949254151,41071.33426804,-2125.7152786470033,-74.38501388900477,-0.05108553980511467,-0.0018127595964302213,-0.04927278020868445,1.0,0.989270956964939,0.9874792709828479,1.0,-0.010729043035060948,-0.012520729017152066,0.0,0.001791685982091118
