cell_id,factor_structure,factor_capacity_level,factor_support_intensity,seed,horizon_days,control_capability,withdrawn_capability,supported_capability,supported_vs_control,retained_vs_control,dependency_gap
phase_002,forcegen_constrained,0.1,0.25,2026200000,7,0.867894486,0.875736273,0.876961731,0.009067245000000002,0.007841787000000044,0.001225457999999957
phase_002,forcegen_constrained,0.1,0.25,2026200000,30,0.866305989,0.802274549,0.806255647,-0.060050342000000034,-0.06403144000000005,0.003981098000000016
phase_002,forcegen_constrained,0.1,0.25,2026200000,90,0.832195342,0.741195418,0.74658596,-0.08560938200000001,-0.09099992400000001,0.005390541999999998
phase_002,forcegen_constrained,0.1,0.25,2026200000,180,0.839252861,0.69624048,0.701057521,-0.13819534,-0.1430123809999999,0.004817040999999911
phase_002,forcegen_constrained,0.1,0.25,2026200000,360,0.558588152,0.616333805,0.620106245,0.061518092999999996,0.05774565300000001,0.003772439999999988
phase_002,forcegen_constrained,0.1,0.25,2026200001,7,0.888102627,0.887051147,0.887492778,-0.0006098489999999401,-0.0010514799999999935,0.0004416310000000534
phase_002,forcegen_constrained,0.1,0.25,2026200001,30,0.865620482,0.846127517,0.84792431,-0.017696171999999954,-0.019492964999999973,0.0017967930000000187
phase_002,forcegen_constrained,0.1,0.25,2026200001,90,0.850569353,0.820964632,0.85377368,0.0032043269999999513,-0.029604721,0.03280904799999995
phase_002,forcegen_constrained,0.1,0.25,2026200001,180,0.764614798,0.85127769,0.855532885,0.09091808700000004,0.08666289199999999,0.004255195000000045
phase_002,forcegen_constrained,0.1,0.25,2026200001,360,0.731066842,0.728805008,0.640917214,-0.09014962800000004,-0.002261834000000018,-0.08788779400000002
phase_002,forcegen_constrained,0.1,0.25,2026200002,7,0.862425875,0.828189399,0.828683176,-0.03374269900000004,-0.034236476000000016,0.000493776999999973
phase_002,forcegen_constrained,0.1,0.25,2026200002,30,0.805413463,0.800781024,0.805410564,-2.899000000056162e-06,-0.004632439000000099,0.004629540000000043
phase_002,forcegen_constrained,0.1,0.25,2026200002,90,0.729545149,0.751897938,0.759708874,0.030163724999999975,0.02235278900000004,0.007810935999999935
phase_002,forcegen_constrained,0.1,0.25,2026200002,180,0.5353503,0.706520437,0.702749209,0.1673989090000001,0.17117013700000006,-0.00377122799999996
phase_002,forcegen_constrained,0.1,0.25,2026200002,360,0.448678018,0.71098148,0.703188053,0.25451003499999997,0.26230346200000004,-0.007793427000000075
phase_002,forcegen_constrained,0.1,0.25,2026200003,7,0.887513405,0.903485704,0.903487178,0.015973773000000024,0.015972298999999968,1.4740000000568187e-06
phase_002,forcegen_constrained,0.1,0.25,2026200003,30,0.835018106,0.881641194,0.883477682,0.04845957599999995,0.046623087999999924,0.001836488000000025
phase_002,forcegen_constrained,0.1,0.25,2026200003,90,0.767529237,0.858631227,0.859575126,0.09204588899999999,0.09110199000000008,0.0009438989999999148
phase_002,forcegen_constrained,0.1,0.25,2026200003,180,0.742080953,0.798445924,0.814816359,0.07273540600000006,0.05636497100000004,0.016370435000000017
phase_002,forcegen_constrained,0.1,0.25,2026200003,360,0.736001368,0.718007084,0.726610513,-0.009390855000000031,-0.017994284000000027,0.008603428999999996
phase_002,forcegen_constrained,0.1,0.25,2026200004,7,0.89978823,0.899791331,0.899792137,3.907000000080707e-06,3.1010000000053495e-06,8.060000000753575e-07
phase_002,forcegen_constrained,0.1,0.25,2026200004,30,0.900143279,0.857682563,0.868090201,-0.03205307800000001,-0.04246071600000001,0.010407637999999997
phase_002,forcegen_constrained,0.1,0.25,2026200004,90,0.847262689,0.830750949,0.844523179,-0.002739510000000056,-0.016511739999999997,0.013772229999999941
phase_002,forcegen_constrained,0.1,0.25,2026200004,180,0.791474352,0.741001318,0.761506921,-0.0299674310000001,-0.05047303400000003,0.020505602999999928
phase_002,forcegen_constrained,0.1,0.25,2026200004,360,0.464139238,0.748404664,0.747192543,0.28305330500000003,0.28426542600000004,-0.0012121210000000104
phase_002,forcegen_constrained,0.1,0.25,2026200005,7,0.87319467,0.872503292,0.872862138,-0.000332531999999941,-0.0006913779999999647,0.00035884600000002376
phase_002,forcegen_constrained,0.1,0.25,2026200005,30,0.856247751,0.85822535,0.859450913,0.003203162000000037,0.001977599000000052,0.001225562999999985
phase_002,forcegen_constrained,0.1,0.25,2026200005,90,0.760240915,0.791306103,0.795791897,0.03555098199999995,0.03106518800000002,0.004485793999999932
phase_002,forcegen_constrained,0.1,0.25,2026200005,180,0.726265531,0.757887844,0.819848796,0.09358326500000003,0.03162231299999996,0.06196095200000007
phase_002,forcegen_constrained,0.1,0.25,2026200005,360,0.694614971,0.689610679,0.708780997,0.014166025999999943,-0.005004292000000077,0.01917031800000002
phase_002,forcegen_constrained,0.1,0.25,2026200006,7,0.878571982,0.86723161,0.86763653,-0.010935452000000012,-0.011340371999999932,0.0004049199999999198
phase_002,forcegen_constrained,0.1,0.25,2026200006,30,0.802088123,0.802291972,0.803641209,0.0015530860000000368,0.0002038490000000337,0.0013492370000000031
phase_002,forcegen_constrained,0.1,0.25,2026200006,90,0.841156274,0.835372137,0.834325989,-0.006830285000000047,-0.0057841370000000225,-0.0010461480000000245
phase_002,forcegen_constrained,0.1,0.25,2026200006,180,0.789141915,0.780907448,0.750319461,-0.03882245399999995,-0.008234466999999968,-0.030587986999999983
phase_002,forcegen_constrained,0.1,0.25,2026200006,360,0.717910942,0.74269693,0.752978242,0.03506729999999991,0.02478598799999998,0.010281311999999931
phase_002,forcegen_constrained,0.1,0.25,2026200007,7,0.897225909,0.882114599,0.887802869,-0.009423039999999938,-0.015111309999999989,0.005688270000000051
phase_002,forcegen_constrained,0.1,0.25,2026200007,30,0.903798526,0.90068261,0.894097617,-0.00970090899999998,-0.003115915999999941,-0.006584993000000039
phase_002,forcegen_constrained,0.1,0.25,2026200007,90,0.904554498,0.884881571,0.895376836,-0.00917766200000003,-0.019672927000000007,0.010495264999999976
phase_002,forcegen_constrained,0.1,0.25,2026200007,180,0.849546011,0.844977004,0.849256016,-0.00028999500000004286,-0.004569007000000069,0.0042790120000000265
phase_002,forcegen_constrained,0.1,0.25,2026200007,360,0.48277317,0.749064592,0.748262798,0.265489628,0.266291422,-0.0008017940000000223
phase_002,forcegen_constrained,0.1,0.25,2026200008,7,0.896816274,0.903164411,0.903165465,0.006349190999999976,0.0063481370000000314,1.0539999999448213e-06
phase_002,forcegen_constrained,0.1,0.25,2026200008,30,0.900693828,0.903582355,0.903585164,0.002891336000000022,0.002888526999999974,2.809000000048023e-06
phase_002,forcegen_constrained,0.1,0.25,2026200008,90,0.832892116,0.815787222,0.817547156,-0.015344959999999963,-0.017104894000000037,0.001759934000000074
phase_002,forcegen_constrained,0.1,0.25,2026200008,180,0.777261311,0.766815373,0.766662187,-0.01059912399999996,-0.010445937999999932,-0.00015318600000002736
phase_002,forcegen_constrained,0.1,0.25,2026200008,360,0.727116341,0.743044727,0.746260237,0.019143895999999994,0.015928386000000017,0.003215509999999977
phase_002,forcegen_constrained,0.1,0.25,2026200009,7,0.886742268,0.880373208,0.880841793,-0.005900475000000016,-0.0063690600000000375,0.00046858500000002135
phase_002,forcegen_constrained,0.1,0.25,2026200009,30,0.887217977,0.872341447,0.884075368,-0.003142609000000074,-0.014876529999999999,0.011733920999999925
phase_002,forcegen_constrained,0.1,0.25,2026200009,90,0.834016777,0.835321503,0.838703591,0.004686814000000039,0.0013047259999999783,0.003382088000000061
phase_002,forcegen_constrained,0.1,0.25,2026200009,180,0.761343014,0.749360079,0.791458373,0.030115358999999953,-0.011982935000000028,0.04209829399999998
phase_002,forcegen_constrained,0.1,0.25,2026200009,360,0.808038013,0.73056116,0.807492436,-0.0005455770000000193,-0.07747685299999996,0.07693127599999994
phase_002,forcegen_constrained,0.1,0.25,2026200010,7,0.901493392,0.858752637,0.859465686,-0.042027706000000054,-0.042740754999999964,0.0007130489999999101
phase_002,forcegen_constrained,0.1,0.25,2026200010,30,0.851367875,0.815374337,0.817486484,-0.03388139099999998,-0.03599353800000005,0.002112147000000064
phase_002,forcegen_constrained,0.1,0.25,2026200010,90,0.873045635,0.628782349,0.634641894,-0.23840374099999995,-0.24426328600000002,0.005859545000000077
phase_002,forcegen_constrained,0.1,0.25,2026200010,180,0.805177376,0.55158005,0.556390004,-0.2487873719999999,-0.25359732599999996,0.004809954000000061
phase_002,forcegen_constrained,0.1,0.25,2026200010,360,0.807002273,0.461241294,0.465933347,-0.34106892600000005,-0.345760979,0.004692052999999974
phase_002,forcegen_constrained,0.1,0.25,2026200011,7,0.861425627,0.901892142,0.901893138,0.04046751100000001,0.04046651499999998,9.96000000030861e-07
phase_002,forcegen_constrained,0.1,0.25,2026200011,30,0.852008483,0.888213348,0.889569518,0.037561034999999965,0.036204864999999975,0.0013561699999999899
phase_002,forcegen_constrained,0.1,0.25,2026200011,90,0.822125656,0.84038059,0.840928965,0.018803309000000046,0.018254934,0.0005483750000000454
phase_002,forcegen_constrained,0.1,0.25,2026200011,180,0.806165947,0.831361984,0.836666269,0.03050032199999997,0.02519603700000006,0.005304284999999909
phase_002,forcegen_constrained,0.1,0.25,2026200011,360,0.81830872,0.844337632,0.834774967,0.01646624699999999,0.026028912000000015,-0.009562665000000026
phase_003,forcegen_constrained,0.1,0.5,2026200000,7,0.867894486,0.874933086,0.877339192,0.009444706000000025,0.007038600000000006,0.002406106000000019
phase_003,forcegen_constrained,0.1,0.5,2026200000,30,0.866305989,0.799240142,0.807409527,-0.05889646199999998,-0.06706584699999996,0.008169384999999973
phase_003,forcegen_constrained,0.1,0.5,2026200000,90,0.832195342,0.737629562,0.748527358,-0.08366798399999997,-0.09456578000000004,0.01089779600000007
phase_003,forcegen_constrained,0.1,0.5,2026200000,180,0.839252861,0.692723354,0.701476797,-0.13777606399999998,-0.146529507,0.008753443000000027
phase_003,forcegen_constrained,0.1,0.5,2026200000,360,0.558588152,0.612622796,0.619722778,0.06113462599999997,0.05403464400000002,0.007099981999999949
phase_003,forcegen_constrained,0.1,0.5,2026200001,7,0.888102627,0.885668425,0.886548947,-0.0015536800000000017,-0.0024342019999999964,0.0008805219999999947
phase_003,forcegen_constrained,0.1,0.5,2026200001,30,0.865620482,0.846598771,0.850114157,-0.015506324999999932,-0.01902171099999994,0.0035153860000000092
phase_003,forcegen_constrained,0.1,0.5,2026200001,90,0.850569353,0.829607017,0.847355805,-0.003213548000000066,-0.02096233600000008,0.017748788000000015
phase_003,forcegen_constrained,0.1,0.5,2026200001,180,0.764614798,0.759674615,0.761021778,-0.003593019999999947,-0.004940182999999987,0.00134716300000004
phase_003,forcegen_constrained,0.1,0.5,2026200001,360,0.731066842,0.72602802,0.733576664,0.0025098219999999394,-0.005038822000000054,0.007548643999999993
phase_003,forcegen_constrained,0.1,0.5,2026200002,7,0.862425875,0.834802856,0.835754904,-0.026670971000000043,-0.02762301899999997,0.0009520479999999276
phase_003,forcegen_constrained,0.1,0.5,2026200002,30,0.805413463,0.79910724,0.80503795,-0.0003755130000000495,-0.006306223000000055,0.005930710000000006
phase_003,forcegen_constrained,0.1,0.5,2026200002,90,0.729545149,0.749389043,0.757628264,0.028083115000000047,0.019843893999999973,0.008239221000000074
phase_003,forcegen_constrained,0.1,0.5,2026200002,180,0.5353503,0.704108725,0.701707797,0.16635749700000002,0.16875842500000005,-0.0024009280000000244
phase_003,forcegen_constrained,0.1,0.5,2026200002,360,0.448678018,0.709022595,0.693512607,0.24483458899999994,0.26034457699999997,-0.01550998800000003
phase_003,forcegen_constrained,0.1,0.5,2026200003,7,0.887513405,0.903505637,0.903507922,0.015994516999999986,0.015992231999999995,2.2849999999907666e-06
phase_003,forcegen_constrained,0.1,0.5,2026200003,30,0.835018106,0.869743704,0.887618856,0.052600749999999974,0.03472559799999997,0.017875152000000005
phase_003,forcegen_constrained,0.1,0.5,2026200003,90,0.767529237,0.842730563,0.86489568,0.09736644299999997,0.07520132600000007,0.0221651169999999
phase_003,forcegen_constrained,0.1,0.5,2026200003,180,0.742080953,0.801401322,0.817079606,0.07499865299999997,0.05932036900000004,0.01567828399999993
phase_003,forcegen_constrained,0.1,0.5,2026200003,360,0.736001368,0.750195363,0.7332971,-0.0027042680000000097,0.01419399499999996,-0.01689826299999997
phase_003,forcegen_constrained,0.1,0.5,2026200004,7,0.89978823,0.899795699,0.899797941,9.71100000002334e-06,7.4690000000376955e-06,2.2419999999856444e-06
phase_003,forcegen_constrained,0.1,0.5,2026200004,30,0.900143279,0.863813583,0.875061617,-0.02508166200000006,-0.03632969600000002,0.011248033999999962
phase_003,forcegen_constrained,0.1,0.5,2026200004,90,0.847262689,0.833335322,0.879962595,0.032699905999999945,-0.013927366999999968,0.046627272999999914
phase_003,forcegen_constrained,0.1,0.5,2026200004,180,0.791474352,0.773341779,0.783429866,-0.008044486000000073,-0.01813257300000004,0.010088086999999968
phase_003,forcegen_constrained,0.1,0.5,2026200004,360,0.464139238,0.471969491,0.75736096,0.29322172199999996,0.00783025300000001,0.28539146899999995
phase_003,forcegen_constrained,0.1,0.5,2026200005,7,0.87319467,0.866954745,0.868268566,-0.004926103999999931,-0.006239924999999924,0.0013138209999999928
phase_003,forcegen_constrained,0.1,0.5,2026200005,30,0.856247751,0.82791924,0.831656265,-0.02459148599999994,-0.028328511,0.0037370250000000604
phase_003,forcegen_constrained,0.1,0.5,2026200005,90,0.760240915,0.788316006,0.792189461,0.03194854599999997,0.02807509099999994,0.0038734550000000256
phase_003,forcegen_constrained,0.1,0.5,2026200005,180,0.726265531,0.725490296,0.742956145,0.016690613999999937,-0.0007752349999999852,0.017465848999999922
phase_003,forcegen_constrained,0.1,0.5,2026200005,360,0.694614971,0.779960077,0.723434311,0.02881933999999997,0.085345106,-0.05652576600000003
phase_003,forcegen_constrained,0.1,0.5,2026200006,7,0.878571982,0.872939247,0.873710661,-0.0048613209999999185,-0.005632734999999944,0.0007714140000000258
phase_003,forcegen_constrained,0.1,0.5,2026200006,30,0.802088123,0.829979881,0.805243642,0.0031555189999999955,0.02789175799999999,-0.024736238999999993
phase_003,forcegen_constrained,0.1,0.5,2026200006,90,0.841156274,0.858481584,0.842106875,0.0009506009999999954,0.017325309999999927,-0.016374708999999932
phase_003,forcegen_constrained,0.1,0.5,2026200006,180,0.789141915,0.77057107,0.74446807,-0.044673844999999934,-0.018570844999999947,-0.026102999999999987
phase_003,forcegen_constrained,0.1,0.5,2026200006,360,0.717910942,0.708600339,0.734117375,0.01620643299999991,-0.009310603000000084,0.025517035999999993
phase_003,forcegen_constrained,0.1,0.5,2026200007,7,0.897225909,0.897157267,0.903431239,0.006205330000000009,-6.864200000000764e-05,0.0062739720000000165
phase_003,forcegen_constrained,0.1,0.5,2026200007,30,0.903798526,0.870117358,0.903814646,1.612000000006386e-05,-0.033681167999999984,0.03369728800000005
phase_003,forcegen_constrained,0.1,0.5,2026200007,90,0.904554498,0.87096565,0.871421328,-0.033133169999999934,-0.03358884799999995,0.0004556780000000149
phase_003,forcegen_constrained,0.1,0.5,2026200007,180,0.849546011,0.899027422,0.900737606,0.05119159499999992,0.04948141099999992,0.0017101840000000035
phase_003,forcegen_constrained,0.1,0.5,2026200007,360,0.48277317,0.804328336,0.846603679,0.363830509,0.321555166,0.04227534300000002
phase_003,forcegen_constrained,0.1,0.5,2026200008,7,0.896816274,0.867665957,0.868506944,-0.02830933000000002,-0.029150316999999926,0.0008409869999999042
phase_003,forcegen_constrained,0.1,0.5,2026200008,30,0.900693828,0.894548085,0.896340282,-0.00435354599999993,-0.006145742999999926,0.0017921969999999954
phase_003,forcegen_constrained,0.1,0.5,2026200008,90,0.832892116,0.797539228,0.799054254,-0.03383786200000005,-0.03535288800000003,0.001515025999999975
phase_003,forcegen_constrained,0.1,0.5,2026200008,180,0.777261311,0.747430993,0.776554731,-0.0007065799999999012,-0.02983031799999991,0.02912373800000001
phase_003,forcegen_constrained,0.1,0.5,2026200008,360,0.727116341,0.708231546,0.742695941,0.015579600000000027,-0.018884794999999954,0.03446439499999998
phase_003,forcegen_constrained,0.1,0.5,2026200009,7,0.886742268,0.898803384,0.899534718,0.012792449999999955,0.012061116000000038,0.0007313339999999169
phase_003,forcegen_constrained,0.1,0.5,2026200009,30,0.887217977,0.896387936,0.898724866,0.011506888999999965,0.00916995899999995,0.002336930000000015
phase_003,forcegen_constrained,0.1,0.5,2026200009,90,0.834016777,0.880915197,0.883654042,0.049637264999999986,0.046898419999999996,0.0027388449999999898
phase_003,forcegen_constrained,0.1,0.5,2026200009,180,0.761343014,0.792822633,0.836375878,0.07503286399999998,0.03147961899999996,0.04355324500000002
phase_003,forcegen_constrained,0.1,0.5,2026200009,360,0.808038013,0.790320921,0.820619271,0.012581257999999984,-0.017717092000000045,0.03029835000000003
phase_003,forcegen_constrained,0.1,0.5,2026200010,7,0.901493392,0.900033109,0.901406068,-8.732399999999974e-05,-0.0014602830000000067,0.001372959000000007
phase_003,forcegen_constrained,0.1,0.5,2026200010,30,0.851367875,0.838744302,0.843669018,-0.007698856999999948,-0.012623572999999944,0.004924715999999996
phase_003,forcegen_constrained,0.1,0.5,2026200010,90,0.873045635,0.651147277,0.661241585,-0.21180405000000002,-0.22189835800000002,0.010094307999999996
phase_003,forcegen_constrained,0.1,0.5,2026200010,180,0.805177376,0.569399274,0.580735342,-0.22444203399999996,-0.23577810199999993,0.011336067999999977
phase_003,forcegen_constrained,0.1,0.5,2026200010,360,0.807002273,0.481635551,0.487007418,-0.319994855,-0.32536672200000005,0.00537186700000003
phase_003,forcegen_constrained,0.1,0.5,2026200011,7,0.861425627,0.863298251,0.86480446,0.00337883299999997,0.0018726239999999894,0.0015062089999999806
phase_003,forcegen_constrained,0.1,0.5,2026200011,30,0.852008483,0.867562244,0.870557988,0.018549504999999966,0.015553761000000055,0.0029957439999999114
phase_003,forcegen_constrained,0.1,0.5,2026200011,90,0.822125656,0.851422457,0.852510063,0.030384407000000002,0.029296800999999983,0.0010876060000000187
phase_003,forcegen_constrained,0.1,0.5,2026200011,180,0.806165947,0.847804784,0.844527362,0.03836141500000001,0.04163883700000004,-0.00327742200000003
phase_003,forcegen_constrained,0.1,0.5,2026200011,360,0.81830872,0.73035511,0.803390764,-0.01491795600000001,-0.08795361000000002,0.073035654
phase_004,forcegen_constrained,0.1,0.75,2026200000,7,0.867894486,0.87286592,0.876418235,0.00852374900000008,0.004971433999999997,0.0035523150000000836
phase_004,forcegen_constrained,0.1,0.75,2026200000,30,0.866305989,0.794300748,0.805719677,-0.060586311999999976,-0.07200524100000005,0.011418929000000078
phase_004,forcegen_constrained,0.1,0.75,2026200000,90,0.832195342,0.731638163,0.747183739,-0.08501160299999999,-0.10055717900000005,0.015545576000000061
phase_004,forcegen_constrained,0.1,0.75,2026200000,180,0.839252861,0.686700886,0.700829509,-0.138423352,-0.15255197499999995,0.014128622999999951
phase_004,forcegen_constrained,0.1,0.75,2026200000,360,0.558588152,0.607344548,0.619102147,0.06051399499999999,0.048756396000000035,0.011757598999999952
phase_004,forcegen_constrained,0.1,0.75,2026200001,7,0.888102627,0.885666131,0.890110844,0.002008216999999979,-0.0024364959999999547,0.0044447129999999335
phase_004,forcegen_constrained,0.1,0.75,2026200001,30,0.865620482,0.851517752,0.856541627,-0.009078854999999941,-0.014102729999999952,0.005023875000000011
phase_004,forcegen_constrained,0.1,0.75,2026200001,90,0.850569353,0.835941157,0.844892721,-0.005676632000000015,-0.014628195999999982,0.008951563999999967
phase_004,forcegen_constrained,0.1,0.75,2026200001,180,0.764614798,0.851586864,0.762322542,-0.002292255999999937,0.08697206600000007,-0.08926432200000001
phase_004,forcegen_constrained,0.1,0.75,2026200001,360,0.731066842,0.722873684,0.731737635,0.0006707929999999473,-0.00819315800000009,0.008863951000000037
phase_004,forcegen_constrained,0.1,0.75,2026200002,7,0.862425875,0.83569056,0.83705685,-0.025369025000000045,-0.026735315000000037,0.0013662899999999922
phase_004,forcegen_constrained,0.1,0.75,2026200002,30,0.805413463,0.807740906,0.812605967,0.007192503999999933,0.0023274429999999846,0.004865060999999948
phase_004,forcegen_constrained,0.1,0.75,2026200002,90,0.729545149,0.756271297,0.759869758,0.030324609000000002,0.02672614799999995,0.0035984610000000528
phase_004,forcegen_constrained,0.1,0.75,2026200002,180,0.5353503,0.700402559,0.699310977,0.16396067700000005,0.1650522590000001,-0.0010915820000000354
phase_004,forcegen_constrained,0.1,0.75,2026200002,360,0.448678018,0.728073079,0.722600957,0.27392293900000003,0.27939506099999994,-0.005472121999999913
phase_004,forcegen_constrained,0.1,0.75,2026200003,7,0.887513405,0.903504307,0.903510268,0.015996863000000028,0.015990901999999974,5.961000000054284e-06
phase_004,forcegen_constrained,0.1,0.75,2026200003,30,0.835018106,0.882479287,0.874451399,0.03943329299999998,0.04746118099999996,-0.008027887999999983
phase_004,forcegen_constrained,0.1,0.75,2026200003,90,0.767529237,0.854241678,0.849446322,0.08191708500000006,0.08671244099999997,-0.004795355999999917
phase_004,forcegen_constrained,0.1,0.75,2026200003,180,0.742080953,0.790296975,0.807374256,0.06529330300000002,0.04821602199999997,0.017077281000000055
phase_004,forcegen_constrained,0.1,0.75,2026200003,360,0.736001368,0.817735494,0.822106074,0.08610470599999998,0.08173412599999996,0.004370580000000013
phase_004,forcegen_constrained,0.1,0.75,2026200004,7,0.89978823,0.899922917,0.899926643,0.0001384130000000594,0.00013468700000007772,3.7259999999816884e-06
phase_004,forcegen_constrained,0.1,0.75,2026200004,30,0.900143279,0.900285363,0.900291448,0.0001481690000000313,0.00014208399999993127,6.085000000100038e-06
phase_004,forcegen_constrained,0.1,0.75,2026200004,90,0.847262689,0.873549379,0.87355305,0.02629036100000004,0.026286689999999946,3.6710000000939047e-06
phase_004,forcegen_constrained,0.1,0.75,2026200004,180,0.791474352,0.841998143,0.847261215,0.05578686299999991,0.05052379099999993,0.00526307199999998
phase_004,forcegen_constrained,0.1,0.75,2026200004,360,0.464139238,0.377002131,0.428150463,-0.03598877500000003,-0.08713710699999999,0.05114833199999996
phase_004,forcegen_constrained,0.1,0.75,2026200005,7,0.87319467,0.873827747,0.874880385,0.001685715000000032,0.0006330770000000374,0.0010526379999999946
phase_004,forcegen_constrained,0.1,0.75,2026200005,30,0.856247751,0.851488007,0.855148782,-0.0010989689999999497,-0.004759743999999899,0.0036607749999999495
phase_004,forcegen_constrained,0.1,0.75,2026200005,90,0.760240915,0.824991644,0.826214528,0.06597361299999993,0.064750729,0.0012228839999999241
phase_004,forcegen_constrained,0.1,0.75,2026200005,180,0.726265531,0.783425829,0.778475375,0.05220984399999995,0.057160298,-0.0049504540000000485
phase_004,forcegen_constrained,0.1,0.75,2026200005,360,0.694614971,0.724499038,0.770994934,0.07637996299999994,0.029884067000000014,0.046495895999999926
phase_004,forcegen_constrained,0.1,0.75,2026200006,7,0.878571982,0.900373505,0.900376334,0.02180435199999997,0.021801523000000045,2.8289999999264737e-06
phase_004,forcegen_constrained,0.1,0.75,2026200006,30,0.802088123,0.893099371,0.877890881,0.07580275800000003,0.09101124800000004,-0.015208490000000019
phase_004,forcegen_constrained,0.1,0.75,2026200006,90,0.841156274,0.815477886,0.810152538,-0.03100373600000006,-0.025678387999999996,-0.005325348000000063
phase_004,forcegen_constrained,0.1,0.75,2026200006,180,0.789141915,0.762978447,0.667730189,-0.12141172599999994,-0.026163468000000023,-0.09524825799999992
phase_004,forcegen_constrained,0.1,0.75,2026200006,360,0.717910942,0.796008051,0.514035362,-0.20387558000000006,0.078097109,-0.28197268900000005
phase_004,forcegen_constrained,0.1,0.75,2026200007,7,0.897225909,0.901320327,0.902780661,0.005554751999999996,0.004094417999999989,0.0014603340000000076
phase_004,forcegen_constrained,0.1,0.75,2026200007,30,0.903798526,0.903813807,0.903823049,2.4522999999998518e-05,1.528100000003363e-05,9.24199999996489e-06
phase_004,forcegen_constrained,0.1,0.75,2026200007,90,0.904554498,0.850509466,0.85900425,-0.04555024799999996,-0.05404503199999999,0.008494784000000033
phase_004,forcegen_constrained,0.1,0.75,2026200007,180,0.849546011,0.865039542,0.905742698,0.05619668699999991,0.01549353099999995,0.04070315599999996
phase_004,forcegen_constrained,0.1,0.75,2026200007,360,0.48277317,0.768091793,0.833143579,0.35037040900000005,0.285318623,0.06505178600000006
phase_004,forcegen_constrained,0.1,0.75,2026200008,7,0.896816274,0.894947064,0.896000805,-0.0008154689999999576,-0.0018692099999999545,0.001053740999999997
phase_004,forcegen_constrained,0.1,0.75,2026200008,30,0.900693828,0.896671138,0.898734187,-0.001959641000000012,-0.0040226899999999954,0.0020630489999999835
phase_004,forcegen_constrained,0.1,0.75,2026200008,90,0.832892116,0.830458968,0.833602216,0.0007100999999999358,-0.0024331480000000516,0.0031432479999999874
phase_004,forcegen_constrained,0.1,0.75,2026200008,180,0.777261311,0.752975207,0.774275409,-0.0029859019999999292,-0.024286103999999975,0.021300202000000046
phase_004,forcegen_constrained,0.1,0.75,2026200008,360,0.727116341,0.550325399,0.726658185,-0.00045815599999998735,-0.176790942,0.17633278600000002
phase_004,forcegen_constrained,0.1,0.75,2026200009,7,0.886742268,0.898593584,0.899838013,0.013095744999999992,0.011851316,0.0012444289999999913
phase_004,forcegen_constrained,0.1,0.75,2026200009,30,0.887217977,0.89377429,0.896621611,0.009403633999999994,0.006556312999999925,0.0028473210000000693
phase_004,forcegen_constrained,0.1,0.75,2026200009,90,0.834016777,0.841045963,0.866849387,0.03283261000000004,0.007029186000000021,0.02580342400000002
phase_004,forcegen_constrained,0.1,0.75,2026200009,180,0.761343014,0.708645867,0.813928093,0.05258507899999998,-0.052697147000000055,0.10528222600000003
phase_004,forcegen_constrained,0.1,0.75,2026200009,360,0.808038013,0.765388202,0.725849173,-0.08218884000000004,-0.04264981099999998,-0.03953902900000006
phase_004,forcegen_constrained,0.1,0.75,2026200010,7,0.901493392,0.871530435,0.873138001,-0.028355390999999952,-0.029962956999999957,0.0016075660000000047
phase_004,forcegen_constrained,0.1,0.75,2026200010,30,0.851367875,0.841755487,0.846241315,-0.005126560000000002,-0.009612387999999972,0.0044858279999999695
phase_004,forcegen_constrained,0.1,0.75,2026200010,90,0.873045635,0.771995058,0.777912447,-0.09513318800000004,-0.10105057699999997,0.00591738899999994
phase_004,forcegen_constrained,0.1,0.75,2026200010,180,0.805177376,0.790578733,0.790887983,-0.014289392999999984,-0.014598642999999911,0.00030924999999992764
phase_004,forcegen_constrained,0.1,0.75,2026200010,360,0.807002273,0.748292174,0.743650912,-0.06335136100000005,-0.058710099000000016,-0.004641262000000035
phase_004,forcegen_constrained,0.1,0.75,2026200011,7,0.861425627,0.862757244,0.865006984,0.0035813569999999517,0.0013316169999999516,0.00224974
phase_004,forcegen_constrained,0.1,0.75,2026200011,30,0.852008483,0.864972078,0.869496614,0.017488131000000018,0.012963594999999994,0.004524536000000023
phase_004,forcegen_constrained,0.1,0.75,2026200011,90,0.822125656,0.851924731,0.854920461,0.03279480499999998,0.029799075000000008,0.0029957299999999742
phase_004,forcegen_constrained,0.1,0.75,2026200011,180,0.806165947,0.856527131,0.853467589,0.04730164199999998,0.050361184,-0.003059542000000026
phase_004,forcegen_constrained,0.1,0.75,2026200011,360,0.81830872,0.836959226,0.845751194,0.027442473999999994,0.018650505999999956,0.008791968000000039
phase_005,forcegen_constrained,0.1,1.0,2026200000,7,0.867894486,0.875976189,0.880143781,0.012249295000000049,0.008081702999999996,0.004167592000000053
phase_005,forcegen_constrained,0.1,1.0,2026200000,30,0.866305989,0.787194849,0.801315374,-0.06499061500000003,-0.07911113999999997,0.01412052499999994
phase_005,forcegen_constrained,0.1,1.0,2026200000,90,0.832195342,0.716749163,0.736180676,-0.09601466599999997,-0.11544617899999998,0.01943151300000001
phase_005,forcegen_constrained,0.1,1.0,2026200000,180,0.839252861,0.673832159,0.691248912,-0.1480039489999999,-0.16542070199999992,0.017416753000000007
phase_005,forcegen_constrained,0.1,1.0,2026200000,360,0.558588152,0.600754911,0.613668405,0.05508025299999997,0.042166759,0.01291349399999997
phase_005,forcegen_constrained,0.1,1.0,2026200001,7,0.888102627,0.886995716,0.892773707,0.00467108000000005,-0.0011069109999999327,0.005777990999999982
phase_005,forcegen_constrained,0.1,1.0,2026200001,30,0.865620482,0.85721123,0.839246678,-0.026373804,-0.008409251999999978,-0.017964552000000023
phase_005,forcegen_constrained,0.1,1.0,2026200001,90,0.850569353,0.832267656,0.838761088,-0.011808264999999984,-0.01830169700000006,0.006493432000000077
phase_005,forcegen_constrained,0.1,1.0,2026200001,180,0.764614798,0.811377783,0.804548735,0.03993393700000003,0.04676298499999998,-0.006829047999999949
phase_005,forcegen_constrained,0.1,1.0,2026200001,360,0.731066842,0.753111782,0.729428939,-0.0016379029999999961,0.022044939999999902,-0.023682842999999898
phase_005,forcegen_constrained,0.1,1.0,2026200002,7,0.862425875,0.833778587,0.836139334,-0.026286541000000052,-0.02864728800000005,0.0023607469999999964
phase_005,forcegen_constrained,0.1,1.0,2026200002,30,0.805413463,0.795979478,0.80488397,-0.0005294930000000475,-0.009433985000000034,0.008904491999999986
phase_005,forcegen_constrained,0.1,1.0,2026200002,90,0.729545149,0.746037821,0.75710386,0.027558710999999958,0.01649267200000004,0.011066038999999916
phase_005,forcegen_constrained,0.1,1.0,2026200002,180,0.5353503,0.700665442,0.700510444,0.165160144,0.16531514200000008,-0.0001549980000000728
phase_005,forcegen_constrained,0.1,1.0,2026200002,360,0.448678018,0.705576331,0.699889952,0.251211934,0.25689831299999993,-0.005686378999999908
phase_005,forcegen_constrained,0.1,1.0,2026200003,7,0.887513405,0.903513237,0.903518071,0.016004666000000056,0.01599983199999999,4.83400000006462e-06
phase_005,forcegen_constrained,0.1,1.0,2026200003,30,0.835018106,0.870230046,0.876606216,0.041588109999999956,0.03521193999999994,0.006376170000000014
phase_005,forcegen_constrained,0.1,1.0,2026200003,90,0.767529237,0.839071331,0.853188964,0.08565972700000002,0.071542094,0.014117633000000018
phase_005,forcegen_constrained,0.1,1.0,2026200003,180,0.742080953,0.778333642,0.811989239,0.06990828599999999,0.036252689000000005,0.03365559699999998
phase_005,forcegen_constrained,0.1,1.0,2026200003,360,0.736001368,0.794236561,0.749046276,0.01304490799999991,0.05823519299999991,-0.045190285
phase_005,forcegen_constrained,0.1,1.0,2026200004,7,0.89978823,0.899926896,0.899931927,0.0001436970000000537,0.0001386660000000095,5.0310000000441946e-06
phase_005,forcegen_constrained,0.1,1.0,2026200004,30,0.900143279,0.900288715,0.900299083,0.00015580400000003714,0.00014543599999994328,1.0368000000093858e-05
phase_005,forcegen_constrained,0.1,1.0,2026200004,90,0.847262689,0.873551614,0.873555194,0.02629250500000002,0.02628892500000002,3.580000000003025e-06
phase_005,forcegen_constrained,0.1,1.0,2026200004,180,0.791474352,0.862386668,0.824718085,0.03324373299999994,0.07091231599999992,-0.03766858299999998
phase_005,forcegen_constrained,0.1,1.0,2026200004,360,0.464139238,0.376712657,0.361373225,-0.10276601299999999,-0.087426581,-0.015339431999999986
phase_005,forcegen_constrained,0.1,1.0,2026200005,7,0.87319467,0.874007763,0.875397334,0.002202664000000021,0.000813093000000098,0.0013895709999999228
phase_005,forcegen_constrained,0.1,1.0,2026200005,30,0.856247751,0.851711493,0.856501887,0.0002541360000000159,-0.004536257999999904,0.00479039399999992
phase_005,forcegen_constrained,0.1,1.0,2026200005,90,0.760240915,0.820648003,0.828357444,0.06811652899999998,0.06040708799999994,0.007709441000000039
phase_005,forcegen_constrained,0.1,1.0,2026200005,180,0.726265531,0.698542266,0.806755903,0.08049037199999998,-0.027723264999999997,0.10821363699999997
phase_005,forcegen_constrained,0.1,1.0,2026200005,360,0.694614971,0.721467094,0.732699259,0.038084287999999966,0.02685212299999995,0.011232165000000016
phase_005,forcegen_constrained,0.1,1.0,2026200006,7,0.878571982,0.8994076,0.900370959,0.021798976999999997,0.020835618,0.000963358999999997
phase_005,forcegen_constrained,0.1,1.0,2026200006,30,0.802088123,0.881574246,0.900737559,0.09864943599999998,0.07948612300000002,0.01916331299999996
phase_005,forcegen_constrained,0.1,1.0,2026200006,90,0.841156274,0.807007287,0.786423409,-0.054732865000000075,-0.03414898700000002,-0.020583878000000055
phase_005,forcegen_constrained,0.1,1.0,2026200006,180,0.789141915,0.808864044,0.655090186,-0.13405172899999995,0.019722129000000033,-0.15377385799999999
phase_005,forcegen_constrained,0.1,1.0,2026200006,360,0.717910942,0.754698205,0.514982452,-0.20292849000000002,0.0367872629999999,-0.23971575299999992
phase_005,forcegen_constrained,0.1,1.0,2026200007,7,0.897225909,0.903426798,0.903431862,0.006205953000000042,0.006200889000000043,5.063999999999069e-06
phase_005,forcegen_constrained,0.1,1.0,2026200007,30,0.903798526,0.903807021,0.903797968,-5.579999999838492e-07,8.494999999997255e-06,-9.052999999981104e-06
phase_005,forcegen_constrained,0.1,1.0,2026200007,90,0.904554498,0.9045569,0.904571376,1.687800000005346e-05,2.4020000000124497e-06,1.4476000000041012e-05
phase_005,forcegen_constrained,0.1,1.0,2026200007,180,0.849546011,0.838131178,0.866253903,0.016707892000000002,-0.011414833000000013,0.028122725000000015
phase_005,forcegen_constrained,0.1,1.0,2026200007,360,0.48277317,0.786894798,0.75692295,0.27414978,0.304121628,-0.029971847999999968
phase_005,forcegen_constrained,0.1,1.0,2026200008,7,0.896816274,0.869688272,0.871235821,-0.025580453000000003,-0.027128001999999984,0.0015475489999999814
phase_005,forcegen_constrained,0.1,1.0,2026200008,30,0.900693828,0.896816308,0.899886198,-0.0008076299999999481,-0.0038775199999999677,0.0030698900000000195
phase_005,forcegen_constrained,0.1,1.0,2026200008,90,0.832892116,0.779489953,0.895399338,0.06250722200000003,-0.053402163,0.11590938500000003
phase_005,forcegen_constrained,0.1,1.0,2026200008,180,0.777261311,0.729140293,0.821695327,0.044434016000000076,-0.048121017999999904,0.09255503399999998
phase_005,forcegen_constrained,0.1,1.0,2026200008,360,0.727116341,0.732096297,0.572650768,-0.15446557299999997,0.004979956000000008,-0.15944552899999997
phase_005,forcegen_constrained,0.1,1.0,2026200009,7,0.886742268,0.87853323,0.880256968,-0.006485300000000027,-0.008209037999999946,0.0017237379999999192
phase_005,forcegen_constrained,0.1,1.0,2026200009,30,0.887217977,0.871660157,0.875449292,-0.011768685000000056,-0.015557820000000055,0.003789134999999999
phase_005,forcegen_constrained,0.1,1.0,2026200009,90,0.834016777,0.822166224,0.82848461,-0.005532167000000032,-0.011850553000000041,0.006318386000000009
phase_005,forcegen_constrained,0.1,1.0,2026200009,180,0.761343014,0.684935471,0.711984427,-0.049358587000000065,-0.07640754300000008,0.027048956000000013
phase_005,forcegen_constrained,0.1,1.0,2026200009,360,0.808038013,0.724023929,0.729112171,-0.07892584199999997,-0.08401408399999999,0.005088242000000021
phase_005,forcegen_constrained,0.1,1.0,2026200010,7,0.901493392,0.901853838,0.901858819,0.00036542699999997375,0.00036044599999995874,4.981000000015001e-06
phase_005,forcegen_constrained,0.1,1.0,2026200010,30,0.851367875,0.873036123,0.879413584,0.02804570900000003,0.021668248,0.006377461000000029
phase_005,forcegen_constrained,0.1,1.0,2026200010,90,0.873045635,0.802360289,0.81024813,-0.06279750500000003,-0.07068534599999998,0.007887840999999951
phase_005,forcegen_constrained,0.1,1.0,2026200010,180,0.805177376,0.814290302,0.818864497,0.013687121000000024,0.009112926000000021,0.004574195000000003
phase_005,forcegen_constrained,0.1,1.0,2026200010,360,0.807002273,0.741605121,0.786737266,-0.020265007,-0.06539715200000007,0.04513214500000007
phase_005,forcegen_constrained,0.1,1.0,2026200011,7,0.861425627,0.862977177,0.866063763,0.004638135999999959,0.0015515499999999571,0.0030865860000000023
phase_005,forcegen_constrained,0.1,1.0,2026200011,30,0.852008483,0.862903465,0.869029767,0.017021284000000025,0.010894982000000053,0.006126301999999972
phase_005,forcegen_constrained,0.1,1.0,2026200011,90,0.822125656,0.845321492,0.850376202,0.028250545999999988,0.02319583599999997,0.005054710000000018
phase_005,forcegen_constrained,0.1,1.0,2026200011,180,0.806165947,0.841894871,0.840743649,0.03457770199999999,0.03572892400000005,-0.0011512220000000628
phase_005,forcegen_constrained,0.1,1.0,2026200011,360,0.81830872,0.838236599,0.831401533,0.013092812999999981,0.019927879000000037,-0.006835066000000056
phase_006,forcegen_constrained,0.1,1.5,2026200000,7,0.867894486,0.874293844,0.880575696,0.012681209999999998,0.006399358000000022,0.006281851999999977
phase_006,forcegen_constrained,0.1,1.5,2026200000,30,0.866305989,0.775862039,0.794650155,-0.07165583399999997,-0.09044395000000005,0.018788116000000077
phase_006,forcegen_constrained,0.1,1.5,2026200000,90,0.832195342,0.681036892,0.713387106,-0.11880823600000001,-0.15115845000000006,0.032350214000000044
phase_006,forcegen_constrained,0.1,1.5,2026200000,180,0.839252861,0.623565321,0.653436723,-0.18581613799999996,-0.21568754,0.029871402000000047
phase_006,forcegen_constrained,0.1,1.5,2026200000,360,0.558588152,0.532630521,0.556757693,-0.0018304590000000065,-0.025957631000000037,0.02412717200000003
phase_006,forcegen_constrained,0.1,1.5,2026200001,7,0.888102627,0.886534099,0.889647781,0.001545153999999993,-0.001568527999999958,0.003113681999999951
phase_006,forcegen_constrained,0.1,1.5,2026200001,30,0.865620482,0.850384412,0.859759122,-0.005861359999999927,-0.015236069999999935,0.009374710000000008
phase_006,forcegen_constrained,0.1,1.5,2026200001,90,0.850569353,0.809731449,0.803840442,-0.046728910999999984,-0.04083790399999998,-0.005891007000000004
phase_006,forcegen_constrained,0.1,1.5,2026200001,180,0.764614798,0.494860903,0.727323181,-0.037291616999999944,-0.26975389499999997,0.23246227800000002
phase_006,forcegen_constrained,0.1,1.5,2026200001,360,0.731066842,0.370878439,0.685838391,-0.04522845100000006,-0.36018840300000005,0.314959952
phase_006,forcegen_constrained,0.1,1.5,2026200002,7,0.862425875,0.835862175,0.839222952,-0.023202923000000042,-0.026563699999999968,0.003360776999999926
phase_006,forcegen_constrained,0.1,1.5,2026200002,30,0.805413463,0.793721244,0.807834386,0.0024209229999999637,-0.01169221900000006,0.014113142000000023
phase_006,forcegen_constrained,0.1,1.5,2026200002,90,0.729545149,0.741862031,0.760059238,0.030514088999999966,0.012316882000000029,0.018197206999999938
phase_006,forcegen_constrained,0.1,1.5,2026200002,180,0.5353503,0.696788268,0.705884377,0.170534077,0.1614379680000001,0.009096108999999908
phase_006,forcegen_constrained,0.1,1.5,2026200002,360,0.448678018,0.70033986,0.704531401,0.255853383,0.251661842,0.004191540999999965
phase_006,forcegen_constrained,0.1,1.5,2026200003,7,0.887513405,0.903516288,0.903523643,0.01601023800000001,0.016002882999999968,7.355000000042189e-06
phase_006,forcegen_constrained,0.1,1.5,2026200003,30,0.835018106,0.869469862,0.875601614,0.04058350799999999,0.034451755999999945,0.006131752000000046
phase_006,forcegen_constrained,0.1,1.5,2026200003,90,0.767529237,0.839249227,0.859074023,0.09154478600000004,0.07171999000000007,0.019824795999999978
phase_006,forcegen_constrained,0.1,1.5,2026200003,180,0.742080953,0.795462172,0.828874125,0.08679317200000003,0.053381219000000035,0.033411952999999994
phase_006,forcegen_constrained,0.1,1.5,2026200003,360,0.736001368,0.70344861,0.775272811,0.03927144299999996,-0.032552758000000015,0.07182420099999998
phase_006,forcegen_constrained,0.1,1.5,2026200004,7,0.89978823,0.899964327,0.89997327,0.0001850400000000807,0.00017609699999998618,8.943000000094514e-06
phase_006,forcegen_constrained,0.1,1.5,2026200004,30,0.900143279,0.900291181,0.900307702,0.00016442299999996912,0.00014790200000003306,1.652099999993606e-05
phase_006,forcegen_constrained,0.1,1.5,2026200004,90,0.847262689,0.873551422,0.873553817,0.026291127999999997,0.02628873300000001,2.3949999999883786e-06
phase_006,forcegen_constrained,0.1,1.5,2026200004,180,0.791474352,0.854144305,0.836794865,0.04532051299999995,0.062669953,-0.01734944000000005
phase_006,forcegen_constrained,0.1,1.5,2026200004,360,0.464139238,0.379797433,0.378969593,-0.08516964500000002,-0.08434180499999999,-0.0008278400000000241
phase_006,forcegen_constrained,0.1,1.5,2026200005,7,0.87319467,0.888728834,0.890926926,0.017732256000000057,0.015534164000000072,0.002198091999999985
phase_006,forcegen_constrained,0.1,1.5,2026200005,30,0.856247751,0.852841216,0.859266982,0.003019231000000011,-0.0034065349999999883,0.006425765999999999
phase_006,forcegen_constrained,0.1,1.5,2026200005,90,0.760240915,0.835004972,0.81554784,0.05530692500000001,0.074764057,-0.019457131999999988
phase_006,forcegen_constrained,0.1,1.5,2026200005,180,0.726265531,0.835397982,0.819615217,0.09334968599999993,0.10913245100000002,-0.015782765000000087
phase_006,forcegen_constrained,0.1,1.5,2026200005,360,0.694614971,0.789513645,0.834989556,0.140374585,0.09489867399999996,0.045475911000000036
phase_006,forcegen_constrained,0.1,1.5,2026200006,7,0.878571982,0.897242044,0.900388544,0.02181656200000004,0.018670061999999987,0.003146500000000052
phase_006,forcegen_constrained,0.1,1.5,2026200006,30,0.802088123,0.877900416,0.889607345,0.08751922200000006,0.07581229300000003,0.011706929000000033
phase_006,forcegen_constrained,0.1,1.5,2026200006,90,0.841156274,0.784888973,0.827673545,-0.013482729000000027,-0.05626730099999999,0.042784571999999965
phase_006,forcegen_constrained,0.1,1.5,2026200006,180,0.789141915,0.790624074,0.824853636,0.035711720999999974,0.0014821590000000384,0.034229561999999936
phase_006,forcegen_constrained,0.1,1.5,2026200006,360,0.717910942,0.74676738,0.779559392,0.061648449999999966,0.02885643799999993,0.03279201200000004
phase_006,forcegen_constrained,0.1,1.5,2026200007,7,0.897225909,0.903441017,0.903448551,0.0062226420000000005,0.006215108000000025,7.533999999975727e-06
phase_006,forcegen_constrained,0.1,1.5,2026200007,30,0.903798526,0.903802884,0.903824306,2.5779999999975267e-05,4.357999999982098e-06,2.142199999999317e-05
phase_006,forcegen_constrained,0.1,1.5,2026200007,90,0.904554498,0.876739252,0.904044522,-0.0005099760000000231,-0.02781524599999996,0.027305269999999937
phase_006,forcegen_constrained,0.1,1.5,2026200007,180,0.849546011,0.808205569,0.858315058,0.008769046999999919,-0.04134044200000009,0.05010948900000001
phase_006,forcegen_constrained,0.1,1.5,2026200007,360,0.48277317,0.75442622,0.816784309,0.334011139,0.27165305000000006,0.06235808899999995
phase_006,forcegen_constrained,0.1,1.5,2026200008,7,0.896816274,0.903222269,0.891426534,-0.005389739999999921,0.006405995000000053,-0.011795734999999974
phase_006,forcegen_constrained,0.1,1.5,2026200008,30,0.900693828,0.889985177,0.897918575,-0.002775252999999922,-0.010708650999999958,0.007933398000000036
phase_006,forcegen_constrained,0.1,1.5,2026200008,90,0.832892116,0.880145829,0.902065723,0.06917360699999997,0.04725371300000003,0.02191989399999994
phase_006,forcegen_constrained,0.1,1.5,2026200008,180,0.777261311,0.878988283,0.814913723,0.037652412000000024,0.10172697200000003,-0.06407456
phase_006,forcegen_constrained,0.1,1.5,2026200008,360,0.727116341,0.815627936,0.705101287,-0.022015054000000034,0.08851159500000005,-0.11052664900000009
phase_006,forcegen_constrained,0.1,1.5,2026200009,7,0.886742268,0.882136522,0.884438326,-0.0023039419999999478,-0.004605745999999966,0.0023018040000000184
phase_006,forcegen_constrained,0.1,1.5,2026200009,30,0.887217977,0.87879669,0.884081728,-0.003136249000000091,-0.008421287,0.005285037999999909
phase_006,forcegen_constrained,0.1,1.5,2026200009,90,0.834016777,0.82120207,0.831640577,-0.0023761999999999395,-0.01281470699999998,0.010438507000000041
phase_006,forcegen_constrained,0.1,1.5,2026200009,180,0.761343014,0.739433465,0.717223037,-0.04411997700000003,-0.021909549000000084,-0.02221042799999995
phase_006,forcegen_constrained,0.1,1.5,2026200009,360,0.808038013,0.750611502,0.736742558,-0.07129545500000001,-0.05742651099999996,-0.01386894400000005
phase_006,forcegen_constrained,0.1,1.5,2026200010,7,0.901493392,0.895119705,0.898714976,-0.0027784159999999503,-0.006373686999999961,0.003595271000000011
phase_006,forcegen_constrained,0.1,1.5,2026200010,30,0.851367875,0.8281433,0.844535591,-0.006832284000000022,-0.02322457499999997,0.016392290999999948
phase_006,forcegen_constrained,0.1,1.5,2026200010,90,0.873045635,0.636076936,0.704122677,-0.168922958,-0.23696869899999995,0.06804574099999994
phase_006,forcegen_constrained,0.1,1.5,2026200010,180,0.805177376,0.555413463,0.665227541,-0.1399498349999999,-0.2497639129999999,0.10981407799999998
phase_006,forcegen_constrained,0.1,1.5,2026200010,360,0.807002273,0.467607998,0.633807689,-0.1731945840000001,-0.339394275,0.16619969099999993
phase_006,forcegen_constrained,0.1,1.5,2026200011,7,0.861425627,0.86488254,0.870045269,0.008619641999999983,0.0034569129999999504,0.0051627290000000325
phase_006,forcegen_constrained,0.1,1.5,2026200011,30,0.852008483,0.859473076,0.872441914,0.020433431000000057,0.007464593000000019,0.012968838000000038
phase_006,forcegen_constrained,0.1,1.5,2026200011,90,0.822125656,0.839408986,0.859947296,0.03782163999999999,0.01728333000000004,0.02053830999999995
phase_006,forcegen_constrained,0.1,1.5,2026200011,180,0.806165947,0.834035884,0.856476123,0.050310175999999984,0.027869936999999956,0.02244023900000003
phase_006,forcegen_constrained,0.1,1.5,2026200011,360,0.81830872,0.828453697,0.865270671,0.046961951,0.010144977000000055,0.03681697399999995
phase_007,forcegen_constrained,0.1,2.0,2026200000,7,0.867894486,0.873803488,0.882174398,0.014279912000000006,0.0059090019999999965,0.00837091000000001
phase_007,forcegen_constrained,0.1,2.0,2026200000,30,0.866305989,0.782574788,0.812442481,-0.05386350799999995,-0.08373120099999998,0.02986769300000003
phase_007,forcegen_constrained,0.1,2.0,2026200000,90,0.832195342,0.70587374,0.767399236,-0.06479610599999996,-0.12632160199999998,0.06152549600000001
phase_007,forcegen_constrained,0.1,2.0,2026200000,180,0.839252861,0.661308216,0.742404401,-0.09684845999999991,-0.17794464499999996,0.08109618500000004
phase_007,forcegen_constrained,0.1,2.0,2026200000,360,0.558588152,0.5840793,0.698982863,0.140394711,0.025491147999999964,0.11490356300000004
phase_007,forcegen_constrained,0.1,2.0,2026200001,7,0.888102627,0.878155678,0.882292208,-0.005810419000000011,-0.009946948999999927,0.004136529999999916
phase_007,forcegen_constrained,0.1,2.0,2026200001,30,0.865620482,0.851947942,0.866309292,0.0006888099999999842,-0.013672539999999955,0.01436134999999994
phase_007,forcegen_constrained,0.1,2.0,2026200001,90,0.850569353,0.78536059,0.812940039,-0.037629314000000025,-0.065208763,0.027579448999999978
phase_007,forcegen_constrained,0.1,2.0,2026200001,180,0.764614798,0.729343854,0.612534749,-0.15208004899999994,-0.03527094399999997,-0.11680910499999997
phase_007,forcegen_constrained,0.1,2.0,2026200001,360,0.731066842,0.439413837,0.562731076,-0.168335766,-0.2916530050000001,0.12331723900000008
phase_007,forcegen_constrained,0.1,2.0,2026200002,7,0.862425875,0.836294633,0.840323849,-0.022102025999999997,-0.026131242000000054,0.004029216000000058
phase_007,forcegen_constrained,0.1,2.0,2026200002,30,0.805413463,0.792546029,0.808864816,0.0034513529999999903,-0.012867434000000011,0.016318787
phase_007,forcegen_constrained,0.1,2.0,2026200002,90,0.729545149,0.74010805,0.76466746,0.03512231099999996,0.010562901000000013,0.024559409999999948
phase_007,forcegen_constrained,0.1,2.0,2026200002,180,0.5353503,0.694828587,0.718852385,0.1835020850000001,0.1594782870000001,0.024023797999999985
phase_007,forcegen_constrained,0.1,2.0,2026200002,360,0.448678018,0.698527277,0.724323911,0.27564589300000003,0.24984925899999993,0.025796634000000096
phase_007,forcegen_constrained,0.1,2.0,2026200003,7,0.887513405,0.884079488,0.888781408,0.001268003000000073,-0.003433916999999953,0.004701920000000026
phase_007,forcegen_constrained,0.1,2.0,2026200003,30,0.835018106,0.876531139,0.871074963,0.03605685699999994,0.04151303299999998,-0.005456176000000035
phase_007,forcegen_constrained,0.1,2.0,2026200003,90,0.767529237,0.870265175,0.885422059,0.11789282200000006,0.10273593800000003,0.015156884000000037
phase_007,forcegen_constrained,0.1,2.0,2026200003,180,0.742080953,0.851736595,0.839633066,0.097552113,0.109655642,-0.012103529000000002
phase_007,forcegen_constrained,0.1,2.0,2026200003,360,0.736001368,0.730039579,0.816120722,0.08011935399999992,-0.005961788999999995,0.08608114299999992
phase_007,forcegen_constrained,0.1,2.0,2026200004,7,0.89978823,0.887102417,0.891150882,-0.008637347999999934,-0.012685812999999935,0.004048465000000001
phase_007,forcegen_constrained,0.1,2.0,2026200004,30,0.900143279,0.834158352,0.878505264,-0.021638015000000066,-0.06598492700000003,0.04434691199999996
phase_007,forcegen_constrained,0.1,2.0,2026200004,90,0.847262689,0.834473995,0.871498143,0.024235453999999934,-0.012788694000000045,0.03702414799999998
phase_007,forcegen_constrained,0.1,2.0,2026200004,180,0.791474352,0.75484535,0.775808137,-0.015666215000000094,-0.03662900200000008,0.020962786999999983
phase_007,forcegen_constrained,0.1,2.0,2026200004,360,0.464139238,0.751837368,0.723221918,0.25908268,0.28769813,-0.028615449999999987
phase_007,forcegen_constrained,0.1,2.0,2026200005,7,0.87319467,0.896547603,0.90037841,0.027183740000000012,0.023352933000000076,0.003830806999999936
phase_007,forcegen_constrained,0.1,2.0,2026200005,30,0.856247751,0.866906132,0.878409387,0.022161636000000096,0.01065838100000005,0.011503255000000046
phase_007,forcegen_constrained,0.1,2.0,2026200005,90,0.760240915,0.807190559,0.824889003,0.06464808799999999,0.04694964400000001,0.01769844399999998
phase_007,forcegen_constrained,0.1,2.0,2026200005,180,0.726265531,0.685740186,0.657771698,-0.068493833,-0.040525345000000046,-0.027968487999999958
phase_007,forcegen_constrained,0.1,2.0,2026200005,360,0.694614971,0.489792334,0.60505813,-0.08955684100000005,-0.20482263700000003,0.11526579599999998
phase_007,forcegen_constrained,0.1,2.0,2026200006,7,0.878571982,0.900335359,0.900341577,0.021769594999999975,0.021763376999999973,6.218000000002277e-06
phase_007,forcegen_constrained,0.1,2.0,2026200006,30,0.802088123,0.900766029,0.900781807,0.098693684,0.09867790600000004,1.577799999996632e-05
phase_007,forcegen_constrained,0.1,2.0,2026200006,90,0.841156274,0.852776279,0.871564827,0.030408553000000005,0.011620004999999933,0.01878854800000007
phase_007,forcegen_constrained,0.1,2.0,2026200006,180,0.789141915,0.772011524,0.80269353,0.013551615000000017,-0.017130391000000023,0.03068200600000004
phase_007,forcegen_constrained,0.1,2.0,2026200006,360,0.717910942,0.736444582,0.76469521,0.04678426799999991,0.018533639999999907,0.028250628
phase_007,forcegen_constrained,0.1,2.0,2026200007,7,0.897225909,0.85907683,0.863311782,-0.03391412699999996,-0.038149078999999975,0.004234952000000014
phase_007,forcegen_constrained,0.1,2.0,2026200007,30,0.903798526,0.872688703,0.882416121,-0.021382404999999993,-0.03110982299999998,0.009727417999999988
phase_007,forcegen_constrained,0.1,2.0,2026200007,90,0.904554498,0.886290456,0.864270517,-0.04028398099999997,-0.01826404199999998,-0.02201993899999999
phase_007,forcegen_constrained,0.1,2.0,2026200007,180,0.849546011,0.852952973,0.873318784,0.023772772999999914,0.0034069619999999023,0.02036581100000001
phase_007,forcegen_constrained,0.1,2.0,2026200007,360,0.48277317,0.867334454,0.839540395,0.356767225,0.384561284,-0.027794058999999982
phase_007,forcegen_constrained,0.1,2.0,2026200008,7,0.896816274,0.90039278,0.903226885,0.006410611000000066,0.003576506000000035,0.002834105000000031
phase_007,forcegen_constrained,0.1,2.0,2026200008,30,0.900693828,0.867545053,0.878852223,-0.021841604999999986,-0.03314877500000002,0.011307170000000033
phase_007,forcegen_constrained,0.1,2.0,2026200008,90,0.832892116,0.904414248,0.897371032,0.064478916,0.07152213200000002,-0.007043216000000019
phase_007,forcegen_constrained,0.1,2.0,2026200008,180,0.777261311,0.780764134,0.824476306,0.04721499500000004,0.0035028230000000438,0.043712171999999994
phase_007,forcegen_constrained,0.1,2.0,2026200008,360,0.727116341,0.770379766,0.512687862,-0.21442847899999995,0.04326342500000002,-0.25769190399999997
phase_007,forcegen_constrained,0.1,2.0,2026200009,7,0.886742268,0.883978414,0.889834495,0.003092227000000003,-0.00276385400000001,0.005856081000000013
phase_007,forcegen_constrained,0.1,2.0,2026200009,30,0.887217977,0.860660873,0.870553314,-0.016664663000000024,-0.026557103999999998,0.009892440999999974
phase_007,forcegen_constrained,0.1,2.0,2026200009,90,0.834016777,0.839780714,0.846925576,0.01290879899999997,0.005763936999999997,0.007144861999999974
phase_007,forcegen_constrained,0.1,2.0,2026200009,180,0.761343014,0.716319851,0.736884459,-0.02445855500000005,-0.04502316300000009,0.02056460800000004
phase_007,forcegen_constrained,0.1,2.0,2026200009,360,0.808038013,0.731983537,0.760750742,-0.047287270999999964,-0.07605447600000004,0.028767205000000073
phase_007,forcegen_constrained,0.1,2.0,2026200010,7,0.901493392,0.894605449,0.899477151,-0.002016240999999974,-0.006887942999999952,0.004871701999999978
phase_007,forcegen_constrained,0.1,2.0,2026200010,30,0.851367875,0.833769338,0.830133289,-0.021234585999999944,-0.017598537000000025,-0.003636048999999919
phase_007,forcegen_constrained,0.1,2.0,2026200010,90,0.873045635,0.632965926,0.702131257,-0.17091437799999998,-0.24007970899999997,0.069165331
phase_007,forcegen_constrained,0.1,2.0,2026200010,180,0.805177376,0.552028264,0.662784591,-0.14239278499999997,-0.2531491119999999,0.11075632699999993
phase_007,forcegen_constrained,0.1,2.0,2026200010,360,0.807002273,0.461454742,0.630972105,-0.17603016800000004,-0.3455475310000001,0.16951736300000003
phase_007,forcegen_constrained,0.1,2.0,2026200011,7,0.861425627,0.902100833,0.902111805,0.04068617799999996,0.040675205999999964,1.0971999999997983e-05
phase_007,forcegen_constrained,0.1,2.0,2026200011,30,0.852008483,0.885580901,0.900031794,0.04802331100000001,0.03357241799999999,0.01445089300000002
phase_007,forcegen_constrained,0.1,2.0,2026200011,90,0.822125656,0.791658465,0.860453712,0.038328056,-0.03046719099999995,0.06879524699999995
phase_007,forcegen_constrained,0.1,2.0,2026200011,180,0.806165947,0.562959488,0.836331242,0.03016529499999998,-0.24320645900000004,0.273371754
phase_007,forcegen_constrained,0.1,2.0,2026200011,360,0.81830872,0.463712851,0.832422759,0.014114038999999967,-0.354595869,0.368709908
phase_009,forcegen_constrained,0.15,0.25,2026200000,7,0.867894574,0.875736403,0.87696187,0.009067296000000002,0.007841828999999967,0.0012254670000000356
phase_009,forcegen_constrained,0.15,0.25,2026200000,30,0.866306095,0.802274685,0.8062558,-0.06005029500000003,-0.06403141000000001,0.0039811149999999795
phase_009,forcegen_constrained,0.15,0.25,2026200000,90,0.832195552,0.741195643,0.746586241,-0.08560931099999991,-0.09099990899999999,0.00539059800000008
phase_009,forcegen_constrained,0.15,0.25,2026200000,180,0.839253239,0.696240837,0.701057976,-0.13819526300000007,-0.1430124020000001,0.004817139000000026
phase_009,forcegen_constrained,0.15,0.25,2026200000,360,0.558588628,0.61633436,0.620106726,0.06151809800000008,0.057745731999999994,0.0037723660000000825
phase_009,forcegen_constrained,0.15,0.25,2026200001,7,0.888102736,0.887051293,0.887492933,-0.0006098030000000199,-0.0010514430000000408,0.0004416400000000209
phase_009,forcegen_constrained,0.15,0.25,2026200001,30,0.86562061,0.846127676,0.847924488,-0.017696122000000036,-0.019492933999999962,0.0017968119999999255
phase_009,forcegen_constrained,0.15,0.25,2026200001,90,0.850569612,0.820964908,0.853774037,0.0032044249999999552,-0.029604704000000037,0.03280912899999999
phase_009,forcegen_constrained,0.15,0.25,2026200001,180,0.764615216,0.851278175,0.855533481,0.090918265,0.08666295899999998,0.004255306000000014
phase_009,forcegen_constrained,0.15,0.25,2026200001,360,0.731067602,0.728805761,0.640917934,-0.09014966800000002,-0.002261840999999931,-0.08788782700000008
phase_009,forcegen_constrained,0.15,0.25,2026200002,7,0.862425947,0.828189492,0.828683275,-0.03374267199999992,-0.03423645499999994,0.0004937830000000254
phase_009,forcegen_constrained,0.15,0.25,2026200002,30,0.805413545,0.800781127,0.80541068,-2.864999999907525e-06,-0.004632417999999916,0.0046295530000000085
phase_009,forcegen_constrained,0.15,0.25,2026200002,90,0.729545302,0.751898111,0.759709091,0.03016378899999994,0.02235280900000003,0.007810979999999912
phase_009,forcegen_constrained,0.15,0.25,2026200002,180,0.535350501,0.706520712,0.702749555,0.167399054,0.17117021099999996,-0.0037711569999999695
phase_009,forcegen_constrained,0.15,0.25,2026200002,360,0.448678363,0.710982021,0.703188586,0.254510223,0.26230365799999994,-0.00779343499999996
phase_009,forcegen_constrained,0.15,0.25,2026200003,7,0.887513467,0.903485792,0.903487272,0.015973805000000008,0.01597232500000001,1.4799999999981495e-06
phase_009,forcegen_constrained,0.15,0.25,2026200003,30,0.835018175,0.881641293,0.883477792,0.04845961700000001,0.046623118000000074,0.001836498999999936
phase_009,forcegen_constrained,0.15,0.25,2026200003,90,0.767529369,0.858631399,0.85957534,0.092045971,0.09110202999999994,0.0009439410000000592
phase_009,forcegen_constrained,0.15,0.25,2026200003,180,0.742081182,0.798446195,0.814816708,0.072735526,0.056365013000000075,0.01637051299999992
phase_009,forcegen_constrained,0.15,0.25,2026200003,360,0.736001815,0.718007525,0.726610908,-0.009390906999999893,-0.01799428999999997,0.008603383000000075
phase_009,forcegen_constrained,0.15,0.25,2026200004,7,0.899788336,0.899791472,0.899792288,3.9520000000292654e-06,3.1360000000146826e-06,8.160000000145828e-07
phase_009,forcegen_constrained,0.15,0.25,2026200004,30,0.900143407,0.857682717,0.868090376,-0.0320530309999999,-0.04246068999999997,0.010407659000000069
phase_009,forcegen_constrained,0.15,0.25,2026200004,90,0.847262935,0.830751217,0.844523517,-0.0027394180000001045,-0.016511718000000064,0.01377229999999996
phase_009,forcegen_constrained,0.15,0.25,2026200004,180,0.791474765,0.741001722,0.761507421,-0.029967344000000007,-0.050473042999999995,0.02050569899999999
phase_009,forcegen_constrained,0.15,0.25,2026200004,360,0.464139592,0.7484052,0.747192807,0.283053215,0.284265608,-0.0012123929999999783
phase_009,forcegen_constrained,0.15,0.25,2026200005,7,0.873194735,0.872503379,0.872862231,-0.0003325039999999557,-0.0006913560000000318,0.0003588520000000761
phase_009,forcegen_constrained,0.15,0.25,2026200005,30,0.856247827,0.858225447,0.859451022,0.003203194999999992,0.0019776200000000133,0.0012255749999999788
phase_009,forcegen_constrained,0.15,0.25,2026200005,90,0.760241056,0.791306264,0.795792098,0.03555104199999992,0.03106520800000001,0.004485833999999911
phase_009,forcegen_constrained,0.15,0.25,2026200005,180,0.726265772,0.757888106,0.819849155,0.09358338300000002,0.03162233400000003,0.06196104899999999
phase_009,forcegen_constrained,0.15,0.25,2026200005,360,0.69461543,0.689611133,0.708781481,0.014166051000000013,-0.005004297000000046,0.01917034800000006
phase_009,forcegen_constrained,0.15,0.25,2026200006,7,0.878572155,0.867231839,0.867636774,-0.01093538099999991,-0.011340315999999961,0.00040493500000005067
phase_009,forcegen_constrained,0.15,0.25,2026200006,30,0.802088314,0.802292214,0.803641481,0.0015531669999999664,0.0002038999999999236,0.0013492670000000428
phase_009,forcegen_constrained,0.15,0.25,2026200006,90,0.841156687,0.83537259,0.834326551,-0.006830136000000042,-0.0057840970000000436,-0.0010460389999999986
phase_009,forcegen_constrained,0.15,0.25,2026200006,180,0.789142606,0.780908166,0.750320312,-0.038822293999999924,-0.008234439999999954,-0.03058785399999997
phase_009,forcegen_constrained,0.15,0.25,2026200006,360,0.717911957,0.742686323,0.752978961,0.03506700399999996,0.024774366000000048,0.01029263799999991
phase_009,forcegen_constrained,0.15,0.25,2026200007,7,0.897226023,0.882114749,0.88780303,-0.009422992999999935,-0.015111274000000008,0.005688281000000073
phase_009,forcegen_constrained,0.15,0.25,2026200007,30,0.903798665,0.900682786,0.894097812,-0.009700852999999898,-0.003115878999999988,-0.00658497399999991
phase_009,forcegen_constrained,0.15,0.25,2026200007,90,0.904554783,0.884881879,0.895377223,-0.009177560000000029,-0.01967290399999999,0.010495343999999962
phase_009,forcegen_constrained,0.15,0.25,2026200007,180,0.849546492,0.844977503,0.84925665,-0.0002898420000000401,-0.004568989000000023,0.004279146999999983
phase_009,forcegen_constrained,0.15,0.25,2026200007,360,0.482773651,0.749065316,0.748263348,0.265489697,0.266291665,-0.0008019679999999862
phase_009,forcegen_constrained,0.15,0.25,2026200008,7,0.896816402,0.903164584,0.90316565,0.0063492480000000295,0.00634818199999998,1.0660000000495273e-06
phase_009,forcegen_constrained,0.15,0.25,2026200008,30,0.900693983,0.903582554,0.903585385,0.002891401999999932,0.002888570999999951,2.830999999980932e-06
phase_009,forcegen_constrained,0.15,0.25,2026200008,90,0.832892413,0.815787545,0.817547557,-0.015344856000000018,-0.017104868000000106,0.0017600120000000885
phase_009,forcegen_constrained,0.15,0.25,2026200008,180,0.777261809,0.766815886,0.766662835,-0.010598973999999983,-0.010445923000000024,-0.00015305099999995964
phase_009,forcegen_constrained,0.15,0.25,2026200008,360,0.727117187,0.743045564,0.746260792,0.019143604999999897,0.015928376999999938,0.003215227999999959
phase_009,forcegen_constrained,0.15,0.25,2026200009,7,0.886742388,0.880373367,0.880841963,-0.005900425000000098,-0.00636902100000003,0.0004685959999999323
phase_009,forcegen_constrained,0.15,0.25,2026200009,30,0.887218121,0.872341627,0.884075572,-0.0031425489999999945,-0.014876494000000018,0.011733945000000023
phase_009,forcegen_constrained,0.15,0.25,2026200009,90,0.834017054,0.835321811,0.838703976,0.004686921999999982,0.0013047569999999897,0.0033821649999999925
phase_009,forcegen_constrained,0.15,0.25,2026200009,180,0.761343467,0.749360544,0.791459,0.030115533000000028,-0.011982923000000034,0.04209845600000006
phase_009,forcegen_constrained,0.15,0.25,2026200009,360,0.808038942,0.73056199,0.807493279,-0.0005456630000000295,-0.07747695200000004,0.07693128900000001
phase_009,forcegen_constrained,0.15,0.25,2026200010,7,0.90149354,0.858752796,0.859465855,-0.04202768500000009,-0.04274074400000005,0.0007130589999999604
phase_009,forcegen_constrained,0.15,0.25,2026200010,30,0.851368044,0.81537451,0.817486677,-0.033881366999999996,-0.03599353399999994,0.0021121669999999426
phase_009,forcegen_constrained,0.15,0.25,2026200010,90,0.873045993,0.628782588,0.634642193,-0.23840379999999994,-0.244263405,0.0058596050000000455
phase_009,forcegen_constrained,0.15,0.25,2026200010,180,0.805177968,0.551580406,0.556390459,-0.24878750900000002,-0.25359756199999994,0.004810052999999925
phase_009,forcegen_constrained,0.15,0.25,2026200010,360,0.807003261,0.461241846,0.465933883,-0.341069378,-0.34576141499999996,0.004692036999999982
phase_009,forcegen_constrained,0.15,0.25,2026200011,7,0.861425726,0.90189228,0.901893286,0.04046755999999996,0.04046655399999999,1.0059999999700864e-06
phase_009,forcegen_constrained,0.15,0.25,2026200011,30,0.852008602,0.888213504,0.889569693,0.037561091000000046,0.03620490200000004,0.0013561890000000076
phase_009,forcegen_constrained,0.15,0.25,2026200011,90,0.822125893,0.840380855,0.840929296,0.01880340299999994,0.018254961999999986,0.0005484409999999551
phase_009,forcegen_constrained,0.15,0.25,2026200011,180,0.806166364,0.831362431,0.836666839,0.030500475000000082,0.02519606699999999,0.005304408000000094
phase_009,forcegen_constrained,0.15,0.25,2026200011,360,0.81830962,0.844338561,0.834776028,0.016466407999999988,0.026028941000000083,-0.009562533000000095
phase_010,forcegen_constrained,0.15,0.5,2026200000,7,0.867894574,0.874933245,0.877339367,0.009444793000000007,0.007038670999999996,0.0024061220000000105
phase_010,forcegen_constrained,0.15,0.5,2026200000,30,0.866306095,0.799240303,0.807409719,-0.05889637599999997,-0.06706579199999996,0.008169415999999985
phase_010,forcegen_constrained,0.15,0.5,2026200000,90,0.832195552,0.737629805,0.748527703,-0.0836678489999999,-0.09456574699999998,0.010897898000000072
phase_010,forcegen_constrained,0.15,0.5,2026200000,180,0.839253239,0.692723723,0.701477247,-0.137775992,-0.14652951600000008,0.008753524000000068
phase_010,forcegen_constrained,0.15,0.5,2026200000,360,0.558588628,0.612623338,0.619723168,0.06113454000000007,0.05403471000000004,0.007099830000000029
phase_010,forcegen_constrained,0.15,0.5,2026200001,7,0.888102736,0.885668603,0.886549143,-0.0015535930000000198,-0.0024341329999999495,0.0008805399999999297
phase_010,forcegen_constrained,0.15,0.5,2026200001,30,0.86562061,0.84659896,0.850114381,-0.015506228999999982,-0.01902165,0.0035154210000000186
phase_010,forcegen_constrained,0.15,0.5,2026200001,90,0.850569612,0.82960732,0.847356236,-0.0032133760000000455,-0.020962291999999993,0.017748915999999948
phase_010,forcegen_constrained,0.15,0.5,2026200001,180,0.764615216,0.759675065,0.761022329,-0.0035928870000000446,-0.004940151000000004,0.0013472639999999592
phase_010,forcegen_constrained,0.15,0.5,2026200001,360,0.731067602,0.726028766,0.73357757,0.002509968000000029,-0.005038835999999991,0.00754880400000002
phase_010,forcegen_constrained,0.15,0.5,2026200002,7,0.862425947,0.834802972,0.835755031,-0.026670915999999933,-0.027622974999999994,0.0009520590000000606
phase_010,forcegen_constrained,0.15,0.5,2026200002,30,0.805413545,0.799107363,0.805038096,-0.00037544899999997217,-0.0063061819999999935,0.005930733000000021
phase_010,forcegen_constrained,0.15,0.5,2026200002,90,0.729545302,0.74938923,0.75762853,0.02808322799999996,0.01984392800000001,0.00823929999999995
phase_010,forcegen_constrained,0.15,0.5,2026200002,180,0.535350501,0.70410901,0.701708181,0.16635767999999995,0.168758509,-0.0024008290000000487
phase_010,forcegen_constrained,0.15,0.5,2026200002,360,0.448678363,0.709023133,0.69351309,0.24483472700000003,0.26034476999999995,-0.015510042999999918
phase_010,forcegen_constrained,0.15,0.5,2026200003,7,0.887513467,0.903505746,0.903508041,0.01599457400000004,0.015992278999999998,2.2950000000410142e-06
phase_010,forcegen_constrained,0.15,0.5,2026200003,30,0.835018175,0.86974382,0.887618996,0.052600821000000075,0.03472564499999997,0.017875176000000104
phase_010,forcegen_constrained,0.15,0.5,2026200003,90,0.767529369,0.842730746,0.864895943,0.09736657399999993,0.07520137699999996,0.02216519699999997
phase_010,forcegen_constrained,0.15,0.5,2026200003,180,0.742081182,0.801401605,0.817079963,0.07499878100000001,0.059320423000000067,0.015678357999999948
phase_010,forcegen_constrained,0.15,0.5,2026200003,360,0.736001815,0.750195816,0.733297436,-0.002704378999999979,0.014194001000000012,-0.01689837999999999
phase_010,forcegen_constrained,0.15,0.5,2026200004,7,0.899788336,0.899795873,0.899798132,9.796000000061866e-06,7.537000000001903e-06,2.259000000059963e-06
phase_010,forcegen_constrained,0.15,0.5,2026200004,30,0.900143407,0.863813768,0.875061838,-0.025081568999999915,-0.03632963899999997,0.011248070000000054
phase_010,forcegen_constrained,0.15,0.5,2026200004,90,0.847262935,0.833335613,0.879963024,0.03270008899999999,-0.01392732200000002,0.04662741100000001
phase_010,forcegen_constrained,0.15,0.5,2026200004,180,0.791474765,0.773342216,0.783430279,-0.008044486000000073,-0.018132549000000053,0.01008806299999998
phase_010,forcegen_constrained,0.15,0.5,2026200004,360,0.464139592,0.471969812,0.757361262,0.29322167,0.007830219999999999,0.28539145
phase_010,forcegen_constrained,0.15,0.5,2026200005,7,0.873194735,0.866954855,0.868268688,-0.004926046999999989,-0.0062398799999999754,0.0013138329999999865
phase_010,forcegen_constrained,0.15,0.5,2026200005,30,0.856247827,0.827919357,0.831656404,-0.024591423000000057,-0.02832847000000005,0.0037370469999999933
phase_010,forcegen_constrained,0.15,0.5,2026200005,90,0.760241056,0.788316188,0.792189719,0.03194866299999999,0.028075132000000003,0.0038735309999999856
phase_010,forcegen_constrained,0.15,0.5,2026200005,180,0.726265772,0.725490567,0.742956482,0.016690709999999997,-0.0007752049999999455,0.017465914999999943
phase_010,forcegen_constrained,0.15,0.5,2026200005,360,0.69461543,0.779960582,0.723434748,0.028819317999999927,0.08534515199999992,-0.056525834
phase_010,forcegen_constrained,0.15,0.5,2026200006,7,0.878572155,0.872939529,0.873710972,-0.004861182999999936,-0.005632625999999918,0.0007714429999999828
phase_010,forcegen_constrained,0.15,0.5,2026200006,30,0.802088314,0.82998018,0.805243984,0.003155669999999944,0.027891865999999932,-0.024736195999999988
phase_010,forcegen_constrained,0.15,0.5,2026200006,90,0.841156687,0.85848209,0.842107569,0.0009508819999999307,0.01732540299999996,-0.01637452100000003
phase_010,forcegen_constrained,0.15,0.5,2026200006,180,0.789142606,0.770571798,0.744468799,-0.04467380700000001,-0.018570807999999994,-0.026102999000000016
phase_010,forcegen_constrained,0.15,0.5,2026200006,360,0.717911957,0.708601271,0.734118091,0.01620613400000004,-0.009310685999999957,0.025516819999999996
phase_010,forcegen_constrained,0.15,0.5,2026200007,7,0.897226023,0.897157455,0.903431447,0.006205424000000015,-6.856799999999108e-05,0.006273992000000006
phase_010,forcegen_constrained,0.15,0.5,2026200007,30,0.903798665,0.87011756,0.903814893,1.6228000000007015e-05,-0.03368110499999999,0.033697332999999996
phase_010,forcegen_constrained,0.15,0.5,2026200007,90,0.904554783,0.87096598,0.871421789,-0.03313299400000003,-0.033588803,0.0004558089999999737
phase_010,forcegen_constrained,0.15,0.5,2026200007,180,0.849546492,0.899027973,0.900738243,0.05119175100000006,0.04948148100000005,0.0017102700000000137
phase_010,forcegen_constrained,0.15,0.5,2026200007,360,0.482773651,0.804329093,0.846604302,0.363830651,0.32155544199999997,0.042275209000000036
phase_010,forcegen_constrained,0.15,0.5,2026200008,7,0.896816402,0.867666161,0.868507168,-0.02830923399999996,-0.029150240999999966,0.0008410070000000047
phase_010,forcegen_constrained,0.15,0.5,2026200008,30,0.900693983,0.894548317,0.896340558,-0.004353425000000022,-0.006145665999999994,0.0017922409999999722
phase_010,forcegen_constrained,0.15,0.5,2026200008,90,0.832892413,0.79753957,0.799054732,-0.033837681000000064,-0.03535284300000008,0.0015151620000000143
phase_010,forcegen_constrained,0.15,0.5,2026200008,180,0.777261809,0.747431512,0.77655538,-0.0007064289999999529,-0.02983029699999995,0.029123867999999997
phase_010,forcegen_constrained,0.15,0.5,2026200008,360,0.727117187,0.708232324,0.742696416,0.015579228999999972,-0.01888486300000003,0.034464092
phase_010,forcegen_constrained,0.15,0.5,2026200009,7,0.886742388,0.898803598,0.899534952,0.01279256399999995,0.012061209999999933,0.0007313540000000174
phase_010,forcegen_constrained,0.15,0.5,2026200009,30,0.887218121,0.896388172,0.898725145,0.011507024000000032,0.009170051000000012,0.00233697300000002
phase_010,forcegen_constrained,0.15,0.5,2026200009,90,0.834017054,0.880915574,0.883654572,0.049637517999999936,0.046898519999999944,0.0027389979999999925
phase_010,forcegen_constrained,0.15,0.5,2026200009,180,0.761343467,0.792823183,0.836376576,0.07503310900000004,0.03147971599999999,0.04355339300000005
phase_010,forcegen_constrained,0.15,0.5,2026200009,360,0.808038942,0.790321825,0.820620154,0.012581211999999953,-0.017717117000000004,0.030298328999999957
phase_010,forcegen_constrained,0.15,0.5,2026200010,7,0.90149354,0.900033313,0.901406292,-8.724800000003974e-05,-0.0014602270000000361,0.0013729789999999964
phase_010,forcegen_constrained,0.15,0.5,2026200010,30,0.851368044,0.838744513,0.843669268,-0.007698776000000018,-0.012623531000000021,0.004924755000000003
phase_010,forcegen_constrained,0.15,0.5,2026200010,90,0.873045993,0.651147546,0.661241967,-0.21180402599999992,-0.22189844699999994,0.01009442100000002
phase_010,forcegen_constrained,0.15,0.5,2026200010,180,0.805177968,0.569399655,0.58073584,-0.22444212799999996,-0.23577831299999996,0.011336184999999999
phase_010,forcegen_constrained,0.15,0.5,2026200010,360,0.807003261,0.481636121,0.487007945,-0.319995316,-0.32536714,0.005371824000000025
phase_010,forcegen_constrained,0.15,0.5,2026200011,7,0.861425726,0.863298422,0.864804648,0.0033789220000000064,0.0018726959999999515,0.001506226000000055
phase_010,forcegen_constrained,0.15,0.5,2026200011,30,0.852008602,0.867562435,0.870558215,0.01854961300000002,0.015553833000000017,0.0029957800000000034
phase_010,forcegen_constrained,0.15,0.5,2026200011,90,0.822125893,0.851422764,0.852510494,0.030384600999999956,0.029296871000000002,0.0010877299999999535
phase_010,forcegen_constrained,0.15,0.5,2026200011,180,0.806166364,0.847805281,0.844528024,0.038361660000000075,0.041638917,-0.0032772569999999224
phase_010,forcegen_constrained,0.15,0.5,2026200011,360,0.81830962,0.730355917,0.803391741,-0.014917878999999967,-0.08795370299999994,0.07303582399999997
phase_011,forcegen_constrained,0.15,0.75,2026200000,7,0.867894574,0.872866105,0.876418443,0.008523869000000017,0.004971530999999918,0.0035523380000000992
phase_011,forcegen_constrained,0.15,0.75,2026200000,30,0.866306095,0.794300931,0.805719903,-0.06058619200000004,-0.07200516400000001,0.011418971999999972
phase_011,forcegen_constrained,0.15,0.75,2026200000,90,0.832195552,0.731638421,0.747184134,-0.0850114179999999,-0.10055713099999997,0.015545713000000072
phase_011,forcegen_constrained,0.15,0.75,2026200000,180,0.839253239,0.686701264,0.700829933,-0.13842330600000008,-0.15255197500000006,0.014128668999999983
phase_011,forcegen_constrained,0.15,0.75,2026200000,360,0.558588628,0.607345078,0.619102483,0.06051385500000006,0.04875645000000006,0.011757404999999999
phase_011,forcegen_constrained,0.15,0.75,2026200001,7,0.888102736,0.885666339,0.890111077,0.0020083410000000246,-0.002436396999999979,0.004444738000000004
phase_011,forcegen_constrained,0.15,0.75,2026200001,30,0.86562061,0.851517969,0.856541893,-0.009078716999999958,-0.014102641000000027,0.0050239240000000684
phase_011,forcegen_constrained,0.15,0.75,2026200001,90,0.850569612,0.835941484,0.844893202,-0.005676410000000076,-0.014628128000000018,0.008951717999999942
phase_011,forcegen_constrained,0.15,0.75,2026200001,180,0.764615216,0.851587382,0.762323112,-0.002292104000000017,0.0869721659999999,-0.08926426999999992
phase_011,forcegen_constrained,0.15,0.75,2026200001,360,0.731067602,0.722874424,0.731738581,0.000670979000000016,-0.008193177999999968,0.008864156999999984
phase_011,forcegen_constrained,0.15,0.75,2026200002,7,0.862425947,0.835690695,0.837057001,-0.025368945999999948,-0.02673525199999993,0.0013663059999999838
phase_011,forcegen_constrained,0.15,0.75,2026200002,30,0.805413545,0.807741047,0.812606141,0.0071925959999999955,0.0023275020000000923,0.004865093999999903
phase_011,forcegen_constrained,0.15,0.75,2026200002,90,0.729545302,0.756271499,0.759870064,0.030324762000000005,0.026726197000000007,0.003598564999999998
phase_011,forcegen_constrained,0.15,0.75,2026200002,180,0.535350501,0.700402852,0.699311364,0.163960863,0.16505235099999993,-0.0010914879999999183
phase_011,forcegen_constrained,0.15,0.75,2026200002,360,0.448678363,0.728073627,0.722601406,0.273923043,0.279395264,-0.005472220999999999
phase_011,forcegen_constrained,0.15,0.75,2026200003,7,0.887513467,0.903504434,0.903510409,0.015996942000000014,0.015990967000000023,5.974999999991404e-06
phase_011,forcegen_constrained,0.15,0.75,2026200003,30,0.835018175,0.882479421,0.874451561,0.039433386000000015,0.04746124600000001,-0.008027859999999998
phase_011,forcegen_constrained,0.15,0.75,2026200003,90,0.767529369,0.854241877,0.849446619,0.08191724999999994,0.08671250799999997,-0.0047952580000000244
phase_011,forcegen_constrained,0.15,0.75,2026200003,180,0.742081182,0.790297263,0.807374595,0.06529341300000002,0.04821608100000008,0.017077331999999945
phase_011,forcegen_constrained,0.15,0.75,2026200003,360,0.736001815,0.81773598,0.822106386,0.08610457100000002,0.08173416500000008,0.004370405999999938
phase_011,forcegen_constrained,0.15,0.75,2026200004,7,0.899788336,0.899923119,0.89992687,0.00013853400000007898,0.0001347830000000272,3.7510000000517962e-06
phase_011,forcegen_constrained,0.15,0.75,2026200004,30,0.900143407,0.900285583,0.900291716,0.00014830900000006864,0.00014217599999999386,6.133000000074773e-06
phase_011,forcegen_constrained,0.15,0.75,2026200004,90,0.847262935,0.873549706,0.873553523,0.026290587999999948,0.026286770999999987,3.816999999961546e-06
phase_011,forcegen_constrained,0.15,0.75,2026200004,180,0.791474765,0.841998636,0.847261526,0.05578676100000002,0.050523871,0.00526289000000002
phase_011,forcegen_constrained,0.15,0.75,2026200004,360,0.464139592,0.377002373,0.428150647,-0.035988944999999994,-0.08713721899999999,0.051148273999999994
phase_011,forcegen_constrained,0.15,0.75,2026200005,7,0.873194735,0.873827871,0.874880524,0.0016857890000000486,0.0006331360000000341,0.0010526530000000145
phase_011,forcegen_constrained,0.15,0.75,2026200005,30,0.856247827,0.851488138,0.855148943,-0.0010988840000000222,-0.004759689000000011,0.003660804999999989
phase_011,forcegen_constrained,0.15,0.75,2026200005,90,0.760241056,0.824991839,0.826214822,0.06597376599999993,0.06475078299999992,0.0012229830000000108
phase_011,forcegen_constrained,0.15,0.75,2026200005,180,0.726265772,0.783426119,0.778475744,0.05220997199999999,0.057160347000000056,-0.004950375000000062
phase_011,forcegen_constrained,0.15,0.75,2026200005,360,0.69461543,0.72449951,0.770995276,0.07637984599999992,0.02988407999999998,0.04649576599999994
phase_011,forcegen_constrained,0.15,0.75,2026200006,7,0.878572155,0.900373745,0.900376602,0.02180444700000006,0.021801590000000037,2.857000000022758e-06
phase_011,forcegen_constrained,0.15,0.75,2026200006,30,0.802088314,0.893099629,0.87789119,0.07580287600000002,0.09101131499999993,-0.015208438999999907
phase_011,forcegen_constrained,0.15,0.75,2026200006,90,0.841156687,0.815478247,0.810153077,-0.03100360999999996,-0.02567843999999997,-0.00532516999999999
phase_011,forcegen_constrained,0.15,0.75,2026200006,180,0.789142606,0.762978975,0.667730713,-0.12141189299999999,-0.026163630999999965,-0.09524826200000003
phase_011,forcegen_constrained,0.15,0.75,2026200006,360,0.717911957,0.79600894,0.51403594,-0.20387601700000002,0.07809698300000001,-0.28197300000000003
phase_011,forcegen_constrained,0.15,0.75,2026200007,7,0.897226023,0.901320547,0.902780907,0.005554884000000038,0.004094523999999988,0.0014603600000000494
phase_011,forcegen_constrained,0.15,0.75,2026200007,30,0.903798665,0.903814047,0.903823341,2.4676000000001252e-05,1.5382000000063734e-05,9.293999999937519e-06
phase_011,forcegen_constrained,0.15,0.75,2026200007,90,0.904554783,0.850509811,0.859004773,-0.04555001000000003,-0.054044972000000024,0.008494961999999995
phase_011,forcegen_constrained,0.15,0.75,2026200007,180,0.849546492,0.86504009,0.905743243,0.05619675099999999,0.015493598000000053,0.040703152999999936
phase_011,forcegen_constrained,0.15,0.75,2026200007,360,0.482773651,0.768092498,0.833144178,0.35037052699999993,0.285318847,0.06505167999999995
phase_011,forcegen_constrained,0.15,0.75,2026200008,7,0.896816402,0.894947309,0.896001079,-0.0008153229999999789,-0.0018690930000000439,0.001053770000000065
phase_011,forcegen_constrained,0.15,0.75,2026200008,30,0.900693983,0.896671405,0.898734512,-0.001959471000000046,-0.004022578000000054,0.0020631070000000085
phase_011,forcegen_constrained,0.15,0.75,2026200008,90,0.832892413,0.830459349,0.83360279,0.0007103769999999843,-0.002433064000000096,0.00314344100000008
phase_011,forcegen_constrained,0.15,0.75,2026200008,180,0.777261809,0.752975748,0.774275959,-0.0029858499999999566,-0.02428606099999997,0.021300211000000013
phase_011,forcegen_constrained,0.15,0.75,2026200008,360,0.727117187,0.550325989,0.726658602,-0.00045858500000006686,-0.1767911980000001,0.17633261300000003
phase_011,forcegen_constrained,0.15,0.75,2026200009,7,0.886742388,0.898593833,0.899838291,0.013095902999999964,0.011851444999999905,0.0012444580000000594
phase_011,forcegen_constrained,0.15,0.75,2026200009,30,0.887218121,0.893774559,0.89662194,0.00940381899999998,0.006556438000000053,0.0028473809999999267
phase_011,forcegen_constrained,0.15,0.75,2026200009,90,0.834017054,0.841046349,0.866849986,0.032832931999999926,0.0070292949999999355,0.02580363699999999
phase_011,forcegen_constrained,0.15,0.75,2026200009,180,0.761343467,0.708646376,0.813928722,0.052585255,-0.052697090999999974,0.10528234599999997
phase_011,forcegen_constrained,0.15,0.75,2026200009,360,0.808038942,0.765389065,0.725849965,-0.08218897700000005,-0.042649877,-0.03953910000000005
phase_011,forcegen_constrained,0.15,0.75,2026200010,7,0.90149354,0.871530663,0.873138255,-0.028355285000000063,-0.029962877,0.0016075919999999355
phase_011,forcegen_constrained,0.15,0.75,2026200010,30,0.851368044,0.841755729,0.846241611,-0.005126433000000041,-0.009612315000000038,0.004485881999999997
phase_011,forcegen_constrained,0.15,0.75,2026200010,90,0.873045993,0.771995398,0.777912963,-0.09513302999999995,-0.10105059499999991,0.005917564999999958
phase_011,forcegen_constrained,0.15,0.75,2026200010,180,0.805177968,0.79057928,0.790888551,-0.014289416999999971,-0.01459868799999997,0.00030927099999999985
phase_011,forcegen_constrained,0.15,0.75,2026200010,360,0.807003261,0.748292966,0.743651475,-0.06335178600000002,-0.05871029500000002,-0.004641490999999998
phase_011,forcegen_constrained,0.15,0.75,2026200011,7,0.861425726,0.862757443,0.865007208,0.003581481999999969,0.00133171700000001,0.002249764999999959
phase_011,forcegen_constrained,0.15,0.75,2026200011,30,0.852008602,0.864972295,0.86949688,0.01748827800000008,0.012963692999999998,0.004524585000000081
phase_011,forcegen_constrained,0.15,0.75,2026200011,90,0.822125893,0.851925059,0.854920958,0.03279506499999996,0.029799165999999988,0.0029958989999999686
phase_011,forcegen_constrained,0.15,0.75,2026200011,180,0.806166364,0.856527649,0.853468283,0.047301919000000026,0.05036128500000003,-0.003059366000000008
phase_011,forcegen_constrained,0.15,0.75,2026200011,360,0.81830962,0.836960148,0.845752186,0.027442566000000057,0.018650528,0.008792038000000058
phase_012,forcegen_constrained,0.15,1.0,2026200000,7,0.867894574,0.875976399,0.880144018,0.012249443999999943,0.008081824999999987,0.004167618999999956
phase_012,forcegen_constrained,0.15,1.0,2026200000,30,0.866306095,0.787195051,0.801315629,-0.06499046600000002,-0.07911104400000002,0.014120577999999995
phase_012,forcegen_constrained,0.15,1.0,2026200000,90,0.832195552,0.71674943,0.736181095,-0.096014457,-0.11544612199999993,0.01943166499999993
phase_012,forcegen_constrained,0.15,1.0,2026200000,180,0.839253239,0.67383254,0.691249334,-0.14800390500000005,-0.165420699,0.017416793999999958
phase_012,forcegen_constrained,0.15,1.0,2026200000,360,0.558588628,0.60075543,0.613668713,0.055080085000000056,0.042166802,0.012913283000000053
phase_012,forcegen_constrained,0.15,1.0,2026200001,7,0.888102736,0.88699595,0.892773973,0.00467123700000005,-0.0011067860000000262,0.0057780230000000765
phase_012,forcegen_constrained,0.15,1.0,2026200001,30,0.86562061,0.857211473,0.839246973,-0.02637363700000006,-0.008409137000000011,-0.01796450000000005
phase_012,forcegen_constrained,0.15,1.0,2026200001,90,0.850569612,0.832268,0.838761604,-0.011808008000000036,-0.018301612000000023,0.006493603999999986
phase_012,forcegen_constrained,0.15,1.0,2026200001,180,0.764615216,0.811378286,0.804549365,0.03993414899999992,0.04676306999999991,-0.006828920999999988
phase_012,forcegen_constrained,0.15,1.0,2026200001,360,0.731067602,0.753112551,0.729429919,-0.0016376830000000009,0.02204494899999998,-0.02368263199999998
phase_012,forcegen_constrained,0.15,1.0,2026200002,7,0.862425947,0.833778739,0.836139505,-0.026286441999999965,-0.02864720799999998,0.002360766000000014
phase_012,forcegen_constrained,0.15,1.0,2026200002,30,0.805413545,0.795979633,0.804884165,-0.0005293799999999127,-0.009433911999999989,0.008904532000000076
phase_012,forcegen_constrained,0.15,1.0,2026200002,90,0.729545302,0.746038033,0.757104198,0.027558895999999944,0.016492731000000038,0.011066164999999906
phase_012,forcegen_constrained,0.15,1.0,2026200002,180,0.535350501,0.700665744,0.700510838,0.165160337,0.165315243,-0.0001549060000000102
phase_012,forcegen_constrained,0.15,1.0,2026200002,360,0.448678363,0.705576861,0.699890355,0.25121199199999994,0.25689849800000003,-0.005686506000000091
phase_012,forcegen_constrained,0.15,1.0,2026200003,7,0.887513467,0.903513379,0.903518232,0.016004765000000032,0.01599991199999995,4.853000000082375e-06
phase_012,forcegen_constrained,0.15,1.0,2026200003,30,0.835018175,0.870230193,0.8766064,0.041588225000000034,0.03521201800000007,0.006376206999999967
phase_012,forcegen_constrained,0.15,1.0,2026200003,90,0.767529369,0.839071538,0.853189292,0.08565992300000003,0.07154216899999999,0.014117754000000038
phase_012,forcegen_constrained,0.15,1.0,2026200003,180,0.742081182,0.778333933,0.811989575,0.06990839300000007,0.03625275100000003,0.03365564200000004
phase_012,forcegen_constrained,0.15,1.0,2026200003,360,0.736001815,0.794237027,0.749046532,0.013044717000000094,0.058235212000000036,-0.04519049499999994
phase_012,forcegen_constrained,0.15,1.0,2026200004,7,0.899788336,0.899927124,0.899932184,0.00014384800000000197,0.0001387880000000008,5.060000000001175e-06
phase_012,forcegen_constrained,0.15,1.0,2026200004,30,0.900143407,0.90028896,0.900299386,0.0001559790000000838,0.00014555300000007598,1.0426000000007818e-05
phase_012,forcegen_constrained,0.15,1.0,2026200004,90,0.847262935,0.87355196,0.873555688,0.026292753000000002,0.026289024999999966,3.728000000036147e-06
phase_012,forcegen_constrained,0.15,1.0,2026200004,180,0.791474765,0.862387181,0.824718325,0.03324355999999995,0.07091241599999998,-0.03766885600000003
phase_012,forcegen_constrained,0.15,1.0,2026200004,360,0.464139592,0.376712888,0.361373388,-0.10276620399999997,-0.08742670399999997,-0.015339500000000006
phase_012,forcegen_constrained,0.15,1.0,2026200005,7,0.873194735,0.874007902,0.875397492,0.002202757000000055,0.0008131670000000035,0.0013895900000000516
phase_012,forcegen_constrained,0.15,1.0,2026200005,30,0.856247827,0.851711639,0.856502069,0.0002542420000000156,-0.0045361879999999966,0.004790430000000012
phase_012,forcegen_constrained,0.15,1.0,2026200005,90,0.760241056,0.820648209,0.828357768,0.06811671200000002,0.06040715299999999,0.0077095590000000325
phase_012,forcegen_constrained,0.15,1.0,2026200005,180,0.726265772,0.698542532,0.806756301,0.08049052899999998,-0.027723239999999927,0.1082137689999999
phase_012,forcegen_constrained,0.15,1.0,2026200005,360,0.69461543,0.721467564,0.732699518,0.03808408799999996,0.026852133999999972,0.011231953999999988
phase_012,forcegen_constrained,0.15,1.0,2026200006,7,0.878572155,0.89940787,0.900371263,0.021799108000000067,0.020835715000000032,0.0009633930000000346
phase_012,forcegen_constrained,0.15,1.0,2026200006,30,0.802088314,0.881574529,0.900737918,0.098649604,0.07948621499999997,0.01916338900000003
phase_012,forcegen_constrained,0.15,1.0,2026200006,90,0.841156687,0.807007665,0.786423974,-0.054732713000000044,-0.03414902200000003,-0.020583691000000015
phase_012,forcegen_constrained,0.15,1.0,2026200006,180,0.789142606,0.80886462,0.655090694,-0.134051912,0.019722014000000065,-0.15377392600000006
phase_012,forcegen_constrained,0.15,1.0,2026200006,360,0.717911957,0.754699038,0.514983008,-0.20292894900000003,0.036787081000000055,-0.23971603000000008
phase_012,forcegen_constrained,0.15,1.0,2026200007,7,0.897226023,0.903427047,0.903432143,0.006206119999999982,0.006201023999999999,5.095999999982226e-06
phase_012,forcegen_constrained,0.15,1.0,2026200007,30,0.903798665,0.903807288,0.903798298,-3.669999999456053e-07,8.623000000040904e-06,-8.989999999986509e-06
phase_012,forcegen_constrained,0.15,1.0,2026200007,90,0.904554783,0.904557288,0.904571979,1.719599999994159e-05,2.5049999999859907e-06,1.46909999999556e-05
phase_012,forcegen_constrained,0.15,1.0,2026200007,180,0.849546492,0.838131724,0.86625438,0.016707888000000004,-0.011414767999999964,0.028122655999999968
phase_012,forcegen_constrained,0.15,1.0,2026200007,360,0.482773651,0.786895504,0.756923486,0.274149835,0.30412185299999994,-0.029972017999999934
phase_012,forcegen_constrained,0.15,1.0,2026200008,7,0.896816402,0.869688539,0.871236123,-0.02558027900000004,-0.02712786300000003,0.0015475839999999907
phase_012,forcegen_constrained,0.15,1.0,2026200008,30,0.900693983,0.896816602,0.899886567,-0.0008074160000000052,-0.003877381000000013,0.003069965000000008
phase_012,forcegen_constrained,0.15,1.0,2026200008,90,0.832892413,0.779490331,0.895400016,0.06250760299999991,-0.05340208200000007,0.11590968499999998
phase_012,forcegen_constrained,0.15,1.0,2026200008,180,0.777261809,0.72914083,0.82169584,0.044434030999999985,-0.04812097900000001,0.09255501
phase_012,forcegen_constrained,0.15,1.0,2026200008,360,0.727117187,0.732097061,0.572651101,-0.154466086,0.004979873999999995,-0.15944596
phase_012,forcegen_constrained,0.15,1.0,2026200009,7,0.886742388,0.878533485,0.880257256,-0.0064851320000000046,-0.0082089030000001,0.001723771000000096
phase_012,forcegen_constrained,0.15,1.0,2026200009,30,0.887218121,0.871660428,0.87544963,-0.011768490999999992,-0.015557692999999984,0.0037892019999999915
phase_012,forcegen_constrained,0.15,1.0,2026200009,90,0.834017054,0.822166596,0.828485193,-0.005531861000000027,-0.011850458000000064,0.006318597000000037
phase_012,forcegen_constrained,0.15,1.0,2026200009,180,0.761343467,0.684935942,0.711984967,-0.04935849999999997,-0.07640752500000003,0.02704902500000006
phase_012,forcegen_constrained,0.15,1.0,2026200009,360,0.808038942,0.724024712,0.729112975,-0.07892596699999999,-0.08401423000000008,0.005088263000000093
phase_012,forcegen_constrained,0.15,1.0,2026200010,7,0.90149354,0.901854105,0.901859119,0.00036557900000000476,0.00036056499999992386,5.014000000080898e-06
phase_012,forcegen_constrained,0.15,1.0,2026200010,30,0.851368044,0.873036403,0.879413932,0.028045887999999963,0.02166835899999997,0.006377528999999993
phase_012,forcegen_constrained,0.15,1.0,2026200010,90,0.873045993,0.802360664,0.81024872,-0.06279727299999993,-0.07068532900000002,0.007888056000000088
phase_012,forcegen_constrained,0.15,1.0,2026200010,180,0.805177968,0.81429088,0.818865058,0.013687090000000013,0.009112912000000084,0.004574177999999929
phase_012,forcegen_constrained,0.15,1.0,2026200010,360,0.807003261,0.741605893,0.786737836,-0.020265424999999948,-0.06539736799999996,0.04513194300000001
phase_012,forcegen_constrained,0.15,1.0,2026200011,7,0.861425726,0.862977402,0.866064017,0.004638291000000017,0.0015516759999999463,0.0030866150000000703
phase_012,forcegen_constrained,0.15,1.0,2026200011,30,0.852008602,0.862903706,0.869030069,0.017021467000000068,0.010895104000000044,0.0061263630000000235
phase_012,forcegen_constrained,0.15,1.0,2026200011,90,0.822125893,0.845321837,0.850376748,0.028250854999999908,0.023195943999999913,0.005054910999999995
phase_012,forcegen_constrained,0.15,1.0,2026200011,180,0.806166364,0.841895394,0.840744361,0.03457799700000008,0.03572903000000005,-0.001151032999999968
phase_012,forcegen_constrained,0.15,1.0,2026200011,360,0.81830962,0.838237522,0.831402478,0.01309285800000004,0.019927902000000053,-0.006835044000000012
phase_013,forcegen_constrained,0.15,1.5,2026200000,7,0.867894574,0.874294093,0.880575981,0.012681406999999978,0.00639951900000002,0.006281887999999958
phase_013,forcegen_constrained,0.15,1.5,2026200000,30,0.866306095,0.775862272,0.794650457,-0.07165563799999997,-0.09044382299999998,0.018788185000000013
phase_013,forcegen_constrained,0.15,1.5,2026200000,90,0.832195552,0.68103717,0.713387517,-0.11880803499999992,-0.15115838199999998,0.03235034700000006
phase_013,forcegen_constrained,0.15,1.5,2026200000,180,0.839253239,0.62356569,0.653437136,-0.18581610300000007,-0.2156875490000001,0.029871446000000024
phase_013,forcegen_constrained,0.15,1.5,2026200000,360,0.558588628,0.53263097,0.556757951,-0.0018306769999999473,-0.02595765799999994,0.024126980999999992
phase_013,forcegen_constrained,0.15,1.5,2026200001,7,0.888102736,0.886534378,0.889648099,0.0015453629999999663,-0.001568357999999992,0.003113720999999958
phase_013,forcegen_constrained,0.15,1.5,2026200001,30,0.86562061,0.850384694,0.859759483,-0.005861126999999966,-0.01523591599999996,0.009374788999999994
phase_013,forcegen_constrained,0.15,1.5,2026200001,90,0.850569612,0.80973181,0.803840953,-0.046728659000000006,-0.04083780199999998,-0.005890857000000027
phase_013,forcegen_constrained,0.15,1.5,2026200001,180,0.764615216,0.494861221,0.727323817,-0.037291399,-0.269753995,0.23246259600000002
phase_013,forcegen_constrained,0.15,1.5,2026200001,360,0.731067602,0.370878815,0.685839342,-0.04522826000000002,-0.360188787,0.314960527
phase_013,forcegen_constrained,0.15,1.5,2026200002,7,0.862425947,0.835862356,0.83922316,-0.023202787000000002,-0.026563590999999942,0.0033608039999999395
phase_013,forcegen_constrained,0.15,1.5,2026200002,30,0.805413545,0.793721425,0.807834619,0.002421074000000023,-0.011692119999999973,0.014113193999999996
phase_013,forcegen_constrained,0.15,1.5,2026200002,90,0.729545302,0.741862262,0.76005961,0.03051430799999999,0.012316960000000043,0.018197347999999947
phase_013,forcegen_constrained,0.15,1.5,2026200002,180,0.535350501,0.696788583,0.705884803,0.17053430199999997,0.16143808199999998,0.009096219999999988
phase_013,forcegen_constrained,0.15,1.5,2026200002,360,0.448678363,0.700340382,0.704531772,0.2558534089999999,0.251662019,0.004191389999999906
phase_013,forcegen_constrained,0.15,1.5,2026200003,7,0.887513467,0.903516457,0.903523837,0.01601037000000005,0.01600299000000005,7.3800000000012744e-06
phase_013,forcegen_constrained,0.15,1.5,2026200003,30,0.835018175,0.869470034,0.875601833,0.04058365800000008,0.03445185900000003,0.006131799000000049
phase_013,forcegen_constrained,0.15,1.5,2026200003,90,0.767529369,0.839249453,0.859074361,0.09154499199999999,0.07172008399999996,0.01982490800000003
phase_013,forcegen_constrained,0.15,1.5,2026200003,180,0.742081182,0.795462484,0.828874499,0.08679331700000004,0.05338130200000002,0.03341201500000002
phase_013,forcegen_constrained,0.15,1.5,2026200003,360,0.736001815,0.703449018,0.77527305,0.03927123500000007,-0.03255279699999991,0.07182403199999998
phase_013,forcegen_constrained,0.15,1.5,2026200004,7,0.899788336,0.899964599,0.89997358,0.00018524400000008434,0.00017626300000006534,8.981000000019002e-06
phase_013,forcegen_constrained,0.15,1.5,2026200004,30,0.900143407,0.900291468,0.900308064,0.0001646570000000125,0.00014806100000008815,1.6595999999924338e-05
phase_013,forcegen_constrained,0.15,1.5,2026200004,90,0.847262935,0.873551801,0.873554245,0.026291309999999957,0.02628886599999991,2.444000000045854e-06
phase_013,forcegen_constrained,0.15,1.5,2026200004,180,0.791474765,0.854144828,0.836795097,0.04532033199999996,0.062670063,-0.017349731000000035
phase_013,forcegen_constrained,0.15,1.5,2026200004,360,0.464139592,0.379797648,0.378969775,-0.08516981699999998,-0.084341944,-0.000827872999999979
phase_013,forcegen_constrained,0.15,1.5,2026200005,7,0.873194735,0.888729003,0.890927119,0.01773238399999999,0.015534268000000018,0.002198115999999972
phase_013,forcegen_constrained,0.15,1.5,2026200005,30,0.856247827,0.852841387,0.8592672,0.003019372999999992,-0.0034064400000000106,0.0064258130000000024
phase_013,forcegen_constrained,0.15,1.5,2026200005,90,0.760241056,0.835005201,0.815548174,0.05530711799999999,0.07476414499999995,-0.01945702699999996
phase_013,forcegen_constrained,0.15,1.5,2026200005,180,0.726265772,0.835398314,0.819615666,0.09334989400000004,0.109132542,-0.015782647999999955
phase_013,forcegen_constrained,0.15,1.5,2026200005,360,0.69461543,0.789514154,0.834989769,0.14037433899999996,0.09489872399999999,0.04547561499999997
phase_013,forcegen_constrained,0.15,1.5,2026200006,7,0.878572155,0.897242364,0.90038891,0.02181675500000002,0.01867020900000005,0.0031465459999999723
phase_013,forcegen_constrained,0.15,1.5,2026200006,30,0.802088314,0.877900746,0.889607768,0.08751945399999994,0.07581243199999999,0.011707021999999956
phase_013,forcegen_constrained,0.15,1.5,2026200006,90,0.841156687,0.784889375,0.827674158,-0.01348252900000002,-0.056267312000000014,0.04278478299999999
phase_013,forcegen_constrained,0.15,1.5,2026200006,180,0.789142606,0.790624663,0.824854328,0.03571172200000006,0.0014820570000000366,0.03422966500000002
phase_013,forcegen_constrained,0.15,1.5,2026200006,360,0.717911957,0.74676819,0.779560211,0.06164825399999996,0.028856233000000064,0.032792020999999894
phase_013,forcegen_constrained,0.15,1.5,2026200007,7,0.897226023,0.903441314,0.903448889,0.006222865999999994,0.006215291000000067,7.574999999926391e-06
phase_013,forcegen_constrained,0.15,1.5,2026200007,30,0.903798665,0.903803197,0.9038247,2.6035000000090847e-05,4.532000000057046e-06,2.15030000000338e-05
phase_013,forcegen_constrained,0.15,1.5,2026200007,90,0.904554783,0.876739664,0.904045108,-0.0005096749999999872,-0.027815119,0.027305444000000012
phase_013,forcegen_constrained,0.15,1.5,2026200007,180,0.849546492,0.80820612,0.85831555,0.008769058000000052,-0.04134037199999996,0.05010943000000001
phase_013,forcegen_constrained,0.15,1.5,2026200007,360,0.482773651,0.75442687,0.816784855,0.33401120399999995,0.27165321899999995,0.062357985000000005
phase_013,forcegen_constrained,0.15,1.5,2026200008,7,0.896816402,0.903222702,0.89142702,-0.005389382000000054,0.006406299999999976,-0.01179568200000003
phase_013,forcegen_constrained,0.15,1.5,2026200008,30,0.900693983,0.889985629,0.897919148,-0.0027748350000000865,-0.010708354000000031,0.007933518999999944
phase_013,forcegen_constrained,0.15,1.5,2026200008,90,0.832892413,0.880146439,0.902066602,0.06917418899999994,0.04725402599999995,0.021920162999999993
phase_013,forcegen_constrained,0.15,1.5,2026200008,180,0.777261809,0.878989167,0.814914695,0.03765288600000005,0.10172735799999999,-0.06407447199999994
phase_013,forcegen_constrained,0.15,1.5,2026200008,360,0.727117187,0.815629158,0.705102201,-0.02201498600000007,0.08851197099999997,-0.11052695700000004
phase_013,forcegen_constrained,0.15,1.5,2026200009,7,0.886742388,0.882136827,0.884438674,-0.0023037140000000678,-0.004605561000000091,0.0023018470000000235
phase_013,forcegen_constrained,0.15,1.5,2026200009,30,0.887218121,0.878797009,0.884082135,-0.0031359859999999795,-0.008421111999999953,0.005285125999999973
phase_013,forcegen_constrained,0.15,1.5,2026200009,90,0.834017054,0.821202476,0.831641178,-0.002375875999999999,-0.012814578000000076,0.010438702000000077
phase_013,forcegen_constrained,0.15,1.5,2026200009,180,0.761343467,0.739433994,0.717223623,-0.04411984400000002,-0.021909473000000013,-0.022210371000000007
phase_013,forcegen_constrained,0.15,1.5,2026200009,360,0.808038942,0.750612298,0.736743348,-0.07129559400000007,-0.05742664400000008,-0.013868949999999991
phase_013,forcegen_constrained,0.15,1.5,2026200010,7,0.90149354,0.895120022,0.898715336,-0.002778204000000062,-0.006373518000000078,0.003595314000000016
phase_013,forcegen_constrained,0.15,1.5,2026200010,30,0.851368044,0.828143612,0.84453599,-0.006832053999999976,-0.023224432000000017,0.01639237800000004
phase_013,forcegen_constrained,0.15,1.5,2026200010,90,0.873045993,0.636077262,0.704123216,-0.1689227769999999,-0.23696873099999993,0.06804595400000002
phase_013,forcegen_constrained,0.15,1.5,2026200010,180,0.805177968,0.555413877,0.665228148,-0.13994982,-0.24976409099999997,0.10981427099999996
phase_013,forcegen_constrained,0.15,1.5,2026200010,360,0.807003261,0.467608535,0.633808274,-0.17319498700000002,-0.339394726,0.16619973899999996
phase_013,forcegen_constrained,0.15,1.5,2026200011,7,0.861425726,0.864882808,0.870045577,0.008619850999999956,0.0034570819999999447,0.0051627690000000115
phase_013,forcegen_constrained,0.15,1.5,2026200011,30,0.852008602,0.859473357,0.872442275,0.020433673000000097,0.007464755000000101,0.012968917999999996
phase_013,forcegen_constrained,0.15,1.5,2026200011,90,0.822125893,0.839409361,0.859947893,0.03782199999999991,0.017283467999999913,0.020538531999999998
phase_013,forcegen_constrained,0.15,1.5,2026200011,180,0.806166364,0.834036426,0.856476926,0.05031056200000006,0.027870062000000084,0.022440499999999974
phase_013,forcegen_constrained,0.15,1.5,2026200011,360,0.81830962,0.828454608,0.865271599,0.04696197899999999,0.010144988000000077,0.03681699099999991
phase_014,forcegen_constrained,0.15,2.0,2026200000,7,0.867894574,0.87380377,0.882174723,0.014280148999999964,0.00590919599999995,0.008370953000000014
phase_014,forcegen_constrained,0.15,2.0,2026200000,30,0.866306095,0.782575051,0.812442824,-0.05386327099999999,-0.08373104399999998,0.029867772999999986
phase_014,forcegen_constrained,0.15,2.0,2026200000,90,0.832195552,0.705874048,0.767399622,-0.06479592999999995,-0.12632150399999997,0.06152557400000003
phase_014,forcegen_constrained,0.15,2.0,2026200000,180,0.839253239,0.661308607,0.742404834,-0.09684840500000003,-0.177944632,0.08109622699999997
phase_014,forcegen_constrained,0.15,2.0,2026200000,360,0.558588628,0.584079734,0.698983177,0.14039454900000004,0.02549110600000004,0.114903443
phase_014,forcegen_constrained,0.15,2.0,2026200001,7,0.888102736,0.878155997,0.882292575,-0.00581016099999998,-0.009946738999999982,0.004136578000000002
phase_014,forcegen_constrained,0.15,2.0,2026200001,30,0.86562061,0.851948265,0.866309705,0.0006890950000000284,-0.01367234500000003,0.014361440000000059
phase_014,forcegen_constrained,0.15,2.0,2026200001,90,0.850569612,0.785360976,0.812940586,-0.037629026000000065,-0.06520863600000004,0.027579609999999977
phase_014,forcegen_constrained,0.15,2.0,2026200001,180,0.764615216,0.729344345,0.612535318,-0.152079898,-0.03527087100000004,-0.11680902699999995
phase_014,forcegen_constrained,0.15,2.0,2026200001,360,0.731067602,0.439414289,0.562731738,-0.168335864,-0.29165331299999997,0.12331744899999997
phase_014,forcegen_constrained,0.15,2.0,2026200002,7,0.862425947,0.836294839,0.840324085,-0.022101861999999972,-0.02613110799999996,0.004029245999999986
phase_014,forcegen_constrained,0.15,2.0,2026200002,30,0.805413545,0.792546231,0.808865079,0.0034515340000000894,-0.012867313999999963,0.016318848000000052
phase_014,forcegen_constrained,0.15,2.0,2026200002,90,0.729545302,0.740108296,0.764667841,0.03512253899999995,0.010562994000000048,0.024559544999999905
phase_014,forcegen_constrained,0.15,2.0,2026200002,180,0.535350501,0.694828912,0.718852841,0.18350233999999999,0.15947841099999993,0.024023929000000055
phase_014,forcegen_constrained,0.15,2.0,2026200002,360,0.448678363,0.698527795,0.724324258,0.275645895,0.24984943199999993,0.025796463000000047
phase_014,forcegen_constrained,0.15,2.0,2026200003,7,0.887513467,0.884079686,0.888781635,0.0012681679999999584,-0.0034337810000000246,0.004701948999999983
phase_014,forcegen_constrained,0.15,2.0,2026200003,30,0.835018175,0.876531344,0.871075221,0.03605704600000004,0.041513169000000016,-0.005456122999999979
phase_014,forcegen_constrained,0.15,2.0,2026200003,90,0.767529369,0.870265439,0.885422471,0.11789310200000003,0.10273606999999996,0.01515703200000007
phase_014,forcegen_constrained,0.15,2.0,2026200003,180,0.742081182,0.851736958,0.83963362,0.09755243800000002,0.1096557760000001,-0.012103338000000075
phase_014,forcegen_constrained,0.15,2.0,2026200003,360,0.736001815,0.730040099,0.816121053,0.08011923800000009,-0.00596171599999995,0.08608095400000004
phase_014,forcegen_constrained,0.15,2.0,2026200004,7,0.899788336,0.887102717,0.891151226,-0.008637110000000003,-0.012685618999999981,0.004048508999999978
phase_014,forcegen_constrained,0.15,2.0,2026200004,30,0.900143407,0.834158647,0.878505656,-0.021637750999999983,-0.06598475999999998,0.04434700899999999
phase_014,forcegen_constrained,0.15,2.0,2026200004,90,0.847262935,0.834474378,0.87149851,0.024235574999999954,-0.012788557000000034,0.03702413199999999
phase_014,forcegen_constrained,0.15,2.0,2026200004,180,0.791474765,0.754845818,0.775808493,-0.015666272000000037,-0.03662894700000008,0.02096267500000004
phase_014,forcegen_constrained,0.15,2.0,2026200004,360,0.464139592,0.751837827,0.723222242,0.25908264999999997,0.287698235,-0.028615585000000054
phase_014,forcegen_constrained,0.15,2.0,2026200005,7,0.873194735,0.896548016,0.900378884,0.02718414899999999,0.023353281000000004,0.0038308679999999873
phase_014,forcegen_constrained,0.15,2.0,2026200005,30,0.856247827,0.866906549,0.878409924,0.022162096999999936,0.010658721999999954,0.011503374999999982
phase_014,forcegen_constrained,0.15,2.0,2026200005,90,0.760241056,0.807191064,0.824889438,0.064648382,0.04695000799999993,0.017698374000000072
phase_014,forcegen_constrained,0.15,2.0,2026200005,180,0.726265772,0.685740784,0.657771928,-0.06849384400000003,-0.04052498799999993,-0.027968856000000097
phase_014,forcegen_constrained,0.15,2.0,2026200005,360,0.69461543,0.489792677,0.605058338,-0.08955709200000006,-0.20482275300000002,0.11526566099999996
phase_014,forcegen_constrained,0.15,2.0,2026200006,7,0.878572155,0.900335823,0.900342107,0.02176995199999998,0.02176366800000007,6.283999999912027e-06
phase_014,forcegen_constrained,0.15,2.0,2026200006,30,0.802088314,0.900766513,0.900782422,0.098694108,0.09867819899999997,1.5909000000036144e-05
phase_014,forcegen_constrained,0.15,2.0,2026200006,90,0.841156687,0.852776875,0.871565476,0.03040878899999999,0.011620187999999976,0.018788601000000016
phase_014,forcegen_constrained,0.15,2.0,2026200006,180,0.789142606,0.77201228,0.802694186,0.013551580000000008,-0.017130325999999974,0.03068190599999998
phase_014,forcegen_constrained,0.15,2.0,2026200006,360,0.717911957,0.736445375,0.764695941,0.046783984000000056,0.018533417999999968,0.028250566000000088
phase_014,forcegen_constrained,0.15,2.0,2026200007,7,0.897226023,0.859077189,0.863312194,-0.03391382899999995,-0.03814883400000002,0.004235005000000069
phase_014,forcegen_constrained,0.15,2.0,2026200007,30,0.903798665,0.872689084,0.882416606,-0.021382058999999898,-0.031109580999999942,0.009727522000000044
phase_014,forcegen_constrained,0.15,2.0,2026200007,90,0.904554783,0.886290968,0.864271076,-0.04028370700000006,-0.018263815000000072,-0.022019891999999985
phase_014,forcegen_constrained,0.15,2.0,2026200007,180,0.849546492,0.852953665,0.873319319,0.023772827000000052,0.003407173000000041,0.02036565400000001
phase_014,forcegen_constrained,0.15,2.0,2026200007,360,0.482773651,0.867335231,0.839540965,0.35676731399999995,0.38456157999999996,-0.027794266000000012
phase_014,forcegen_constrained,0.15,2.0,2026200008,7,0.896816402,0.900393267,0.903227441,0.006411038999999952,0.0035768649999999846,0.002834173999999967
phase_014,forcegen_constrained,0.15,2.0,2026200008,30,0.900693983,0.867545546,0.878852855,-0.021841128000000043,-0.03314843700000003,0.011307308999999988
phase_014,forcegen_constrained,0.15,2.0,2026200008,90,0.832892413,0.904414881,0.897371908,0.06447949499999994,0.07152246799999995,-0.007042973000000008
phase_014,forcegen_constrained,0.15,2.0,2026200008,180,0.777261809,0.780764922,0.824477336,0.04721552699999998,0.0035031130000000577,0.04371241399999992
phase_014,forcegen_constrained,0.15,2.0,2026200008,360,0.727117187,0.770380906,0.512688499,-0.21442868800000003,0.04326371899999992,-0.25769240699999996
phase_014,forcegen_constrained,0.15,2.0,2026200009,7,0.886742388,0.883978883,0.889835035,0.003092647000000004,-0.0027635049999999994,0.005856152000000003
phase_014,forcegen_constrained,0.15,2.0,2026200009,30,0.887218121,0.86066135,0.870553927,-0.016664193999999966,-0.02655677099999998,0.009892577000000013
phase_014,forcegen_constrained,0.15,2.0,2026200009,90,0.834017054,0.839781318,0.846926317,0.012909262999999949,0.005764263999999963,0.007144998999999985
phase_014,forcegen_constrained,0.15,2.0,2026200009,180,0.761343467,0.716320577,0.736885226,-0.024458241000000047,-0.04502289000000004,0.02056464899999999
phase_014,forcegen_constrained,0.15,2.0,2026200009,360,0.808038942,0.731984476,0.760751897,-0.04728704500000003,-0.07605446599999999,0.02876742099999996
phase_014,forcegen_constrained,0.15,2.0,2026200010,7,0.90149354,0.894605814,0.899477568,-0.0020159720000000325,-0.006887725999999983,0.00487175399999995
phase_014,forcegen_constrained,0.15,2.0,2026200010,30,0.851368044,0.833769696,0.830133739,-0.02123430500000001,-0.01759834800000004,-0.0036359569999999675
phase_014,forcegen_constrained,0.15,2.0,2026200010,90,0.873045993,0.63296628,0.702131695,-0.17091429800000002,-0.24007971299999997,0.06916541499999995
phase_014,forcegen_constrained,0.15,2.0,2026200010,180,0.805177968,0.552028697,0.662785087,-0.14239288099999992,-0.25314927099999995,0.11075639000000004
phase_014,forcegen_constrained,0.15,2.0,2026200010,360,0.807003261,0.461455169,0.630972571,-0.17603068999999993,-0.345548092,0.16951740200000004
phase_014,forcegen_constrained,0.15,2.0,2026200011,7,0.861425726,0.90210115,0.902112167,0.04068644099999996,0.040675424000000016,1.1016999999946542e-05
phase_014,forcegen_constrained,0.15,2.0,2026200011,30,0.852008602,0.885581225,0.900032214,0.04802361200000005,0.03357262300000008,0.01445098899999997
phase_014,forcegen_constrained,0.15,2.0,2026200011,90,0.822125893,0.791658843,0.86045433,0.03832843699999999,-0.03046705000000005,0.06879548700000004
phase_014,forcegen_constrained,0.15,2.0,2026200011,180,0.806166364,0.562959866,0.836332074,0.030165710000000012,-0.24320649799999994,0.27337220799999995
phase_014,forcegen_constrained,0.15,2.0,2026200011,360,0.81830962,0.463713357,0.8324236,0.014113980000000081,-0.35459626299999997,0.36871024300000005
phase_016,forcegen_constrained,0.25,0.25,2026200000,7,0.86789484,0.875736751,0.876962234,0.009067394000000006,0.00784191100000009,0.0012254829999999162
phase_016,forcegen_constrained,0.25,0.25,2026200000,30,0.866306414,0.802275055,0.8062562,-0.06005021399999999,-0.06403135900000001,0.003981145000000019
phase_016,forcegen_constrained,0.25,0.25,2026200000,90,0.832196156,0.741196269,0.746586909,-0.08560924699999994,-0.09099988699999995,0.005390640000000002
phase_016,forcegen_constrained,0.25,0.25,2026200000,180,0.839254145,0.696241624,0.701058687,-0.138195458,-0.14301252099999995,0.004817062999999955
phase_016,forcegen_constrained,0.25,0.25,2026200000,360,0.558589263,0.61633505,0.620107182,0.06151791900000003,0.05774578699999999,0.003772132000000039
phase_016,forcegen_constrained,0.25,0.25,2026200001,7,0.888103064,0.887051683,0.887493341,-0.000609723000000062,-0.0010513810000000179,0.0004416579999999559
phase_016,forcegen_constrained,0.25,0.25,2026200001,30,0.865620994,0.846128107,0.847924953,-0.017696040999999996,-0.01949288700000007,0.001796846000000074
phase_016,forcegen_constrained,0.25,0.25,2026200001,90,0.850570361,0.820965661,0.85377487,0.003204508999999911,-0.02960470000000004,0.03280920899999995
phase_016,forcegen_constrained,0.25,0.25,2026200001,180,0.76461623,0.851279298,0.855534649,0.09091841899999997,0.08666306800000001,0.004255350999999963
phase_016,forcegen_constrained,0.25,0.25,2026200001,360,0.731069313,0.72880747,0.640919308,-0.09015000500000003,-0.0022618429999999856,-0.08788816200000005
phase_016,forcegen_constrained,0.25,0.25,2026200002,7,0.862426167,0.828189743,0.828683538,-0.03374262899999991,-0.03423642399999993,0.0004937950000000191
phase_016,forcegen_constrained,0.25,0.25,2026200002,30,0.805413791,0.800781408,0.805410983,-2.8079999999652827e-06,-0.004632383000000018,0.004629575000000052
phase_016,forcegen_constrained,0.25,0.25,2026200002,90,0.729545749,0.751898595,0.759709642,0.030163892999999997,0.022352845999999982,0.007811047000000015
phase_016,forcegen_constrained,0.25,0.25,2026200002,180,0.535351019,0.706521392,0.702750243,0.16739922399999996,0.17117037299999993,-0.0037711489999999737
phase_016,forcegen_constrained,0.25,0.25,2026200002,360,0.448678917,0.710982888,0.703189098,0.25451018099999995,0.26230397099999997,-0.007793790000000023
phase_016,forcegen_constrained,0.25,0.25,2026200003,7,0.887513652,0.903486029,0.90348752,0.015973868000000002,0.015972376999999982,1.4910000000201151e-06
phase_016,forcegen_constrained,0.25,0.25,2026200003,30,0.835018384,0.881641561,0.883478081,0.04845969700000008,0.04662317700000007,0.0018365200000000081
phase_016,forcegen_constrained,0.25,0.25,2026200003,90,0.767529755,0.858631877,0.859575857,0.09204610200000007,0.09110212200000001,0.0009439800000000664
phase_016,forcegen_constrained,0.25,0.25,2026200003,180,0.742081746,0.798446807,0.814817296,0.07273554999999998,0.05636506100000005,0.016370488999999933
phase_016,forcegen_constrained,0.25,0.25,2026200003,360,0.736002385,0.718008087,0.726611288,-0.00939109700000007,-0.017994298000000075,0.008603201000000005
phase_016,forcegen_constrained,0.25,0.25,2026200004,7,0.899788655,0.899791853,0.899792685,4.0299999999326985e-06,3.1979999999265374e-06,8.320000000061611e-07
phase_016,forcegen_constrained,0.25,0.25,2026200004,30,0.90014379,0.857683136,0.868090832,-0.032052957999999965,-0.04246065399999999,0.010407696000000022
phase_016,forcegen_constrained,0.25,0.25,2026200004,90,0.847263648,0.830751939,0.844524244,-0.0027394039999999453,-0.016511708999999986,0.01377230500000004
phase_016,forcegen_constrained,0.25,0.25,2026200004,180,0.791475501,0.741002361,0.761507828,-0.029967672999999917,-0.050473139999999916,0.020505467
phase_016,forcegen_constrained,0.25,0.25,2026200004,360,0.46413995,0.748405776,0.747193394,0.28305344399999993,0.284265826,-0.0012123820000000674
phase_016,forcegen_constrained,0.25,0.25,2026200005,7,0.87319493,0.872503611,0.872862473,-0.00033245700000006373,-0.0006913190000000791,0.00035886200000001534
phase_016,forcegen_constrained,0.25,0.25,2026200005,30,0.856248057,0.858225712,0.859451307,0.003203250000000102,0.0019776550000000226,0.0012255950000000793
phase_016,forcegen_constrained,0.25,0.25,2026200005,90,0.760241468,0.791306712,0.795792588,0.035551119999999936,0.031065243999999992,0.004485875999999944
phase_016,forcegen_constrained,0.25,0.25,2026200005,180,0.726266381,0.75788874,0.819849858,0.09358347700000003,0.03162235899999999,0.06196111800000004
phase_016,forcegen_constrained,0.25,0.25,2026200005,360,0.694616068,0.689611745,0.708781792,0.014165724000000046,-0.005004322999999977,0.019170047000000023
phase_016,forcegen_constrained,0.25,0.25,2026200006,7,0.878572679,0.867232456,0.867637419,-0.010935260000000002,-0.011340223000000038,0.00040496300000003593
phase_016,forcegen_constrained,0.25,0.25,2026200006,30,0.802088889,0.802292875,0.803642193,0.0015533039999999776,0.00020398600000004485,0.0013493179999999327
phase_016,forcegen_constrained,0.25,0.25,2026200006,90,0.841157896,0.835373841,0.834327807,-0.006830089000000039,-0.00578405500000001,-0.001046034000000029
phase_016,forcegen_constrained,0.25,0.25,2026200006,180,0.78914399,0.780909477,0.750321281,-0.038822709000000066,-0.008234512999999999,-0.030588196000000067
phase_016,forcegen_constrained,0.25,0.25,2026200006,360,0.717913216,0.742687607,0.75298004,0.03506682399999994,0.024774391000000007,0.010292432999999934
phase_016,forcegen_constrained,0.25,0.25,2026200007,7,0.897226368,0.882115154,0.887803455,-0.009422912999999977,-0.01511121400000004,0.005688301000000062
phase_016,forcegen_constrained,0.25,0.25,2026200007,30,0.903799082,0.900683264,0.894098322,-0.009700760000000086,-0.003115818000000048,-0.006584942000000038
phase_016,forcegen_constrained,0.25,0.25,2026200007,90,0.90455562,0.884882737,0.895378144,-0.009177475999999962,-0.01967288300000003,0.010495407000000068
phase_016,forcegen_constrained,0.25,0.25,2026200007,180,0.849547541,0.844978509,0.849257484,-0.0002900569999999547,-0.004569031999999917,0.004278974999999963
phase_016,forcegen_constrained,0.25,0.25,2026200007,360,0.482774299,0.749066308,0.748264092,0.265489793,0.26629200899999994,-0.0008022159999999667
phase_016,forcegen_constrained,0.25,0.25,2026200008,7,0.896816789,0.90316505,0.903166136,0.006349347000000005,0.006348261000000077,1.085999999927978e-06
phase_016,forcegen_constrained,0.25,0.25,2026200008,30,0.900694452,0.903583093,0.903585965,0.002891513000000012,0.0028886409999999696,2.8720000000426182e-06
phase_016,forcegen_constrained,0.25,0.25,2026200008,90,0.832893283,0.815788442,0.817548541,-0.015344742000000022,-0.017104840999999982,0.0017600989999999594
phase_016,forcegen_constrained,0.25,0.25,2026200008,180,0.777262919,0.76681694,0.76666368,-0.010599239000000038,-0.010445978999999994,-0.00015326000000004392
phase_016,forcegen_constrained,0.25,0.25,2026200008,360,0.727118084,0.743046465,0.746261527,0.019143443000000038,0.015928381000000047,0.0032150619999999908
phase_016,forcegen_constrained,0.25,0.25,2026200009,7,0.886742751,0.880373796,0.880842411,-0.005900339999999948,-0.0063689550000000095,0.00046861500000006107
phase_016,forcegen_constrained,0.25,0.25,2026200009,30,0.887218556,0.872342118,0.884076108,-0.0031424479999999644,-0.014876437999999936,0.011733989999999972
phase_016,forcegen_constrained,0.25,0.25,2026200009,90,0.834017871,0.835322671,0.838704911,0.004687039999999976,0.0013047999999999949,0.003382239999999981
phase_016,forcegen_constrained,0.25,0.25,2026200009,180,0.761344554,0.749361594,0.791460052,0.03011549800000002,-0.011982959999999987,0.042098458000000005
phase_016,forcegen_constrained,0.25,0.25,2026200009,360,0.808040569,0.730563447,0.807494619,-0.0005459500000000173,-0.07747712200000001,0.07693117199999999
phase_016,forcegen_constrained,0.25,0.25,2026200010,7,0.901493987,0.858753221,0.8594663,-0.042027687000000036,-0.0427407660000001,0.0007130790000000609
phase_016,forcegen_constrained,0.25,0.25,2026200010,30,0.851368552,0.815374979,0.817487183,-0.03388136899999994,-0.035993572999999945,0.0021122040000000064
phase_016,forcegen_constrained,0.25,0.25,2026200010,90,0.873047039,0.628783255,0.63464293,-0.23840410899999998,-0.24426378400000004,0.005859675000000064
phase_016,forcegen_constrained,0.25,0.25,2026200010,180,0.805179203,0.551581237,0.556391277,-0.248787926,-0.25359796600000006,0.004810040000000071
phase_016,forcegen_constrained,0.25,0.25,2026200010,360,0.807004476,0.461242736,0.465934574,-0.34106990200000004,-0.34576174000000004,0.004691838000000004
phase_016,forcegen_constrained,0.25,0.25,2026200011,7,0.861426025,0.901892653,0.901893675,0.040467649999999966,0.040466628000000004,1.0219999999616647e-06
phase_016,forcegen_constrained,0.25,0.25,2026200011,30,0.852008958,0.888213929,0.889570151,0.03756119300000005,0.036204970999999975,0.0013562220000000735
phase_016,forcegen_constrained,0.25,0.25,2026200011,90,0.822126586,0.840381596,0.840930125,0.01880353899999998,0.01825500999999996,0.0005485290000000198
phase_016,forcegen_constrained,0.25,0.25,2026200011,180,0.806167494,0.831363602,0.836668125,0.030500631,0.02519610800000005,0.00530452299999995
phase_016,forcegen_constrained,0.25,0.25,2026200011,360,0.818311597,0.844340575,0.834777738,0.01646614099999999,0.026028978000000036,-0.009562837000000046
phase_017,forcegen_constrained,0.25,0.5,2026200000,7,0.86789484,0.874933643,0.877339795,0.009444955000000088,0.007038803000000038,0.0024061520000000503
phase_017,forcegen_constrained,0.25,0.5,2026200000,30,0.866306414,0.799240714,0.807410186,-0.05889622799999994,-0.0670657,0.008169472000000066
phase_017,forcegen_constrained,0.25,0.5,2026200000,90,0.832196156,0.737630446,0.748528352,-0.08366780399999996,-0.09456570999999991,0.010897905999999957
phase_017,forcegen_constrained,0.25,0.5,2026200000,180,0.839254145,0.692724493,0.70147788,-0.13777626499999995,-0.1465296519999999,0.008753386999999946
phase_017,forcegen_constrained,0.25,0.5,2026200000,360,0.558589263,0.612624007,0.619723554,0.06113429100000001,0.05403474399999997,0.007099547000000039
phase_017,forcegen_constrained,0.25,0.5,2026200001,7,0.888103064,0.885669049,0.886549621,-0.0015534430000000432,-0.002434015000000067,0.0008805720000000239
phase_017,forcegen_constrained,0.25,0.5,2026200001,30,0.865620994,0.846599441,0.850114923,-0.01550607100000001,-0.01902155300000008,0.0035154820000000697
phase_017,forcegen_constrained,0.25,0.5,2026200001,90,0.850570361,0.829608105,0.847357087,-0.0032132740000000437,-0.020962256000000012,0.01774898199999997
phase_017,forcegen_constrained,0.25,0.5,2026200001,180,0.76461623,0.759676063,0.761023457,-0.003592773000000049,-0.004940166999999995,0.0013473939999999462
phase_017,forcegen_constrained,0.25,0.5,2026200001,360,0.731069313,0.726030462,0.733578934,0.002509620999999962,-0.005038851000000011,0.007548471999999973
phase_017,forcegen_constrained,0.25,0.5,2026200002,7,0.862426167,0.834803261,0.835755341,-0.026670825999999925,-0.027622905999999947,0.0009520800000000218
phase_017,forcegen_constrained,0.25,0.5,2026200002,30,0.805413791,0.799107675,0.80503845,-0.000375341000000029,-0.006306115999999973,0.005930774999999944
phase_017,forcegen_constrained,0.25,0.5,2026200002,90,0.729545749,0.749389733,0.757629094,0.028083344999999982,0.01984398399999998,0.008239361
phase_017,forcegen_constrained,0.25,0.5,2026200002,180,0.535351019,0.704109685,0.701708842,0.16635782300000002,0.168758666,-0.002400842999999986
phase_017,forcegen_constrained,0.25,0.5,2026200002,360,0.448678917,0.70902398,0.693513448,0.24483453100000002,0.260345063,-0.015510531999999966
phase_017,forcegen_constrained,0.25,0.5,2026200003,7,0.887513652,0.903506017,0.903508332,0.01599468000000004,0.01599236500000001,2.315000000030487e-06
phase_017,forcegen_constrained,0.25,0.5,2026200003,30,0.835018384,0.869744115,0.887619334,0.05260095000000009,0.03472573100000009,0.017875218999999998
phase_017,forcegen_constrained,0.25,0.5,2026200003,90,0.767529755,0.842731235,0.864896453,0.09736669799999997,0.07520148000000004,0.02216521799999993
phase_017,forcegen_constrained,0.25,0.5,2026200003,180,0.742081746,0.80140221,0.817080496,0.07499875,0.05932046400000002,0.015678285999999986
phase_017,forcegen_constrained,0.25,0.5,2026200003,360,0.736002385,0.750196397,0.733297738,-0.00270464700000006,0.014194011999999923,-0.016898658999999983
phase_017,forcegen_constrained,0.25,0.5,2026200004,7,0.899788655,0.899796308,0.899798597,9.941999999929507e-06,7.652999999940846e-06,2.2889999999886612e-06
phase_017,forcegen_constrained,0.25,0.5,2026200004,30,0.90014379,0.863814239,0.875062375,-0.02508141500000005,-0.036329551000000015,0.011248135999999964
phase_017,forcegen_constrained,0.25,0.5,2026200004,90,0.847263648,0.83333635,0.879963604,0.032699955999999974,-0.013927298000000032,0.04662725400000001
phase_017,forcegen_constrained,0.25,0.5,2026200004,180,0.791475501,0.773342834,0.783430648,-0.008044853000000018,-0.018132666999999936,0.010087813999999917
phase_017,forcegen_constrained,0.25,0.5,2026200004,360,0.46413995,0.471970176,0.757361858,0.293221908,0.007830225999999996,0.285391682
phase_017,forcegen_constrained,0.25,0.5,2026200005,7,0.87319493,0.866955133,0.868268985,-0.004925944999999987,-0.006239796999999991,0.0013138520000000042
phase_017,forcegen_constrained,0.25,0.5,2026200005,30,0.856248057,0.827919656,0.831656742,-0.024591315000000002,-0.028328401000000003,0.0037370860000000006
phase_017,forcegen_constrained,0.25,0.5,2026200005,90,0.760241468,0.788316665,0.792190217,0.031948749,0.02807519699999994,0.003873552000000058
phase_017,forcegen_constrained,0.25,0.5,2026200005,180,0.726266381,0.72549116,0.74295709,0.016690709000000026,-0.0007752209999999371,0.017465929999999963
phase_017,forcegen_constrained,0.25,0.5,2026200005,360,0.694616068,0.779961333,0.723434968,0.02881889999999998,0.08534526500000006,-0.05652636500000008
phase_017,forcegen_constrained,0.25,0.5,2026200006,7,0.878572679,0.872940237,0.87371173,-0.004860949000000003,-0.005632442000000015,0.000771493000000012
phase_017,forcegen_constrained,0.25,0.5,2026200006,30,0.802088889,0.829980943,0.805244816,0.003155927000000003,0.027892054000000055,-0.024736127000000052
phase_017,forcegen_constrained,0.25,0.5,2026200006,90,0.841157896,0.858483405,0.842108652,0.0009507559999999415,0.01732550899999996,-0.01637475300000002
phase_017,forcegen_constrained,0.25,0.5,2026200006,180,0.78914399,0.770573029,0.74446972,-0.044674270000000016,-0.018570960999999997,-0.02610330900000002
phase_017,forcegen_constrained,0.25,0.5,2026200006,360,0.717913216,0.708602485,0.734119051,0.016205834999999946,-0.009310731000000017,0.025516565999999963
phase_017,forcegen_constrained,0.25,0.5,2026200007,7,0.897226368,0.897157925,0.903431955,0.006205586999999957,-6.844299999997361e-05,0.0062740299999999305
phase_017,forcegen_constrained,0.25,0.5,2026200007,30,0.903799082,0.870118075,0.903815495,1.6412999999992905e-05,-0.033681006999999985,0.03369741999999998
phase_017,forcegen_constrained,0.25,0.5,2026200007,90,0.90455562,0.87096686,0.871422593,-0.03313302699999998,-0.033588759999999995,0.0004557330000000137
phase_017,forcegen_constrained,0.25,0.5,2026200007,180,0.849547541,0.899029007,0.900739086,0.051191545000000005,0.04948146600000003,0.0017100789999999755
phase_017,forcegen_constrained,0.25,0.5,2026200007,360,0.482774299,0.804330148,0.846605018,0.36383071899999997,0.321555849,0.042274869999999964
phase_017,forcegen_constrained,0.25,0.5,2026200008,7,0.896816789,0.867666671,0.868507714,-0.028309074999999906,-0.029150118000000003,0.0008410430000000968
phase_017,forcegen_constrained,0.25,0.5,2026200008,30,0.900694452,0.89454891,0.896341228,-0.004353223999999933,-0.006145541999999948,0.001792318000000015
phase_017,forcegen_constrained,0.25,0.5,2026200008,90,0.832893283,0.79754048,0.799055588,-0.033837695,-0.03535280299999999,0.0015151079999999872
phase_017,forcegen_constrained,0.25,0.5,2026200008,180,0.777262919,0.747432506,0.77655607,-0.0007068489999999539,-0.029830413,0.029123564000000046
phase_017,forcegen_constrained,0.25,0.5,2026200008,360,0.727118084,0.708233168,0.742697024,0.015578940000000041,-0.018884915999999974,0.034463856000000015
phase_017,forcegen_constrained,0.25,0.5,2026200009,7,0.886742751,0.898804132,0.899535525,0.012792774000000007,0.012061380999999982,0.0007313930000000246
phase_017,forcegen_constrained,0.25,0.5,2026200009,30,0.887218556,0.896388773,0.898725823,0.011507267000000043,0.00917021699999998,0.0023370500000000627
phase_017,forcegen_constrained,0.25,0.5,2026200009,90,0.834017871,0.880916581,0.883655559,0.04963768800000001,0.04689871000000001,0.002738978000000003
phase_017,forcegen_constrained,0.25,0.5,2026200009,180,0.761344554,0.792824312,0.836377695,0.07503314100000003,0.031479758000000024,0.043553383
phase_017,forcegen_constrained,0.25,0.5,2026200009,360,0.808040569,0.790323402,0.820621434,0.012580864999999997,-0.017717167000000034,0.03029803200000003
phase_017,forcegen_constrained,0.25,0.5,2026200010,7,0.901493987,0.900033823,0.901406839,-8.714800000009237e-05,-0.0014601640000000415,0.0013730159999999492
phase_017,forcegen_constrained,0.25,0.5,2026200010,30,0.851368552,0.838745052,0.843669877,-0.007698674999999988,-0.012623499999999899,0.0049248249999999105
phase_017,forcegen_constrained,0.25,0.5,2026200010,90,0.873047039,0.651148266,0.661242734,-0.21180430500000003,-0.22189877300000005,0.010094468000000023
phase_017,forcegen_constrained,0.25,0.5,2026200010,180,0.805179203,0.569400505,0.580736663,-0.22444253999999997,-0.23577869800000006,0.011336158000000096
phase_017,forcegen_constrained,0.25,0.5,2026200010,360,0.807004476,0.481637036,0.487008567,-0.319995909,-0.32536744,0.005371530999999985
phase_017,forcegen_constrained,0.25,0.5,2026200011,7,0.861426025,0.863298851,0.864805108,0.003379083000000005,0.0018728260000000496,0.0015062569999999553
phase_017,forcegen_constrained,0.25,0.5,2026200011,30,0.852008958,0.867562921,0.870558764,0.018549806000000002,0.015553963000000004,0.002995842999999998
phase_017,forcegen_constrained,0.25,0.5,2026200011,90,0.822126586,0.851423586,0.852511416,0.03038483000000003,0.029297000000000017,0.0010878300000000118
phase_017,forcegen_constrained,0.25,0.5,2026200011,180,0.806167494,0.847806477,0.844529331,0.038361837000000065,0.04163898300000002,-0.003277145999999953
phase_017,forcegen_constrained,0.25,0.5,2026200011,360,0.818311597,0.730357473,0.803392758,-0.014918839000000017,-0.08795412400000002,0.073035285
phase_018,forcegen_constrained,0.25,0.75,2026200000,7,0.86789484,0.872866547,0.876418926,0.008524086000000097,0.004971707000000047,0.00355237900000005
phase_018,forcegen_constrained,0.25,0.75,2026200000,30,0.866306414,0.794301377,0.805720427,-0.06058598699999995,-0.07200503699999994,0.011419049999999986
phase_018,forcegen_constrained,0.25,0.75,2026200000,90,0.832196156,0.731639061,0.747184766,-0.08501139000000002,-0.10055709499999999,0.015545704999999965
phase_018,forcegen_constrained,0.25,0.75,2026200000,180,0.839254145,0.686702016,0.700830507,-0.1384236379999999,-0.15255212899999993,0.01412849100000002
phase_018,forcegen_constrained,0.25,0.75,2026200000,360,0.558589263,0.607345726,0.619102789,0.06051352600000004,0.04875646300000003,0.011757063000000012
phase_018,forcegen_constrained,0.25,0.75,2026200001,7,0.888103064,0.885666834,0.890111618,0.0020085539999999957,-0.002436230000000039,0.004444784000000035
phase_018,forcegen_constrained,0.25,0.75,2026200001,30,0.865620994,0.851518498,0.856542496,-0.009078498000000046,-0.01410249600000002,0.005023997999999974
phase_018,forcegen_constrained,0.25,0.75,2026200001,90,0.850570361,0.835942281,0.844894084,-0.005676277000000063,-0.014628080000000043,0.00895180299999998
phase_018,forcegen_constrained,0.25,0.75,2026200001,180,0.76461623,0.851588499,0.7623243,-0.002291930000000053,0.08697226899999999,-0.08926419900000004
phase_018,forcegen_constrained,0.25,0.75,2026200001,360,0.731069313,0.722876107,0.731739734,0.0006704210000000321,-0.008193205999999953,0.008863626999999985
phase_018,forcegen_constrained,0.25,0.75,2026200002,7,0.862426167,0.835691017,0.837057352,-0.02536881499999999,-0.02673514999999993,0.0013663349999999408
phase_018,forcegen_constrained,0.25,0.75,2026200002,30,0.805413791,0.807741393,0.812606543,0.0071927520000000245,0.0023276020000000397,0.004865149999999985
phase_018,forcegen_constrained,0.25,0.75,2026200002,90,0.729545749,0.756272024,0.759870643,0.030324893999999936,0.02672627500000002,0.003598618999999914
phase_018,forcegen_constrained,0.25,0.75,2026200002,180,0.535351019,0.700403521,0.699311982,0.16396096299999996,0.165052502,-0.0010915390000000302
phase_018,forcegen_constrained,0.25,0.75,2026200002,360,0.448678917,0.72807449,0.722601707,0.27392279,0.279395573,-0.005472782999999981
phase_018,forcegen_constrained,0.25,0.75,2026200003,7,0.887513652,0.903504736,0.903510738,0.01599708600000005,0.015991084000000044,6.002000000004948e-06
phase_018,forcegen_constrained,0.25,0.75,2026200003,30,0.835018384,0.882479748,0.874451937,0.039433553000000066,0.047461364000000006,-0.00802781099999994
phase_018,forcegen_constrained,0.25,0.75,2026200003,90,0.767529755,0.854242382,0.849447112,0.08191735700000002,0.08671262700000004,-0.004795270000000018
phase_018,forcegen_constrained,0.25,0.75,2026200003,180,0.742081746,0.790297853,0.807375067,0.06529332099999996,0.04821610700000001,0.01707721399999995
phase_018,forcegen_constrained,0.25,0.75,2026200003,360,0.736002385,0.817736601,0.822106654,0.08610426900000001,0.08173421599999997,0.00437005300000004
phase_018,forcegen_constrained,0.25,0.75,2026200004,7,0.899788655,0.899923603,0.899927396,0.00013874099999999778,0.00013494799999991258,3.7930000000852004e-06
phase_018,forcegen_constrained,0.25,0.75,2026200004,30,0.90014379,0.90028612,0.900292321,0.0001485310000000073,0.00014232999999996832,6.201000000038981e-06
phase_018,forcegen_constrained,0.25,0.75,2026200004,90,0.847263648,0.873550464,0.873553971,0.026290323000000004,0.026286816000000046,3.5069999999581825e-06
phase_018,forcegen_constrained,0.25,0.75,2026200004,180,0.791475501,0.841999262,0.847261957,0.055786455999999984,0.050523761,0.005262694999999984
phase_018,forcegen_constrained,0.25,0.75,2026200004,360,0.46413995,0.377002664,0.428150988,-0.03598896200000001,-0.08713728600000004,0.05114832400000002
phase_018,forcegen_constrained,0.25,0.75,2026200005,7,0.87319493,0.873828168,0.874880847,0.0016859169999999812,0.0006332379999999249,0.0010526790000000563
phase_018,forcegen_constrained,0.25,0.75,2026200005,30,0.856248057,0.851488459,0.855149315,-0.0010987419999999304,-0.0047595979999999205,0.00366085599999999
phase_018,forcegen_constrained,0.25,0.75,2026200005,90,0.760241468,0.824992334,0.826215367,0.06597389899999995,0.06475086600000002,0.001223032999999929
phase_018,forcegen_constrained,0.25,0.75,2026200005,180,0.726266381,0.783426771,0.778476299,0.05220991800000008,0.05716039000000006,-0.0049504719999999836
phase_018,forcegen_constrained,0.25,0.75,2026200005,360,0.694616068,0.72450012,0.770995424,0.07637935600000001,0.029884051999999994,0.046495304000000015
phase_018,forcegen_constrained,0.25,0.75,2026200006,7,0.878572679,0.900374316,0.900377224,0.021804544999999953,0.02180163699999993,2.9080000000236694e-06
phase_018,forcegen_constrained,0.25,0.75,2026200006,30,0.802088889,0.893100258,0.877891906,0.07580301700000003,0.09101136900000006,-0.015208352000000036
phase_018,forcegen_constrained,0.25,0.75,2026200006,90,0.841157896,0.815479153,0.810153956,-0.031003940000000063,-0.02567874300000006,-0.005325197000000004
phase_018,forcegen_constrained,0.25,0.75,2026200006,180,0.78914399,0.762980042,0.667731646,-0.121412344,-0.026163947999999992,-0.09524839600000001
phase_018,forcegen_constrained,0.25,0.75,2026200006,360,0.717913216,0.796010481,0.514036624,-0.20387659199999997,0.07809726500000003,-0.281973857
phase_018,forcegen_constrained,0.25,0.75,2026200007,7,0.897226368,0.901321074,0.90278148,0.005555112000000029,0.004094706000000059,0.0014604059999999697
phase_018,forcegen_constrained,0.25,0.75,2026200007,30,0.903799082,0.903814632,0.903824017,2.4935000000003704e-05,1.5549999999975306e-05,9.385000000028398e-06
phase_018,forcegen_constrained,0.25,0.75,2026200007,90,0.90455562,0.850510677,0.85900549,-0.045550129999999966,-0.054044942999999956,0.00849481299999999
phase_018,forcegen_constrained,0.25,0.75,2026200007,180,0.849547541,0.865041054,0.905744085,0.05619654400000007,0.015493513000000014,0.040703031000000056
phase_018,forcegen_constrained,0.25,0.75,2026200007,360,0.482774299,0.768093495,0.833144819,0.35037052,0.285319196,0.06505132400000002
phase_018,forcegen_constrained,0.25,0.75,2026200008,7,0.896816789,0.894947895,0.896001718,-0.0008150710000000005,-0.0018688939999998988,0.0010538229999998983
phase_018,forcegen_constrained,0.25,0.75,2026200008,30,0.900694452,0.896672055,0.898735266,-0.0019591860000000016,-0.004022396999999955,0.0020632109999999537
phase_018,forcegen_constrained,0.25,0.75,2026200008,90,0.832893283,0.830460323,0.833603597,0.0007103139999999897,-0.0024329600000000395,0.003143274000000029
phase_018,forcegen_constrained,0.25,0.75,2026200008,180,0.777262919,0.752976718,0.774276607,-0.002986311999999991,-0.024286201000000007,0.021299889000000016
phase_018,forcegen_constrained,0.25,0.75,2026200008,360,0.727118084,0.550326639,0.726659072,-0.0004590119999999809,-0.176791445,0.176332433
phase_018,forcegen_constrained,0.25,0.75,2026200009,7,0.886742751,0.898594428,0.899838939,0.013096188000000009,0.011851677000000005,0.0012445110000000037
phase_018,forcegen_constrained,0.25,0.75,2026200009,30,0.887218556,0.893775214,0.896622701,0.009404144999999975,0.0065566580000000485,0.0028474869999999264
phase_018,forcegen_constrained,0.25,0.75,2026200009,90,0.834017871,0.841047318,0.866850917,0.03283304600000003,0.0070294469999999665,0.025803599000000066
phase_018,forcegen_constrained,0.25,0.75,2026200009,180,0.761344554,0.708647369,0.813929834,0.052585279999999957,-0.05269718499999998,0.10528246499999994
phase_018,forcegen_constrained,0.25,0.75,2026200009,360,0.808040569,0.765390583,0.725850988,-0.08218958099999996,-0.04264998600000003,-0.03953959499999993
phase_018,forcegen_constrained,0.25,0.75,2026200010,7,0.901493987,0.871531207,0.873138848,-0.028355139000000085,-0.029962780000000078,0.001607640999999993
phase_018,forcegen_constrained,0.25,0.75,2026200010,30,0.851368552,0.841756319,0.846242296,-0.00512625599999994,-0.009612232999999915,0.004485976999999974
phase_018,forcegen_constrained,0.25,0.75,2026200010,90,0.873047039,0.77199626,0.777913739,-0.09513329999999998,-0.10105077900000003,0.005917479000000059
phase_018,forcegen_constrained,0.25,0.75,2026200010,180,0.805179203,0.790580316,0.790889389,-0.014289813999999956,-0.014598887000000005,0.00030907300000004856
phase_018,forcegen_constrained,0.25,0.75,2026200010,360,0.807004476,0.748294072,0.74365214,-0.06335233600000001,-0.05871040400000005,-0.00464193199999996
phase_018,forcegen_constrained,0.25,0.75,2026200011,7,0.861426025,0.86275792,0.865007728,0.003581703000000047,0.0013318949999999719,0.0022498080000000753
phase_018,forcegen_constrained,0.25,0.75,2026200011,30,0.852008958,0.864972825,0.869497498,0.017488539999999997,0.012963866999999962,0.004524673000000035
phase_018,forcegen_constrained,0.25,0.75,2026200011,90,0.822126586,0.851925904,0.854921922,0.03279533599999995,0.02979931800000002,0.0029960179999999337
phase_018,forcegen_constrained,0.25,0.75,2026200011,180,0.806167494,0.856528856,0.853469586,0.04730209200000002,0.050361361999999965,-0.0030592699999999473
phase_018,forcegen_constrained,0.25,0.75,2026200011,360,0.818311597,0.83696191,0.845753105,0.027441508000000003,0.018650312999999974,0.00879119500000003
phase_019,forcegen_constrained,0.25,1.0,2026200000,7,0.86789484,0.875976883,0.880144553,0.012249713000000106,0.008082043000000039,0.004167670000000068
phase_019,forcegen_constrained,0.25,1.0,2026200000,30,0.866306414,0.787195527,0.801316195,-0.06499021900000002,-0.07911088700000002,0.014120668000000003
phase_019,forcegen_constrained,0.25,1.0,2026200000,90,0.832196156,0.716750061,0.736181712,-0.09601444399999992,-0.11544609499999992,0.019431650999999994
phase_019,forcegen_constrained,0.25,1.0,2026200000,180,0.839254145,0.673833268,0.691249855,-0.14800428999999993,-0.16542087699999997,0.01741658700000004
phase_019,forcegen_constrained,0.25,1.0,2026200000,360,0.558589263,0.600756058,0.613668971,0.05507970799999995,0.04216679499999998,0.01291291299999997
phase_019,forcegen_constrained,0.25,1.0,2026200001,7,0.888103064,0.88699649,0.892774562,0.004671497999999996,-0.0011065740000000268,0.005778072000000023
phase_019,forcegen_constrained,0.25,1.0,2026200001,30,0.865620994,0.857212039,0.839247612,-0.026373382000000056,-0.008408955000000051,-0.017964427000000005
phase_019,forcegen_constrained,0.25,1.0,2026200001,90,0.850570361,0.832268795,0.838762509,-0.011807852000000008,-0.018301566000000102,0.006493714000000095
phase_019,forcegen_constrained,0.25,1.0,2026200001,180,0.76461623,0.811379347,0.804550668,0.03993443799999996,0.04676311700000002,-0.00682867900000006
phase_019,forcegen_constrained,0.25,1.0,2026200001,360,0.731069313,0.753114297,0.729430935,-0.001638377999999996,0.02204498399999999,-0.023683361999999986
phase_019,forcegen_constrained,0.25,1.0,2026200002,7,0.862426167,0.83377909,0.836139892,-0.026286274999999915,-0.02864707700000002,0.002360802000000106
phase_019,forcegen_constrained,0.25,1.0,2026200002,30,0.805413791,0.795979999,0.804884601,-0.0005291899999999572,-0.009433791999999941,0.008904601999999984
phase_019,forcegen_constrained,0.25,1.0,2026200002,90,0.729545749,0.746038565,0.757104787,0.027559037999999925,0.016492815999999966,0.011066221999999959
phase_019,forcegen_constrained,0.25,1.0,2026200002,180,0.535351019,0.700666411,0.700511423,0.16516040399999998,0.165315392,-0.00015498800000002255
phase_019,forcegen_constrained,0.25,1.0,2026200002,360,0.448678917,0.705577679,0.699890581,0.251211664,0.256898762,-0.0056870980000000015
phase_019,forcegen_constrained,0.25,1.0,2026200003,7,0.887513652,0.903513709,0.903518594,0.016004942000000022,0.016000057000000067,4.884999999954509e-06
phase_019,forcegen_constrained,0.25,1.0,2026200003,30,0.835018384,0.87023054,0.876606812,0.041588428000000066,0.03521215600000005,0.006376272000000016
phase_019,forcegen_constrained,0.25,1.0,2026200003,90,0.767529755,0.839072035,0.853189784,0.08566002900000003,0.07154228000000007,0.014117748999999957
phase_019,forcegen_constrained,0.25,1.0,2026200003,180,0.742081746,0.778334507,0.811990008,0.069908262,0.03625276099999997,0.03365550100000003
phase_019,forcegen_constrained,0.25,1.0,2026200003,360,0.736002385,0.794237619,0.749046733,0.013044347999999983,0.05823523399999997,-0.045190885999999986
phase_019,forcegen_constrained,0.25,1.0,2026200004,7,0.899788655,0.899927652,0.899932752,0.00014409699999995418,0.00013899699999997406,5.0999999999801204e-06
phase_019,forcegen_constrained,0.25,1.0,2026200004,30,0.90014379,0.900289532,0.900300029,0.00015623899999994695,0.00014574199999994875,1.0496999999998202e-05
phase_019,forcegen_constrained,0.25,1.0,2026200004,90,0.847263648,0.873552702,0.873556049,0.026292400999999965,0.026289054000000034,3.346999999931377e-06
phase_019,forcegen_constrained,0.25,1.0,2026200004,180,0.791475501,0.862387785,0.824718768,0.03324326700000002,0.07091228400000005,-0.03766901700000003
phase_019,forcegen_constrained,0.25,1.0,2026200004,360,0.46413995,0.376713179,0.361373678,-0.10276627200000005,-0.08742677100000001,-0.015339501000000033
phase_019,forcegen_constrained,0.25,1.0,2026200005,7,0.87319493,0.874008225,0.875397848,0.0022029179999999426,0.0008132949999999362,0.0013896230000000065
phase_019,forcegen_constrained,0.25,1.0,2026200005,30,0.856248057,0.851711984,0.856502478,0.0002544210000000602,-0.004536072999999918,0.0047904939999999785
phase_019,forcegen_constrained,0.25,1.0,2026200005,90,0.760241468,0.820648705,0.828358331,0.06811686299999997,0.06040723699999995,0.007709626000000025
phase_019,forcegen_constrained,0.25,1.0,2026200005,180,0.726266381,0.698543113,0.80675681,0.08049042900000003,-0.027723267999999912,0.10821369699999994
phase_019,forcegen_constrained,0.25,1.0,2026200005,360,0.694616068,0.721468155,0.732699629,0.03808356099999999,0.02685208700000008,0.011231473999999908
phase_019,forcegen_constrained,0.25,1.0,2026200006,7,0.878572679,0.899408493,0.900371949,0.021799269999999926,0.020835814000000008,0.0009634559999999182
phase_019,forcegen_constrained,0.25,1.0,2026200006,30,0.802088889,0.881575197,0.900738713,0.098649824,0.079486308,0.01916351599999999
phase_019,forcegen_constrained,0.25,1.0,2026200006,90,0.841157896,0.807008571,0.786424825,-0.05473307100000002,-0.03414932500000001,-0.020583746000000014
phase_019,forcegen_constrained,0.25,1.0,2026200006,180,0.78914399,0.808865736,0.655091624,-0.13405236600000003,0.019721745999999984,-0.15377411200000002
phase_019,forcegen_constrained,0.25,1.0,2026200006,360,0.717913216,0.754700491,0.514983679,-0.20292953700000005,0.03678727500000001,-0.23971681200000006
phase_019,forcegen_constrained,0.25,1.0,2026200007,7,0.897226368,0.903427622,0.903432775,0.006206406999999969,0.006201254000000045,5.152999999924468e-06
phase_019,forcegen_constrained,0.25,1.0,2026200007,30,0.903799082,0.903807918,0.903799041,-4.100000006168614e-08,8.836000000012056e-06,-8.877000000073743e-06
phase_019,forcegen_constrained,0.25,1.0,2026200007,90,0.90455562,0.904558206,0.904572677,1.7056999999987e-05,2.5860000000266226e-06,1.4470999999960377e-05
phase_019,forcegen_constrained,0.25,1.0,2026200007,180,0.849547541,0.838118436,0.866255183,0.016707642000000078,-0.01142910499999994,0.028136747000000017
phase_019,forcegen_constrained,0.25,1.0,2026200007,360,0.482774299,0.786891286,0.75692403,0.27414973099999995,0.304116987,-0.029967256000000053
phase_019,forcegen_constrained,0.25,1.0,2026200008,7,0.896816789,0.869689155,0.871236802,-0.02557998699999997,-0.027127633999999956,0.0015476469999999853
phase_019,forcegen_constrained,0.25,1.0,2026200008,30,0.900694452,0.896817295,0.899887392,-0.0008070599999999706,-0.00387715700000002,0.0030700970000000494
phase_019,forcegen_constrained,0.25,1.0,2026200008,90,0.832893283,0.779491253,0.895400811,0.06250752800000003,-0.05340202999999999,0.11590955800000002
phase_019,forcegen_constrained,0.25,1.0,2026200008,180,0.777262919,0.729141741,0.821696498,0.044433579,-0.04812117800000004,0.09255475700000004
phase_019,forcegen_constrained,0.25,1.0,2026200008,360,0.727118084,0.732097918,0.572651403,-0.15446668100000005,0.004979834000000016,-0.15944651500000007
phase_019,forcegen_constrained,0.25,1.0,2026200009,7,0.886742751,0.878534074,0.880257905,-0.0064848459999999886,-0.008208676999999942,0.0017238309999999535
phase_019,forcegen_constrained,0.25,1.0,2026200009,30,0.887218556,0.871661067,0.875450386,-0.011768169999999967,-0.01555748899999998,0.003789319000000013
phase_019,forcegen_constrained,0.25,1.0,2026200009,90,0.834017871,0.822167492,0.828486064,-0.005531807,-0.011850378999999966,0.006318571999999967
phase_019,forcegen_constrained,0.25,1.0,2026200009,180,0.761344554,0.684936868,0.711985958,-0.04935859600000003,-0.07640768600000003,0.027049089999999998
phase_019,forcegen_constrained,0.25,1.0,2026200009,360,0.808040569,0.724026123,0.729113855,-0.07892671399999995,-0.08401444599999996,0.0050877320000000115
phase_019,forcegen_constrained,0.25,1.0,2026200010,7,0.901493987,0.90185472,0.901859794,0.0003658069999999958,0.00036073299999994646,5.074000000049317e-06
phase_019,forcegen_constrained,0.25,1.0,2026200010,30,0.851368552,0.873037061,0.879414712,0.028046160000000042,0.021668509000000058,0.006377650999999984
phase_019,forcegen_constrained,0.25,1.0,2026200010,90,0.873047039,0.802361552,0.810249497,-0.06279754199999998,-0.07068548699999999,0.007887945000000007
phase_019,forcegen_constrained,0.25,1.0,2026200010,180,0.805179203,0.814291926,0.818865892,0.01368668900000003,0.00911272299999999,0.00457396600000004
phase_019,forcegen_constrained,0.25,1.0,2026200010,360,0.807004476,0.741606977,0.786738453,-0.020266023000000022,-0.06539749900000003,0.045131476000000004
phase_019,forcegen_constrained,0.25,1.0,2026200011,7,0.861426025,0.862977922,0.866064592,0.004638566999999982,0.0015518970000000243,0.003086669999999958
phase_019,forcegen_constrained,0.25,1.0,2026200011,30,0.852008958,0.862904275,0.869030746,0.017021787999999982,0.010895317000000015,0.006126470999999967
phase_019,forcegen_constrained,0.25,1.0,2026200011,90,0.822126586,0.845322688,0.850377743,0.028251157000000027,0.023196101999999996,0.0050550550000000305
phase_019,forcegen_constrained,0.25,1.0,2026200011,180,0.806167494,0.841896583,0.840745636,0.03457814199999998,0.03572908900000005,-0.0011509470000000688
phase_019,forcegen_constrained,0.25,1.0,2026200011,360,0.818311597,0.838239268,0.83140328,0.013091682999999965,0.019927671000000036,-0.0068359880000000706
phase_020,forcegen_constrained,0.25,1.5,2026200000,7,0.86789484,0.874294645,0.880576587,0.012681747000000021,0.006399805000000036,0.006281941999999985
phase_020,forcegen_constrained,0.25,1.5,2026200000,30,0.866306414,0.775862798,0.794651041,-0.07165537300000002,-0.09044361599999995,0.018788242999999927
phase_020,forcegen_constrained,0.25,1.5,2026200000,90,0.832196156,0.681037758,0.713388106,-0.11880804999999994,-0.15115839799999997,0.03235034800000003
phase_020,forcegen_constrained,0.25,1.5,2026200000,180,0.839254145,0.623566347,0.653437563,-0.18581658199999995,-0.21568779799999993,0.029871215999999978
phase_020,forcegen_constrained,0.25,1.5,2026200000,360,0.558589263,0.532631508,0.556758148,-0.0018311149999999943,-0.02595775499999997,0.024126639999999977
phase_020,forcegen_constrained,0.25,1.5,2026200001,7,0.888103064,0.88653498,0.88964876,0.0015456959999999853,-0.0015680840000000806,0.003113780000000066
phase_020,forcegen_constrained,0.25,1.5,2026200001,30,0.865620994,0.850385312,0.859760171,-0.005860823000000015,-0.015235682000000028,0.009374859000000013
phase_020,forcegen_constrained,0.25,1.5,2026200001,90,0.850570361,0.809732583,0.803841915,-0.046728446000000035,-0.0408377780000001,-0.005890667999999932
phase_020,forcegen_constrained,0.25,1.5,2026200001,180,0.76461623,0.494861869,0.727325069,-0.03729116099999996,-0.269754361,0.23246320000000004
phase_020,forcegen_constrained,0.25,1.5,2026200001,360,0.731069313,0.370879671,0.685840111,-0.045229202000000024,-0.360189642,0.31496043999999995
phase_020,forcegen_constrained,0.25,1.5,2026200002,7,0.862426167,0.835862758,0.839223608,-0.02320255900000001,-0.026563408999999982,0.003360849999999971
phase_020,forcegen_constrained,0.25,1.5,2026200002,30,0.805413791,0.793721834,0.807835109,0.0024213180000000056,-0.01169195700000003,0.014113275000000036
phase_020,forcegen_constrained,0.25,1.5,2026200002,90,0.729545749,0.741862794,0.760060228,0.030514478999999928,0.012317044999999971,0.018197433999999957
phase_020,forcegen_constrained,0.25,1.5,2026200002,180,0.535351019,0.696789243,0.70588535,0.17053433099999993,0.16143822399999996,0.009096106999999964
phase_020,forcegen_constrained,0.25,1.5,2026200002,360,0.448678917,0.700341175,0.704531928,0.25585301099999996,0.251662258,0.004190752999999936
phase_020,forcegen_constrained,0.25,1.5,2026200003,7,0.887513652,0.903516834,0.903524254,0.01601060200000004,0.01600318200000006,7.41999999998022e-06
phase_020,forcegen_constrained,0.25,1.5,2026200003,30,0.835018384,0.869470423,0.875602268,0.040583884000000015,0.034452039000000045,0.006131844999999969
phase_020,forcegen_constrained,0.25,1.5,2026200003,90,0.767529755,0.839249943,0.859074861,0.09154510599999999,0.07172018800000002,0.01982491799999997
phase_020,forcegen_constrained,0.25,1.5,2026200003,180,0.742081746,0.795463061,0.828874877,0.08679313099999997,0.053381314999999985,0.03341181599999998
phase_020,forcegen_constrained,0.25,1.5,2026200003,360,0.736002385,0.703449524,0.775273215,0.03927082999999998,-0.03255286099999999,0.07182369099999997
phase_020,forcegen_constrained,0.25,1.5,2026200004,7,0.899788655,0.899965182,0.899974202,0.0001855469999999526,0.00017652699999992638,9.02000000002623e-06
phase_020,forcegen_constrained,0.25,1.5,2026200004,30,0.90014379,0.90029209,0.90030867,0.0001648800000000339,0.0001482999999999901,1.6580000000043782e-05
phase_020,forcegen_constrained,0.25,1.5,2026200004,90,0.847263648,0.873552464,0.873554576,0.02629092799999999,0.026288815999999993,2.1119999999985595e-06
phase_020,forcegen_constrained,0.25,1.5,2026200004,180,0.791475501,0.854145364,0.836795581,0.045320079999999985,0.06266986299999999,-0.017349783000000008
phase_020,forcegen_constrained,0.25,1.5,2026200004,360,0.46413995,0.379797941,0.378970048,-0.08516990200000002,-0.08434200900000005,-0.0008278929999999685
phase_020,forcegen_constrained,0.25,1.5,2026200005,7,0.87319493,0.888729379,0.890927537,0.01773260700000001,0.015534449000000006,0.0021981580000000056
phase_020,forcegen_constrained,0.25,1.5,2026200005,30,0.856248057,0.852841774,0.85926764,0.003019583000000048,-0.003406282999999899,0.006425865999999947
phase_020,forcegen_constrained,0.25,1.5,2026200005,90,0.760241468,0.835005711,0.815548765,0.05530729699999992,0.07476424299999995,-0.01945694600000003
phase_020,forcegen_constrained,0.25,1.5,2026200005,180,0.726266381,0.835399006,0.81961606,0.09334967900000002,0.1091326250000001,-0.015782946000000075
phase_020,forcegen_constrained,0.25,1.5,2026200005,360,0.694616068,0.789514774,0.834989865,0.14037379700000008,0.09489870600000005,0.04547509100000002
phase_020,forcegen_constrained,0.25,1.5,2026200006,7,0.878572679,0.897243074,0.900389688,0.021817008999999943,0.018670395000000006,0.0031466139999999365
phase_020,forcegen_constrained,0.25,1.5,2026200006,30,0.802088889,0.877901489,0.889608603,0.08751971400000003,0.07581260000000001,0.011707114000000018
phase_020,forcegen_constrained,0.25,1.5,2026200006,90,0.841157896,0.784890241,0.82767509,-0.01348280600000007,-0.05626765499999997,0.0427848489999999
phase_020,forcegen_constrained,0.25,1.5,2026200006,180,0.78914399,0.790625733,0.824855464,0.035711473999999965,0.0014817430000000353,0.03422973099999993
phase_020,forcegen_constrained,0.25,1.5,2026200006,360,0.717913216,0.746769606,0.779561164,0.06164794799999995,0.028856389999999954,0.032791558
phase_020,forcegen_constrained,0.25,1.5,2026200007,7,0.897226368,0.903441971,0.903449615,0.006223246999999987,0.006215603000000014,7.643999999973339e-06
phase_020,forcegen_constrained,0.25,1.5,2026200007,30,0.903799082,0.903803903,0.903825459,2.6376999999966344e-05,4.820999999988196e-06,2.1555999999978148e-05
phase_020,forcegen_constrained,0.25,1.5,2026200007,90,0.90455562,0.87674051,0.904045817,-0.0005098030000000309,-0.027815110000000032,0.027305307
phase_020,forcegen_constrained,0.25,1.5,2026200007,180,0.849547541,0.808206954,0.858316333,0.008768792000000025,-0.041340586999999984,0.05010937900000001
phase_020,forcegen_constrained,0.25,1.5,2026200007,360,0.482774299,0.754427828,0.81678537,0.33401107099999994,0.27165352899999995,0.06235754199999999
phase_020,forcegen_constrained,0.25,1.5,2026200008,7,0.896816789,0.903223661,0.89142807,-0.005388718999999931,0.006406872000000008,-0.011795590999999939
phase_020,forcegen_constrained,0.25,1.5,2026200008,30,0.900694452,0.889986647,0.897920285,-0.002774166999999994,-0.010707805000000015,0.00793363800000002
phase_020,forcegen_constrained,0.25,1.5,2026200008,90,0.832893283,0.880147762,0.902068044,0.06917476099999997,0.047254479000000016,0.021920281999999958
phase_020,forcegen_constrained,0.25,1.5,2026200008,180,0.777262919,0.878990829,0.814916112,0.03765319300000003,0.10172791000000003,-0.064074717
phase_020,forcegen_constrained,0.25,1.5,2026200008,360,0.727118084,0.815631154,0.705102581,-0.022015502999999992,0.08851306999999997,-0.11052857299999996
phase_020,forcegen_constrained,0.25,1.5,2026200009,7,0.886742751,0.882137503,0.884439423,-0.0023033279999999934,-0.004605247999999951,0.0023019199999999573
phase_020,forcegen_constrained,0.25,1.5,2026200009,30,0.887218556,0.878797731,0.884082944,-0.00313561200000001,-0.008420824999999965,0.005285212999999955
phase_020,forcegen_constrained,0.25,1.5,2026200009,90,0.834017871,0.821203357,0.831642107,-0.002375764000000058,-0.012814513999999999,0.010438749999999941
phase_020,forcegen_constrained,0.25,1.5,2026200009,180,0.761344554,0.739434973,0.717224629,-0.04411992500000006,-0.021909580999999956,-0.022210344000000104
phase_020,forcegen_constrained,0.25,1.5,2026200009,360,0.808040569,0.750613738,0.736744137,-0.07129643200000002,-0.05742683100000001,-0.01386960100000001
phase_020,forcegen_constrained,0.25,1.5,2026200010,7,0.901493987,0.895120723,0.898716118,-0.0027778690000000994,-0.006373264000000045,0.0035953949999999457
phase_020,forcegen_constrained,0.25,1.5,2026200010,30,0.851368552,0.828144313,0.844536798,-0.006831753999999912,-0.023224238999999924,0.016392485000000012
phase_020,forcegen_constrained,0.25,1.5,2026200010,90,0.873047039,0.636077984,0.70412408,-0.16892295899999998,-0.23696905499999998,0.068046096
phase_020,forcegen_constrained,0.25,1.5,2026200010,180,0.805179203,0.555414683,0.665228987,-0.13995021600000002,-0.24976452000000005,0.10981430400000003
phase_020,forcegen_constrained,0.25,1.5,2026200010,360,0.807004476,0.467609384,0.633808749,-0.17319572700000008,-0.339395092,0.16619936499999993
phase_020,forcegen_constrained,0.25,1.5,2026200011,7,0.861426025,0.864883403,0.870046244,0.008620218999999985,0.003457378000000011,0.005162840999999974
phase_020,forcegen_constrained,0.25,1.5,2026200011,30,0.852008958,0.859473992,0.872443024,0.020434065999999973,0.0074650339999999815,0.012969031999999991
phase_020,forcegen_constrained,0.25,1.5,2026200011,90,0.822126586,0.839410221,0.859948993,0.03782240700000006,0.017283634999999964,0.020538772000000094
phase_020,forcegen_constrained,0.25,1.5,2026200011,180,0.806167494,0.834037608,0.8564782,0.05031070599999998,0.027870114000000057,0.022440591999999926
phase_020,forcegen_constrained,0.25,1.5,2026200011,360,0.818311597,0.828456316,0.865272322,0.046960725000000036,0.010144719000000024,0.03681600600000001
phase_021,forcegen_constrained,0.25,2.0,2026200000,7,0.86789484,0.873804337,0.88217531,0.0142804700000001,0.005909497000000097,0.008370973000000004
phase_021,forcegen_constrained,0.25,2.0,2026200000,30,0.866306414,0.782575576,0.812443361,-0.05386305299999994,-0.08373083799999992,0.02986778499999998
phase_021,forcegen_constrained,0.25,2.0,2026200000,90,0.832196156,0.705874596,0.767400185,-0.06479597100000001,-0.12632155999999994,0.061525588999999936
phase_021,forcegen_constrained,0.25,2.0,2026200000,180,0.839254145,0.661309208,0.742405279,-0.09684886599999998,-0.17794493699999991,0.08109607099999994
phase_021,forcegen_constrained,0.25,2.0,2026200000,360,0.558589263,0.584080292,0.698983426,0.14039416299999996,0.025491029,0.11490313399999996
phase_021,forcegen_constrained,0.25,2.0,2026200001,7,0.888103064,0.878156658,0.882293279,-0.005809785000000067,-0.009946406000000074,0.004136621000000007
phase_021,forcegen_constrained,0.25,2.0,2026200001,30,0.865620994,0.851948935,0.866310444,0.0006894499999999804,-0.013672059000000014,0.014361508999999995
phase_021,forcegen_constrained,0.25,2.0,2026200001,90,0.850570361,0.78536175,0.812941613,-0.037628748000000045,-0.06520861100000008,0.027579863000000038
phase_021,forcegen_constrained,0.25,2.0,2026200001,180,0.76461623,0.729345309,0.612536252,-0.15207997800000006,-0.035270920999999955,-0.1168090570000001
phase_021,forcegen_constrained,0.25,2.0,2026200001,360,0.731069313,0.439415201,0.562732306,-0.16833700699999998,-0.291654112,0.12331710500000004
phase_021,forcegen_constrained,0.25,2.0,2026200002,7,0.862426167,0.836295281,0.840324578,-0.02210158899999992,-0.02613088600000002,0.004029297000000098
phase_021,forcegen_constrained,0.25,2.0,2026200002,30,0.805413791,0.792546675,0.808865584,0.003451792999999981,-0.012867116000000012,0.016318908999999993
phase_021,forcegen_constrained,0.25,2.0,2026200002,90,0.729545749,0.74010883,0.764668481,0.035122731999999934,0.01056308100000003,0.024559650999999905
phase_021,forcegen_constrained,0.25,2.0,2026200002,180,0.535351019,0.694829567,0.718853336,0.18350231699999997,0.15947854799999994,0.024023769000000028
phase_021,forcegen_constrained,0.25,2.0,2026200002,360,0.448678917,0.698528558,0.724324407,0.27564549,0.249849641,0.025795848999999982
phase_021,forcegen_constrained,0.25,2.0,2026200003,7,0.887513652,0.88408011,0.888782103,0.0012684510000000593,-0.0034335420000000116,0.004701993000000071
phase_021,forcegen_constrained,0.25,2.0,2026200003,30,0.835018384,0.876531787,0.871075726,0.0360573420000001,0.04151340300000006,-0.0054560609999999565
phase_021,forcegen_constrained,0.25,2.0,2026200003,90,0.767529755,0.870266022,0.885423246,0.11789349100000002,0.10273626700000005,0.01515722399999997
phase_021,forcegen_constrained,0.25,2.0,2026200003,180,0.742081746,0.851737749,0.839634158,0.09755241199999998,0.109656003,-0.012103591000000025
phase_021,forcegen_constrained,0.25,2.0,2026200003,360,0.736002385,0.730040879,0.816121061,0.080118676,-0.005961506000000005,0.086080182
phase_021,forcegen_constrained,0.25,2.0,2026200004,7,0.899788655,0.887103309,0.8911518,-0.008636854999999999,-0.012685346000000042,0.004048491000000043
phase_021,forcegen_constrained,0.25,2.0,2026200004,30,0.90014379,0.834159214,0.878506172,-0.02163761799999997,-0.06598457599999996,0.04434695799999999
phase_021,forcegen_constrained,0.25,2.0,2026200004,90,0.847263648,0.834474966,0.871499038,0.024235389999999968,-0.01278868199999994,0.03702407199999991
phase_021,forcegen_constrained,0.25,2.0,2026200004,180,0.791475501,0.754846362,0.77580895,-0.015666550999999918,-0.03662913899999998,0.02096258800000006
phase_021,forcegen_constrained,0.25,2.0,2026200004,360,0.46413995,0.751838481,0.723222729,0.25908277899999993,0.2876985309999999,-0.028615751999999994
phase_021,forcegen_constrained,0.25,2.0,2026200005,7,0.87319493,0.896548873,0.900379721,0.02718479099999993,0.023353942999999933,0.003830847999999998
phase_021,forcegen_constrained,0.25,2.0,2026200005,30,0.856248057,0.866907398,0.878410612,0.022162555000000084,0.0106593410000001,0.011503213999999984
phase_021,forcegen_constrained,0.25,2.0,2026200005,90,0.760241468,0.807191822,0.824889812,0.06464834399999997,0.046950353999999916,0.017697990000000052
phase_021,forcegen_constrained,0.25,2.0,2026200005,180,0.726266381,0.685741288,0.657772215,-0.06849416599999991,-0.040525092999999957,-0.027969072999999955
phase_021,forcegen_constrained,0.25,2.0,2026200005,360,0.694616068,0.489792992,0.605058544,-0.08955752399999994,-0.204823076,0.11526555200000005
phase_021,forcegen_constrained,0.25,2.0,2026200006,7,0.878572679,0.900336775,0.90034308,0.02177040099999994,0.021764095999999955,6.30499999998424e-06
phase_021,forcegen_constrained,0.25,2.0,2026200006,30,0.802088889,0.900767499,0.900783345,0.09869445600000004,0.09867861,1.584600000004155e-05
phase_021,forcegen_constrained,0.25,2.0,2026200006,90,0.841157896,0.852777908,0.871566431,0.03040853499999996,0.011620011999999957,0.018788523
phase_021,forcegen_constrained,0.25,2.0,2026200006,180,0.78914399,0.772013277,0.802695179,0.013551188999999964,-0.01713071300000002,0.030681901999999983
phase_021,forcegen_constrained,0.25,2.0,2026200006,360,0.717913216,0.736446647,0.764696956,0.04678373999999996,0.018533430999999934,0.02825030900000003
phase_021,forcegen_constrained,0.25,2.0,2026200007,7,0.897226368,0.85907796,0.863312997,-0.033913371000000025,-0.03814840799999997,0.0042350369999999415
phase_021,forcegen_constrained,0.25,2.0,2026200007,30,0.903799082,0.8726899,0.882417368,-0.021381713999999996,-0.031109182000000013,0.009727468000000017
phase_021,forcegen_constrained,0.25,2.0,2026200007,90,0.90455562,0.886291881,0.864271786,-0.04028383400000002,-0.018263739,-0.022020095000000017
phase_021,forcegen_constrained,0.25,2.0,2026200007,180,0.849547541,0.852954551,0.873320087,0.023772546000000006,0.003407009999999988,0.020365536000000017
phase_021,forcegen_constrained,0.25,2.0,2026200007,360,0.482774299,0.867336321,0.839541591,0.356767292,0.384562022,-0.02779472999999999
phase_021,forcegen_constrained,0.25,2.0,2026200008,7,0.896816789,0.900394318,0.903228545,0.006411756000000102,0.0035775290000000792,0.0028342270000000225
phase_021,forcegen_constrained,0.25,2.0,2026200008,30,0.900694452,0.867546613,0.878853971,-0.021840481000000023,-0.03314783899999996,0.011307357999999934
phase_021,forcegen_constrained,0.25,2.0,2026200008,90,0.832893283,0.904416188,0.897373349,0.064480066,0.07152290500000003,-0.007042839000000023
phase_021,forcegen_constrained,0.25,2.0,2026200008,180,0.777262919,0.780766376,0.824478673,0.047215754,0.0035034569999999876,0.04371229700000001
phase_021,forcegen_constrained,0.25,2.0,2026200008,360,0.727118084,0.770382751,0.512688723,-0.21442936099999999,0.04326466699999998,-0.25769402799999996
phase_021,forcegen_constrained,0.25,2.0,2026200009,7,0.886742751,0.883979886,0.889836075,0.003093323999999953,-0.0027628650000000032,0.005856188999999956
phase_021,forcegen_constrained,0.25,2.0,2026200009,30,0.887218556,0.860662367,0.870554935,-0.016663620999999962,-0.026556189000000008,0.009892568000000046
phase_021,forcegen_constrained,0.25,2.0,2026200009,90,0.834017871,0.839782455,0.846927527,0.012909655999999936,0.005764584000000017,0.007145071999999919
phase_021,forcegen_constrained,0.25,2.0,2026200009,180,0.761344554,0.716321704,0.736886654,-0.024457900000000032,-0.04502285000000006,0.020564950000000026
phase_021,forcegen_constrained,0.25,2.0,2026200009,360,0.808040569,0.73198636,0.760752719,-0.04728785000000002,-0.07605420900000004,0.02876635900000002
phase_021,forcegen_constrained,0.25,2.0,2026200010,7,0.901493987,0.894606576,0.899478337,-0.0020156500000000355,-0.00688741100000001,0.0048717609999999745
phase_021,forcegen_constrained,0.25,2.0,2026200010,30,0.851368552,0.833770438,0.830134434,-0.02123411799999997,-0.017598113999999998,-0.0036360039999999705
phase_021,forcegen_constrained,0.25,2.0,2026200010,90,0.873047039,0.632966911,0.702132378,-0.17091466100000008,-0.240080128,0.06916546699999992
phase_021,forcegen_constrained,0.25,2.0,2026200010,180,0.805179203,0.552029319,0.662785724,-0.142393479,-0.25314988400000005,0.11075640500000006
phase_021,forcegen_constrained,0.25,2.0,2026200010,360,0.807004476,0.461455828,0.630972909,-0.176031567,-0.345548648,0.16951708100000001
phase_021,forcegen_constrained,0.25,2.0,2026200011,7,0.861426025,0.902101833,0.902112911,0.04068688600000003,0.040675808000000035,1.10779999999977e-05
phase_021,forcegen_constrained,0.25,2.0,2026200011,30,0.852008958,0.885581932,0.900033022,0.04802406400000003,0.03357297400000003,0.01445109
phase_021,forcegen_constrained,0.25,2.0,2026200011,90,0.822126586,0.791659665,0.860455505,0.03832891900000002,-0.030466921000000036,0.06879584000000005
phase_021,forcegen_constrained,0.25,2.0,2026200011,180,0.806167494,0.562960662,0.836333261,0.030165767000000066,-0.24320683200000004,0.2733725990000001
phase_021,forcegen_constrained,0.25,2.0,2026200011,360,0.818311597,0.463714302,0.832424282,0.014112684999999958,-0.354597295,0.36870997999999994
phase_023,forcegen_constrained,0.4,0.25,2026200000,7,0.867895426,0.875737467,0.876962957,0.009067531000000018,0.007842040999999966,0.0012254900000000513
phase_023,forcegen_constrained,0.4,0.25,2026200000,30,0.866307095,0.802275776,0.806256923,-0.06005017200000007,-0.06403131900000003,0.003981146999999963
phase_023,forcegen_constrained,0.4,0.25,2026200000,90,0.832197139,0.741197096,0.746587645,-0.08560949400000006,-0.09100004299999997,0.005390548999999911
phase_023,forcegen_constrained,0.4,0.25,2026200000,180,0.839255018,0.696242323,0.701059217,-0.13819580100000006,-0.14301269500000002,0.0048168939999999605
phase_023,forcegen_constrained,0.4,0.25,2026200000,360,0.558589401,0.616335322,0.620107307,0.06151790600000007,0.05774592099999998,0.0037719850000000887
phase_023,forcegen_constrained,0.4,0.25,2026200001,7,0.888103789,0.887052462,0.887494135,-0.000609654000000015,-0.0010513269999999908,0.0004416729999999758
phase_023,forcegen_constrained,0.4,0.25,2026200001,30,0.865621823,0.846128934,0.847925787,-0.017696036000000026,-0.019492889000000013,0.0017968529999999872
phase_023,forcegen_constrained,0.4,0.25,2026200001,90,0.850571629,0.820966877,0.853776191,0.0032045619999999664,-0.029604752000000012,0.03280931399999998
phase_023,forcegen_constrained,0.4,0.25,2026200001,180,0.764617963,0.851281216,0.855536463,0.09091850000000001,0.086663253,0.0042552470000000175
phase_023,forcegen_constrained,0.4,0.25,2026200001,360,0.731070377,0.728808485,0.640919795,-0.09015058200000003,-0.002261892000000043,-0.08788868999999999
phase_023,forcegen_constrained,0.4,0.25,2026200002,7,0.862426657,0.828190259,0.828684066,-0.03374259099999999,-0.034236398,0.0004938070000000128
phase_023,forcegen_constrained,0.4,0.25,2026200002,30,0.805414336,0.800781985,0.805411574,-2.7620000000450062e-06,-0.0046323510000000345,0.0046295889999999895
phase_023,forcegen_constrained,0.4,0.25,2026200002,90,0.729546534,0.751899393,0.759710415,0.030163881000000003,0.022352858999999947,0.007811022000000056
phase_023,forcegen_constrained,0.4,0.25,2026200002,180,0.535351643,0.706522189,0.702750796,0.16739915299999997,0.17117054599999992,-0.0037713929999999563
phase_023,forcegen_constrained,0.4,0.25,2026200002,360,0.448679053,0.710983086,0.703189202,0.254510149,0.26230403300000005,-0.007793884000000029
phase_023,forcegen_constrained,0.4,0.25,2026200003,7,0.887514065,0.903486516,0.903488018,0.01597395300000004,0.015972451,1.5020000000420808e-06
phase_023,forcegen_constrained,0.4,0.25,2026200003,30,0.835018847,0.881642097,0.883478614,0.0484597670000001,0.046623250000000005,0.001836517000000093
phase_023,forcegen_constrained,0.4,0.25,2026200003,90,0.767530384,0.858632554,0.859576465,0.092046081,0.0911021700000001,0.0009439109999999085
phase_023,forcegen_constrained,0.4,0.25,2026200003,180,0.742082277,0.798447373,0.814817723,0.07273544600000004,0.05636509600000006,0.016370349999999978
phase_023,forcegen_constrained,0.4,0.25,2026200003,360,0.736002687,0.718008284,0.72661136,-0.009391327000000005,-0.017994402999999992,0.008603075999999987
phase_023,forcegen_constrained,0.4,0.25,2026200004,7,0.899789361,0.899792603,0.899793438,4.077000000046738e-06,3.2420000000144e-06,8.350000000323377e-07
phase_023,forcegen_constrained,0.4,0.25,2026200004,30,0.900144609,0.857683893,0.868091554,-0.032053055,-0.04246071600000001,0.010407661000000012
phase_023,forcegen_constrained,0.4,0.25,2026200004,90,0.84726426,0.830752458,0.844524658,-0.0027396020000000076,-0.01651180200000002,0.013772200000000012
phase_023,forcegen_constrained,0.4,0.25,2026200004,180,0.791476096,0.741002919,0.761508409,-0.029967686999999965,-0.05047317699999998,0.020505490000000015
phase_023,forcegen_constrained,0.4,0.25,2026200004,360,0.464140338,0.74840639,0.747193781,0.283053443,0.284266052,-0.0012126089999999756
phase_023,forcegen_constrained,0.4,0.25,2026200005,7,0.873195366,0.872504088,0.872862962,-0.00033240400000000836,-0.0006912780000000174,0.000358874000000009
phase_023,forcegen_constrained,0.4,0.25,2026200005,30,0.856248567,0.858226241,0.859451843,0.0032032760000000327,0.0019776740000000403,0.0012256019999999923
phase_023,forcegen_constrained,0.4,0.25,2026200005,90,0.760242184,0.791307449,0.795793293,0.035551109000000025,0.031065265000000064,0.004485843999999961
phase_023,forcegen_constrained,0.4,0.25,2026200005,180,0.72626699,0.757889338,0.819850256,0.09358326600000011,0.03162234800000008,0.06196091800000003
phase_023,forcegen_constrained,0.4,0.25,2026200005,360,0.69461617,0.689611842,0.708781816,0.014165646000000032,-0.005004327999999947,0.01916997399999998
phase_023,forcegen_constrained,0.4,0.25,2026200006,7,0.884057534,0.872654312,0.873108867,-0.010948666999999968,-0.01140322199999999,0.00045455500000002313
phase_023,forcegen_constrained,0.4,0.25,2026200006,30,0.816923584,0.841224019,0.842595234,0.025671650000000046,0.02430043500000001,0.0013712150000000367
phase_023,forcegen_constrained,0.4,0.25,2026200006,90,0.883716737,0.760709051,0.76260274,-0.12111399700000003,-0.123007686,0.0018936889999999762
phase_023,forcegen_constrained,0.4,0.25,2026200006,180,0.799496333,0.547931135,0.552420112,-0.24707622100000004,-0.251565198,0.00448897699999995
phase_023,forcegen_constrained,0.4,0.25,2026200006,360,0.76013614,0.463443863,0.467311275,-0.29282486499999993,-0.29669227699999995,0.0038674120000000145
phase_023,forcegen_constrained,0.4,0.25,2026200007,7,0.897227139,0.882115985,0.887804308,-0.009422830999999965,-0.01511115399999996,0.005688322999999995
phase_023,forcegen_constrained,0.4,0.25,2026200007,30,0.903800006,0.900684203,0.894099233,-0.00970077299999994,-0.003115803000000028,-0.006584969999999912
phase_023,forcegen_constrained,0.4,0.25,2026200007,90,0.904556684,0.884883711,0.895379034,-0.009177650000000037,-0.019672973000000038,0.010495323
phase_023,forcegen_constrained,0.4,0.25,2026200007,180,0.849548627,0.844979564,0.849258358,-0.00029026899999995415,-0.00456906300000004,0.004278794000000086
phase_023,forcegen_constrained,0.4,0.25,2026200007,360,0.482774655,0.749066845,0.748264425,0.26548977,0.26629219,-0.0008024199999999704
phase_023,forcegen_constrained,0.4,0.25,2026200008,7,0.896817652,0.903166007,0.903167114,0.006349462000000083,0.006348355000000083,1.1070000000001912e-06
phase_023,forcegen_constrained,0.4,0.25,2026200008,30,0.900695488,0.903584185,0.903587034,0.002891545999999967,0.002888697000000051,2.8489999999159465e-06
phase_023,forcegen_constrained,0.4,0.25,2026200008,90,0.832894404,0.815789444,0.81754933,-0.01534507400000007,-0.017104960000000058,0.0017598859999999883
phase_023,forcegen_constrained,0.4,0.25,2026200008,180,0.777263819,0.766817802,0.766664424,-0.010599394999999956,-0.010446016999999919,-0.00015337800000003732
phase_023,forcegen_constrained,0.4,0.25,2026200008,360,0.727118436,0.743046809,0.746261598,0.01914316199999999,0.01592837299999994,0.003214789000000051
phase_023,forcegen_constrained,0.4,0.25,2026200009,7,0.886743561,0.880374677,0.880843311,-0.00590024999999994,-0.006368883999999908,0.0004686339999999678
phase_023,forcegen_constrained,0.4,0.25,2026200009,30,0.88721952,0.872343099,0.8840771,-0.00314242000000009,-0.014876421000000084,0.011734000999999994
phase_023,forcegen_constrained,0.4,0.25,2026200009,90,0.834019128,0.835323894,0.838706094,0.004686965999999959,0.0013047659999999572,0.003382200000000002
phase_023,forcegen_constrained,0.4,0.25,2026200009,180,0.761346012,0.749363002,0.791461369,0.03011535700000001,-0.011983010000000016,0.042098367000000025
phase_023,forcegen_constrained,0.4,0.25,2026200009,360,0.808041709,0.73056446,0.807495434,-0.0005462750000000405,-0.07747724900000008,0.07693097400000004
phase_023,forcegen_constrained,0.4,0.25,2026200010,7,0.901494984,0.858754094,0.859467196,-0.042027788000000066,-0.04274089000000003,0.0007131019999999655
phase_023,forcegen_constrained,0.4,0.25,2026200010,30,0.851369653,0.81537593,0.817488135,-0.033881518000000055,-0.03599372300000003,0.002112204999999978
phase_023,forcegen_constrained,0.4,0.25,2026200010,90,0.873048319,0.628784264,0.634643891,-0.23840442800000006,-0.24426405500000004,0.005859626999999978
phase_023,forcegen_constrained,0.4,0.25,2026200010,180,0.805180339,0.551582228,0.556392111,-0.248788228,-0.25359811099999996,0.004809882999999959
phase_023,forcegen_constrained,0.4,0.25,2026200010,360,0.807005244,0.461243128,0.46593474,-0.34107050399999994,-0.34576211599999995,0.004691612000000012
phase_023,forcegen_constrained,0.4,0.25,2026200011,7,0.861426694,0.901893418,0.90189446,0.040467765999999905,0.040466723999999954,1.0419999999511376e-06
phase_023,forcegen_constrained,0.4,0.25,2026200011,30,0.852009746,0.888214795,0.889571046,0.03756130000000002,0.03620504899999999,0.0013562510000000305
phase_023,forcegen_constrained,0.4,0.25,2026200011,90,0.822127941,0.840382987,0.840931579,0.018803638000000067,0.018255046000000053,0.0005485920000000144
phase_023,forcegen_constrained,0.4,0.25,2026200011,180,0.806169352,0.831365484,0.836669826,0.030500474,0.025196132000000038,0.005304341999999962
phase_023,forcegen_constrained,0.4,0.25,2026200011,360,0.818312697,0.844341933,0.834778491,0.016465794000000034,0.026029236000000067,-0.009563442000000033
phase_024,forcegen_constrained,0.4,0.5,2026200000,7,0.867895426,0.87493437,0.877340525,0.009445099000000012,0.007038943999999936,0.0024061550000000764
phase_024,forcegen_constrained,0.4,0.5,2026200000,30,0.866307095,0.79924142,0.807410884,-0.058896210999999976,-0.06706567500000005,0.00816946400000007
phase_024,forcegen_constrained,0.4,0.5,2026200000,90,0.832197139,0.737631235,0.748529005,-0.08366813400000006,-0.09456590399999998,0.010897769999999918
phase_024,forcegen_constrained,0.4,0.5,2026200000,180,0.839255018,0.692725156,0.701478348,-0.13777667000000005,-0.14652986200000007,0.00875319200000002
phase_024,forcegen_constrained,0.4,0.5,2026200000,360,0.558589401,0.612624271,0.619723609,0.06113420800000002,0.05403487000000007,0.007099337999999955
phase_024,forcegen_constrained,0.4,0.5,2026200001,7,0.888103789,0.885669847,0.886550427,-0.0015533620000000026,-0.0024339420000000223,0.0008805800000000197
phase_024,forcegen_constrained,0.4,0.5,2026200001,30,0.865621823,0.84660027,0.850115769,-0.015506054000000047,-0.01902155299999997,0.003515498999999922
phase_024,forcegen_constrained,0.4,0.5,2026200001,90,0.850571629,0.829609329,0.847358452,-0.0032131770000000115,-0.0209623000000001,0.01774912300000009
phase_024,forcegen_constrained,0.4,0.5,2026200001,180,0.764617963,0.759677765,0.761024965,-0.003592997999999903,-0.004940198000000007,0.0013472000000001039
phase_024,forcegen_constrained,0.4,0.5,2026200001,360,0.731070377,0.726031445,0.733579252,0.002508874999999966,-0.0050389319999999405,0.0075478069999999065
phase_024,forcegen_constrained,0.4,0.5,2026200002,7,0.862426657,0.83480382,0.835755912,-0.026670744999999996,-0.02762283700000001,0.0009520920000000155
phase_024,forcegen_constrained,0.4,0.5,2026200002,30,0.805414336,0.799108258,0.805039046,-0.0003752900000000281,-0.006306078000000048,0.00593078800000002
phase_024,forcegen_constrained,0.4,0.5,2026200002,90,0.729546534,0.749390512,0.757629799,0.028083265000000024,0.01984397799999993,0.008239287000000095
phase_024,forcegen_constrained,0.4,0.5,2026200002,180,0.535351643,0.704110448,0.701709238,0.1663575949999999,0.16875880499999996,-0.0024012100000000425
phase_024,forcegen_constrained,0.4,0.5,2026200002,360,0.448679053,0.70902417,0.693513505,0.24483445199999998,0.26034511699999996,-0.015510664999999979
phase_024,forcegen_constrained,0.4,0.5,2026200003,7,0.887514065,0.903506526,0.903508838,0.015994773000000073,0.01599246100000007,2.3120000000043106e-06
phase_024,forcegen_constrained,0.4,0.5,2026200003,30,0.835018847,0.869744633,0.887619855,0.052601008000000005,0.03472578600000009,0.017875221999999913
phase_024,forcegen_constrained,0.4,0.5,2026200003,90,0.767530384,0.842731866,0.864896991,0.097366607,0.0752014820000001,0.022165124999999897
phase_024,forcegen_constrained,0.4,0.5,2026200003,180,0.742082277,0.801402759,0.817080875,0.07499859800000008,0.05932048200000006,0.01567811600000002
phase_024,forcegen_constrained,0.4,0.5,2026200003,360,0.736002687,0.750196591,0.733297765,-0.002704922000000054,0.01419390399999998,-0.016898826000000033
phase_024,forcegen_constrained,0.4,0.5,2026200004,7,0.899789361,0.899797037,0.899799289,9.927999999992387e-06,7.676000000067518e-06,2.2519999999248697e-06
phase_024,forcegen_constrained,0.4,0.5,2026200004,30,0.900144609,0.863814917,0.875062952,-0.02508165700000009,-0.036329692000000025,0.011248034999999934
phase_024,forcegen_constrained,0.4,0.5,2026200004,90,0.84726426,0.833336807,0.879964063,0.03269980299999997,-0.013927452999999979,0.04662725599999995
phase_024,forcegen_constrained,0.4,0.5,2026200004,180,0.791476096,0.773343414,0.783431242,-0.00804485399999999,-0.018132682000000067,0.010087828000000076
phase_024,forcegen_constrained,0.4,0.5,2026200004,360,0.464140338,0.471970555,0.757362094,0.293221756,0.007830217000000028,0.28539153899999997
phase_024,forcegen_constrained,0.4,0.5,2026200005,7,0.873195366,0.866955633,0.86826949,-0.004925876000000051,-0.006239733000000025,0.0013138569999999739
phase_024,forcegen_constrained,0.4,0.5,2026200005,30,0.856248567,0.827920172,0.831657261,-0.024591305999999924,-0.02832839499999995,0.0037370890000000268
phase_024,forcegen_constrained,0.4,0.5,2026200005,90,0.760242184,0.78831736,0.792190853,0.03194866900000004,0.02807517599999998,0.003873493000000061
phase_024,forcegen_constrained,0.4,0.5,2026200005,180,0.72626699,0.725491775,0.74295736,0.016690370000000065,-0.0007752149999999958,0.01746558500000006
phase_024,forcegen_constrained,0.4,0.5,2026200005,360,0.69461617,0.779961499,0.723435102,0.028818932000000075,0.08534532900000003,-0.05652639699999995
phase_024,forcegen_constrained,0.4,0.5,2026200006,7,0.884057534,0.872835698,0.873729,-0.010328534,-0.01122183599999993,0.0008933019999999292
phase_024,forcegen_constrained,0.4,0.5,2026200006,30,0.816923584,0.843048216,0.850454876,0.033531292000000046,0.026124632000000036,0.007406660000000009
phase_024,forcegen_constrained,0.4,0.5,2026200006,90,0.883716737,0.756194549,0.774554026,-0.10916271099999997,-0.12752218799999993,0.018359476999999957
phase_024,forcegen_constrained,0.4,0.5,2026200006,180,0.799496333,0.542798315,0.553177909,-0.24631842400000004,-0.25669801800000003,0.010379593999999992
phase_024,forcegen_constrained,0.4,0.5,2026200006,360,0.76013614,0.454838579,0.464291689,-0.29584445099999995,-0.30529756099999994,0.009453109999999987
phase_024,forcegen_constrained,0.4,0.5,2026200007,7,0.897227139,0.897158792,0.903432811,0.006205671999999995,-6.834699999991312e-05,0.0062740189999999085
phase_024,forcegen_constrained,0.4,0.5,2026200007,30,0.903800006,0.870118936,0.903816328,1.6322000000013048e-05,-0.03368106999999998,0.03369739199999999
phase_024,forcegen_constrained,0.4,0.5,2026200007,90,0.904556684,0.870967765,0.87142344,-0.03313324399999995,-0.03358891900000005,0.00045567500000009975
phase_024,forcegen_constrained,0.4,0.5,2026200007,180,0.849548627,0.899030107,0.900739868,0.051191241000000054,0.04948147999999997,0.0017097610000000873
phase_024,forcegen_constrained,0.4,0.5,2026200007,360,0.482774655,0.804330709,0.846605244,0.36383058900000004,0.32155605400000004,0.042274535
phase_024,forcegen_constrained,0.4,0.5,2026200008,7,0.896817652,0.867667639,0.868508667,-0.02830898500000001,-0.029150012999999975,0.0008410279999999659
phase_024,forcegen_constrained,0.4,0.5,2026200008,30,0.900695488,0.894549932,0.896342184,-0.004353304000000002,-0.0061455559999999965,0.0017922519999999942
phase_024,forcegen_constrained,0.4,0.5,2026200008,90,0.832894404,0.797541367,0.799056297,-0.033838107000000006,-0.03535303700000003,0.0015149300000000254
phase_024,forcegen_constrained,0.4,0.5,2026200008,180,0.777263819,0.747433323,0.776556776,-0.0007070430000000183,-0.029830495999999984,0.029123452999999966
phase_024,forcegen_constrained,0.4,0.5,2026200008,360,0.727118436,0.708233482,0.742697025,0.015578588999999976,-0.01888495400000001,0.034463542999999985
phase_024,forcegen_constrained,0.4,0.5,2026200009,7,0.886743561,0.898805117,0.899536504,0.012792943000000001,0.012061556000000029,0.0007313869999999723
phase_024,forcegen_constrained,0.4,0.5,2026200009,30,0.88721952,0.896389804,0.898726824,0.011507303999999996,0.009170283999999973,0.002337020000000023
phase_024,forcegen_constrained,0.4,0.5,2026200009,90,0.834019128,0.880917837,0.883656814,0.04963768599999996,0.04689870900000004,0.0027389769999999203
phase_024,forcegen_constrained,0.4,0.5,2026200009,180,0.761346012,0.792825803,0.836379041,0.07503302900000008,0.03147979100000009,0.043553237999999994
phase_024,forcegen_constrained,0.4,0.5,2026200009,360,0.808041709,0.790324525,0.820622009,0.012580299999999989,-0.017717183999999997,0.030297483999999986
phase_024,forcegen_constrained,0.4,0.5,2026200010,7,0.901494984,0.900034793,0.90140781,-8.717400000002318e-05,-0.001460191000000055,0.001373017000000032
phase_024,forcegen_constrained,0.4,0.5,2026200010,30,0.851369653,0.838746021,0.84367085,-0.007698803000000032,-0.012623632000000051,0.0049248290000000194
phase_024,forcegen_constrained,0.4,0.5,2026200010,90,0.873048319,0.651149285,0.66124369,-0.21180462899999997,-0.221899034,0.010094405000000028
phase_024,forcegen_constrained,0.4,0.5,2026200010,180,0.805180339,0.569401502,0.580737454,-0.22444288499999998,-0.23577883700000002,0.011335952000000038
phase_024,forcegen_constrained,0.4,0.5,2026200010,360,0.807005244,0.481637436,0.487008621,-0.319996623,-0.325367808,0.0053711850000000005
phase_024,forcegen_constrained,0.4,0.5,2026200011,7,0.861426694,0.863299667,0.864805944,0.003379249999999945,0.001872973,0.0015062769999999448
phase_024,forcegen_constrained,0.4,0.5,2026200011,30,0.852009746,0.867563824,0.870559697,0.01854995100000001,0.015554077999999971,0.0029958730000000378
phase_024,forcegen_constrained,0.4,0.5,2026200011,90,0.822127941,0.851424943,0.85251278,0.030384838999999997,0.029297002000000072,0.001087836999999925
phase_024,forcegen_constrained,0.4,0.5,2026200011,180,0.806169352,0.847808159,0.844530469,0.038361117,0.041638807,-0.0032776899999999998
phase_024,forcegen_constrained,0.4,0.5,2026200011,360,0.818312697,0.730358295,0.803393276,-0.014919420999999988,-0.08795440199999993,0.07303498099999994
phase_025,forcegen_constrained,0.4,0.75,2026200000,7,0.867895426,0.872867264,0.876419636,0.008524209999999921,0.004971838000000006,0.003552371999999915
phase_025,forcegen_constrained,0.4,0.75,2026200000,30,0.866307095,0.794302062,0.805721101,-0.060585993999999976,-0.07200503300000005,0.011419039000000075
phase_025,forcegen_constrained,0.4,0.75,2026200000,90,0.832197139,0.731639809,0.747185349,-0.08501179000000003,-0.10055733,0.015545539999999969
phase_025,forcegen_constrained,0.4,0.75,2026200000,180,0.839255018,0.686702644,0.700830911,-0.13842410700000007,-0.152552374,0.014128266999999917
phase_025,forcegen_constrained,0.4,0.75,2026200000,360,0.558589401,0.607345982,0.619102832,0.06051343100000006,0.04875658100000002,0.011756850000000041
phase_025,forcegen_constrained,0.4,0.75,2026200001,7,0.888103789,0.885667637,0.890112438,0.0020086489999999735,-0.0024361520000000247,0.004444800999999998
phase_025,forcegen_constrained,0.4,0.75,2026200001,30,0.865621823,0.851519333,0.856543367,-0.009078456000000013,-0.014102489999999968,0.005024033999999955
phase_025,forcegen_constrained,0.4,0.75,2026200001,90,0.850571629,0.835943528,0.844895491,-0.005676137999999997,-0.014628101000000004,0.008951963000000007
phase_025,forcegen_constrained,0.4,0.75,2026200001,180,0.764617963,0.851590389,0.762325627,-0.002292336000000006,0.08697242599999999,-0.089264762
phase_025,forcegen_constrained,0.4,0.75,2026200001,360,0.731070377,0.72287706,0.73173998,0.0006696029999999631,-0.008193317000000033,0.008862919999999996
phase_025,forcegen_constrained,0.4,0.75,2026200002,7,0.862426657,0.835691587,0.83705793,-0.025368727000000035,-0.026735069999999972,0.0013663429999999366
phase_025,forcegen_constrained,0.4,0.75,2026200002,30,0.805414336,0.807741984,0.81260715,0.007192813999999936,0.00232764799999996,0.004865165999999976
phase_025,forcegen_constrained,0.4,0.75,2026200002,90,0.729546534,0.756272798,0.7598713,0.030324766000000003,0.026726264,0.0035985020000000034
phase_025,forcegen_constrained,0.4,0.75,2026200002,180,0.535351643,0.70040425,0.699312307,0.16396066399999998,0.1650526069999999,-0.0010919429999999286
phase_025,forcegen_constrained,0.4,0.75,2026200002,360,0.448679053,0.728074667,0.722601725,0.273922672,0.279395614,-0.005472942000000036
phase_025,forcegen_constrained,0.4,0.75,2026200003,7,0.887514065,0.903505236,0.903511234,0.015997169000000033,0.015991171000000026,5.998000000007053e-06
phase_025,forcegen_constrained,0.4,0.75,2026200003,30,0.835018847,0.882480264,0.874452437,0.03943359000000002,0.04746141700000006,-0.008027827000000043
phase_025,forcegen_constrained,0.4,0.75,2026200003,90,0.767530384,0.854242997,0.849447579,0.08191719500000005,0.086712613,-0.00479541799999994
phase_025,forcegen_constrained,0.4,0.75,2026200003,180,0.742082277,0.790298372,0.807375378,0.06529310100000008,0.048216095000000014,0.01707700600000006
phase_025,forcegen_constrained,0.4,0.75,2026200003,360,0.736002687,0.817736808,0.822106678,0.08610399099999999,0.08173412099999999,0.004369869999999998
phase_025,forcegen_constrained,0.4,0.75,2026200004,7,0.899789361,0.899924254,0.899927971,0.00013861000000003898,0.0001348930000000248,3.717000000014181e-06
phase_025,forcegen_constrained,0.4,0.75,2026200004,30,0.900144609,0.900286733,0.900292795,0.0001481859999999946,0.0001421239999999102,6.062000000084389e-06
phase_025,forcegen_constrained,0.4,0.75,2026200004,90,0.84726426,0.87355091,0.873554452,0.026290192000000046,0.026286649999999967,3.542000000078538e-06
phase_025,forcegen_constrained,0.4,0.75,2026200004,180,0.791476096,0.841999894,0.8472626,0.05578650399999996,0.05052379799999995,0.005262706000000006
phase_025,forcegen_constrained,0.4,0.75,2026200004,360,0.464140338,0.37700296,0.42815106,-0.03598927799999996,-0.08713737799999999,0.05114810000000003
phase_025,forcegen_constrained,0.4,0.75,2026200005,7,0.873195366,0.873828673,0.874881362,0.0016859959999999674,0.0006333069999999719,0.0010526889999999955
phase_025,forcegen_constrained,0.4,0.75,2026200005,30,0.856248567,0.851488992,0.855149866,-0.0010987009999999797,-0.004759575000000016,0.003660874000000036
phase_025,forcegen_constrained,0.4,0.75,2026200005,90,0.760242184,0.82499307,0.826215905,0.06597372099999999,0.06475088600000001,0.0012228349999999777
phase_025,forcegen_constrained,0.4,0.75,2026200005,180,0.72626699,0.783427322,0.778476493,0.052209503000000046,0.057160332000000036,-0.00495082899999999
phase_025,forcegen_constrained,0.4,0.75,2026200005,360,0.69461617,0.724500211,0.770995425,0.07637925499999998,0.029884040999999972,0.04649521400000001
phase_025,forcegen_constrained,0.4,0.75,2026200006,7,0.884057534,0.900375258,0.900378155,0.01632062099999998,0.016317723999999978,2.8970000000017038e-06
phase_025,forcegen_constrained,0.4,0.75,2026200006,30,0.816923584,0.893101239,0.877892845,0.060969261,0.07617765500000007,-0.01520839400000007
phase_025,forcegen_constrained,0.4,0.75,2026200006,90,0.883716737,0.815480313,0.810155142,-0.07356159499999992,-0.06823642399999996,-0.005325170999999962
phase_025,forcegen_constrained,0.4,0.75,2026200006,180,0.799496333,0.762981417,0.667732545,-0.131763788,-0.03651491600000001,-0.09524887199999998
phase_025,forcegen_constrained,0.4,0.75,2026200006,360,0.76013614,0.796011618,0.514036839,-0.246099301,0.035875478000000016,-0.281974779
phase_025,forcegen_constrained,0.4,0.75,2026200007,7,0.897227139,0.901321903,0.902782271,0.005555132000000018,0.004094764000000084,0.0014603679999999342
phase_025,forcegen_constrained,0.4,0.75,2026200007,30,0.903800006,0.903815472,0.903824773,2.476699999998111e-05,1.546600000001952e-05,9.30099999996159e-06
phase_025,forcegen_constrained,0.4,0.75,2026200007,90,0.904556684,0.850511536,0.85900631,-0.04555037399999995,-0.05404514800000004,0.008494774000000094
phase_025,forcegen_constrained,0.4,0.75,2026200007,180,0.849548627,0.865042085,0.905744802,0.05619617499999996,0.015493458000000015,0.040702716999999944
phase_025,forcegen_constrained,0.4,0.75,2026200007,360,0.482774655,0.768094018,0.83314494,0.35037028499999995,0.285319363,0.06505092199999996
phase_025,forcegen_constrained,0.4,0.75,2026200008,7,0.896817652,0.89494885,0.896002627,-0.0008150249999999692,-0.0018688019999999472,0.001053776999999978
phase_025,forcegen_constrained,0.4,0.75,2026200008,30,0.900695488,0.896673018,0.898736134,-0.0019593540000000242,-0.00402247,0.002063115999999976
phase_025,forcegen_constrained,0.4,0.75,2026200008,90,0.832894404,0.830461172,0.833604285,0.0007098809999999123,-0.0024332320000000074,0.0031431129999999197
phase_025,forcegen_constrained,0.4,0.75,2026200008,180,0.777263819,0.752977519,0.7742772,-0.002986618999999968,-0.024286299999999983,0.021299681000000015
phase_025,forcegen_constrained,0.4,0.75,2026200008,360,0.727118436,0.550326871,0.726659072,-0.00045936400000001765,-0.17679156500000004,0.17633220100000002
phase_025,forcegen_constrained,0.4,0.75,2026200009,7,0.886743561,0.898595388,0.899839881,0.01309632000000005,0.011851827000000092,0.0012444929999999577
phase_025,forcegen_constrained,0.4,0.75,2026200009,30,0.88721952,0.893776209,0.896623654,0.009404133999999953,0.006556688999999949,0.002847445000000004
phase_025,forcegen_constrained,0.4,0.75,2026200009,90,0.834019128,0.8410485,0.866852155,0.032833027000000015,0.007029371999999978,0.025803655000000036
phase_025,forcegen_constrained,0.4,0.75,2026200009,180,0.761346012,0.708648683,0.813931033,0.052585021000000065,-0.052697329000000015,0.10528235000000008
phase_025,forcegen_constrained,0.4,0.75,2026200009,360,0.808041709,0.765391657,0.72585138,-0.082190329,-0.04265005200000005,-0.03954027699999996
phase_025,forcegen_constrained,0.4,0.75,2026200010,7,0.901494984,0.871532082,0.873139701,-0.02835528300000001,-0.02996290200000007,0.00160761900000006
phase_025,forcegen_constrained,0.4,0.75,2026200010,30,0.851369653,0.841757202,0.846243133,-0.005126520000000023,-0.009612450999999966,0.004485930999999943
phase_025,forcegen_constrained,0.4,0.75,2026200010,90,0.873048319,0.771997199,0.77791456,-0.09513375899999998,-0.10105112000000005,0.005917361000000065
phase_025,forcegen_constrained,0.4,0.75,2026200010,180,0.805180339,0.790581374,0.790890165,-0.014290173999999989,-0.01459896500000002,0.00030879100000003046
phase_025,forcegen_constrained,0.4,0.75,2026200010,360,0.807005244,0.748121491,0.743652182,-0.0633530619999999,-0.05888375299999993,-0.004469308999999977
phase_025,forcegen_constrained,0.4,0.75,2026200011,7,0.861426694,0.862758755,0.865008587,0.0035818930000000027,0.00133206099999994,0.0022498320000000627
phase_025,forcegen_constrained,0.4,0.75,2026200011,30,0.852009746,0.864973739,0.869498454,0.01748870800000002,0.012963992999999951,0.004524715000000068
phase_025,forcegen_constrained,0.4,0.75,2026200011,90,0.822127941,0.851927266,0.854923258,0.032795317000000046,0.029799325000000043,0.002995992000000003
phase_025,forcegen_constrained,0.4,0.75,2026200011,180,0.806169352,0.856530516,0.853470593,0.047301241000000105,0.050361164000000014,-0.003059922999999909
phase_025,forcegen_constrained,0.4,0.75,2026200011,360,0.818312697,0.836962838,0.845753539,0.027440842000000076,0.018650141000000064,0.008790701000000012
phase_026,forcegen_constrained,0.4,1.0,2026200000,7,0.867895426,0.875977587,0.880145249,0.012249822999999993,0.008082160999999921,0.004167662000000072
phase_026,forcegen_constrained,0.4,1.0,2026200000,30,0.866307095,0.787196191,0.801316852,-0.064990243,-0.07911090399999998,0.014120660999999979
phase_026,forcegen_constrained,0.4,1.0,2026200000,90,0.832197139,0.716750762,0.736182219,-0.09601492,-0.11544637700000004,0.01943145700000004
phase_026,forcegen_constrained,0.4,1.0,2026200000,180,0.839255018,0.67383386,0.691250189,-0.148004829,-0.165421158,0.017416329000000008
phase_026,forcegen_constrained,0.4,1.0,2026200000,360,0.558589401,0.600756304,0.613669003,0.05507960200000006,0.04216690300000003,0.012912699000000027
phase_026,forcegen_constrained,0.4,1.0,2026200001,7,0.888103789,0.886997301,0.892775402,0.004671613000000074,-0.0011064880000000166,0.005778101000000091
phase_026,forcegen_constrained,0.4,1.0,2026200001,30,0.865621823,0.857212888,0.839248482,-0.026373340999999995,-0.008408935000000062,-0.017964405999999933
phase_026,forcegen_constrained,0.4,1.0,2026200001,90,0.850571629,0.832270049,0.838763944,-0.011807685000000068,-0.01830158000000004,0.006493894999999972
phase_026,forcegen_constrained,0.4,1.0,2026200001,180,0.764617963,0.811381122,0.8045519,0.03993393700000003,0.046763159000000054,-0.006829222000000024
phase_026,forcegen_constrained,0.4,1.0,2026200001,360,0.731070377,0.75311527,0.729431106,-0.0016392709999999422,0.02204489300000001,-0.023684163999999952
phase_026,forcegen_constrained,0.4,1.0,2026200002,7,0.862426657,0.833779663,0.836140476,-0.02628618100000002,-0.028646994000000037,0.002360813000000017
phase_026,forcegen_constrained,0.4,1.0,2026200002,30,0.805414336,0.795980584,0.804885209,-0.0005291269999999626,-0.009433751999999962,0.008904625
phase_026,forcegen_constrained,0.4,1.0,2026200002,90,0.729546534,0.746039313,0.757105398,0.02755886399999996,0.016492779000000013,0.011066084999999948
phase_026,forcegen_constrained,0.4,1.0,2026200002,180,0.535351643,0.700667107,0.700511688,0.16516004499999992,0.16531546399999997,-0.0001554190000000455
phase_026,forcegen_constrained,0.4,1.0,2026200002,360,0.448679053,0.70557785,0.699890594,0.251211541,0.25689879699999996,-0.005687255999999974
phase_026,forcegen_constrained,0.4,1.0,2026200003,7,0.887514065,0.903514201,0.903519082,0.01600501700000001,0.016000136000000054,4.8809999999566145e-06
phase_026,forcegen_constrained,0.4,1.0,2026200003,30,0.835018847,0.870231039,0.876607303,0.04158845600000005,0.03521219200000003,0.00637626400000002
phase_026,forcegen_constrained,0.4,1.0,2026200003,90,0.767530384,0.839072624,0.853190203,0.08565981900000008,0.07154224000000009,0.014117578999999991
phase_026,forcegen_constrained,0.4,1.0,2026200003,180,0.742082277,0.778335,0.811990269,0.06990799200000009,0.03625272300000004,0.03365526900000004
phase_026,forcegen_constrained,0.4,1.0,2026200003,360,0.736002687,0.794237815,0.749046752,0.013044064999999994,0.05823512799999997,-0.045191062999999976
phase_026,forcegen_constrained,0.4,1.0,2026200004,7,0.899789361,0.899928217,0.899933236,0.00014387500000001552,0.00013885600000007603,5.0189999999394885e-06
phase_026,forcegen_constrained,0.4,1.0,2026200004,30,0.900144609,0.900290069,0.900300408,0.0001557989999999565,0.00014545999999993064,1.0339000000025855e-05
phase_026,forcegen_constrained,0.4,1.0,2026200004,90,0.84726426,0.873553122,0.87355655,0.026292289999999996,0.026288862000000024,3.427999999972009e-06
phase_026,forcegen_constrained,0.4,1.0,2026200004,180,0.791476096,0.862388431,0.824719395,0.033243299000000004,0.07091233499999994,-0.037669035999999934
phase_026,forcegen_constrained,0.4,1.0,2026200004,360,0.464140338,0.376713471,0.361373702,-0.10276663599999997,-0.08742686699999996,-0.015339769000000003
phase_026,forcegen_constrained,0.4,1.0,2026200005,7,0.873195366,0.874008737,0.875398372,0.0022030060000000073,0.0008133710000000072,0.0013896350000000002
phase_026,forcegen_constrained,0.4,1.0,2026200005,30,0.856248567,0.851712521,0.856503039,0.0002544720000000611,-0.004536046000000016,0.004790518000000077
phase_026,forcegen_constrained,0.4,1.0,2026200005,90,0.760242184,0.820649426,0.828358777,0.06811659300000006,0.06040724200000003,0.007709351000000031
phase_026,forcegen_constrained,0.4,1.0,2026200005,180,0.72626699,0.698543579,0.806756962,0.08048997200000008,-0.027723410999999976,0.10821338300000005
phase_026,forcegen_constrained,0.4,1.0,2026200005,360,0.69461617,0.721468243,0.732699631,0.03808346100000004,0.026852073000000032,0.011231388000000009
phase_026,forcegen_constrained,0.4,1.0,2026200006,7,0.884057534,0.899409416,0.900372861,0.016315327000000046,0.015351882000000039,0.0009634450000000072
phase_026,forcegen_constrained,0.4,1.0,2026200006,30,0.816923584,0.881576146,0.900739661,0.08381607700000004,0.06465256200000002,0.01916351500000002
phase_026,forcegen_constrained,0.4,1.0,2026200006,90,0.883716737,0.807009706,0.786425934,-0.09729080299999993,-0.07670703099999998,-0.020583771999999945
phase_026,forcegen_constrained,0.4,1.0,2026200006,180,0.799496333,0.808867164,0.655092441,-0.14440389200000003,0.009370831000000024,-0.15377472300000006
phase_026,forcegen_constrained,0.4,1.0,2026200006,360,0.76013614,0.754701545,0.514983832,-0.24515230799999999,-0.0054345949999999865,-0.239717713
phase_026,forcegen_constrained,0.4,1.0,2026200007,7,0.897227139,0.903428405,0.903433509,0.006206370000000017,0.006201266000000039,5.103999999978015e-06
phase_026,forcegen_constrained,0.4,1.0,2026200007,30,0.903800006,0.903808709,0.90379973,-2.759999999657481e-07,8.702999999998795e-06,-8.978999999964543e-06
phase_026,forcegen_constrained,0.4,1.0,2026200007,90,0.904556684,0.904559093,0.904573526,1.6841999999961388e-05,2.409000000036521e-06,1.4432999999924867e-05
phase_026,forcegen_constrained,0.4,1.0,2026200007,180,0.849548627,0.83811941,0.866255819,0.016707192000000037,-0.011429216999999992,0.02813640900000003
phase_026,forcegen_constrained,0.4,1.0,2026200007,360,0.482774655,0.786891807,0.75692407,0.27414941499999995,0.30411715200000006,-0.029967737000000105
phase_026,forcegen_constrained,0.4,1.0,2026200008,7,0.896817652,0.869690024,0.871237618,-0.025580033999999974,-0.027127628000000015,0.001547594000000041
phase_026,forcegen_constrained,0.4,1.0,2026200008,30,0.900695488,0.896818197,0.899888185,-0.0008073029999999815,-0.003877291000000005,0.0030699880000000235
phase_026,forcegen_constrained,0.4,1.0,2026200008,90,0.832894404,0.779491996,0.895401508,0.06250710399999992,-0.05340240800000007,0.11590951199999999
phase_026,forcegen_constrained,0.4,1.0,2026200008,180,0.777263819,0.729142501,0.821697022,0.04443320300000009,-0.04812131799999997,0.09255452100000006
phase_026,forcegen_constrained,0.4,1.0,2026200008,360,0.727118436,0.732098215,0.572651403,-0.1544670330000001,0.0049797790000000175,-0.1594468120000001
phase_026,forcegen_constrained,0.4,1.0,2026200009,7,0.886743561,0.878534953,0.880258775,-0.006484785999999909,-0.008208608000000006,0.001723822000000097
phase_026,forcegen_constrained,0.4,1.0,2026200009,30,0.88721952,0.871661982,0.87545128,-0.011768239999999985,-0.015557538000000037,0.003789298000000052
phase_026,forcegen_constrained,0.4,1.0,2026200009,90,0.834019128,0.822168633,0.828487253,-0.005531874999999964,-0.011850495000000016,0.0063186200000000525
phase_026,forcegen_constrained,0.4,1.0,2026200009,180,0.761346012,0.684938096,0.711986855,-0.04935915699999993,-0.07640791599999996,0.027048759000000033
phase_026,forcegen_constrained,0.4,1.0,2026200009,360,0.808041709,0.724027074,0.729114166,-0.07892754300000004,-0.08401463500000006,0.005087092000000015
phase_026,forcegen_constrained,0.4,1.0,2026200010,7,0.901494984,0.901855595,0.901860641,0.0003656569999999082,0.00036061099999995516,5.0459999999530325e-06
phase_026,forcegen_constrained,0.4,1.0,2026200010,30,0.851369653,0.873037943,0.879415537,0.028045883999999965,0.021668290000000034,0.006377593999999931
phase_026,forcegen_constrained,0.4,1.0,2026200010,90,0.873048319,0.8023625,0.810250308,-0.06279801100000004,-0.07068581900000004,0.007887807999999996
phase_026,forcegen_constrained,0.4,1.0,2026200010,180,0.805180339,0.814292988,0.818866602,0.013686263000000087,0.009112649000000084,0.004573614000000004
phase_026,forcegen_constrained,0.4,1.0,2026200010,360,0.807005244,0.741607467,0.78673847,-0.020266773999999987,-0.06539777699999993,0.04513100299999995
phase_026,forcegen_constrained,0.4,1.0,2026200011,7,0.861426694,0.862978774,0.866065473,0.004638778999999982,0.0015520799999999557,0.003086699000000026
phase_026,forcegen_constrained,0.4,1.0,2026200011,30,0.852009746,0.862905198,0.869031723,0.017021976999999966,0.010895451999999972,0.006126524999999994
phase_026,forcegen_constrained,0.4,1.0,2026200011,90,0.822127941,0.845324051,0.850379035,0.028251094000000032,0.023196109999999992,0.00505498400000004
phase_026,forcegen_constrained,0.4,1.0,2026200011,180,0.806169352,0.841898176,0.840746512,0.034577159999999996,0.0357288240000001,-0.0011516640000001077
phase_026,forcegen_constrained,0.4,1.0,2026200011,360,0.818312697,0.838240181,0.831403634,0.01309093699999997,0.019927483999999995,-0.006836547000000026
phase_027,forcegen_constrained,0.4,1.5,2026200000,7,0.867895426,0.874295322,0.880577268,0.012681841999999999,0.006399896000000016,0.006281945999999983
phase_027,forcegen_constrained,0.4,1.5,2026200000,30,0.866307095,0.775863426,0.794651676,-0.07165541900000005,-0.090443669,0.01878824999999995
phase_027,forcegen_constrained,0.4,1.5,2026200000,90,0.832197139,0.681038387,0.713388521,-0.11880861799999998,-0.15115875200000006,0.032350134000000086
phase_027,forcegen_constrained,0.4,1.5,2026200000,180,0.839255018,0.623566857,0.653437814,-0.185817204,-0.215688161,0.029870956999999976
phase_027,forcegen_constrained,0.4,1.5,2026200000,360,0.558589401,0.532631719,0.55675817,-0.0018312309999999332,-0.025957682000000037,0.024126451000000104
phase_027,forcegen_constrained,0.4,1.5,2026200001,7,0.888103789,0.886535811,0.889649628,0.0015458390000000488,-0.00156797799999997,0.0031138170000000187
phase_027,forcegen_constrained,0.4,1.5,2026200001,30,0.865621823,0.850386169,0.85976114,-0.005860682999999978,-0.015235654000000043,0.009374971000000065
phase_027,forcegen_constrained,0.4,1.5,2026200001,90,0.850571629,0.80973382,0.803843303,-0.0467283260000001,-0.040837809,-0.005890517000000095
phase_027,forcegen_constrained,0.4,1.5,2026200001,180,0.764617963,0.494862936,0.727325958,-0.03729200499999996,-0.269755027,0.23246302200000002
phase_027,forcegen_constrained,0.4,1.5,2026200001,360,0.731070377,0.37088013,0.685840233,-0.04523014400000003,-0.360190247,0.314960103
phase_027,forcegen_constrained,0.4,1.5,2026200002,7,0.862426657,0.835863339,0.839224206,-0.023202450999999957,-0.026563318000000002,0.003360867000000045
phase_027,forcegen_constrained,0.4,1.5,2026200002,30,0.805414336,0.793722421,0.807835738,0.0024214019999999614,-0.011691914999999997,0.014113316999999959
phase_027,forcegen_constrained,0.4,1.5,2026200002,90,0.729546534,0.741863512,0.760060734,0.030514199999999936,0.012316977999999978,0.018197221999999957
phase_027,forcegen_constrained,0.4,1.5,2026200002,180,0.535351643,0.696789888,0.70588554,0.170533897,0.16143824499999992,0.009095652000000065
phase_027,forcegen_constrained,0.4,1.5,2026200002,360,0.448679053,0.700341331,0.704531929,0.25585287599999995,0.25166227799999996,0.00419059799999999
phase_027,forcegen_constrained,0.4,1.5,2026200003,7,0.887514065,0.903517313,0.90352473,0.016010665000000035,0.01600324800000008,7.416999999954044e-06
phase_027,forcegen_constrained,0.4,1.5,2026200003,30,0.835018847,0.869470907,0.875602765,0.04058391800000005,0.03445206000000001,0.0061318580000000455
phase_027,forcegen_constrained,0.4,1.5,2026200003,90,0.767530384,0.8392505,0.859075215,0.091544831,0.07172011600000006,0.019824714999999937
phase_027,forcegen_constrained,0.4,1.5,2026200003,180,0.742082277,0.79546353,0.828875075,0.08679279800000006,0.05338125300000007,0.03341154499999999
phase_027,forcegen_constrained,0.4,1.5,2026200003,360,0.736002687,0.703449687,0.775273229,0.03927054199999991,-0.032553000000000054,0.07182354199999996
phase_027,forcegen_constrained,0.4,1.5,2026200004,7,0.899789361,0.899965622,0.899974551,0.00018519000000005725,0.00017626100000001088,8.929000000046372e-06
phase_027,forcegen_constrained,0.4,1.5,2026200004,30,0.900144609,0.900292505,0.900308992,0.00016438299999999018,0.0001478959999999807,1.6487000000009466e-05
phase_027,forcegen_constrained,0.4,1.5,2026200004,90,0.84726426,0.87355289,0.873555103,0.026290843000000064,0.026288630000000035,2.2130000000286643e-06
phase_027,forcegen_constrained,0.4,1.5,2026200004,180,0.791476096,0.854146002,0.836796213,0.04532011699999994,0.062669906,-0.01734978900000006
phase_027,forcegen_constrained,0.4,1.5,2026200004,360,0.464140338,0.379798227,0.378970059,-0.08517027899999996,-0.084342111,-0.0008281679999999625
phase_027,forcegen_constrained,0.4,1.5,2026200005,7,0.873195366,0.88872991,0.890928086,0.017732719999999924,0.015534543999999983,0.0021981759999999406
phase_027,forcegen_constrained,0.4,1.5,2026200005,30,0.856248567,0.852842319,0.859268241,0.0030196740000000277,-0.0034062480000000006,0.006425922000000028
phase_027,forcegen_constrained,0.4,1.5,2026200005,90,0.760242184,0.835006405,0.815549073,0.055306889000000026,0.07476422100000002,-0.019457331999999994
phase_027,forcegen_constrained,0.4,1.5,2026200005,180,0.72626699,0.835399511,0.819616172,0.09334918200000009,0.10913252100000004,-0.015783338999999952
phase_027,forcegen_constrained,0.4,1.5,2026200005,360,0.69461617,0.789514866,0.834989865,0.14037369500000008,0.094898696,0.04547499900000007
phase_027,forcegen_constrained,0.4,1.5,2026200006,7,0.884057534,0.897243964,0.90039058,0.016333046000000073,0.013186429999999971,0.003146616000000102
phase_027,forcegen_constrained,0.4,1.5,2026200006,30,0.816923584,0.877902401,0.889609557,0.07268597300000001,0.060978817000000074,0.01170715599999994
phase_027,forcegen_constrained,0.4,1.5,2026200006,90,0.883716737,0.784891345,0.827676187,-0.05604054999999997,-0.09882539199999996,0.04278484199999999
phase_027,forcegen_constrained,0.4,1.5,2026200006,180,0.799496333,0.790627083,0.824856485,0.02536015199999997,-0.00886925000000005,0.03422940200000002
phase_027,forcegen_constrained,0.4,1.5,2026200006,360,0.76013614,0.746770621,0.779561289,0.01942514900000003,-0.013365518999999937,0.03279066799999997
phase_027,forcegen_constrained,0.4,1.5,2026200007,7,0.897227139,0.903442673,0.90345026,0.006223120999999998,0.006215534000000078,7.586999999920074e-06
phase_027,forcegen_constrained,0.4,1.5,2026200007,30,0.903800006,0.903804613,0.903826133,2.6127000000042422e-05,4.607000000045325e-06,2.1519999999997097e-05
phase_027,forcegen_constrained,0.4,1.5,2026200007,90,0.904556684,0.876741358,0.90404658,-0.0005101039999999557,-0.02781532600000003,0.027305222000000073
phase_027,forcegen_constrained,0.4,1.5,2026200007,180,0.849548627,0.808207855,0.858316909,0.008768282000000016,-0.04134077199999997,0.050109053999999986
phase_027,forcegen_constrained,0.4,1.5,2026200007,360,0.482774655,0.754428306,0.81678537,0.33401071499999996,0.271653651,0.06235706399999996
phase_027,forcegen_constrained,0.4,1.5,2026200008,7,0.896817652,0.903224898,0.891429286,-0.005388365999999922,0.006407246000000089,-0.01179561200000001
phase_027,forcegen_constrained,0.4,1.5,2026200008,30,0.900695488,0.889987936,0.897921646,-0.002773841999999971,-0.010707551999999954,0.007933709999999983
phase_027,forcegen_constrained,0.4,1.5,2026200008,90,0.832894404,0.880149435,0.902069481,0.06917507699999992,0.04725503099999995,0.02192004599999997
phase_027,forcegen_constrained,0.4,1.5,2026200008,180,0.777263819,0.878992692,0.814916633,0.03765281399999998,0.101728873,-0.06407605900000002
phase_027,forcegen_constrained,0.4,1.5,2026200008,360,0.727118436,0.815631595,0.705102581,-0.02201585500000003,0.08851315900000001,-0.11052901400000004
phase_027,forcegen_constrained,0.4,1.5,2026200009,7,0.886743561,0.882138359,0.884440274,-0.0023032869999999317,-0.004605201999999919,0.0023019149999999877
phase_027,forcegen_constrained,0.4,1.5,2026200009,30,0.88721952,0.878798624,0.884083879,-0.003135641000000078,-0.008420896000000067,0.005285254999999989
phase_027,forcegen_constrained,0.4,1.5,2026200009,90,0.834019128,0.821204491,0.83164322,-0.002375907999999982,-0.012814636999999962,0.01043872899999998
phase_027,forcegen_constrained,0.4,1.5,2026200009,180,0.761346012,0.739436259,0.717225419,-0.04412059299999993,-0.021909752999999976,-0.022210839999999954
phase_027,forcegen_constrained,0.4,1.5,2026200009,360,0.808041709,0.750614701,0.736744394,-0.07129731500000003,-0.057427008,-0.013870307000000026
phase_027,forcegen_constrained,0.4,1.5,2026200010,7,0.901494984,0.895121669,0.898717075,-0.0027779090000000783,-0.006373315000000046,0.0035954059999999677
phase_027,forcegen_constrained,0.4,1.5,2026200010,30,0.851369653,0.828145241,0.844537789,-0.006831864000000021,-0.023224412000000028,0.016392548000000007
phase_027,forcegen_constrained,0.4,1.5,2026200010,90,0.873048319,0.63607891,0.704124912,-0.16892340699999997,-0.23696940899999996,0.068046002
phase_027,forcegen_constrained,0.4,1.5,2026200010,180,0.805180339,0.555415568,0.665229544,-0.13995079499999996,-0.24976477099999994,0.10981397599999998
phase_027,forcegen_constrained,0.4,1.5,2026200010,360,0.807005244,0.467609734,0.633808749,-0.173196495,-0.33939550999999996,0.16619901499999995
phase_027,forcegen_constrained,0.4,1.5,2026200011,7,0.861426694,0.864884284,0.870047167,0.008620472999999906,0.0034575899999998994,0.005162883000000007
phase_027,forcegen_constrained,0.4,1.5,2026200011,30,0.852009746,0.859474932,0.872444077,0.020434331000000028,0.0074651860000000125,0.012969145000000015
phase_027,forcegen_constrained,0.4,1.5,2026200011,90,0.822127941,0.839411562,0.859950175,0.037822234000000066,0.017283621000000027,0.02053861300000004
phase_027,forcegen_constrained,0.4,1.5,2026200011,180,0.806169352,0.83403912,0.856478951,0.050309599000000094,0.027869768000000072,0.02243983100000002
phase_027,forcegen_constrained,0.4,1.5,2026200011,360,0.818312697,0.828457185,0.865272594,0.04695989700000003,0.010144488000000007,0.03681540900000002
phase_028,forcegen_constrained,0.4,2.0,2026200000,7,0.867895426,0.873804929,0.882175913,0.014280486999999953,0.005909502999999927,0.008370984000000026
phase_028,forcegen_constrained,0.4,2.0,2026200000,30,0.866307095,0.782576134,0.812443943,-0.053863152000000025,-0.08373096099999999,0.029867808999999967
phase_028,forcegen_constrained,0.4,2.0,2026200000,90,0.832197139,0.70587518,0.767400613,-0.06479652600000008,-0.12632195899999998,0.06152543299999991
phase_028,forcegen_constrained,0.4,2.0,2026200000,180,0.839255018,0.661309728,0.742405554,-0.09684946400000005,-0.17794529000000003,0.08109582599999998
phase_028,forcegen_constrained,0.4,2.0,2026200000,360,0.558589401,0.584080536,0.698983446,0.14039404499999997,0.025491134999999998,0.11490290999999997
phase_028,forcegen_constrained,0.4,2.0,2026200001,7,0.888103789,0.878157516,0.882294203,-0.005809585999999922,-0.00994627299999995,0.004136687000000028
phase_028,forcegen_constrained,0.4,2.0,2026200001,30,0.865621823,0.851949825,0.866311486,0.0006896629999999515,-0.013671997999999963,0.014361660999999915
phase_028,forcegen_constrained,0.4,2.0,2026200001,90,0.850571629,0.785362912,0.812942808,-0.03762882100000009,-0.06520871700000008,0.027579895999999993
phase_028,forcegen_constrained,0.4,2.0,2026200001,180,0.764617963,0.729346702,0.612536899,-0.152081064,-0.035271261,-0.11680980299999999
phase_028,forcegen_constrained,0.4,2.0,2026200001,360,0.731070377,0.439415717,0.562732335,-0.16833804200000002,-0.29165466,0.12331661799999999
phase_028,forcegen_constrained,0.4,2.0,2026200002,7,0.862426657,0.83629587,0.84032519,-0.02210146699999993,-0.026130786999999933,0.004029320000000003
phase_028,forcegen_constrained,0.4,2.0,2026200002,30,0.805414336,0.792547265,0.808866236,0.0034518999999999522,-0.012867071000000063,0.016318971000000015
phase_028,forcegen_constrained,0.4,2.0,2026200002,90,0.729546534,0.740109522,0.764668898,0.03512236400000002,0.010562987999999995,0.02455937600000002
phase_028,forcegen_constrained,0.4,2.0,2026200002,180,0.535351643,0.69483017,0.718853494,0.18350185099999994,0.15947852699999998,0.024023323999999957
phase_028,forcegen_constrained,0.4,2.0,2026200002,360,0.448679053,0.698528712,0.724324407,0.275645354,0.249849659,0.025795695000000007
phase_028,forcegen_constrained,0.4,2.0,2026200003,7,0.887514065,0.884080725,0.888782767,0.001268702000000066,-0.0034333399999999514,0.004702042000000017
phase_028,forcegen_constrained,0.4,2.0,2026200003,30,0.835018847,0.876532441,0.871076464,0.0360576170000001,0.0415135940000001,-0.005455977000000001
phase_028,forcegen_constrained,0.4,2.0,2026200003,90,0.767530384,0.870266881,0.885423651,0.11789326700000002,0.1027364970000001,0.01515676999999993
phase_028,forcegen_constrained,0.4,2.0,2026200003,180,0.742082277,0.851738445,0.839634169,0.09755189200000003,0.109656168,-0.01210427599999997
phase_028,forcegen_constrained,0.4,2.0,2026200003,360,0.736002687,0.730040891,0.81612106,0.08011837299999991,-0.005961796000000019,0.08608016899999993
phase_028,forcegen_constrained,0.4,2.0,2026200004,7,0.899789361,0.887103764,0.891152264,-0.008637096999999927,-0.012685596999999937,0.00404850000000001
phase_028,forcegen_constrained,0.4,2.0,2026200004,30,0.900144609,0.834159664,0.878506685,-0.021637924000000086,-0.06598494500000007,0.044347020999999986
phase_028,forcegen_constrained,0.4,2.0,2026200004,90,0.84726426,0.83447554,0.871499531,0.024235271000000003,-0.012788719999999976,0.03702399099999998
phase_028,forcegen_constrained,0.4,2.0,2026200004,180,0.791476096,0.754846941,0.775809485,-0.015666610999999997,-0.03662915499999997,0.020962543999999972
phase_028,forcegen_constrained,0.4,2.0,2026200004,360,0.464140338,0.751839035,0.723222771,0.259082433,0.28769869700000006,-0.028616264000000058
phase_028,forcegen_constrained,0.4,2.0,2026200005,7,0.873195366,0.896549315,0.900380094,0.027184727999999936,0.023353948999999985,0.003830778999999951
phase_028,forcegen_constrained,0.4,2.0,2026200005,30,0.856248567,0.866907818,0.878410996,0.022162429000000095,0.010659251000000092,0.011503178000000003
phase_028,forcegen_constrained,0.4,2.0,2026200005,90,0.760242184,0.807192235,0.824890167,0.06464798299999996,0.04695005100000005,0.017697931999999916
phase_028,forcegen_constrained,0.4,2.0,2026200005,180,0.72626699,0.685741673,0.657772462,-0.068494528,-0.04052531699999995,-0.02796921100000005
phase_028,forcegen_constrained,0.4,2.0,2026200005,360,0.69461617,0.489793179,0.605058543,-0.08955762700000003,-0.20482299099999995,0.11526536399999993
phase_028,forcegen_constrained,0.4,2.0,2026200006,7,0.884057534,0.900337629,0.900343927,0.01628639300000001,0.01628009500000005,6.297999999960169e-06
phase_028,forcegen_constrained,0.4,2.0,2026200006,30,0.816923584,0.900768387,0.900784286,0.08386070200000006,0.08384480299999997,1.589900000009692e-05
phase_028,forcegen_constrained,0.4,2.0,2026200006,90,0.883716737,0.852779017,0.87156747,-0.012149266999999964,-0.030937719999999946,0.018788452999999983
phase_028,forcegen_constrained,0.4,2.0,2026200006,180,0.799496333,0.772014476,0.802696238,0.003199905000000003,-0.027481857000000054,0.030681762000000057
phase_028,forcegen_constrained,0.4,2.0,2026200006,360,0.76013614,0.736447876,0.764697341,0.004561201000000015,-0.023688264000000014,0.02824946500000003
phase_028,forcegen_constrained,0.4,2.0,2026200007,7,0.897227139,0.85907859,0.863313597,-0.03391354199999996,-0.038148548999999976,0.004235007000000013
phase_028,forcegen_constrained,0.4,2.0,2026200007,30,0.903800006,0.872690555,0.88241807,-0.021381935999999935,-0.031109450999999955,0.00972751500000002
phase_028,forcegen_constrained,0.4,2.0,2026200007,90,0.904556684,0.886292723,0.864272518,-0.040284165999999955,-0.01826396100000005,-0.022020204999999904
phase_028,forcegen_constrained,0.4,2.0,2026200007,180,0.849548627,0.852955509,0.873320785,0.023772157999999988,0.0034068819999999445,0.020365276000000043
phase_028,forcegen_constrained,0.4,2.0,2026200007,360,0.482774655,0.867337029,0.839541597,0.356766942,0.384562374,-0.02779543200000001
phase_028,forcegen_constrained,0.4,2.0,2026200008,7,0.896817652,0.900395532,0.903229821,0.006412169000000079,0.0035778800000000333,0.0028342890000000454
phase_028,forcegen_constrained,0.4,2.0,2026200008,30,0.900695488,0.867547868,0.87885532,-0.021840167999999993,-0.03314761999999993,0.01130745199999994
phase_028,forcegen_constrained,0.4,2.0,2026200008,90,0.832894404,0.904417878,0.897374694,0.06448029,0.07152347399999992,-0.007043183999999925
phase_028,forcegen_constrained,0.4,2.0,2026200008,180,0.777263819,0.780767964,0.824479076,0.047215257000000066,0.0035041450000000696,0.043711111999999996
phase_028,forcegen_constrained,0.4,2.0,2026200008,360,0.727118436,0.770383146,0.512688723,-0.21442971300000002,0.043264709999999984,-0.257694423
phase_028,forcegen_constrained,0.4,2.0,2026200009,7,0.886743561,0.883980889,0.88983712,0.003093559000000079,-0.0027626719999999105,0.0058562309999999895
phase_028,forcegen_constrained,0.4,2.0,2026200009,30,0.88721952,0.860663396,0.870556112,-0.01666340799999999,-0.02655612400000007,0.009892716000000079
phase_028,forcegen_constrained,0.4,2.0,2026200009,90,0.834019128,0.83978392,0.846929073,0.012909944999999978,0.005764792000000019,0.00714515299999996
phase_028,forcegen_constrained,0.4,2.0,2026200009,180,0.761346012,0.716323383,0.736887467,-0.024458544999999998,-0.04502262899999998,0.020564083999999982
phase_028,forcegen_constrained,0.4,2.0,2026200009,360,0.808041709,0.731987329,0.760752868,-0.04728884100000008,-0.07605438000000009,0.028765539000000007
phase_028,forcegen_constrained,0.4,2.0,2026200010,7,0.901494984,0.8946073,0.899479097,-0.002015887000000105,-0.0068876840000000605,0.0048717969999999555
phase_028,forcegen_constrained,0.4,2.0,2026200010,30,0.851369653,0.83377115,0.830135218,-0.021234434999999996,-0.017598502999999988,-0.0036359320000000084
phase_028,forcegen_constrained,0.4,2.0,2026200010,90,0.873048319,0.632967614,0.702133015,-0.170915304,-0.240080705,0.06916540100000002
phase_028,forcegen_constrained,0.4,2.0,2026200010,180,0.805180339,0.552030002,0.662786113,-0.14239422599999996,-0.253150337,0.11075611100000005
phase_028,forcegen_constrained,0.4,2.0,2026200010,360,0.807005244,0.461456104,0.630972909,-0.17603233499999993,-0.34554914,0.16951680500000005
phase_028,forcegen_constrained,0.4,2.0,2026200011,7,0.861426694,0.902102777,0.902113921,0.04068722699999994,0.04067608299999992,1.1144000000018472e-05
phase_028,forcegen_constrained,0.4,2.0,2026200011,30,0.852009746,0.885582924,0.900034182,0.04802443599999995,0.03357317800000004,0.014451257999999911
phase_028,forcegen_constrained,0.4,2.0,2026200011,90,0.822127941,0.791660917,0.860456555,0.03832861399999998,-0.03046702400000001,0.06879563799999999
phase_028,forcegen_constrained,0.4,2.0,2026200011,180,0.806169352,0.562961651,0.836333927,0.030164575000000027,-0.243207701,0.273372276
phase_028,forcegen_constrained,0.4,2.0,2026200011,360,0.818312697,0.463714778,0.832424502,0.014111804999999977,-0.354597919,0.36870972399999996
phase_030,forcegen_constrained,0.6,0.25,2026200000,7,0.867896266,0.875738279,0.876963759,0.009067492999999982,0.007842012999999981,0.001225480000000001
phase_030,forcegen_constrained,0.6,0.25,2026200000,30,0.866308015,0.802276541,0.806257659,-0.06005035599999997,-0.06403147399999998,0.003981118000000006
phase_030,forcegen_constrained,0.6,0.25,2026200000,90,0.83219772,0.741197642,0.746588139,-0.08560958100000005,-0.09100007799999998,0.005390496999999939
phase_030,forcegen_constrained,0.6,0.25,2026200000,180,0.839255216,0.696242607,0.701059407,-0.13819580899999995,-0.143012609,0.0048168000000000655
phase_030,forcegen_constrained,0.6,0.25,2026200000,360,0.558589401,0.616335322,0.620107308,0.06151790700000004,0.05774592099999998,0.0037719860000000605
phase_030,forcegen_constrained,0.6,0.25,2026200001,7,0.888104855,0.887053523,0.887495202,-0.0006096530000000433,-0.0010513320000000714,0.00044167900000002813
phase_030,forcegen_constrained,0.6,0.25,2026200001,30,0.865622991,0.846130094,0.847926978,-0.0176960129999999,-0.019492896999999898,0.0017968839999999986
phase_030,forcegen_constrained,0.6,0.25,2026200001,90,0.850573453,0.82096859,0.853777868,0.003204415000000016,-0.02960486299999998,0.032809278
phase_030,forcegen_constrained,0.6,0.25,2026200001,180,0.764618999,0.851282303,0.855537215,0.09091821600000005,0.086663304,0.004254912000000055
phase_030,forcegen_constrained,0.6,0.25,2026200001,360,0.731070442,0.728808546,0.640919794,-0.09015064800000006,-0.002261896000000041,-0.08788875200000001
phase_030,forcegen_constrained,0.6,0.25,2026200002,7,0.862427417,0.828190977,0.828684785,-0.03374263200000005,-0.034236440000000035,0.0004938079999999845
phase_030,forcegen_constrained,0.6,0.25,2026200002,30,0.805415121,0.800782737,0.805412329,-2.7919999999737044e-06,-0.004632383999999989,0.004629592000000016
phase_030,forcegen_constrained,0.6,0.25,2026200002,90,0.729547166,0.751899976,0.759710857,0.030163690999999937,0.02235281,0.007810880999999936
phase_030,forcegen_constrained,0.6,0.25,2026200002,180,0.535351792,0.706522365,0.702750924,0.167399132,0.17117057299999994,-0.003771440999999931
phase_030,forcegen_constrained,0.6,0.25,2026200002,360,0.448679052,0.710983084,0.703189201,0.254510149,0.26230403199999996,-0.007793882999999946
phase_030,forcegen_constrained,0.6,0.25,2026200003,7,0.887514666,0.903487101,0.903488599,0.01597393300000005,0.015972435000000007,1.4980000000441862e-06
phase_030,forcegen_constrained,0.6,0.25,2026200003,30,0.835019458,0.881642683,0.883479192,0.04845973400000003,0.046623225000000046,0.0018365089999999862
phase_030,forcegen_constrained,0.6,0.25,2026200003,90,0.767530793,0.858632996,0.859576857,0.09204606399999993,0.09110220299999994,0.0009438609999999903
phase_030,forcegen_constrained,0.6,0.25,2026200003,180,0.742082569,0.798447574,0.814817846,0.07273527699999993,0.05636500499999997,0.016370271999999964
phase_030,forcegen_constrained,0.6,0.25,2026200003,360,0.736002688,0.718008285,0.72661136,-0.009391327999999977,-0.017994402999999992,0.008603075000000016
phase_030,forcegen_constrained,0.6,0.25,2026200004,7,0.899789952,0.899793044,0.899793851,3.8989999999738956e-06,3.0920000000378423e-06,8.069999999360533e-07
phase_030,forcegen_constrained,0.6,0.25,2026200004,30,0.900145098,0.857684282,0.868091941,-0.032053157,-0.04246081599999996,0.010407658999999958
phase_030,forcegen_constrained,0.6,0.25,2026200004,90,0.8472649,0.83075308,0.844525285,-0.002739614999999973,-0.016511819999999955,0.013772204999999982
phase_030,forcegen_constrained,0.6,0.25,2026200004,180,0.791476734,0.741003495,0.761508862,-0.02996787199999995,-0.050473239,0.020505367000000052
phase_030,forcegen_constrained,0.6,0.25,2026200004,360,0.464140338,0.74840639,0.747193781,0.283053443,0.284266052,-0.0012126089999999756
phase_030,forcegen_constrained,0.6,0.25,2026200005,7,0.873196032,0.872504747,0.872863622,-0.0003324099999999497,-0.0006912849999999304,0.00035887499999998074
phase_030,forcegen_constrained,0.6,0.25,2026200005,30,0.856249295,0.858226951,0.859452549,0.0032032539999999887,0.0019776559999999943,0.0012255979999999944
phase_030,forcegen_constrained,0.6,0.25,2026200005,90,0.760242602,0.791307825,0.795793567,0.03555096499999999,0.03106522299999992,0.00448574200000007
phase_030,forcegen_constrained,0.6,0.25,2026200005,180,0.726267091,0.757889435,0.819850305,0.09358321400000003,0.03162234399999997,0.06196087000000006
phase_030,forcegen_constrained,0.6,0.25,2026200005,360,0.69461617,0.689611842,0.708781816,0.014165646000000032,-0.005004327999999947,0.01916997399999998
phase_030,forcegen_constrained,0.6,0.25,2026200006,7,0.88405873,0.872655388,0.873109923,-0.010948807000000005,-0.011403342000000039,0.00045453500000003366
phase_030,forcegen_constrained,0.6,0.25,2026200006,30,0.816924706,0.84122509,0.842596299,0.025671592999999993,0.024300384000000008,0.0013712089999999844
phase_030,forcegen_constrained,0.6,0.25,2026200006,90,0.883718001,0.760710095,0.762603699,-0.12111430199999995,-0.123007906,0.0018936040000000487
phase_030,forcegen_constrained,0.6,0.25,2026200006,180,0.799497495,0.547931919,0.552420809,-0.247076686,-0.25156557599999996,0.004488889999999968
phase_030,forcegen_constrained,0.6,0.25,2026200006,360,0.760136355,0.463443984,0.467311297,-0.29282505799999997,-0.296692371,0.003867313000000039
phase_030,forcegen_constrained,0.6,0.25,2026200007,7,0.897228046,0.882116767,0.887805073,-0.009422972999999946,-0.015111278999999977,0.005688306000000032
phase_030,forcegen_constrained,0.6,0.25,2026200007,30,0.903800901,0.900685031,0.894100056,-0.009700845000000013,-0.0031158700000000206,-0.006584974999999993
phase_030,forcegen_constrained,0.6,0.25,2026200007,90,0.904557658,0.884884609,0.895379817,-0.009177840999999964,-0.019673048999999998,0.010495208000000034
phase_030,forcegen_constrained,0.6,0.25,2026200007,180,0.849549242,0.844980145,0.849258799,-0.0002904430000000291,-0.0045690970000000775,0.004278654000000048
phase_030,forcegen_constrained,0.6,0.25,2026200007,360,0.482774655,0.749066846,0.748264425,0.26548977,0.26629219099999996,-0.0008024209999999421
phase_030,forcegen_constrained,0.6,0.25,2026200008,7,0.896818694,0.903166928,0.903168003,0.00634930899999997,0.006348233999999953,1.0750000000170346e-06
phase_030,forcegen_constrained,0.6,0.25,2026200008,30,0.900696494,0.903585024,0.903587838,0.002891344000000018,0.0028885300000000003,2.8140000000176357e-06
phase_030,forcegen_constrained,0.6,0.25,2026200008,90,0.832895216,0.81579022,0.81755007,-0.015345146000000032,-0.01710499600000004,0.0017598500000000072
phase_030,forcegen_constrained,0.6,0.25,2026200008,180,0.777264181,0.766818129,0.766664562,-0.01059961900000006,-0.010446052000000039,-0.0001535670000000211
phase_030,forcegen_constrained,0.6,0.25,2026200008,360,0.727118436,0.74304681,0.746261598,0.01914316199999999,0.015928373999999912,0.0032147880000000795
phase_030,forcegen_constrained,0.6,0.25,2026200009,7,0.886744675,0.880375722,0.880844349,-0.005900326000000011,-0.006368952999999955,0.00046862699999994373
phase_030,forcegen_constrained,0.6,0.25,2026200009,30,0.887220702,0.87234423,0.884078247,-0.0031424549999999885,-0.014876471999999974,0.011734016999999985
phase_030,forcegen_constrained,0.6,0.25,2026200009,90,0.834020549,0.83532526,0.838707358,0.0046868089999999585,0.0013047109999999584,0.003382098
phase_030,forcegen_constrained,0.6,0.25,2026200009,180,0.761346994,0.749363936,0.791462181,0.030115186999999932,-0.011983058000000102,0.042098245000000034
phase_030,forcegen_constrained,0.6,0.25,2026200009,360,0.808041846,0.730564582,0.807495439,-0.000546406999999971,-0.07747726399999999,0.07693085700000002
phase_030,forcegen_constrained,0.6,0.25,2026200010,7,0.901496101,0.858755218,0.859468312,-0.04202778900000004,-0.04274088300000001,0.0007130939999999697
phase_030,forcegen_constrained,0.6,0.25,2026200010,30,0.851370712,0.81537708,0.817489278,-0.03388143399999999,-0.03599363200000005,0.002112198000000065
phase_030,forcegen_constrained,0.6,0.25,2026200010,90,0.873049318,0.628785189,0.634644746,-0.23840457199999998,-0.24426412899999994,0.00585955699999996
phase_030,forcegen_constrained,0.6,0.25,2026200010,180,0.805181067,0.551582673,0.556392384,-0.248788683,-0.25359839400000006,0.00480971100000005
phase_030,forcegen_constrained,0.6,0.25,2026200010,360,0.807005243,0.461243128,0.465934741,-0.341070502,-0.345762115,0.004691612999999983
phase_030,forcegen_constrained,0.6,0.25,2026200011,7,0.861427827,0.901894629,0.901895684,0.040467856999999996,0.04046680199999997,1.0550000000275617e-06
phase_030,forcegen_constrained,0.6,0.25,2026200011,30,0.852011041,0.888216167,0.889572445,0.037561403999999965,0.03620512599999992,0.001356278000000044
phase_030,forcegen_constrained,0.6,0.25,2026200011,90,0.822129569,0.840384652,0.840933112,0.018803542999999978,0.018255083000000005,0.0005484599999999729
phase_030,forcegen_constrained,0.6,0.25,2026200011,180,0.806170354,0.831366729,0.836670768,0.03050041399999992,0.025196374999999938,0.005304038999999983
phase_030,forcegen_constrained,0.6,0.25,2026200011,360,0.818312696,0.844341932,0.834778491,0.016465795000000005,0.026029235999999956,-0.00956344099999995
phase_031,forcegen_constrained,0.6,0.5,2026200000,7,0.867896266,0.874935141,0.877341282,0.009445015999999917,0.007038875,0.0024061409999999173
phase_031,forcegen_constrained,0.6,0.5,2026200000,30,0.866308015,0.799242128,0.807411544,-0.05889647099999995,-0.06706588699999994,0.008169415999999985
phase_031,forcegen_constrained,0.6,0.5,2026200000,90,0.83219772,0.737631744,0.748529446,-0.08366827399999999,-0.09456597600000005,0.010897702000000065
phase_031,forcegen_constrained,0.6,0.5,2026200000,180,0.839255216,0.692725428,0.701478445,-0.13777677099999996,-0.14652978799999994,0.008753016999999974
phase_031,forcegen_constrained,0.6,0.5,2026200000,360,0.558589401,0.612624271,0.619723609,0.06113420800000002,0.05403487000000007,0.007099337999999955
phase_031,forcegen_constrained,0.6,0.5,2026200001,7,0.888104855,0.885670931,0.886551543,-0.0015533119999999734,-0.0024339239999999762,0.0008806120000000028
phase_031,forcegen_constrained,0.6,0.5,2026200001,30,0.865622991,0.84660146,0.850116998,-0.015505992999999996,-0.019021530999999925,0.0035155379999999292
phase_031,forcegen_constrained,0.6,0.5,2026200001,90,0.850573453,0.829611017,0.847359946,-0.0032135070000000043,-0.02096243600000003,0.017748929000000024
phase_031,forcegen_constrained,0.6,0.5,2026200001,180,0.764618999,0.759678684,0.761025383,-0.003593615999999966,-0.004940314999999917,0.0013466989999999512
phase_031,forcegen_constrained,0.6,0.5,2026200001,360,0.731070442,0.726031504,0.733579251,0.0025088089999999452,-0.005038937999999993,0.007547746999999938
phase_031,forcegen_constrained,0.6,0.5,2026200002,7,0.862427417,0.834804533,0.835756628,-0.026670789000000084,-0.027622884000000014,0.0009520949999999306
phase_031,forcegen_constrained,0.6,0.5,2026200002,30,0.805415121,0.799108999,0.80503975,-0.0003753709999999577,-0.006306122000000025,0.005930751000000067
phase_031,forcegen_constrained,0.6,0.5,2026200002,90,0.729547166,0.749391042,0.757630152,0.02808298599999992,0.019843875999999927,0.008239109999999994
phase_031,forcegen_constrained,0.6,0.5,2026200002,180,0.535351792,0.704110612,0.701709328,0.16635753599999992,0.16875881999999998,-0.002401284000000059
phase_031,forcegen_constrained,0.6,0.5,2026200002,360,0.448679052,0.70902417,0.693513506,0.24483445399999992,0.26034511799999993,-0.015510664000000007
phase_031,forcegen_constrained,0.6,0.5,2026200003,7,0.887514666,0.903507084,0.903509388,0.015994722000000072,0.015992418000000064,2.3040000000085215e-06
phase_031,forcegen_constrained,0.6,0.5,2026200003,30,0.835019458,0.869745191,0.887620377,0.05260091899999997,0.034725733000000036,0.017875185999999932
phase_031,forcegen_constrained,0.6,0.5,2026200003,90,0.767530793,0.842732282,0.864897334,0.09736654099999997,0.07520148900000001,0.022165051999999963
phase_031,forcegen_constrained,0.6,0.5,2026200003,180,0.742082569,0.801402944,0.817080912,0.07499834299999997,0.05932037499999998,0.015677967999999987
phase_031,forcegen_constrained,0.6,0.5,2026200003,360,0.736002688,0.750196591,0.733297765,-0.0027049230000000257,0.014193903000000008,-0.016898826000000033
phase_031,forcegen_constrained,0.6,0.5,2026200004,7,0.899789952,0.899797405,0.899799649,9.696999999975198e-06,7.453000000046117e-06,2.2439999999290805e-06
phase_031,forcegen_constrained,0.6,0.5,2026200004,30,0.900145098,0.863815303,0.875063359,-0.025081738999999992,-0.036329795,0.011248056000000006
phase_031,forcegen_constrained,0.6,0.5,2026200004,90,0.8472649,0.833337425,0.879964706,0.032699806,-0.013927475000000022,0.04662728100000002
phase_031,forcegen_constrained,0.6,0.5,2026200004,180,0.791476734,0.773343995,0.783431581,-0.008045152999999972,-0.01813273900000001,0.010087586000000037
phase_031,forcegen_constrained,0.6,0.5,2026200004,360,0.464140338,0.471970555,0.757362095,0.29322175699999997,0.007830217000000028,0.28539153999999994
phase_031,forcegen_constrained,0.6,0.5,2026200005,7,0.873196032,0.866956268,0.868270132,-0.0049258999999999276,-0.0062397639999999255,0.001313863999999998
phase_031,forcegen_constrained,0.6,0.5,2026200005,30,0.856249295,0.827920834,0.831657887,-0.024591408000000037,-0.02832846099999997,0.0037370529999999347
phase_031,forcegen_constrained,0.6,0.5,2026200005,90,0.760242602,0.788317759,0.792191073,0.03194847099999998,0.02807515699999996,0.0038733140000000166
phase_031,forcegen_constrained,0.6,0.5,2026200005,180,0.726267091,0.725491906,0.742957486,0.016690395000000025,-0.000775184999999956,0.01746557999999998
phase_031,forcegen_constrained,0.6,0.5,2026200005,360,0.69461617,0.779961563,0.723435114,0.02881894400000007,0.08534539299999999,-0.05652644899999992
phase_031,forcegen_constrained,0.6,0.5,2026200006,7,0.88405873,0.872836707,0.873730003,-0.010328726999999982,-0.01122202299999997,0.0008932959999999879
phase_031,forcegen_constrained,0.6,0.5,2026200006,30,0.816924706,0.84304927,0.850455916,0.033531210000000033,0.02612456399999996,0.007406646000000072
phase_031,forcegen_constrained,0.6,0.5,2026200006,90,0.883718001,0.75619555,0.774554937,-0.10916306399999998,-0.12752245099999993,0.01835938699999995
phase_031,forcegen_constrained,0.6,0.5,2026200006,180,0.799497495,0.542799077,0.553178525,-0.24631897000000003,-0.25669841800000004,0.010379448000000013
phase_031,forcegen_constrained,0.6,0.5,2026200006,360,0.760136355,0.454838694,0.464291688,-0.295844667,-0.305297661,0.009452993999999992
phase_031,forcegen_constrained,0.6,0.5,2026200007,7,0.897228046,0.897159532,0.903433563,0.006205517000000049,-6.851399999996399e-05,0.006274031000000013
phase_031,forcegen_constrained,0.6,0.5,2026200007,30,0.903800901,0.870119726,0.903817135,1.6234000000059368e-05,-0.03368117500000001,0.03369740900000007
phase_031,forcegen_constrained,0.6,0.5,2026200007,90,0.904557658,0.8709686,0.87142412,-0.03313353799999996,-0.033589058000000005,0.00045552000000004256
phase_031,forcegen_constrained,0.6,0.5,2026200007,180,0.849549242,0.899030695,0.900740204,0.05119096199999995,0.04948145299999995,0.001709508999999998
phase_031,forcegen_constrained,0.6,0.5,2026200007,360,0.482774655,0.804330709,0.846605246,0.363830591,0.32155605400000004,0.042274536999999945
phase_031,forcegen_constrained,0.6,0.5,2026200008,7,0.896818694,0.867668392,0.86850939,-0.02830930399999998,-0.029150302000000017,0.0008409980000000372
phase_031,forcegen_constrained,0.6,0.5,2026200008,30,0.900696494,0.894550711,0.896342923,-0.0043535710000000005,-0.006145782999999905,0.0017922119999999042
phase_031,forcegen_constrained,0.6,0.5,2026200008,90,0.832895216,0.797542115,0.799056927,-0.03383828900000008,-0.035353101,0.001514811999999921
phase_031,forcegen_constrained,0.6,0.5,2026200008,180,0.777264181,0.747433617,0.776556792,-0.0007073890000000027,-0.02983056400000006,0.029123175000000057
phase_031,forcegen_constrained,0.6,0.5,2026200008,360,0.727118436,0.708233482,0.742697024,0.015578588000000004,-0.01888495400000001,0.034463542000000014
phase_031,forcegen_constrained,0.6,0.5,2026200009,7,0.886744675,0.898806157,0.899537566,0.012792891000000028,0.012061482000000012,0.0007314090000000162
phase_031,forcegen_constrained,0.6,0.5,2026200009,30,0.887220702,0.896390954,0.898727982,0.011507280000000009,0.00917025199999999,0.0023370280000000188
phase_031,forcegen_constrained,0.6,0.5,2026200009,90,0.834020549,0.880919285,0.883658106,0.049637557000000054,0.04689873600000005,0.0027388210000000024
phase_031,forcegen_constrained,0.6,0.5,2026200009,180,0.761346994,0.792826805,0.836379729,0.07503273499999996,0.03147981099999997,0.04355292399999999
phase_031,forcegen_constrained,0.6,0.5,2026200009,360,0.808041846,0.790324648,0.820622013,0.012580167000000086,-0.017717197999999934,0.03029736500000002
phase_031,forcegen_constrained,0.6,0.5,2026200010,7,0.901496101,0.900035941,0.901408977,-8.712399999999398e-05,-0.0014601600000000436,0.0013730360000000497
phase_031,forcegen_constrained,0.6,0.5,2026200010,30,0.851370712,0.838747174,0.843671974,-0.007698737999999983,-0.012623538000000045,0.0049248000000000625
phase_031,forcegen_constrained,0.6,0.5,2026200010,90,0.873049318,0.651150199,0.66124449,-0.211804828,-0.22189911899999992,0.010094290999999922
phase_031,forcegen_constrained,0.6,0.5,2026200010,180,0.805181067,0.569401936,0.580737577,-0.22444349000000008,-0.23577913100000003,0.011335640999999952
phase_031,forcegen_constrained,0.6,0.5,2026200010,360,0.807005243,0.481637436,0.487008621,-0.319996622,-0.325367807,0.0053711850000000005
phase_031,forcegen_constrained,0.6,0.5,2026200011,7,0.861427827,0.863300798,0.864807106,0.003379279000000013,0.0018729710000000566,0.0015063079999999562
phase_031,forcegen_constrained,0.6,0.5,2026200011,30,0.852011041,0.867565126,0.870560983,0.01854994199999993,0.015554084999999995,0.002995856999999935
phase_031,forcegen_constrained,0.6,0.5,2026200011,90,0.822129569,0.851426255,0.85251379,0.030384221000000045,0.029296686000000016,0.0010875350000000283
phase_031,forcegen_constrained,0.6,0.5,2026200011,180,0.806170354,0.847808985,0.844531104,0.038360749999999944,0.04163863099999998,-0.003277881000000038
phase_031,forcegen_constrained,0.6,0.5,2026200011,360,0.818312696,0.730358394,0.803393277,-0.014919419000000045,-0.08795430199999998,0.07303488299999994
phase_032,forcegen_constrained,0.6,0.75,2026200000,7,0.867896266,0.872867998,0.876420335,0.008524069000000023,0.0049717320000000065,0.0035523370000000165
phase_032,forcegen_constrained,0.6,0.75,2026200000,30,0.866308015,0.79430272,0.805721693,-0.060586322000000026,-0.07200529499999997,0.011418972999999943
phase_032,forcegen_constrained,0.6,0.75,2026200000,90,0.83219772,0.7316403,0.747185704,-0.08501201600000008,-0.10055742000000001,0.01554540399999993
phase_032,forcegen_constrained,0.6,0.75,2026200000,180,0.839255216,0.686702902,0.700830973,-0.138424243,-0.15255231400000002,0.01412807100000002
phase_032,forcegen_constrained,0.6,0.75,2026200000,360,0.558589401,0.607345982,0.619102833,0.060513432000000034,0.04875658100000002,0.011756851000000013
phase_032,forcegen_constrained,0.6,0.75,2026200001,7,0.888104855,0.885668759,0.890113606,0.0020087509999999753,-0.0024360960000000542,0.0044448470000000295
phase_032,forcegen_constrained,0.6,0.75,2026200001,30,0.865622991,0.851520545,0.856544633,-0.009078357999999898,-0.01410244599999999,0.005024088000000093
phase_032,forcegen_constrained,0.6,0.75,2026200001,90,0.850573453,0.835945191,0.844896758,-0.005676695000000009,-0.014628262000000003,0.008951566999999994
phase_032,forcegen_constrained,0.6,0.75,2026200001,180,0.764618999,0.851591377,0.762325965,-0.002293033999999916,0.08697237800000002,-0.08926541199999993
phase_032,forcegen_constrained,0.6,0.75,2026200001,360,0.731070442,0.722877117,0.731739979,0.0006695369999999423,-0.008193325000000029,0.008862861999999971
phase_032,forcegen_constrained,0.6,0.75,2026200002,7,0.862427417,0.835692301,0.837058641,-0.025368775999999982,-0.026735116000000003,0.0013663400000000214
phase_032,forcegen_constrained,0.6,0.75,2026200002,30,0.805415121,0.807742697,0.81260781,0.00719268900000003,0.002327575999999998,0.004865113000000032
phase_032,forcegen_constrained,0.6,0.75,2026200002,90,0.729547166,0.756273288,0.759871581,0.030324414999999938,0.02672612200000002,0.003598292999999919
phase_032,forcegen_constrained,0.6,0.75,2026200002,180,0.535351792,0.700404405,0.699312362,0.16396056999999997,0.16505261299999996,-0.001092042999999987
phase_032,forcegen_constrained,0.6,0.75,2026200002,360,0.448679052,0.728074667,0.722601725,0.27392267299999995,0.279395615,-0.005472942000000036
phase_032,forcegen_constrained,0.6,0.75,2026200003,7,0.887514666,0.903505777,0.903511758,0.0159970920000001,0.015991111000000058,5.981000000043757e-06
phase_032,forcegen_constrained,0.6,0.75,2026200003,30,0.835019458,0.882480791,0.874452896,0.03943343799999999,0.047461332999999994,-0.008027895000000007
phase_032,forcegen_constrained,0.6,0.75,2026200003,90,0.767530793,0.8542434,0.849447853,0.08191705999999999,0.08671260699999994,-0.004795546999999956
phase_032,forcegen_constrained,0.6,0.75,2026200003,180,0.742082569,0.790298546,0.807375408,0.06529283899999994,0.04821597700000002,0.017076861999999915
phase_032,forcegen_constrained,0.6,0.75,2026200003,360,0.736002688,0.817736808,0.822106678,0.08610399000000002,0.08173412000000002,0.004369869999999998
phase_032,forcegen_constrained,0.6,0.75,2026200004,7,0.899789952,0.899924616,0.899928346,0.00013839400000004165,0.00013466399999995105,3.7300000000906053e-06
phase_032,forcegen_constrained,0.6,0.75,2026200004,30,0.900145098,0.900287144,0.900293231,0.00014813300000005025,0.00014204600000000678,6.087000000043474e-06
phase_032,forcegen_constrained,0.6,0.75,2026200004,90,0.8472649,0.873551554,0.873555085,0.02629018500000002,0.026286653999999965,3.5310000000565722e-06
phase_032,forcegen_constrained,0.6,0.75,2026200004,180,0.791476734,0.842000509,0.847262854,0.05578612000000005,0.05052377500000005,0.005262345000000002
phase_032,forcegen_constrained,0.6,0.75,2026200004,360,0.464140338,0.37700296,0.42815106,-0.03598927799999996,-0.08713737799999999,0.05114810000000003
phase_032,forcegen_constrained,0.6,0.75,2026200005,7,0.873196032,0.87382933,0.874882,0.0016859680000000932,0.0006332980000000044,0.0010526700000000888
phase_032,forcegen_constrained,0.6,0.75,2026200005,30,0.856249295,0.851489632,0.855150413,-0.0010988819999999677,-0.0047596629999999696,0.003660781000000002
phase_032,forcegen_constrained,0.6,0.75,2026200005,90,0.760242602,0.824993385,0.826216061,0.06597345899999996,0.06475078299999992,0.0012226760000000336
phase_032,forcegen_constrained,0.6,0.75,2026200005,180,0.726267091,0.783427409,0.778476493,0.052209402000000016,0.05716031799999999,-0.004950915999999972
phase_032,forcegen_constrained,0.6,0.75,2026200005,360,0.69461617,0.724500211,0.770995426,0.07637925600000006,0.029884040999999972,0.04649521500000009
phase_032,forcegen_constrained,0.6,0.75,2026200006,7,0.88405873,0.900376325,0.900379241,0.016320510999999982,0.016317594999999963,2.9160000000194586e-06
phase_032,forcegen_constrained,0.6,0.75,2026200006,30,0.816924706,0.893102399,0.877894001,0.060969295000000034,0.07617769299999999,-0.015208397999999956
phase_032,forcegen_constrained,0.6,0.75,2026200006,90,0.883718001,0.815481533,0.810156115,-0.07356188600000002,-0.06823646799999994,-0.005325418000000082
phase_032,forcegen_constrained,0.6,0.75,2026200006,180,0.799497495,0.7629824,0.667732974,-0.13176452100000002,-0.03651509500000005,-0.09524942599999997
phase_032,forcegen_constrained,0.6,0.75,2026200006,360,0.760136355,0.796011635,0.51403684,-0.24609951499999994,0.035875280000000065,-0.281974795
phase_032,forcegen_constrained,0.6,0.75,2026200007,7,0.897228046,0.901322658,0.902783029,0.005554983000000013,0.004094612000000053,0.0014603709999999603
phase_032,forcegen_constrained,0.6,0.75,2026200007,30,0.903800901,0.903816276,0.903825561,2.4660000000009674e-05,1.5375000000039662e-05,9.284999999970012e-06
phase_032,forcegen_constrained,0.6,0.75,2026200007,90,0.904557658,0.850512309,0.859006914,-0.04555074400000003,-0.05404534900000002,0.008494604999999988
phase_032,forcegen_constrained,0.6,0.75,2026200007,180,0.849549242,0.865042635,0.90574504,0.056195797999999964,0.015493392999999966,0.040702405
phase_032,forcegen_constrained,0.6,0.75,2026200007,360,0.482774655,0.768094017,0.833144939,0.350370284,0.285319362,0.06505092199999996
phase_032,forcegen_constrained,0.6,0.75,2026200008,7,0.896818694,0.894949581,0.896003335,-0.000815359000000071,-0.0018691130000000333,0.0010537539999999623
phase_032,forcegen_constrained,0.6,0.75,2026200008,30,0.900696494,0.896673762,0.898736824,-0.001959669999999969,-0.004022731999999918,0.002063061999999949
phase_032,forcegen_constrained,0.6,0.75,2026200008,90,0.832895216,0.830461935,0.833604816,0.0007095999999999769,-0.002433281000000065,0.0031428810000000418
phase_032,forcegen_constrained,0.6,0.75,2026200008,180,0.777264181,0.752977795,0.7742772,-0.002986981000000055,-0.024286386000000104,0.02129940500000005
phase_032,forcegen_constrained,0.6,0.75,2026200008,360,0.727118436,0.550326871,0.726659072,-0.00045936400000001765,-0.17679156500000004,0.17633220100000002
phase_032,forcegen_constrained,0.6,0.75,2026200009,7,0.886744675,0.898596447,0.899840952,0.013096277000000045,0.011851771999999983,0.0012445050000000624
phase_032,forcegen_constrained,0.6,0.75,2026200009,30,0.887220702,0.893777349,0.896624805,0.009404102999999941,0.0065566470000000265,0.002847455999999915
phase_032,forcegen_constrained,0.6,0.75,2026200009,90,0.834020549,0.841049852,0.866853287,0.03283273799999997,0.007029303000000042,0.02580343499999993
phase_032,forcegen_constrained,0.6,0.75,2026200009,180,0.761346994,0.708649559,0.813931609,0.05258461499999989,-0.052697435000000015,0.1052820499999999
phase_032,forcegen_constrained,0.6,0.75,2026200009,360,0.808041846,0.765391765,0.725851379,-0.08219046699999999,-0.042650081000000006,-0.03954038599999998
phase_032,forcegen_constrained,0.6,0.75,2026200010,7,0.901496101,0.871532969,0.873140566,-0.028355534999999987,-0.029963132000000003,0.0016075970000000162
phase_032,forcegen_constrained,0.6,0.75,2026200010,30,0.851370712,0.841758078,0.846243958,-0.005126754000000067,-0.009612634000000009,0.004485879999999942
phase_032,forcegen_constrained,0.6,0.75,2026200010,90,0.873049318,0.77199803,0.77791522,-0.09513409799999994,-0.10105128799999996,0.005917190000000017
phase_032,forcegen_constrained,0.6,0.75,2026200010,180,0.805181067,0.790581863,0.790890259,-0.014290808000000044,-0.014599204000000032,0.00030839599999998857
phase_032,forcegen_constrained,0.6,0.75,2026200010,360,0.807005243,0.748121491,0.743652182,-0.06335306099999993,-0.058883751999999956,-0.004469308999999977
phase_032,forcegen_constrained,0.6,0.75,2026200011,7,0.861427827,0.862759921,0.865009791,0.003581963999999993,0.0013320940000000059,0.002249869999999987
phase_032,forcegen_constrained,0.6,0.75,2026200011,30,0.852011041,0.864975013,0.869499703,0.017488661999999988,0.01296397199999999,0.004524689999999998
phase_032,forcegen_constrained,0.6,0.75,2026200011,90,0.822129569,0.851928504,0.854924123,0.032794553999999976,0.02979893499999997,0.002995619000000005
phase_032,forcegen_constrained,0.6,0.75,2026200011,180,0.806170354,0.856531325,0.853471145,0.04730079099999995,0.05036097099999992,-0.003060179999999968
phase_032,forcegen_constrained,0.6,0.75,2026200011,360,0.818312696,0.836962942,0.845753539,0.027440843000000048,0.01865024599999998,0.008790597000000067
phase_033,forcegen_constrained,0.6,1.0,2026200000,7,0.867896266,0.875978279,0.880145895,0.012249628999999929,0.008082012999999999,0.00416761599999993
phase_033,forcegen_constrained,0.6,1.0,2026200000,30,0.866308015,0.787196803,0.801317382,-0.06499063299999996,-0.07911121200000004,0.014120579000000077
phase_033,forcegen_constrained,0.6,1.0,2026200000,90,0.83219772,0.716751231,0.736182516,-0.09601520400000008,-0.11544648899999999,0.01943128499999991
phase_033,forcegen_constrained,0.6,1.0,2026200000,180,0.839255216,0.673834105,0.69125024,-0.14800497599999995,-0.165421111,0.017416135000000055
phase_033,forcegen_constrained,0.6,1.0,2026200000,360,0.558589401,0.600756304,0.613669004,0.05507960300000003,0.04216690300000003,0.0129127
phase_033,forcegen_constrained,0.6,1.0,2026200001,7,0.888104855,0.886998455,0.892776598,0.0046717429999999505,-0.0011064000000000629,0.005778143000000013
phase_033,forcegen_constrained,0.6,1.0,2026200001,30,0.865622991,0.85721412,0.839249746,-0.026373244999999934,-0.008408870999999984,-0.01796437399999995
phase_033,forcegen_constrained,0.6,1.0,2026200001,90,0.850573453,0.832271669,0.838765021,-0.011808431999999924,-0.018301783999999932,0.006493352000000008
phase_033,forcegen_constrained,0.6,1.0,2026200001,180,0.764618999,0.811382032,0.804552183,0.03993318400000001,0.046763033000000065,-0.0068298490000000545
phase_033,forcegen_constrained,0.6,1.0,2026200001,360,0.731070442,0.753115325,0.729431107,-0.0016393350000000195,0.02204488299999996,-0.02368421799999998
phase_033,forcegen_constrained,0.6,1.0,2026200002,7,0.862427417,0.833780366,0.836141146,-0.026286271000000028,-0.02864705099999998,0.0023607799999999513
phase_033,forcegen_constrained,0.6,1.0,2026200002,30,0.805415121,0.795981255,0.804885818,-0.000529302999999981,-0.009433865999999957,0.008904562999999976
phase_033,forcegen_constrained,0.6,1.0,2026200002,90,0.729547166,0.746039759,0.757105615,0.02755844899999993,0.016492592999999944,0.011065855999999985
phase_033,forcegen_constrained,0.6,1.0,2026200002,180,0.535351792,0.700667261,0.700511726,0.16515993399999995,0.16531546899999994,-0.00015553499999998444
phase_033,forcegen_constrained,0.6,1.0,2026200002,360,0.448679052,0.705577849,0.699890592,0.25121154,0.25689879699999996,-0.005687256999999946
phase_033,forcegen_constrained,0.6,1.0,2026200003,7,0.887514666,0.903514721,0.903519562,0.0160048960000001,0.016000055000000013,4.841000000088691e-06
phase_033,forcegen_constrained,0.6,1.0,2026200003,30,0.835019458,0.870231526,0.876607714,0.041588256000000046,0.035212067999999985,0.00637618800000006
phase_033,forcegen_constrained,0.6,1.0,2026200003,90,0.767530793,0.839073006,0.853190425,0.08565963199999993,0.07154221299999997,0.014117418999999964
phase_033,forcegen_constrained,0.6,1.0,2026200003,180,0.742082569,0.778335163,0.811990296,0.06990772699999992,0.03625259400000003,0.03365513299999989
phase_033,forcegen_constrained,0.6,1.0,2026200003,360,0.736002688,0.794237815,0.749046752,0.013044064000000022,0.058235127,-0.045191062999999976
phase_033,forcegen_constrained,0.6,1.0,2026200004,7,0.899789952,0.89992859,0.899933626,0.00014367400000003805,0.00013863800000002424,5.036000000013807e-06
phase_033,forcegen_constrained,0.6,1.0,2026200004,30,0.900145098,0.900290488,0.900300859,0.000155761000000032,0.000145390000000023,1.0371000000009012e-05
phase_033,forcegen_constrained,0.6,1.0,2026200004,90,0.8472649,0.873553761,0.873557178,0.026292278000000002,0.026288861000000052,3.4169999999500433e-06
phase_033,forcegen_constrained,0.6,1.0,2026200004,180,0.791476734,0.862389045,0.824719558,0.033242824000000004,0.07091231100000006,-0.03766948700000006
phase_033,forcegen_constrained,0.6,1.0,2026200004,360,0.464140338,0.37671347,0.361373701,-0.102766637,-0.08742686799999999,-0.015339769000000003
phase_033,forcegen_constrained,0.6,1.0,2026200005,7,0.873196032,0.87400937,0.875398955,0.0022029230000000233,0.0008133380000000523,0.001389584999999971
phase_033,forcegen_constrained,0.6,1.0,2026200005,30,0.856249295,0.851713112,0.856503514,0.00025421899999999997,-0.004536183000000027,0.004790402000000027
phase_033,forcegen_constrained,0.6,1.0,2026200005,90,0.760242602,0.820649713,0.8283589,0.06811629799999996,0.06040711099999996,0.007709187000000006
phase_033,forcegen_constrained,0.6,1.0,2026200005,180,0.726267091,0.698543652,0.806756963,0.08048987200000002,-0.02772343899999996,0.10821331099999998
phase_033,forcegen_constrained,0.6,1.0,2026200005,360,0.69461617,0.721468243,0.732699632,0.03808346200000001,0.026852073000000032,0.01123138899999998
phase_033,forcegen_constrained,0.6,1.0,2026200006,7,0.88405873,0.899410492,0.900373952,0.016315222000000018,0.015351761999999991,0.0009634600000000271
phase_033,forcegen_constrained,0.6,1.0,2026200006,30,0.816924706,0.881577289,0.900740845,0.08381613899999996,0.06465258299999999,0.01916355599999997
phase_033,forcegen_constrained,0.6,1.0,2026200006,90,0.883718001,0.807010875,0.786426857,-0.09729114399999994,-0.07670712599999996,-0.02058401799999998
phase_033,forcegen_constrained,0.6,1.0,2026200006,180,0.799497495,0.808868183,0.655092765,-0.14440472999999998,0.00937068799999996,-0.15377541799999994
phase_033,forcegen_constrained,0.6,1.0,2026200006,360,0.760136355,0.754701561,0.514983833,-0.24515252200000004,-0.0054347940000000206,-0.23971772800000002
phase_033,forcegen_constrained,0.6,1.0,2026200007,7,0.897228046,0.903429158,0.903434254,0.006206208000000046,0.006201112000000064,5.095999999982226e-06
phase_033,forcegen_constrained,0.6,1.0,2026200007,30,0.903800901,0.9038095,0.903800502,-3.990000000397842e-07,8.599000000053536e-06,-8.99800000009332e-06
phase_033,forcegen_constrained,0.6,1.0,2026200007,90,0.904557658,0.904559883,0.904574105,1.644700000003052e-05,2.225000000022348e-06,1.4222000000008173e-05
phase_033,forcegen_constrained,0.6,1.0,2026200007,180,0.849549242,0.838119926,0.866255965,0.01670672299999998,-0.011429316000000078,0.028136039000000057
phase_033,forcegen_constrained,0.6,1.0,2026200007,360,0.482774655,0.786891805,0.756924069,0.274149414,0.30411715,-0.029967736000000023
phase_033,forcegen_constrained,0.6,1.0,2026200008,7,0.896818694,0.869690705,0.871238268,-0.02558042599999999,-0.02712798900000002,0.0015475630000000296
phase_033,forcegen_constrained,0.6,1.0,2026200008,30,0.900696494,0.896818909,0.899888831,-0.000807663000000014,-0.0038775849999999057,0.0030699219999998917
phase_033,forcegen_constrained,0.6,1.0,2026200008,90,0.832895216,0.779492697,0.895401964,0.062506748,-0.05340251900000004,0.11590926700000004
phase_033,forcegen_constrained,0.6,1.0,2026200008,180,0.777264181,0.729134312,0.821697021,0.04443283999999992,-0.04812986900000005,0.09256270899999997
phase_033,forcegen_constrained,0.6,1.0,2026200008,360,0.727118436,0.731937148,0.572651403,-0.1544670330000001,0.004818711999999947,-0.15928574500000003
phase_033,forcegen_constrained,0.6,1.0,2026200009,7,0.886744675,0.878535991,0.880259824,-0.006484850999999958,-0.008208683999999966,0.001723833000000008
phase_033,forcegen_constrained,0.6,1.0,2026200009,30,0.887220702,0.87166309,0.875452402,-0.011768300000000065,-0.015557612000000054,0.003789311999999989
phase_033,forcegen_constrained,0.6,1.0,2026200009,90,0.834020549,0.822169868,0.828488156,-0.005532392999999969,-0.011850680999999974,0.006318288000000005
phase_033,forcegen_constrained,0.6,1.0,2026200009,180,0.761346994,0.684938881,0.711987278,-0.04935971600000011,-0.07640811300000006,0.027048396999999946
phase_033,forcegen_constrained,0.6,1.0,2026200009,360,0.808041846,0.724027178,0.729114165,-0.07892768099999992,-0.0840146679999999,0.005086986999999987
phase_033,forcegen_constrained,0.6,1.0,2026200010,7,0.901496101,0.901856482,0.901861493,0.0003653919999999644,0.0003603810000000207,5.010999999943699e-06
phase_033,forcegen_constrained,0.6,1.0,2026200010,30,0.851370712,0.873038818,0.879416348,0.028045635999999985,0.02166810600000002,0.006377529999999965
phase_033,forcegen_constrained,0.6,1.0,2026200010,90,0.873049318,0.802363351,0.810250902,-0.06279841599999991,-0.07068596699999996,0.007887551000000048
phase_033,forcegen_constrained,0.6,1.0,2026200010,180,0.805181067,0.81429347,0.818866667,0.013685599999999964,0.009112402999999936,0.004573197000000029
phase_033,forcegen_constrained,0.6,1.0,2026200010,360,0.807005243,0.741607466,0.78673847,-0.020266773000000016,-0.06539777699999993,0.04513100399999992
phase_033,forcegen_constrained,0.6,1.0,2026200011,7,0.861427827,0.862979966,0.866066654,0.0046388270000000675,0.0015521390000000634,0.003086688000000004
phase_033,forcegen_constrained,0.6,1.0,2026200011,30,0.852011041,0.862906445,0.869032942,0.017021901000000006,0.010895403999999997,0.0061264970000000085
phase_033,forcegen_constrained,0.6,1.0,2026200011,90,0.822129569,0.845325214,0.850379787,0.02825021800000005,0.023195645000000042,0.005054573000000007
phase_033,forcegen_constrained,0.6,1.0,2026200011,180,0.806170354,0.841898957,0.840746975,0.03457662099999992,0.035728602999999914,-0.0011519819999999958
phase_033,forcegen_constrained,0.6,1.0,2026200011,360,0.818312696,0.838240287,0.831403634,0.013090937999999941,0.019927590999999967,-0.006836653000000026
phase_034,forcegen_constrained,0.6,1.5,2026200000,7,0.867896266,0.874295936,0.880577822,0.012681555999999983,0.0063996699999999684,0.006281886000000014
phase_034,forcegen_constrained,0.6,1.5,2026200000,30,0.866308015,0.775863962,0.794652123,-0.071655892,-0.09044405300000002,0.018788161000000025
phase_034,forcegen_constrained,0.6,1.5,2026200000,90,0.83219772,0.681038819,0.713388747,-0.11880897300000004,-0.15115890100000007,0.03234992800000003
phase_034,forcegen_constrained,0.6,1.5,2026200000,180,0.839255216,0.623567068,0.65343785,-0.18581736599999998,-0.21568814800000002,0.02987078200000004
phase_034,forcegen_constrained,0.6,1.5,2026200000,360,0.558589401,0.532631719,0.55675817,-0.0018312309999999332,-0.025957682000000037,0.024126451000000104
phase_034,forcegen_constrained,0.6,1.5,2026200001,7,0.888104855,0.886536997,0.889650866,0.0015460109999999583,-0.001567858000000033,0.0031138689999999913
phase_034,forcegen_constrained,0.6,1.5,2026200001,30,0.865622991,0.850387414,0.859762481,-0.0058605099999999855,-0.015235577,0.009375067000000015
phase_034,forcegen_constrained,0.6,1.5,2026200001,90,0.850573453,0.809735354,0.803844115,-0.04672933800000001,-0.04083809900000002,-0.0058912389999999926
phase_034,forcegen_constrained,0.6,1.5,2026200001,180,0.764618999,0.494863454,0.727326137,-0.03729286199999993,-0.269755545,0.23246268300000006
phase_034,forcegen_constrained,0.6,1.5,2026200001,360,0.731070442,0.370880156,0.685840232,-0.04523021000000005,-0.360190286,0.314960076
phase_034,forcegen_constrained,0.6,1.5,2026200002,7,0.862427417,0.835863987,0.839224812,-0.023202605000000043,-0.026563430000000054,0.0033608250000000117
phase_034,forcegen_constrained,0.6,1.5,2026200002,30,0.805415121,0.793723037,0.807836279,0.002421157999999979,-0.011692083999999991,0.01411324199999997
phase_034,forcegen_constrained,0.6,1.5,2026200002,90,0.729547166,0.741863915,0.760060898,0.03051373199999996,0.012316749000000016,0.018196982999999944
phase_034,forcegen_constrained,0.6,1.5,2026200002,180,0.535351792,0.696790032,0.705885542,0.17053374999999993,0.16143823999999996,0.009095509999999973
phase_034,forcegen_constrained,0.6,1.5,2026200002,360,0.448679052,0.700341331,0.70453193,0.255852878,0.25166227899999993,0.004190599000000073
phase_034,forcegen_constrained,0.6,1.5,2026200003,7,0.887514666,0.903517771,0.903525136,0.01601047,0.016003105000000017,7.364999999981414e-06
phase_034,forcegen_constrained,0.6,1.5,2026200003,30,0.835019458,0.869471335,0.875603106,0.04058364800000003,0.034451876999999964,0.006131771000000064
phase_034,forcegen_constrained,0.6,1.5,2026200003,90,0.767530793,0.839250873,0.859075378,0.09154458499999996,0.07172007999999996,0.019824504999999992
phase_034,forcegen_constrained,0.6,1.5,2026200003,180,0.742082569,0.795463681,0.828875096,0.08679252699999995,0.05338111199999995,0.033411415
phase_034,forcegen_constrained,0.6,1.5,2026200003,360,0.736002688,0.703449688,0.775273229,0.03927054099999994,-0.032553000000000054,0.07182354099999999
phase_034,forcegen_constrained,0.6,1.5,2026200004,7,0.899789952,0.899966013,0.899974965,0.00018501299999995613,0.00017606100000000513,8.951999999951e-06
phase_034,forcegen_constrained,0.6,1.5,2026200004,30,0.900145098,0.900292939,0.900309468,0.00016437000000002477,0.0001478409999999819,1.652900000004287e-05
phase_034,forcegen_constrained,0.6,1.5,2026200004,90,0.8472649,0.873553521,0.873555694,0.026290794000000006,0.026288621000000068,2.172999999938696e-06
phase_034,forcegen_constrained,0.6,1.5,2026200004,180,0.791476734,0.854146583,0.836796261,0.04531952700000008,0.06266984900000006,-0.017350321999999974
phase_034,forcegen_constrained,0.6,1.5,2026200004,360,0.464140338,0.379798226,0.378970059,-0.08517027899999996,-0.08434211199999997,-0.0008281669999999908
phase_034,forcegen_constrained,0.6,1.5,2026200005,7,0.873196032,0.888730473,0.890928573,0.01773254099999999,0.01553444100000001,0.0021980999999999806
phase_034,forcegen_constrained,0.6,1.5,2026200005,30,0.856249295,0.852842829,0.859268581,0.00301928600000001,-0.0034064660000000524,0.006425752000000062
phase_034,forcegen_constrained,0.6,1.5,2026200005,90,0.760242602,0.835006673,0.815549156,0.05530655399999995,0.07476407099999993,-0.01945751699999998
phase_034,forcegen_constrained,0.6,1.5,2026200005,180,0.726267091,0.83539959,0.819616172,0.09334908100000006,0.109132499,-0.015783417999999938
phase_034,forcegen_constrained,0.6,1.5,2026200005,360,0.69461617,0.789514866,0.834989865,0.14037369500000008,0.094898696,0.04547499900000007
phase_034,forcegen_constrained,0.6,1.5,2026200006,7,0.88405873,0.897245043,0.900391685,0.016332954999999982,0.01318631299999995,0.003146642000000033
phase_034,forcegen_constrained,0.6,1.5,2026200006,30,0.816924706,0.877903539,0.889610652,0.072685946,0.060978832999999955,0.011707113000000047
phase_034,forcegen_constrained,0.6,1.5,2026200006,90,0.883718001,0.784892434,0.82767712,-0.05604088099999993,-0.098825567,0.04278468600000007
phase_034,forcegen_constrained,0.6,1.5,2026200006,180,0.799497495,0.790628041,0.824856705,0.025359209999999965,-0.008869454000000054,0.03422866400000002
phase_034,forcegen_constrained,0.6,1.5,2026200006,360,0.760136355,0.746770636,0.7795613,0.019424945000000027,-0.013365718999999943,0.03279066399999997
phase_034,forcegen_constrained,0.6,1.5,2026200007,7,0.897228046,0.903443405,0.903450983,0.006222937000000095,0.006215359000000031,7.5780000000635894e-06
phase_034,forcegen_constrained,0.6,1.5,2026200007,30,0.903800901,0.903805382,0.903826864,2.5963000000017722e-05,4.4810000000561345e-06,2.1481999999961587e-05
phase_034,forcegen_constrained,0.6,1.5,2026200007,90,0.904557658,0.87674209,0.904047131,-0.0005105269999999829,-0.027815567999999957,0.027305040999999974
phase_034,forcegen_constrained,0.6,1.5,2026200007,180,0.849549242,0.808163694,0.858316942,0.008767699999999934,-0.04138554800000005,0.050153247999999984
phase_034,forcegen_constrained,0.6,1.5,2026200007,360,0.482774655,0.757645166,0.816785369,0.334010714,0.274870511,0.059140203
phase_034,forcegen_constrained,0.6,1.5,2026200008,7,0.896818694,0.903226302,0.891430644,-0.005388049999999978,0.0064076079999999536,-0.011795657999999931
phase_034,forcegen_constrained,0.6,1.5,2026200008,30,0.900696494,0.889989395,0.897923026,-0.002773468000000001,-0.010707098999999998,0.007933630999999997
phase_034,forcegen_constrained,0.6,1.5,2026200008,90,0.832895216,0.880150866,0.9020699,0.06917468399999993,0.04725564999999998,0.02191903399999995
phase_034,forcegen_constrained,0.6,1.5,2026200008,180,0.777264181,0.878993068,0.814916633,0.03765245199999989,0.10172888699999993,-0.06407643500000004
phase_034,forcegen_constrained,0.6,1.5,2026200008,360,0.727118436,0.815631595,0.705102582,-0.022015854000000057,0.08851315900000001,-0.11052901300000006
phase_034,forcegen_constrained,0.6,1.5,2026200009,7,0.886744675,0.882139399,0.884441329,-0.0023033459999999284,-0.004605275999999936,0.0023019300000000076
phase_034,forcegen_constrained,0.6,1.5,2026200009,30,0.887220702,0.878799731,0.88408499,-0.0031357120000000682,-0.008420971000000055,0.005285258999999987
phase_034,forcegen_constrained,0.6,1.5,2026200009,90,0.834020549,0.821205682,0.831644039,-0.002376510000000054,-0.012814867000000008,0.010438356999999954
phase_034,forcegen_constrained,0.6,1.5,2026200009,180,0.761346994,0.739437088,0.717225732,-0.044121262000000105,-0.02190990600000009,-0.022211356000000015
phase_034,forcegen_constrained,0.6,1.5,2026200009,360,0.808041846,0.750614806,0.736744394,-0.07129745199999993,-0.057427039999999985,-0.013870411999999943
phase_034,forcegen_constrained,0.6,1.5,2026200010,7,0.901496101,0.895122736,0.89871811,-0.0027779909999999797,-0.006373364999999964,0.0035953739999999845
phase_034,forcegen_constrained,0.6,1.5,2026200010,30,0.851370712,0.828146262,0.844538728,-0.006831984000000069,-0.023224450000000063,0.016392465999999994
phase_034,forcegen_constrained,0.6,1.5,2026200010,90,0.873049318,0.636079734,0.704125389,-0.16892392899999997,-0.236969584,0.06804565500000004
phase_034,forcegen_constrained,0.6,1.5,2026200010,180,0.805181067,0.555415923,0.665229547,-0.13995152,-0.24976514400000005,0.10981362400000005
phase_034,forcegen_constrained,0.6,1.5,2026200010,360,0.807005243,0.467609734,0.633808749,-0.17319649400000003,-0.339395509,0.16619901499999995
phase_034,forcegen_constrained,0.6,1.5,2026200011,7,0.861427827,0.864885445,0.870048316,0.008620489000000009,0.0034576179999999956,0.005162871000000013
phase_034,forcegen_constrained,0.6,1.5,2026200011,30,0.852011041,0.859476137,0.872445234,0.020434192999999934,0.007465096000000004,0.01296909699999993
phase_034,forcegen_constrained,0.6,1.5,2026200011,90,0.822129569,0.839412649,0.859950832,0.037821262999999994,0.017283080000000006,0.020538182999999988
phase_034,forcegen_constrained,0.6,1.5,2026200011,180,0.806170354,0.834039872,0.856479289,0.050308935,0.027869517999999927,0.022439417000000073
phase_034,forcegen_constrained,0.6,1.5,2026200011,360,0.818312696,0.828457277,0.865272594,0.046959898,0.010144581000000041,0.03681531699999996
phase_035,forcegen_constrained,0.6,2.0,2026200000,7,0.867896266,0.873805471,0.882176421,0.014280155000000017,0.0059092049999999174,0.0083709500000001
phase_035,forcegen_constrained,0.6,2.0,2026200000,30,0.866308015,0.782576625,0.812444357,-0.053863658000000036,-0.08373138999999996,0.029867731999999925
phase_035,forcegen_constrained,0.6,2.0,2026200000,90,0.83219772,0.705875614,0.767400839,-0.06479688100000003,-0.12632210600000005,0.06152522500000002
phase_035,forcegen_constrained,0.6,2.0,2026200000,180,0.839255216,0.661309964,0.742405586,-0.09684963000000002,-0.177945252,0.08109562199999998
phase_035,forcegen_constrained,0.6,2.0,2026200000,360,0.558589401,0.584080537,0.698983447,0.14039404600000005,0.02549113599999997,0.11490291000000008
phase_035,forcegen_constrained,0.6,2.0,2026200001,7,0.888104855,0.878158634,0.882295337,-0.005809518000000069,-0.009946220999999977,0.004136702999999908
phase_035,forcegen_constrained,0.6,2.0,2026200001,30,0.865622991,0.851950974,0.866312642,0.0006896510000000688,-0.01367201699999998,0.01436166800000005
phase_035,forcegen_constrained,0.6,2.0,2026200001,90,0.850573453,0.785364212,0.812943496,-0.037629956999999936,-0.06520924100000003,0.027579284000000093
phase_035,forcegen_constrained,0.6,2.0,2026200001,180,0.764618999,0.729347437,0.612536948,-0.15208205099999994,-0.03527156199999992,-0.11681048900000002
phase_035,forcegen_constrained,0.6,2.0,2026200001,360,0.731070442,0.439415715,0.562732335,-0.16833810700000007,-0.29165472700000006,0.12331661999999999
phase_035,forcegen_constrained,0.6,2.0,2026200002,7,0.862427417,0.836296472,0.840325744,-0.02210167299999999,-0.026130945000000017,0.004029272000000028
phase_035,forcegen_constrained,0.6,2.0,2026200002,30,0.805415121,0.792547837,0.80886669,0.0034515689999999877,-0.012867284000000034,0.016318853000000022
phase_035,forcegen_constrained,0.6,2.0,2026200002,90,0.729547166,0.740109895,0.76466904,0.035121874,0.010562728999999993,0.024559145000000004
phase_035,forcegen_constrained,0.6,2.0,2026200002,180,0.535351792,0.694830308,0.718853494,0.18350170199999993,0.15947851599999996,0.024023185999999974
phase_035,forcegen_constrained,0.6,2.0,2026200002,360,0.448679052,0.698528714,0.724324409,0.2756453569999999,0.24984966200000003,0.025795694999999896
phase_035,forcegen_constrained,0.6,2.0,2026200003,7,0.887514666,0.884081416,0.888783386,0.001268720000000001,-0.0034332499999999433,0.004701969999999944
phase_035,forcegen_constrained,0.6,2.0,2026200003,30,0.835019458,0.876533121,0.871076898,0.036057439999999996,0.041513663000000034,-0.005456223000000038
phase_035,forcegen_constrained,0.6,2.0,2026200003,90,0.767530793,0.870267182,0.885423656,0.1178928629999999,0.10273638899999993,0.015156473999999975
phase_035,forcegen_constrained,0.6,2.0,2026200003,180,0.742082569,0.851738452,0.839634169,0.09755159999999996,0.10965588299999995,-0.012104282999999993
phase_035,forcegen_constrained,0.6,2.0,2026200003,360,0.736002688,0.730040891,0.81612106,0.08011837199999994,-0.005961796999999991,0.08608016899999993
phase_035,forcegen_constrained,0.6,2.0,2026200004,7,0.899789952,0.88710425,0.891152725,-0.008637227000000025,-0.012685701999999965,0.00404847499999994
phase_035,forcegen_constrained,0.6,2.0,2026200004,30,0.900145098,0.834160131,0.878507129,-0.021637968999999924,-0.065984967,0.04434699800000008
phase_035,forcegen_constrained,0.6,2.0,2026200004,90,0.8472649,0.8344761,0.871500047,0.024235147000000068,-0.012788799999999934,0.037023947
phase_035,forcegen_constrained,0.6,2.0,2026200004,180,0.791476734,0.754847436,0.775809541,-0.015667192999999968,-0.03662929799999992,0.020962104999999953
phase_035,forcegen_constrained,0.6,2.0,2026200004,360,0.464140338,0.751839058,0.723222772,0.259082434,0.28769871999999996,-0.02861628599999999
phase_035,forcegen_constrained,0.6,2.0,2026200005,7,0.873196032,0.896549667,0.900380424,0.027184392,0.023353635000000095,0.003830756999999907
phase_035,forcegen_constrained,0.6,2.0,2026200005,30,0.856249295,0.866908162,0.878411324,0.022162028999999972,0.01065886699999996,0.011503162000000011
phase_035,forcegen_constrained,0.6,2.0,2026200005,90,0.760242602,0.807192658,0.824890408,0.06464780599999997,0.04695005599999991,0.017697750000000068
phase_035,forcegen_constrained,0.6,2.0,2026200005,180,0.726267091,0.685741899,0.657772462,-0.06849462900000003,-0.04052519199999993,-0.027969437000000097
phase_035,forcegen_constrained,0.6,2.0,2026200005,360,0.69461617,0.48979318,0.605058544,-0.08955762599999995,-0.20482298999999998,0.11526536400000004
phase_035,forcegen_constrained,0.6,2.0,2026200006,7,0.88405873,0.900338636,0.900344913,0.016286182999999954,0.016279905999999955,6.276999999998978e-06
phase_035,forcegen_constrained,0.6,2.0,2026200006,30,0.816924706,0.900769442,0.900785253,0.08386054700000001,0.08384473599999998,1.5811000000032216e-05
phase_035,forcegen_constrained,0.6,2.0,2026200006,90,0.883718001,0.852780159,0.871568499,-0.012149501999999979,-0.030937841999999938,0.01878833999999996
phase_035,forcegen_constrained,0.6,2.0,2026200006,180,0.799497495,0.772015583,0.802696715,0.003199219999999947,-0.027481912000000053,0.030681132
phase_035,forcegen_constrained,0.6,2.0,2026200006,360,0.760136355,0.736448069,0.764697341,0.004560985999999989,-0.023688285999999947,0.028249271999999936
phase_035,forcegen_constrained,0.6,2.0,2026200007,7,0.897228046,0.85907927,0.863314272,-0.03391377399999995,-0.038148775999999995,0.004235002000000043
phase_035,forcegen_constrained,0.6,2.0,2026200007,30,0.903800901,0.872691281,0.882418738,-0.021382162999999954,-0.03110961999999995,0.009727456999999995
phase_035,forcegen_constrained,0.6,2.0,2026200007,90,0.904557658,0.886293586,0.86427309,-0.04028456800000002,-0.01826407200000002,-0.022020496
phase_035,forcegen_constrained,0.6,2.0,2026200007,180,0.849549242,0.852956119,0.873320786,0.023771543999999922,0.003406876999999975,0.020364666999999947
phase_035,forcegen_constrained,0.6,2.0,2026200007,360,0.482774655,0.867337042,0.83954161,0.35676695500000005,0.38456238699999995,-0.027795431999999898
phase_035,forcegen_constrained,0.6,2.0,2026200008,7,0.896818694,0.900396892,0.903231153,0.0064124589999999815,0.0035781979999999214,0.00283426100000006
phase_035,forcegen_constrained,0.6,2.0,2026200008,30,0.900696494,0.867549252,0.878856566,-0.02183992800000001,-0.033147241999999966,0.011307313999999957
phase_035,forcegen_constrained,0.6,2.0,2026200008,90,0.832895216,0.904419249,0.897374966,0.06447974999999995,0.07152403299999999,-0.00704428300000004
phase_035,forcegen_constrained,0.6,2.0,2026200008,180,0.777264181,0.780768261,0.824479076,0.04721489499999998,0.0035040799999999095,0.04371081500000007
phase_035,forcegen_constrained,0.6,2.0,2026200008,360,0.727118436,0.770383146,0.512688723,-0.21442971300000002,0.043264709999999984,-0.257694423
phase_035,forcegen_constrained,0.6,2.0,2026200009,7,0.886744675,0.883982291,0.889838616,0.0030939410000000445,-0.002762383999999951,0.0058563249999999956
phase_035,forcegen_constrained,0.6,2.0,2026200009,30,0.887220702,0.860664891,0.870557613,-0.01666308900000002,-0.02655581100000004,0.00989272200000002
phase_035,forcegen_constrained,0.6,2.0,2026200009,90,0.834020549,0.83978552,0.846929848,0.01290929900000004,0.005764970999999952,0.007144328000000089
phase_035,forcegen_constrained,0.6,2.0,2026200009,180,0.761346994,0.71632419,0.736887655,-0.02445933900000008,-0.04502280400000003,0.020563464999999947
phase_035,forcegen_constrained,0.6,2.0,2026200009,360,0.808041846,0.731987371,0.760752868,-0.04728897799999998,-0.07605447499999995,0.028765496999999973
phase_035,forcegen_constrained,0.6,2.0,2026200010,7,0.901496101,0.894608095,0.899479861,-0.0020162400000000025,-0.0068880059999999466,0.004871765999999944
phase_035,forcegen_constrained,0.6,2.0,2026200010,30,0.851370712,0.833771913,0.8301359,-0.021234811999999992,-0.017598799000000054,-0.003636012999999938
phase_035,forcegen_constrained,0.6,2.0,2026200010,90,0.873049318,0.632968258,0.702133331,-0.170915987,-0.24008105999999996,0.06916507299999997
phase_035,forcegen_constrained,0.6,2.0,2026200010,180,0.805181067,0.552030282,0.662786113,-0.14239495400000002,-0.253150785,0.11075583099999997
phase_035,forcegen_constrained,0.6,2.0,2026200010,360,0.807005243,0.461456104,0.630972908,-0.17603233499999993,-0.345549139,0.16951680400000008
phase_035,forcegen_constrained,0.6,2.0,2026200011,7,0.861427827,0.902103961,0.902115085,0.04068725800000006,0.04067613400000003,1.1124000000029e-05
phase_035,forcegen_constrained,0.6,2.0,2026200011,30,0.852011041,0.885584137,0.900035262,0.04802422099999992,0.033573096000000024,0.014451124999999898
phase_035,forcegen_constrained,0.6,2.0,2026200011,90,0.822129569,0.791661896,0.860457163,0.038327593999999965,-0.030467672999999973,0.06879526699999994
phase_035,forcegen_constrained,0.6,2.0,2026200011,180,0.806170354,0.562962144,0.836334204,0.030163849999999992,-0.24320821000000004,0.27337206000000003
phase_035,forcegen_constrained,0.6,2.0,2026200011,360,0.818312696,0.463714829,0.832424502,0.014111805999999949,-0.354597867,0.36870967299999996
phase_037,logistics_constrained,0.15,0.25,2026200000,7,0.0,0.0,0.0,0.0,0.0,0.0
phase_037,logistics_constrained,0.15,0.25,2026200000,30,0.0,0.0,0.0,0.0,0.0,0.0
phase_037,logistics_constrained,0.15,0.25,2026200000,90,0.0,0.0,0.0,0.0,0.0,0.0
phase_037,logistics_constrained,0.15,0.25,2026200000,180,0.0,0.0,0.0,0.0,0.0,0.0
phase_037,logistics_constrained,0.15,0.25,2026200000,360,0.0,0.0,0.0,0.0,0.0,0.0
phase_037,logistics_constrained,0.15,0.25,2026200001,7,0.0,0.0,0.0,0.0,0.0,0.0
phase_037,logistics_constrained,0.15,0.25,2026200001,30,0.0,0.0,0.0,0.0,0.0,0.0
phase_037,logistics_constrained,0.15,0.25,2026200001,90,0.0,0.0,0.0,0.0,0.0,0.0
phase_037,logistics_constrained,0.15,0.25,2026200001,180,0.0,0.0,0.0,0.0,0.0,0.0
phase_037,logistics_constrained,0.15,0.25,2026200001,360,0.0,0.0,0.0,0.0,0.0,0.0
phase_037,logistics_constrained,0.15,0.25,2026200002,7,0.0,0.0,0.0,0.0,0.0,0.0
phase_037,logistics_constrained,0.15,0.25,2026200002,30,0.0,0.0,0.0,0.0,0.0,0.0
phase_037,logistics_constrained,0.15,0.25,2026200002,90,0.0,0.0,0.0,0.0,0.0,0.0
phase_037,logistics_constrained,0.15,0.25,2026200002,180,0.0,0.0,0.0,0.0,0.0,0.0
phase_037,logistics_constrained,0.15,0.25,2026200002,360,0.0,0.0,0.0,0.0,0.0,0.0
phase_037,logistics_constrained,0.15,0.25,2026200003,7,0.0,0.0,0.0,0.0,0.0,0.0
phase_037,logistics_constrained,0.15,0.25,2026200003,30,0.0,0.0,0.0,0.0,0.0,0.0
phase_037,logistics_constrained,0.15,0.25,2026200003,90,0.0,0.0,0.0,0.0,0.0,0.0
phase_037,logistics_constrained,0.15,0.25,2026200003,180,0.0,0.0,0.0,0.0,0.0,0.0
phase_037,logistics_constrained,0.15,0.25,2026200003,360,0.0,0.0,0.0,0.0,0.0,0.0
phase_037,logistics_constrained,0.15,0.25,2026200004,7,0.0,0.0,0.0,0.0,0.0,0.0
phase_037,logistics_constrained,0.15,0.25,2026200004,30,0.0,0.0,0.0,0.0,0.0,0.0
phase_037,logistics_constrained,0.15,0.25,2026200004,90,0.0,0.0,0.0,0.0,0.0,0.0
phase_037,logistics_constrained,0.15,0.25,2026200004,180,0.0,0.0,0.0,0.0,0.0,0.0
phase_037,logistics_constrained,0.15,0.25,2026200004,360,0.0,0.0,0.0,0.0,0.0,0.0
phase_037,logistics_constrained,0.15,0.25,2026200005,7,0.0,0.0,0.0,0.0,0.0,0.0
phase_037,logistics_constrained,0.15,0.25,2026200005,30,0.0,0.0,0.0,0.0,0.0,0.0
phase_037,logistics_constrained,0.15,0.25,2026200005,90,0.0,0.0,0.0,0.0,0.0,0.0
phase_037,logistics_constrained,0.15,0.25,2026200005,180,0.0,0.0,0.0,0.0,0.0,0.0
phase_037,logistics_constrained,0.15,0.25,2026200005,360,0.0,0.0,0.0,0.0,0.0,0.0
phase_037,logistics_constrained,0.15,0.25,2026200006,7,0.0,0.0,0.0,0.0,0.0,0.0
phase_037,logistics_constrained,0.15,0.25,2026200006,30,0.0,0.0,0.0,0.0,0.0,0.0
phase_037,logistics_constrained,0.15,0.25,2026200006,90,0.0,0.0,0.0,0.0,0.0,0.0
phase_037,logistics_constrained,0.15,0.25,2026200006,180,0.0,0.0,0.0,0.0,0.0,0.0
phase_037,logistics_constrained,0.15,0.25,2026200006,360,0.0,0.0,0.0,0.0,0.0,0.0
phase_037,logistics_constrained,0.15,0.25,2026200007,7,0.0,0.0,0.0,0.0,0.0,0.0
phase_037,logistics_constrained,0.15,0.25,2026200007,30,0.0,0.0,0.0,0.0,0.0,0.0
phase_037,logistics_constrained,0.15,0.25,2026200007,90,0.0,0.0,0.0,0.0,0.0,0.0
phase_037,logistics_constrained,0.15,0.25,2026200007,180,0.0,0.0,0.0,0.0,0.0,0.0
phase_037,logistics_constrained,0.15,0.25,2026200007,360,0.0,0.0,0.0,0.0,0.0,0.0
phase_037,logistics_constrained,0.15,0.25,2026200008,7,0.0,0.0,0.0,0.0,0.0,0.0
phase_037,logistics_constrained,0.15,0.25,2026200008,30,0.0,0.0,0.0,0.0,0.0,0.0
phase_037,logistics_constrained,0.15,0.25,2026200008,90,0.0,0.0,0.0,0.0,0.0,0.0
phase_037,logistics_constrained,0.15,0.25,2026200008,180,0.0,0.0,0.0,0.0,0.0,0.0
phase_037,logistics_constrained,0.15,0.25,2026200008,360,0.0,0.0,0.0,0.0,0.0,0.0
phase_037,logistics_constrained,0.15,0.25,2026200009,7,0.0,0.0,0.0,0.0,0.0,0.0
phase_037,logistics_constrained,0.15,0.25,2026200009,30,0.0,0.0,0.0,0.0,0.0,0.0
phase_037,logistics_constrained,0.15,0.25,2026200009,90,0.0,0.0,0.0,0.0,0.0,0.0
phase_037,logistics_constrained,0.15,0.25,2026200009,180,0.0,0.0,0.0,0.0,0.0,0.0
phase_037,logistics_constrained,0.15,0.25,2026200009,360,0.0,0.0,0.0,0.0,0.0,0.0
phase_037,logistics_constrained,0.15,0.25,2026200010,7,0.0,0.0,0.0,0.0,0.0,0.0
phase_037,logistics_constrained,0.15,0.25,2026200010,30,0.0,0.0,0.0,0.0,0.0,0.0
phase_037,logistics_constrained,0.15,0.25,2026200010,90,0.0,0.0,0.0,0.0,0.0,0.0
phase_037,logistics_constrained,0.15,0.25,2026200010,180,0.0,0.0,0.0,0.0,0.0,0.0
phase_037,logistics_constrained,0.15,0.25,2026200010,360,0.0,0.0,0.0,0.0,0.0,0.0
phase_037,logistics_constrained,0.15,0.25,2026200011,7,0.0,0.0,0.0,0.0,0.0,0.0
phase_037,logistics_constrained,0.15,0.25,2026200011,30,0.0,0.0,0.0,0.0,0.0,0.0
phase_037,logistics_constrained,0.15,0.25,2026200011,90,0.0,0.0,0.0,0.0,0.0,0.0
phase_037,logistics_constrained,0.15,0.25,2026200011,180,0.0,0.0,0.0,0.0,0.0,0.0
phase_037,logistics_constrained,0.15,0.25,2026200011,360,0.0,0.0,0.0,0.0,0.0,0.0
phase_038,logistics_constrained,0.15,0.5,2026200000,7,0.0,0.0,0.0,0.0,0.0,0.0
phase_038,logistics_constrained,0.15,0.5,2026200000,30,0.0,0.0,0.0,0.0,0.0,0.0
phase_038,logistics_constrained,0.15,0.5,2026200000,90,0.0,0.0,0.0,0.0,0.0,0.0
phase_038,logistics_constrained,0.15,0.5,2026200000,180,0.0,0.0,0.0,0.0,0.0,0.0
phase_038,logistics_constrained,0.15,0.5,2026200000,360,0.0,0.0,0.0,0.0,0.0,0.0
phase_038,logistics_constrained,0.15,0.5,2026200001,7,0.0,0.0,0.0,0.0,0.0,0.0
phase_038,logistics_constrained,0.15,0.5,2026200001,30,0.0,0.0,0.0,0.0,0.0,0.0
phase_038,logistics_constrained,0.15,0.5,2026200001,90,0.0,0.0,0.0,0.0,0.0,0.0
phase_038,logistics_constrained,0.15,0.5,2026200001,180,0.0,0.874024809,0.0,0.0,0.874024809,-0.874024809
phase_038,logistics_constrained,0.15,0.5,2026200001,360,0.0,0.87604849,0.0,0.0,0.87604849,-0.87604849
phase_038,logistics_constrained,0.15,0.5,2026200002,7,0.0,0.0,0.0,0.0,0.0,0.0
phase_038,logistics_constrained,0.15,0.5,2026200002,30,0.0,0.0,0.0,0.0,0.0,0.0
phase_038,logistics_constrained,0.15,0.5,2026200002,90,0.0,0.0,0.0,0.0,0.0,0.0
phase_038,logistics_constrained,0.15,0.5,2026200002,180,0.0,0.0,0.0,0.0,0.0,0.0
phase_038,logistics_constrained,0.15,0.5,2026200002,360,0.0,0.0,0.0,0.0,0.0,0.0
phase_038,logistics_constrained,0.15,0.5,2026200003,7,0.0,0.0,0.0,0.0,0.0,0.0
phase_038,logistics_constrained,0.15,0.5,2026200003,30,0.0,0.0,0.0,0.0,0.0,0.0
phase_038,logistics_constrained,0.15,0.5,2026200003,90,0.0,0.0,0.0,0.0,0.0,0.0
phase_038,logistics_constrained,0.15,0.5,2026200003,180,0.0,0.0,0.0,0.0,0.0,0.0
phase_038,logistics_constrained,0.15,0.5,2026200003,360,0.0,0.0,0.0,0.0,0.0,0.0
phase_038,logistics_constrained,0.15,0.5,2026200004,7,0.0,0.0,0.0,0.0,0.0,0.0
phase_038,logistics_constrained,0.15,0.5,2026200004,30,0.0,0.0,0.0,0.0,0.0,0.0
phase_038,logistics_constrained,0.15,0.5,2026200004,90,0.0,0.0,0.0,0.0,0.0,0.0
phase_038,logistics_constrained,0.15,0.5,2026200004,180,0.0,0.0,0.0,0.0,0.0,0.0
phase_038,logistics_constrained,0.15,0.5,2026200004,360,0.0,0.0,0.0,0.0,0.0,0.0
phase_038,logistics_constrained,0.15,0.5,2026200005,7,0.0,0.0,0.0,0.0,0.0,0.0
phase_038,logistics_constrained,0.15,0.5,2026200005,30,0.0,0.0,0.0,0.0,0.0,0.0
phase_038,logistics_constrained,0.15,0.5,2026200005,90,0.0,0.0,0.0,0.0,0.0,0.0
phase_038,logistics_constrained,0.15,0.5,2026200005,180,0.0,0.0,0.0,0.0,0.0,0.0
phase_038,logistics_constrained,0.15,0.5,2026200005,360,0.0,0.0,0.0,0.0,0.0,0.0
phase_038,logistics_constrained,0.15,0.5,2026200006,7,0.0,0.0,0.0,0.0,0.0,0.0
phase_038,logistics_constrained,0.15,0.5,2026200006,30,0.0,0.0,0.0,0.0,0.0,0.0
phase_038,logistics_constrained,0.15,0.5,2026200006,90,0.0,0.0,0.0,0.0,0.0,0.0
phase_038,logistics_constrained,0.15,0.5,2026200006,180,0.0,0.0,0.0,0.0,0.0,0.0
phase_038,logistics_constrained,0.15,0.5,2026200006,360,0.0,0.0,0.0,0.0,0.0,0.0
phase_038,logistics_constrained,0.15,0.5,2026200007,7,0.0,0.0,0.0,0.0,0.0,0.0
phase_038,logistics_constrained,0.15,0.5,2026200007,30,0.0,0.0,0.0,0.0,0.0,0.0
phase_038,logistics_constrained,0.15,0.5,2026200007,90,0.0,0.0,0.0,0.0,0.0,0.0
phase_038,logistics_constrained,0.15,0.5,2026200007,180,0.0,0.0,0.0,0.0,0.0,0.0
phase_038,logistics_constrained,0.15,0.5,2026200007,360,0.0,0.0,0.0,0.0,0.0,0.0
phase_038,logistics_constrained,0.15,0.5,2026200008,7,0.0,0.0,0.0,0.0,0.0,0.0
phase_038,logistics_constrained,0.15,0.5,2026200008,30,0.0,0.0,0.0,0.0,0.0,0.0
phase_038,logistics_constrained,0.15,0.5,2026200008,90,0.0,0.0,0.0,0.0,0.0,0.0
phase_038,logistics_constrained,0.15,0.5,2026200008,180,0.0,0.0,0.0,0.0,0.0,0.0
phase_038,logistics_constrained,0.15,0.5,2026200008,360,0.0,0.0,0.0,0.0,0.0,0.0
phase_038,logistics_constrained,0.15,0.5,2026200009,7,0.0,0.0,0.0,0.0,0.0,0.0
phase_038,logistics_constrained,0.15,0.5,2026200009,30,0.0,0.0,0.0,0.0,0.0,0.0
phase_038,logistics_constrained,0.15,0.5,2026200009,90,0.0,0.0,0.0,0.0,0.0,0.0
phase_038,logistics_constrained,0.15,0.5,2026200009,180,0.0,0.0,0.0,0.0,0.0,0.0
phase_038,logistics_constrained,0.15,0.5,2026200009,360,0.0,0.0,0.0,0.0,0.0,0.0
phase_038,logistics_constrained,0.15,0.5,2026200010,7,0.0,0.0,0.0,0.0,0.0,0.0
phase_038,logistics_constrained,0.15,0.5,2026200010,30,0.0,0.0,0.0,0.0,0.0,0.0
phase_038,logistics_constrained,0.15,0.5,2026200010,90,0.0,0.0,0.0,0.0,0.0,0.0
phase_038,logistics_constrained,0.15,0.5,2026200010,180,0.0,0.0,0.0,0.0,0.0,0.0
phase_038,logistics_constrained,0.15,0.5,2026200010,360,0.0,0.0,0.0,0.0,0.0,0.0
phase_038,logistics_constrained,0.15,0.5,2026200011,7,0.0,0.0,0.0,0.0,0.0,0.0
phase_038,logistics_constrained,0.15,0.5,2026200011,30,0.0,0.0,0.0,0.0,0.0,0.0
phase_038,logistics_constrained,0.15,0.5,2026200011,90,0.0,0.0,0.0,0.0,0.0,0.0
phase_038,logistics_constrained,0.15,0.5,2026200011,180,0.0,0.0,0.0,0.0,0.0,0.0
phase_038,logistics_constrained,0.15,0.5,2026200011,360,0.0,0.0,0.0,0.0,0.0,0.0
phase_039,logistics_constrained,0.15,0.75,2026200000,7,0.0,0.0,0.0,0.0,0.0,0.0
phase_039,logistics_constrained,0.15,0.75,2026200000,30,0.0,0.0,0.0,0.0,0.0,0.0
phase_039,logistics_constrained,0.15,0.75,2026200000,90,0.0,0.0,0.0,0.0,0.0,0.0
phase_039,logistics_constrained,0.15,0.75,2026200000,180,0.0,0.0,0.0,0.0,0.0,0.0
phase_039,logistics_constrained,0.15,0.75,2026200000,360,0.0,0.0,0.0,0.0,0.0,0.0
phase_039,logistics_constrained,0.15,0.75,2026200001,7,0.0,0.0,0.0,0.0,0.0,0.0
phase_039,logistics_constrained,0.15,0.75,2026200001,30,0.0,0.0,0.0,0.0,0.0,0.0
phase_039,logistics_constrained,0.15,0.75,2026200001,90,0.0,0.0,0.0,0.0,0.0,0.0
phase_039,logistics_constrained,0.15,0.75,2026200001,180,0.0,0.0,0.0,0.0,0.0,0.0
phase_039,logistics_constrained,0.15,0.75,2026200001,360,0.0,0.0,0.0,0.0,0.0,0.0
phase_039,logistics_constrained,0.15,0.75,2026200002,7,0.0,0.0,0.0,0.0,0.0,0.0
phase_039,logistics_constrained,0.15,0.75,2026200002,30,0.0,0.0,0.0,0.0,0.0,0.0
phase_039,logistics_constrained,0.15,0.75,2026200002,90,0.0,0.0,0.0,0.0,0.0,0.0
phase_039,logistics_constrained,0.15,0.75,2026200002,180,0.0,0.0,0.0,0.0,0.0,0.0
phase_039,logistics_constrained,0.15,0.75,2026200002,360,0.0,0.0,0.0,0.0,0.0,0.0
phase_039,logistics_constrained,0.15,0.75,2026200003,7,0.0,0.0,0.0,0.0,0.0,0.0
phase_039,logistics_constrained,0.15,0.75,2026200003,30,0.0,0.0,0.0,0.0,0.0,0.0
phase_039,logistics_constrained,0.15,0.75,2026200003,90,0.0,0.0,0.0,0.0,0.0,0.0
phase_039,logistics_constrained,0.15,0.75,2026200003,180,0.0,0.0,0.0,0.0,0.0,0.0
phase_039,logistics_constrained,0.15,0.75,2026200003,360,0.0,0.0,0.0,0.0,0.0,0.0
phase_039,logistics_constrained,0.15,0.75,2026200004,7,0.0,0.0,0.0,0.0,0.0,0.0
phase_039,logistics_constrained,0.15,0.75,2026200004,30,0.0,0.0,0.0,0.0,0.0,0.0
phase_039,logistics_constrained,0.15,0.75,2026200004,90,0.0,0.0,0.0,0.0,0.0,0.0
phase_039,logistics_constrained,0.15,0.75,2026200004,180,0.0,0.0,0.0,0.0,0.0,0.0
phase_039,logistics_constrained,0.15,0.75,2026200004,360,0.0,0.0,0.0,0.0,0.0,0.0
phase_039,logistics_constrained,0.15,0.75,2026200005,7,0.0,0.0,0.0,0.0,0.0,0.0
phase_039,logistics_constrained,0.15,0.75,2026200005,30,0.0,0.0,0.0,0.0,0.0,0.0
phase_039,logistics_constrained,0.15,0.75,2026200005,90,0.0,0.0,0.0,0.0,0.0,0.0
phase_039,logistics_constrained,0.15,0.75,2026200005,180,0.0,0.0,0.0,0.0,0.0,0.0
phase_039,logistics_constrained,0.15,0.75,2026200005,360,0.0,0.0,0.0,0.0,0.0,0.0
phase_039,logistics_constrained,0.15,0.75,2026200006,7,0.0,0.0,0.0,0.0,0.0,0.0
phase_039,logistics_constrained,0.15,0.75,2026200006,30,0.0,0.0,0.0,0.0,0.0,0.0
phase_039,logistics_constrained,0.15,0.75,2026200006,90,0.0,0.0,0.0,0.0,0.0,0.0
phase_039,logistics_constrained,0.15,0.75,2026200006,180,0.0,0.0,0.0,0.0,0.0,0.0
phase_039,logistics_constrained,0.15,0.75,2026200006,360,0.0,0.0,0.0,0.0,0.0,0.0
phase_039,logistics_constrained,0.15,0.75,2026200007,7,0.0,0.0,0.0,0.0,0.0,0.0
phase_039,logistics_constrained,0.15,0.75,2026200007,30,0.0,0.0,0.0,0.0,0.0,0.0
phase_039,logistics_constrained,0.15,0.75,2026200007,90,0.0,0.0,0.0,0.0,0.0,0.0
phase_039,logistics_constrained,0.15,0.75,2026200007,180,0.0,0.0,0.0,0.0,0.0,0.0
phase_039,logistics_constrained,0.15,0.75,2026200007,360,0.0,0.0,0.0,0.0,0.0,0.0
phase_039,logistics_constrained,0.15,0.75,2026200008,7,0.0,0.0,0.0,0.0,0.0,0.0
phase_039,logistics_constrained,0.15,0.75,2026200008,30,0.0,0.0,0.0,0.0,0.0,0.0
phase_039,logistics_constrained,0.15,0.75,2026200008,90,0.0,0.0,0.0,0.0,0.0,0.0
phase_039,logistics_constrained,0.15,0.75,2026200008,180,0.0,0.0,0.0,0.0,0.0,0.0
phase_039,logistics_constrained,0.15,0.75,2026200008,360,0.0,0.0,0.0,0.0,0.0,0.0
phase_039,logistics_constrained,0.15,0.75,2026200009,7,0.0,0.0,0.0,0.0,0.0,0.0
phase_039,logistics_constrained,0.15,0.75,2026200009,30,0.0,0.0,0.0,0.0,0.0,0.0
phase_039,logistics_constrained,0.15,0.75,2026200009,90,0.0,0.0,0.0,0.0,0.0,0.0
phase_039,logistics_constrained,0.15,0.75,2026200009,180,0.0,0.0,0.0,0.0,0.0,0.0
phase_039,logistics_constrained,0.15,0.75,2026200009,360,0.0,0.0,0.0,0.0,0.0,0.0
phase_039,logistics_constrained,0.15,0.75,2026200010,7,0.0,0.0,0.0,0.0,0.0,0.0
phase_039,logistics_constrained,0.15,0.75,2026200010,30,0.0,0.0,0.0,0.0,0.0,0.0
phase_039,logistics_constrained,0.15,0.75,2026200010,90,0.0,0.0,0.0,0.0,0.0,0.0
phase_039,logistics_constrained,0.15,0.75,2026200010,180,0.0,0.0,0.0,0.0,0.0,0.0
phase_039,logistics_constrained,0.15,0.75,2026200010,360,0.0,0.0,0.0,0.0,0.0,0.0
phase_039,logistics_constrained,0.15,0.75,2026200011,7,0.0,0.0,0.0,0.0,0.0,0.0
phase_039,logistics_constrained,0.15,0.75,2026200011,30,0.0,0.0,0.0,0.0,0.0,0.0
phase_039,logistics_constrained,0.15,0.75,2026200011,90,0.0,0.0,0.0,0.0,0.0,0.0
phase_039,logistics_constrained,0.15,0.75,2026200011,180,0.0,0.0,0.0,0.0,0.0,0.0
phase_039,logistics_constrained,0.15,0.75,2026200011,360,0.0,0.0,0.0,0.0,0.0,0.0
phase_040,logistics_constrained,0.15,1.0,2026200000,7,0.0,0.0,0.0,0.0,0.0,0.0
phase_040,logistics_constrained,0.15,1.0,2026200000,30,0.0,0.0,0.0,0.0,0.0,0.0
phase_040,logistics_constrained,0.15,1.0,2026200000,90,0.0,0.0,0.0,0.0,0.0,0.0
phase_040,logistics_constrained,0.15,1.0,2026200000,180,0.0,0.0,0.0,0.0,0.0,0.0
phase_040,logistics_constrained,0.15,1.0,2026200000,360,0.0,0.0,0.0,0.0,0.0,0.0
phase_040,logistics_constrained,0.15,1.0,2026200001,7,0.0,0.0,0.0,0.0,0.0,0.0
phase_040,logistics_constrained,0.15,1.0,2026200001,30,0.0,0.0,0.0,0.0,0.0,0.0
phase_040,logistics_constrained,0.15,1.0,2026200001,90,0.0,0.0,0.0,0.0,0.0,0.0
phase_040,logistics_constrained,0.15,1.0,2026200001,180,0.0,0.0,0.0,0.0,0.0,0.0
phase_040,logistics_constrained,0.15,1.0,2026200001,360,0.0,0.0,0.0,0.0,0.0,0.0
phase_040,logistics_constrained,0.15,1.0,2026200002,7,0.0,0.0,0.0,0.0,0.0,0.0
phase_040,logistics_constrained,0.15,1.0,2026200002,30,0.0,0.0,0.0,0.0,0.0,0.0
phase_040,logistics_constrained,0.15,1.0,2026200002,90,0.0,0.0,0.0,0.0,0.0,0.0
phase_040,logistics_constrained,0.15,1.0,2026200002,180,0.0,0.0,0.0,0.0,0.0,0.0
phase_040,logistics_constrained,0.15,1.0,2026200002,360,0.0,0.0,0.0,0.0,0.0,0.0
phase_040,logistics_constrained,0.15,1.0,2026200003,7,0.0,0.0,0.0,0.0,0.0,0.0
phase_040,logistics_constrained,0.15,1.0,2026200003,30,0.0,0.0,0.0,0.0,0.0,0.0
phase_040,logistics_constrained,0.15,1.0,2026200003,90,0.0,0.0,0.0,0.0,0.0,0.0
phase_040,logistics_constrained,0.15,1.0,2026200003,180,0.0,0.0,0.0,0.0,0.0,0.0
phase_040,logistics_constrained,0.15,1.0,2026200003,360,0.0,0.0,0.0,0.0,0.0,0.0
phase_040,logistics_constrained,0.15,1.0,2026200004,7,0.0,0.0,0.0,0.0,0.0,0.0
phase_040,logistics_constrained,0.15,1.0,2026200004,30,0.0,0.0,0.0,0.0,0.0,0.0
phase_040,logistics_constrained,0.15,1.0,2026200004,90,0.0,0.0,0.0,0.0,0.0,0.0
phase_040,logistics_constrained,0.15,1.0,2026200004,180,0.0,0.0,0.0,0.0,0.0,0.0
phase_040,logistics_constrained,0.15,1.0,2026200004,360,0.0,0.0,0.0,0.0,0.0,0.0
phase_040,logistics_constrained,0.15,1.0,2026200005,7,0.0,0.0,0.0,0.0,0.0,0.0
phase_040,logistics_constrained,0.15,1.0,2026200005,30,0.0,0.0,0.0,0.0,0.0,0.0
phase_040,logistics_constrained,0.15,1.0,2026200005,90,0.0,0.0,0.0,0.0,0.0,0.0
phase_040,logistics_constrained,0.15,1.0,2026200005,180,0.0,0.0,0.0,0.0,0.0,0.0
phase_040,logistics_constrained,0.15,1.0,2026200005,360,0.0,0.0,0.0,0.0,0.0,0.0
phase_040,logistics_constrained,0.15,1.0,2026200006,7,0.0,0.0,0.0,0.0,0.0,0.0
phase_040,logistics_constrained,0.15,1.0,2026200006,30,0.0,0.0,0.0,0.0,0.0,0.0
phase_040,logistics_constrained,0.15,1.0,2026200006,90,0.0,0.0,0.0,0.0,0.0,0.0
phase_040,logistics_constrained,0.15,1.0,2026200006,180,0.0,0.0,0.0,0.0,0.0,0.0
phase_040,logistics_constrained,0.15,1.0,2026200006,360,0.0,0.0,0.0,0.0,0.0,0.0
phase_040,logistics_constrained,0.15,1.0,2026200007,7,0.0,0.0,0.0,0.0,0.0,0.0
phase_040,logistics_constrained,0.15,1.0,2026200007,30,0.0,0.0,0.0,0.0,0.0,0.0
phase_040,logistics_constrained,0.15,1.0,2026200007,90,0.0,0.0,0.0,0.0,0.0,0.0
phase_040,logistics_constrained,0.15,1.0,2026200007,180,0.0,0.0,0.0,0.0,0.0,0.0
phase_040,logistics_constrained,0.15,1.0,2026200007,360,0.0,0.0,0.0,0.0,0.0,0.0
phase_040,logistics_constrained,0.15,1.0,2026200008,7,0.0,0.0,0.0,0.0,0.0,0.0
phase_040,logistics_constrained,0.15,1.0,2026200008,30,0.0,0.0,0.0,0.0,0.0,0.0
phase_040,logistics_constrained,0.15,1.0,2026200008,90,0.0,0.0,0.0,0.0,0.0,0.0
phase_040,logistics_constrained,0.15,1.0,2026200008,180,0.0,0.0,0.0,0.0,0.0,0.0
phase_040,logistics_constrained,0.15,1.0,2026200008,360,0.0,0.0,0.0,0.0,0.0,0.0
phase_040,logistics_constrained,0.15,1.0,2026200009,7,0.0,0.0,0.0,0.0,0.0,0.0
phase_040,logistics_constrained,0.15,1.0,2026200009,30,0.0,0.0,0.640141179,0.640141179,0.0,0.640141179
phase_040,logistics_constrained,0.15,1.0,2026200009,90,0.0,0.0,0.0,0.0,0.0,0.0
phase_040,logistics_constrained,0.15,1.0,2026200009,180,0.0,0.0,0.0,0.0,0.0,0.0
phase_040,logistics_constrained,0.15,1.0,2026200009,360,0.0,0.637034374,0.0,0.0,0.637034374,-0.637034374
phase_040,logistics_constrained,0.15,1.0,2026200010,7,0.0,0.0,0.0,0.0,0.0,0.0
phase_040,logistics_constrained,0.15,1.0,2026200010,30,0.0,0.0,0.0,0.0,0.0,0.0
phase_040,logistics_constrained,0.15,1.0,2026200010,90,0.0,0.0,0.0,0.0,0.0,0.0
phase_040,logistics_constrained,0.15,1.0,2026200010,180,0.0,0.0,0.0,0.0,0.0,0.0
phase_040,logistics_constrained,0.15,1.0,2026200010,360,0.0,0.0,0.0,0.0,0.0,0.0
phase_040,logistics_constrained,0.15,1.0,2026200011,7,0.0,0.0,0.0,0.0,0.0,0.0
phase_040,logistics_constrained,0.15,1.0,2026200011,30,0.0,0.0,0.0,0.0,0.0,0.0
phase_040,logistics_constrained,0.15,1.0,2026200011,90,0.0,0.0,0.0,0.0,0.0,0.0
phase_040,logistics_constrained,0.15,1.0,2026200011,180,0.0,0.0,0.0,0.0,0.0,0.0
phase_040,logistics_constrained,0.15,1.0,2026200011,360,0.0,0.0,0.0,0.0,0.0,0.0
phase_041,logistics_constrained,0.15,1.5,2026200000,7,0.0,0.0,0.0,0.0,0.0,0.0
phase_041,logistics_constrained,0.15,1.5,2026200000,30,0.0,0.0,0.0,0.0,0.0,0.0
phase_041,logistics_constrained,0.15,1.5,2026200000,90,0.0,0.0,0.0,0.0,0.0,0.0
phase_041,logistics_constrained,0.15,1.5,2026200000,180,0.0,0.0,0.0,0.0,0.0,0.0
phase_041,logistics_constrained,0.15,1.5,2026200000,360,0.0,0.0,0.0,0.0,0.0,0.0
phase_041,logistics_constrained,0.15,1.5,2026200001,7,0.0,0.0,0.0,0.0,0.0,0.0
phase_041,logistics_constrained,0.15,1.5,2026200001,30,0.0,0.0,0.0,0.0,0.0,0.0
phase_041,logistics_constrained,0.15,1.5,2026200001,90,0.0,0.0,0.0,0.0,0.0,0.0
phase_041,logistics_constrained,0.15,1.5,2026200001,180,0.0,0.0,0.0,0.0,0.0,0.0
phase_041,logistics_constrained,0.15,1.5,2026200001,360,0.0,0.0,0.0,0.0,0.0,0.0
phase_041,logistics_constrained,0.15,1.5,2026200002,7,0.0,0.0,0.0,0.0,0.0,0.0
phase_041,logistics_constrained,0.15,1.5,2026200002,30,0.0,0.0,0.0,0.0,0.0,0.0
phase_041,logistics_constrained,0.15,1.5,2026200002,90,0.0,0.0,0.0,0.0,0.0,0.0
phase_041,logistics_constrained,0.15,1.5,2026200002,180,0.0,0.0,0.0,0.0,0.0,0.0
phase_041,logistics_constrained,0.15,1.5,2026200002,360,0.0,0.0,0.0,0.0,0.0,0.0
phase_041,logistics_constrained,0.15,1.5,2026200003,7,0.0,0.0,0.0,0.0,0.0,0.0
phase_041,logistics_constrained,0.15,1.5,2026200003,30,0.0,0.0,0.0,0.0,0.0,0.0
phase_041,logistics_constrained,0.15,1.5,2026200003,90,0.0,0.0,0.0,0.0,0.0,0.0
phase_041,logistics_constrained,0.15,1.5,2026200003,180,0.0,0.0,0.0,0.0,0.0,0.0
phase_041,logistics_constrained,0.15,1.5,2026200003,360,0.0,0.0,0.0,0.0,0.0,0.0
phase_041,logistics_constrained,0.15,1.5,2026200004,7,0.0,0.0,0.0,0.0,0.0,0.0
phase_041,logistics_constrained,0.15,1.5,2026200004,30,0.0,0.0,0.0,0.0,0.0,0.0
phase_041,logistics_constrained,0.15,1.5,2026200004,90,0.0,0.0,0.0,0.0,0.0,0.0
phase_041,logistics_constrained,0.15,1.5,2026200004,180,0.0,0.0,0.0,0.0,0.0,0.0
phase_041,logistics_constrained,0.15,1.5,2026200004,360,0.0,0.0,0.0,0.0,0.0,0.0
phase_041,logistics_constrained,0.15,1.5,2026200005,7,0.0,0.0,0.0,0.0,0.0,0.0
phase_041,logistics_constrained,0.15,1.5,2026200005,30,0.0,0.0,0.0,0.0,0.0,0.0
phase_041,logistics_constrained,0.15,1.5,2026200005,90,0.0,0.0,0.0,0.0,0.0,0.0
phase_041,logistics_constrained,0.15,1.5,2026200005,180,0.0,0.0,0.0,0.0,0.0,0.0
phase_041,logistics_constrained,0.15,1.5,2026200005,360,0.0,0.0,0.0,0.0,0.0,0.0
phase_041,logistics_constrained,0.15,1.5,2026200006,7,0.0,0.0,0.0,0.0,0.0,0.0
phase_041,logistics_constrained,0.15,1.5,2026200006,30,0.0,0.0,0.0,0.0,0.0,0.0
phase_041,logistics_constrained,0.15,1.5,2026200006,90,0.0,0.0,0.0,0.0,0.0,0.0
phase_041,logistics_constrained,0.15,1.5,2026200006,180,0.0,0.0,0.0,0.0,0.0,0.0
phase_041,logistics_constrained,0.15,1.5,2026200006,360,0.0,0.0,0.0,0.0,0.0,0.0
phase_041,logistics_constrained,0.15,1.5,2026200007,7,0.0,0.0,0.0,0.0,0.0,0.0
phase_041,logistics_constrained,0.15,1.5,2026200007,30,0.0,0.0,0.0,0.0,0.0,0.0
phase_041,logistics_constrained,0.15,1.5,2026200007,90,0.0,0.0,0.0,0.0,0.0,0.0
phase_041,logistics_constrained,0.15,1.5,2026200007,180,0.0,0.0,0.0,0.0,0.0,0.0
phase_041,logistics_constrained,0.15,1.5,2026200007,360,0.0,0.0,0.0,0.0,0.0,0.0
phase_041,logistics_constrained,0.15,1.5,2026200008,7,0.0,0.0,0.0,0.0,0.0,0.0
phase_041,logistics_constrained,0.15,1.5,2026200008,30,0.0,0.0,0.0,0.0,0.0,0.0
phase_041,logistics_constrained,0.15,1.5,2026200008,90,0.0,0.0,0.0,0.0,0.0,0.0
phase_041,logistics_constrained,0.15,1.5,2026200008,180,0.0,0.0,0.0,0.0,0.0,0.0
phase_041,logistics_constrained,0.15,1.5,2026200008,360,0.0,0.0,0.0,0.0,0.0,0.0
phase_041,logistics_constrained,0.15,1.5,2026200009,7,0.0,0.0,0.0,0.0,0.0,0.0
phase_041,logistics_constrained,0.15,1.5,2026200009,30,0.0,0.0,0.0,0.0,0.0,0.0
phase_041,logistics_constrained,0.15,1.5,2026200009,90,0.0,0.0,0.0,0.0,0.0,0.0
phase_041,logistics_constrained,0.15,1.5,2026200009,180,0.0,0.0,0.0,0.0,0.0,0.0
phase_041,logistics_constrained,0.15,1.5,2026200009,360,0.0,0.0,0.0,0.0,0.0,0.0
phase_041,logistics_constrained,0.15,1.5,2026200010,7,0.0,0.0,0.0,0.0,0.0,0.0
phase_041,logistics_constrained,0.15,1.5,2026200010,30,0.0,0.0,0.0,0.0,0.0,0.0
phase_041,logistics_constrained,0.15,1.5,2026200010,90,0.0,0.0,0.0,0.0,0.0,0.0
phase_041,logistics_constrained,0.15,1.5,2026200010,180,0.0,0.0,0.0,0.0,0.0,0.0
phase_041,logistics_constrained,0.15,1.5,2026200010,360,0.0,0.0,0.0,0.0,0.0,0.0
phase_041,logistics_constrained,0.15,1.5,2026200011,7,0.0,0.0,0.0,0.0,0.0,0.0
phase_041,logistics_constrained,0.15,1.5,2026200011,30,0.0,0.0,0.0,0.0,0.0,0.0
phase_041,logistics_constrained,0.15,1.5,2026200011,90,0.0,0.0,0.0,0.0,0.0,0.0
phase_041,logistics_constrained,0.15,1.5,2026200011,180,0.0,0.0,0.0,0.0,0.0,0.0
phase_041,logistics_constrained,0.15,1.5,2026200011,360,0.0,0.0,0.0,0.0,0.0,0.0
phase_042,logistics_constrained,0.15,2.0,2026200000,7,0.0,0.0,0.0,0.0,0.0,0.0
phase_042,logistics_constrained,0.15,2.0,2026200000,30,0.0,0.0,0.0,0.0,0.0,0.0
phase_042,logistics_constrained,0.15,2.0,2026200000,90,0.0,0.0,0.0,0.0,0.0,0.0
phase_042,logistics_constrained,0.15,2.0,2026200000,180,0.0,0.0,0.0,0.0,0.0,0.0
phase_042,logistics_constrained,0.15,2.0,2026200000,360,0.0,0.0,0.0,0.0,0.0,0.0
phase_042,logistics_constrained,0.15,2.0,2026200001,7,0.0,0.0,0.0,0.0,0.0,0.0
phase_042,logistics_constrained,0.15,2.0,2026200001,30,0.0,0.0,0.0,0.0,0.0,0.0
phase_042,logistics_constrained,0.15,2.0,2026200001,90,0.0,0.0,0.0,0.0,0.0,0.0
phase_042,logistics_constrained,0.15,2.0,2026200001,180,0.0,0.0,0.0,0.0,0.0,0.0
phase_042,logistics_constrained,0.15,2.0,2026200001,360,0.0,0.0,0.0,0.0,0.0,0.0
phase_042,logistics_constrained,0.15,2.0,2026200002,7,0.0,0.0,0.0,0.0,0.0,0.0
phase_042,logistics_constrained,0.15,2.0,2026200002,30,0.0,0.0,0.0,0.0,0.0,0.0
phase_042,logistics_constrained,0.15,2.0,2026200002,90,0.0,0.0,0.0,0.0,0.0,0.0
phase_042,logistics_constrained,0.15,2.0,2026200002,180,0.0,0.0,0.0,0.0,0.0,0.0
phase_042,logistics_constrained,0.15,2.0,2026200002,360,0.0,0.0,0.0,0.0,0.0,0.0
phase_042,logistics_constrained,0.15,2.0,2026200003,7,0.0,0.0,0.0,0.0,0.0,0.0
phase_042,logistics_constrained,0.15,2.0,2026200003,30,0.0,0.0,0.0,0.0,0.0,0.0
phase_042,logistics_constrained,0.15,2.0,2026200003,90,0.0,0.0,0.0,0.0,0.0,0.0
phase_042,logistics_constrained,0.15,2.0,2026200003,180,0.0,0.0,0.0,0.0,0.0,0.0
phase_042,logistics_constrained,0.15,2.0,2026200003,360,0.0,0.0,0.0,0.0,0.0,0.0
phase_042,logistics_constrained,0.15,2.0,2026200004,7,0.0,0.0,0.0,0.0,0.0,0.0
phase_042,logistics_constrained,0.15,2.0,2026200004,30,0.0,0.0,0.0,0.0,0.0,0.0
phase_042,logistics_constrained,0.15,2.0,2026200004,90,0.0,0.0,0.0,0.0,0.0,0.0
phase_042,logistics_constrained,0.15,2.0,2026200004,180,0.0,0.0,0.0,0.0,0.0,0.0
phase_042,logistics_constrained,0.15,2.0,2026200004,360,0.0,0.0,0.0,0.0,0.0,0.0
phase_042,logistics_constrained,0.15,2.0,2026200005,7,0.0,0.0,0.0,0.0,0.0,0.0
phase_042,logistics_constrained,0.15,2.0,2026200005,30,0.0,0.0,0.0,0.0,0.0,0.0
phase_042,logistics_constrained,0.15,2.0,2026200005,90,0.0,0.0,0.0,0.0,0.0,0.0
phase_042,logistics_constrained,0.15,2.0,2026200005,180,0.0,0.0,0.0,0.0,0.0,0.0
phase_042,logistics_constrained,0.15,2.0,2026200005,360,0.0,0.0,0.0,0.0,0.0,0.0
phase_042,logistics_constrained,0.15,2.0,2026200006,7,0.0,0.0,0.0,0.0,0.0,0.0
phase_042,logistics_constrained,0.15,2.0,2026200006,30,0.0,0.0,0.0,0.0,0.0,0.0
phase_042,logistics_constrained,0.15,2.0,2026200006,90,0.0,0.0,0.0,0.0,0.0,0.0
phase_042,logistics_constrained,0.15,2.0,2026200006,180,0.0,0.0,0.0,0.0,0.0,0.0
phase_042,logistics_constrained,0.15,2.0,2026200006,360,0.0,0.0,0.0,0.0,0.0,0.0
phase_042,logistics_constrained,0.15,2.0,2026200007,7,0.0,0.0,0.0,0.0,0.0,0.0
phase_042,logistics_constrained,0.15,2.0,2026200007,30,0.0,0.0,0.0,0.0,0.0,0.0
phase_042,logistics_constrained,0.15,2.0,2026200007,90,0.0,0.0,0.0,0.0,0.0,0.0
phase_042,logistics_constrained,0.15,2.0,2026200007,180,0.0,0.0,0.0,0.0,0.0,0.0
phase_042,logistics_constrained,0.15,2.0,2026200007,360,0.0,0.0,0.0,0.0,0.0,0.0
phase_042,logistics_constrained,0.15,2.0,2026200008,7,0.0,0.0,0.0,0.0,0.0,0.0
phase_042,logistics_constrained,0.15,2.0,2026200008,30,0.0,0.0,0.0,0.0,0.0,0.0
phase_042,logistics_constrained,0.15,2.0,2026200008,90,0.0,0.0,0.0,0.0,0.0,0.0
phase_042,logistics_constrained,0.15,2.0,2026200008,180,0.0,0.0,0.0,0.0,0.0,0.0
phase_042,logistics_constrained,0.15,2.0,2026200008,360,0.0,0.0,0.0,0.0,0.0,0.0
phase_042,logistics_constrained,0.15,2.0,2026200009,7,0.0,0.0,0.0,0.0,0.0,0.0
phase_042,logistics_constrained,0.15,2.0,2026200009,30,0.0,0.0,0.0,0.0,0.0,0.0
phase_042,logistics_constrained,0.15,2.0,2026200009,90,0.0,0.0,0.0,0.0,0.0,0.0
phase_042,logistics_constrained,0.15,2.0,2026200009,180,0.0,0.0,0.0,0.0,0.0,0.0
phase_042,logistics_constrained,0.15,2.0,2026200009,360,0.0,0.0,0.0,0.0,0.0,0.0
phase_042,logistics_constrained,0.15,2.0,2026200010,7,0.0,0.0,0.0,0.0,0.0,0.0
phase_042,logistics_constrained,0.15,2.0,2026200010,30,0.0,0.0,0.0,0.0,0.0,0.0
phase_042,logistics_constrained,0.15,2.0,2026200010,90,0.0,0.0,0.0,0.0,0.0,0.0
phase_042,logistics_constrained,0.15,2.0,2026200010,180,0.0,0.0,0.0,0.0,0.0,0.0
phase_042,logistics_constrained,0.15,2.0,2026200010,360,0.0,0.0,0.0,0.0,0.0,0.0
phase_042,logistics_constrained,0.15,2.0,2026200011,7,0.0,0.0,0.0,0.0,0.0,0.0
phase_042,logistics_constrained,0.15,2.0,2026200011,30,0.0,0.0,0.0,0.0,0.0,0.0
phase_042,logistics_constrained,0.15,2.0,2026200011,90,0.0,0.0,0.0,0.0,0.0,0.0
phase_042,logistics_constrained,0.15,2.0,2026200011,180,0.0,0.0,0.0,0.0,0.0,0.0
phase_042,logistics_constrained,0.15,2.0,2026200011,360,0.0,0.0,0.0,0.0,0.0,0.0
phase_044,logistics_constrained,0.25,0.25,2026200000,7,0.0,0.0,0.0,0.0,0.0,0.0
phase_044,logistics_constrained,0.25,0.25,2026200000,30,0.0,0.0,0.0,0.0,0.0,0.0
phase_044,logistics_constrained,0.25,0.25,2026200000,90,0.0,0.0,0.0,0.0,0.0,0.0
phase_044,logistics_constrained,0.25,0.25,2026200000,180,0.0,0.0,0.0,0.0,0.0,0.0
phase_044,logistics_constrained,0.25,0.25,2026200000,360,0.0,0.0,0.0,0.0,0.0,0.0
phase_044,logistics_constrained,0.25,0.25,2026200001,7,0.0,0.0,0.0,0.0,0.0,0.0
phase_044,logistics_constrained,0.25,0.25,2026200001,30,0.0,0.0,0.0,0.0,0.0,0.0
phase_044,logistics_constrained,0.25,0.25,2026200001,90,0.0,0.0,0.0,0.0,0.0,0.0
phase_044,logistics_constrained,0.25,0.25,2026200001,180,0.0,0.0,0.0,0.0,0.0,0.0
phase_044,logistics_constrained,0.25,0.25,2026200001,360,0.0,0.0,0.0,0.0,0.0,0.0
phase_044,logistics_constrained,0.25,0.25,2026200002,7,0.0,0.0,0.0,0.0,0.0,0.0
phase_044,logistics_constrained,0.25,0.25,2026200002,30,0.0,0.0,0.0,0.0,0.0,0.0
phase_044,logistics_constrained,0.25,0.25,2026200002,90,0.0,0.0,0.0,0.0,0.0,0.0
phase_044,logistics_constrained,0.25,0.25,2026200002,180,0.0,0.0,0.0,0.0,0.0,0.0
phase_044,logistics_constrained,0.25,0.25,2026200002,360,0.0,0.0,0.0,0.0,0.0,0.0
phase_044,logistics_constrained,0.25,0.25,2026200003,7,0.0,0.0,0.0,0.0,0.0,0.0
phase_044,logistics_constrained,0.25,0.25,2026200003,30,0.0,0.0,0.0,0.0,0.0,0.0
phase_044,logistics_constrained,0.25,0.25,2026200003,90,0.0,0.0,0.0,0.0,0.0,0.0
phase_044,logistics_constrained,0.25,0.25,2026200003,180,0.0,0.0,0.0,0.0,0.0,0.0
phase_044,logistics_constrained,0.25,0.25,2026200003,360,0.0,0.0,0.0,0.0,0.0,0.0
phase_044,logistics_constrained,0.25,0.25,2026200004,7,0.0,0.0,0.0,0.0,0.0,0.0
phase_044,logistics_constrained,0.25,0.25,2026200004,30,0.0,0.0,0.0,0.0,0.0,0.0
phase_044,logistics_constrained,0.25,0.25,2026200004,90,0.0,0.0,0.0,0.0,0.0,0.0
phase_044,logistics_constrained,0.25,0.25,2026200004,180,0.0,0.0,0.0,0.0,0.0,0.0
phase_044,logistics_constrained,0.25,0.25,2026200004,360,0.0,0.0,0.0,0.0,0.0,0.0
phase_044,logistics_constrained,0.25,0.25,2026200005,7,0.0,0.0,0.0,0.0,0.0,0.0
phase_044,logistics_constrained,0.25,0.25,2026200005,30,0.0,0.0,0.0,0.0,0.0,0.0
phase_044,logistics_constrained,0.25,0.25,2026200005,90,0.0,0.0,0.0,0.0,0.0,0.0
phase_044,logistics_constrained,0.25,0.25,2026200005,180,0.0,0.0,0.0,0.0,0.0,0.0
phase_044,logistics_constrained,0.25,0.25,2026200005,360,0.0,0.0,0.0,0.0,0.0,0.0
phase_044,logistics_constrained,0.25,0.25,2026200006,7,0.0,0.0,0.0,0.0,0.0,0.0
phase_044,logistics_constrained,0.25,0.25,2026200006,30,0.0,0.0,0.0,0.0,0.0,0.0
phase_044,logistics_constrained,0.25,0.25,2026200006,90,0.0,0.0,0.0,0.0,0.0,0.0
phase_044,logistics_constrained,0.25,0.25,2026200006,180,0.0,0.0,0.0,0.0,0.0,0.0
phase_044,logistics_constrained,0.25,0.25,2026200006,360,0.0,0.0,0.0,0.0,0.0,0.0
phase_044,logistics_constrained,0.25,0.25,2026200007,7,0.0,0.0,0.0,0.0,0.0,0.0
phase_044,logistics_constrained,0.25,0.25,2026200007,30,0.0,0.0,0.0,0.0,0.0,0.0
phase_044,logistics_constrained,0.25,0.25,2026200007,90,0.0,0.0,0.0,0.0,0.0,0.0
phase_044,logistics_constrained,0.25,0.25,2026200007,180,0.0,0.0,0.0,0.0,0.0,0.0
phase_044,logistics_constrained,0.25,0.25,2026200007,360,0.0,0.0,0.823614311,0.823614311,0.0,0.823614311
phase_044,logistics_constrained,0.25,0.25,2026200008,7,0.0,0.0,0.0,0.0,0.0,0.0
phase_044,logistics_constrained,0.25,0.25,2026200008,30,0.0,0.0,0.0,0.0,0.0,0.0
phase_044,logistics_constrained,0.25,0.25,2026200008,90,0.0,0.0,0.0,0.0,0.0,0.0
phase_044,logistics_constrained,0.25,0.25,2026200008,180,0.0,0.0,0.0,0.0,0.0,0.0
phase_044,logistics_constrained,0.25,0.25,2026200008,360,0.0,0.0,0.0,0.0,0.0,0.0
phase_044,logistics_constrained,0.25,0.25,2026200009,7,0.0,0.0,0.0,0.0,0.0,0.0
phase_044,logistics_constrained,0.25,0.25,2026200009,30,0.0,0.0,0.0,0.0,0.0,0.0
phase_044,logistics_constrained,0.25,0.25,2026200009,90,0.0,0.0,0.0,0.0,0.0,0.0
phase_044,logistics_constrained,0.25,0.25,2026200009,180,0.0,0.0,0.0,0.0,0.0,0.0
phase_044,logistics_constrained,0.25,0.25,2026200009,360,0.0,0.0,0.0,0.0,0.0,0.0
phase_044,logistics_constrained,0.25,0.25,2026200010,7,0.0,0.0,0.0,0.0,0.0,0.0
phase_044,logistics_constrained,0.25,0.25,2026200010,30,0.0,0.0,0.0,0.0,0.0,0.0
phase_044,logistics_constrained,0.25,0.25,2026200010,90,0.0,0.0,0.0,0.0,0.0,0.0
phase_044,logistics_constrained,0.25,0.25,2026200010,180,0.0,0.0,0.0,0.0,0.0,0.0
phase_044,logistics_constrained,0.25,0.25,2026200010,360,0.0,0.0,0.0,0.0,0.0,0.0
phase_044,logistics_constrained,0.25,0.25,2026200011,7,0.0,0.0,0.0,0.0,0.0,0.0
phase_044,logistics_constrained,0.25,0.25,2026200011,30,0.0,0.0,0.0,0.0,0.0,0.0
phase_044,logistics_constrained,0.25,0.25,2026200011,90,0.0,0.0,0.0,0.0,0.0,0.0
phase_044,logistics_constrained,0.25,0.25,2026200011,180,0.0,0.0,0.0,0.0,0.0,0.0
phase_044,logistics_constrained,0.25,0.25,2026200011,360,0.0,0.0,0.0,0.0,0.0,0.0
phase_045,logistics_constrained,0.25,0.5,2026200000,7,0.0,0.0,0.0,0.0,0.0,0.0
phase_045,logistics_constrained,0.25,0.5,2026200000,30,0.0,0.0,0.0,0.0,0.0,0.0
phase_045,logistics_constrained,0.25,0.5,2026200000,90,0.0,0.0,0.0,0.0,0.0,0.0
phase_045,logistics_constrained,0.25,0.5,2026200000,180,0.0,0.0,0.0,0.0,0.0,0.0
phase_045,logistics_constrained,0.25,0.5,2026200000,360,0.0,0.0,0.0,0.0,0.0,0.0
phase_045,logistics_constrained,0.25,0.5,2026200001,7,0.0,0.0,0.0,0.0,0.0,0.0
phase_045,logistics_constrained,0.25,0.5,2026200001,30,0.0,0.0,0.0,0.0,0.0,0.0
phase_045,logistics_constrained,0.25,0.5,2026200001,90,0.0,0.0,0.0,0.0,0.0,0.0
phase_045,logistics_constrained,0.25,0.5,2026200001,180,0.0,0.0,0.0,0.0,0.0,0.0
phase_045,logistics_constrained,0.25,0.5,2026200001,360,0.0,0.0,0.0,0.0,0.0,0.0
phase_045,logistics_constrained,0.25,0.5,2026200002,7,0.0,0.0,0.0,0.0,0.0,0.0
phase_045,logistics_constrained,0.25,0.5,2026200002,30,0.0,0.0,0.0,0.0,0.0,0.0
phase_045,logistics_constrained,0.25,0.5,2026200002,90,0.0,0.0,0.0,0.0,0.0,0.0
phase_045,logistics_constrained,0.25,0.5,2026200002,180,0.0,0.0,0.0,0.0,0.0,0.0
phase_045,logistics_constrained,0.25,0.5,2026200002,360,0.0,0.0,0.0,0.0,0.0,0.0
phase_045,logistics_constrained,0.25,0.5,2026200003,7,0.0,0.0,0.0,0.0,0.0,0.0
phase_045,logistics_constrained,0.25,0.5,2026200003,30,0.0,0.0,0.0,0.0,0.0,0.0
phase_045,logistics_constrained,0.25,0.5,2026200003,90,0.0,0.0,0.0,0.0,0.0,0.0
phase_045,logistics_constrained,0.25,0.5,2026200003,180,0.0,0.0,0.0,0.0,0.0,0.0
phase_045,logistics_constrained,0.25,0.5,2026200003,360,0.0,0.0,0.0,0.0,0.0,0.0
phase_045,logistics_constrained,0.25,0.5,2026200004,7,0.0,0.0,0.0,0.0,0.0,0.0
phase_045,logistics_constrained,0.25,0.5,2026200004,30,0.0,0.0,0.0,0.0,0.0,0.0
phase_045,logistics_constrained,0.25,0.5,2026200004,90,0.0,0.0,0.0,0.0,0.0,0.0
phase_045,logistics_constrained,0.25,0.5,2026200004,180,0.0,0.0,0.0,0.0,0.0,0.0
phase_045,logistics_constrained,0.25,0.5,2026200004,360,0.0,0.0,0.0,0.0,0.0,0.0
phase_045,logistics_constrained,0.25,0.5,2026200005,7,0.0,0.0,0.0,0.0,0.0,0.0
phase_045,logistics_constrained,0.25,0.5,2026200005,30,0.0,0.0,0.0,0.0,0.0,0.0
phase_045,logistics_constrained,0.25,0.5,2026200005,90,0.0,0.0,0.0,0.0,0.0,0.0
phase_045,logistics_constrained,0.25,0.5,2026200005,180,0.0,0.0,0.0,0.0,0.0,0.0
phase_045,logistics_constrained,0.25,0.5,2026200005,360,0.0,0.0,0.0,0.0,0.0,0.0
phase_045,logistics_constrained,0.25,0.5,2026200006,7,0.0,0.0,0.0,0.0,0.0,0.0
phase_045,logistics_constrained,0.25,0.5,2026200006,30,0.0,0.0,0.0,0.0,0.0,0.0
phase_045,logistics_constrained,0.25,0.5,2026200006,90,0.0,0.0,0.0,0.0,0.0,0.0
phase_045,logistics_constrained,0.25,0.5,2026200006,180,0.0,0.0,0.0,0.0,0.0,0.0
phase_045,logistics_constrained,0.25,0.5,2026200006,360,0.0,0.0,0.0,0.0,0.0,0.0
phase_045,logistics_constrained,0.25,0.5,2026200007,7,0.0,0.0,0.0,0.0,0.0,0.0
phase_045,logistics_constrained,0.25,0.5,2026200007,30,0.0,0.0,0.0,0.0,0.0,0.0
phase_045,logistics_constrained,0.25,0.5,2026200007,90,0.0,0.0,0.0,0.0,0.0,0.0
phase_045,logistics_constrained,0.25,0.5,2026200007,180,0.0,0.0,0.0,0.0,0.0,0.0
phase_045,logistics_constrained,0.25,0.5,2026200007,360,0.0,0.0,0.0,0.0,0.0,0.0
phase_045,logistics_constrained,0.25,0.5,2026200008,7,0.0,0.0,0.0,0.0,0.0,0.0
phase_045,logistics_constrained,0.25,0.5,2026200008,30,0.0,0.0,0.0,0.0,0.0,0.0
phase_045,logistics_constrained,0.25,0.5,2026200008,90,0.0,0.0,0.0,0.0,0.0,0.0
phase_045,logistics_constrained,0.25,0.5,2026200008,180,0.0,0.0,0.0,0.0,0.0,0.0
phase_045,logistics_constrained,0.25,0.5,2026200008,360,0.0,0.0,0.0,0.0,0.0,0.0
phase_045,logistics_constrained,0.25,0.5,2026200009,7,0.0,0.0,0.0,0.0,0.0,0.0
phase_045,logistics_constrained,0.25,0.5,2026200009,30,0.0,0.0,0.0,0.0,0.0,0.0
phase_045,logistics_constrained,0.25,0.5,2026200009,90,0.0,0.0,0.0,0.0,0.0,0.0
phase_045,logistics_constrained,0.25,0.5,2026200009,180,0.0,0.0,0.0,0.0,0.0,0.0
phase_045,logistics_constrained,0.25,0.5,2026200009,360,0.0,0.0,0.0,0.0,0.0,0.0
phase_045,logistics_constrained,0.25,0.5,2026200010,7,0.0,0.0,0.0,0.0,0.0,0.0
phase_045,logistics_constrained,0.25,0.5,2026200010,30,0.0,0.0,0.0,0.0,0.0,0.0
phase_045,logistics_constrained,0.25,0.5,2026200010,90,0.0,0.0,0.0,0.0,0.0,0.0
phase_045,logistics_constrained,0.25,0.5,2026200010,180,0.0,0.0,0.0,0.0,0.0,0.0
phase_045,logistics_constrained,0.25,0.5,2026200010,360,0.0,0.0,0.0,0.0,0.0,0.0
phase_045,logistics_constrained,0.25,0.5,2026200011,7,0.0,0.0,0.0,0.0,0.0,0.0
phase_045,logistics_constrained,0.25,0.5,2026200011,30,0.0,0.0,0.710469225,0.710469225,0.0,0.710469225
phase_045,logistics_constrained,0.25,0.5,2026200011,90,0.0,0.0,0.0,0.0,0.0,0.0
phase_045,logistics_constrained,0.25,0.5,2026200011,180,0.0,0.0,0.892377517,0.892377517,0.0,0.892377517
phase_045,logistics_constrained,0.25,0.5,2026200011,360,0.0,0.0,0.0,0.0,0.0,0.0
phase_046,logistics_constrained,0.25,0.75,2026200000,7,0.0,0.0,0.0,0.0,0.0,0.0
phase_046,logistics_constrained,0.25,0.75,2026200000,30,0.0,0.0,0.0,0.0,0.0,0.0
phase_046,logistics_constrained,0.25,0.75,2026200000,90,0.0,0.0,0.0,0.0,0.0,0.0
phase_046,logistics_constrained,0.25,0.75,2026200000,180,0.0,0.0,0.0,0.0,0.0,0.0
phase_046,logistics_constrained,0.25,0.75,2026200000,360,0.0,0.0,0.0,0.0,0.0,0.0
phase_046,logistics_constrained,0.25,0.75,2026200001,7,0.0,0.0,0.0,0.0,0.0,0.0
phase_046,logistics_constrained,0.25,0.75,2026200001,30,0.0,0.0,0.0,0.0,0.0,0.0
phase_046,logistics_constrained,0.25,0.75,2026200001,90,0.0,0.0,0.0,0.0,0.0,0.0
phase_046,logistics_constrained,0.25,0.75,2026200001,180,0.0,0.0,0.0,0.0,0.0,0.0
phase_046,logistics_constrained,0.25,0.75,2026200001,360,0.0,0.0,0.0,0.0,0.0,0.0
phase_046,logistics_constrained,0.25,0.75,2026200002,7,0.0,0.0,0.0,0.0,0.0,0.0
phase_046,logistics_constrained,0.25,0.75,2026200002,30,0.0,0.0,0.0,0.0,0.0,0.0
phase_046,logistics_constrained,0.25,0.75,2026200002,90,0.0,0.0,0.0,0.0,0.0,0.0
phase_046,logistics_constrained,0.25,0.75,2026200002,180,0.0,0.0,0.0,0.0,0.0,0.0
phase_046,logistics_constrained,0.25,0.75,2026200002,360,0.0,0.0,0.0,0.0,0.0,0.0
phase_046,logistics_constrained,0.25,0.75,2026200003,7,0.0,0.0,0.0,0.0,0.0,0.0
phase_046,logistics_constrained,0.25,0.75,2026200003,30,0.0,0.0,0.0,0.0,0.0,0.0
phase_046,logistics_constrained,0.25,0.75,2026200003,90,0.0,0.0,0.0,0.0,0.0,0.0
phase_046,logistics_constrained,0.25,0.75,2026200003,180,0.0,0.0,0.0,0.0,0.0,0.0
phase_046,logistics_constrained,0.25,0.75,2026200003,360,0.0,0.0,0.0,0.0,0.0,0.0
phase_046,logistics_constrained,0.25,0.75,2026200004,7,0.0,0.0,0.0,0.0,0.0,0.0
phase_046,logistics_constrained,0.25,0.75,2026200004,30,0.0,0.0,0.0,0.0,0.0,0.0
phase_046,logistics_constrained,0.25,0.75,2026200004,90,0.0,0.0,0.0,0.0,0.0,0.0
phase_046,logistics_constrained,0.25,0.75,2026200004,180,0.0,0.0,0.0,0.0,0.0,0.0
phase_046,logistics_constrained,0.25,0.75,2026200004,360,0.0,0.0,0.0,0.0,0.0,0.0
phase_046,logistics_constrained,0.25,0.75,2026200005,7,0.0,0.0,0.0,0.0,0.0,0.0
phase_046,logistics_constrained,0.25,0.75,2026200005,30,0.0,0.0,0.0,0.0,0.0,0.0
phase_046,logistics_constrained,0.25,0.75,2026200005,90,0.0,0.0,0.0,0.0,0.0,0.0
phase_046,logistics_constrained,0.25,0.75,2026200005,180,0.0,0.0,0.0,0.0,0.0,0.0
phase_046,logistics_constrained,0.25,0.75,2026200005,360,0.0,0.0,0.0,0.0,0.0,0.0
phase_046,logistics_constrained,0.25,0.75,2026200006,7,0.0,0.0,0.0,0.0,0.0,0.0
phase_046,logistics_constrained,0.25,0.75,2026200006,30,0.0,0.0,0.0,0.0,0.0,0.0
phase_046,logistics_constrained,0.25,0.75,2026200006,90,0.0,0.0,0.0,0.0,0.0,0.0
phase_046,logistics_constrained,0.25,0.75,2026200006,180,0.0,0.0,0.0,0.0,0.0,0.0
phase_046,logistics_constrained,0.25,0.75,2026200006,360,0.0,0.0,0.0,0.0,0.0,0.0
phase_046,logistics_constrained,0.25,0.75,2026200007,7,0.0,0.0,0.0,0.0,0.0,0.0
phase_046,logistics_constrained,0.25,0.75,2026200007,30,0.0,0.0,0.0,0.0,0.0,0.0
phase_046,logistics_constrained,0.25,0.75,2026200007,90,0.0,0.0,0.0,0.0,0.0,0.0
phase_046,logistics_constrained,0.25,0.75,2026200007,180,0.0,0.0,0.0,0.0,0.0,0.0
phase_046,logistics_constrained,0.25,0.75,2026200007,360,0.0,0.0,0.0,0.0,0.0,0.0
phase_046,logistics_constrained,0.25,0.75,2026200008,7,0.0,0.0,0.0,0.0,0.0,0.0
phase_046,logistics_constrained,0.25,0.75,2026200008,30,0.0,0.0,0.0,0.0,0.0,0.0
phase_046,logistics_constrained,0.25,0.75,2026200008,90,0.0,0.0,0.0,0.0,0.0,0.0
phase_046,logistics_constrained,0.25,0.75,2026200008,180,0.0,0.0,0.0,0.0,0.0,0.0
phase_046,logistics_constrained,0.25,0.75,2026200008,360,0.0,0.0,0.0,0.0,0.0,0.0
phase_046,logistics_constrained,0.25,0.75,2026200009,7,0.0,0.0,0.0,0.0,0.0,0.0
phase_046,logistics_constrained,0.25,0.75,2026200009,30,0.0,0.0,0.0,0.0,0.0,0.0
phase_046,logistics_constrained,0.25,0.75,2026200009,90,0.0,0.0,0.0,0.0,0.0,0.0
phase_046,logistics_constrained,0.25,0.75,2026200009,180,0.0,0.0,0.0,0.0,0.0,0.0
phase_046,logistics_constrained,0.25,0.75,2026200009,360,0.0,0.0,0.0,0.0,0.0,0.0
phase_046,logistics_constrained,0.25,0.75,2026200010,7,0.0,0.0,0.0,0.0,0.0,0.0
phase_046,logistics_constrained,0.25,0.75,2026200010,30,0.0,0.0,0.0,0.0,0.0,0.0
phase_046,logistics_constrained,0.25,0.75,2026200010,90,0.0,0.0,0.0,0.0,0.0,0.0
phase_046,logistics_constrained,0.25,0.75,2026200010,180,0.0,0.0,0.0,0.0,0.0,0.0
phase_046,logistics_constrained,0.25,0.75,2026200010,360,0.0,0.0,0.0,0.0,0.0,0.0
phase_046,logistics_constrained,0.25,0.75,2026200011,7,0.0,0.0,0.0,0.0,0.0,0.0
phase_046,logistics_constrained,0.25,0.75,2026200011,30,0.0,0.0,0.0,0.0,0.0,0.0
phase_046,logistics_constrained,0.25,0.75,2026200011,90,0.0,0.0,0.0,0.0,0.0,0.0
phase_046,logistics_constrained,0.25,0.75,2026200011,180,0.0,0.0,0.0,0.0,0.0,0.0
phase_046,logistics_constrained,0.25,0.75,2026200011,360,0.0,0.0,0.0,0.0,0.0,0.0
phase_047,logistics_constrained,0.25,1.0,2026200000,7,0.0,0.0,0.0,0.0,0.0,0.0
phase_047,logistics_constrained,0.25,1.0,2026200000,30,0.0,0.0,0.0,0.0,0.0,0.0
phase_047,logistics_constrained,0.25,1.0,2026200000,90,0.0,0.0,0.0,0.0,0.0,0.0
phase_047,logistics_constrained,0.25,1.0,2026200000,180,0.0,0.0,0.0,0.0,0.0,0.0
phase_047,logistics_constrained,0.25,1.0,2026200000,360,0.0,0.0,0.0,0.0,0.0,0.0
phase_047,logistics_constrained,0.25,1.0,2026200001,7,0.0,0.0,0.0,0.0,0.0,0.0
phase_047,logistics_constrained,0.25,1.0,2026200001,30,0.0,0.0,0.0,0.0,0.0,0.0
phase_047,logistics_constrained,0.25,1.0,2026200001,90,0.0,0.0,0.0,0.0,0.0,0.0
phase_047,logistics_constrained,0.25,1.0,2026200001,180,0.0,0.0,0.0,0.0,0.0,0.0
phase_047,logistics_constrained,0.25,1.0,2026200001,360,0.0,0.0,0.0,0.0,0.0,0.0
phase_047,logistics_constrained,0.25,1.0,2026200002,7,0.0,0.0,0.0,0.0,0.0,0.0
phase_047,logistics_constrained,0.25,1.0,2026200002,30,0.0,0.0,0.0,0.0,0.0,0.0
phase_047,logistics_constrained,0.25,1.0,2026200002,90,0.0,0.0,0.0,0.0,0.0,0.0
phase_047,logistics_constrained,0.25,1.0,2026200002,180,0.0,0.0,0.0,0.0,0.0,0.0
phase_047,logistics_constrained,0.25,1.0,2026200002,360,0.0,0.0,0.0,0.0,0.0,0.0
phase_047,logistics_constrained,0.25,1.0,2026200003,7,0.0,0.0,0.0,0.0,0.0,0.0
phase_047,logistics_constrained,0.25,1.0,2026200003,30,0.0,0.0,0.0,0.0,0.0,0.0
phase_047,logistics_constrained,0.25,1.0,2026200003,90,0.0,0.0,0.0,0.0,0.0,0.0
phase_047,logistics_constrained,0.25,1.0,2026200003,180,0.0,0.0,0.0,0.0,0.0,0.0
phase_047,logistics_constrained,0.25,1.0,2026200003,360,0.0,0.0,0.0,0.0,0.0,0.0
phase_047,logistics_constrained,0.25,1.0,2026200004,7,0.0,0.0,0.0,0.0,0.0,0.0
phase_047,logistics_constrained,0.25,1.0,2026200004,30,0.0,0.0,0.0,0.0,0.0,0.0
phase_047,logistics_constrained,0.25,1.0,2026200004,90,0.0,0.0,0.0,0.0,0.0,0.0
phase_047,logistics_constrained,0.25,1.0,2026200004,180,0.0,0.0,0.0,0.0,0.0,0.0
phase_047,logistics_constrained,0.25,1.0,2026200004,360,0.0,0.0,0.0,0.0,0.0,0.0
phase_047,logistics_constrained,0.25,1.0,2026200005,7,0.0,0.0,0.0,0.0,0.0,0.0
phase_047,logistics_constrained,0.25,1.0,2026200005,30,0.0,0.0,0.0,0.0,0.0,0.0
phase_047,logistics_constrained,0.25,1.0,2026200005,90,0.0,0.0,0.0,0.0,0.0,0.0
phase_047,logistics_constrained,0.25,1.0,2026200005,180,0.0,0.0,0.0,0.0,0.0,0.0
phase_047,logistics_constrained,0.25,1.0,2026200005,360,0.0,0.0,0.0,0.0,0.0,0.0
phase_047,logistics_constrained,0.25,1.0,2026200006,7,0.0,0.0,0.0,0.0,0.0,0.0
phase_047,logistics_constrained,0.25,1.0,2026200006,30,0.0,0.0,0.0,0.0,0.0,0.0
phase_047,logistics_constrained,0.25,1.0,2026200006,90,0.0,0.0,0.0,0.0,0.0,0.0
phase_047,logistics_constrained,0.25,1.0,2026200006,180,0.0,0.0,0.0,0.0,0.0,0.0
phase_047,logistics_constrained,0.25,1.0,2026200006,360,0.0,0.0,0.0,0.0,0.0,0.0
phase_047,logistics_constrained,0.25,1.0,2026200007,7,0.0,0.0,0.0,0.0,0.0,0.0
phase_047,logistics_constrained,0.25,1.0,2026200007,30,0.0,0.0,0.0,0.0,0.0,0.0
phase_047,logistics_constrained,0.25,1.0,2026200007,90,0.0,0.0,0.0,0.0,0.0,0.0
phase_047,logistics_constrained,0.25,1.0,2026200007,180,0.0,0.0,0.0,0.0,0.0,0.0
phase_047,logistics_constrained,0.25,1.0,2026200007,360,0.0,0.0,0.0,0.0,0.0,0.0
phase_047,logistics_constrained,0.25,1.0,2026200008,7,0.0,0.0,0.0,0.0,0.0,0.0
phase_047,logistics_constrained,0.25,1.0,2026200008,30,0.0,0.0,0.0,0.0,0.0,0.0
phase_047,logistics_constrained,0.25,1.0,2026200008,90,0.0,0.0,0.0,0.0,0.0,0.0
phase_047,logistics_constrained,0.25,1.0,2026200008,180,0.0,0.0,0.0,0.0,0.0,0.0
phase_047,logistics_constrained,0.25,1.0,2026200008,360,0.0,0.0,0.0,0.0,0.0,0.0
phase_047,logistics_constrained,0.25,1.0,2026200009,7,0.0,0.0,0.0,0.0,0.0,0.0
phase_047,logistics_constrained,0.25,1.0,2026200009,30,0.0,0.0,0.0,0.0,0.0,0.0
phase_047,logistics_constrained,0.25,1.0,2026200009,90,0.0,0.0,0.0,0.0,0.0,0.0
phase_047,logistics_constrained,0.25,1.0,2026200009,180,0.0,0.0,0.0,0.0,0.0,0.0
phase_047,logistics_constrained,0.25,1.0,2026200009,360,0.0,0.0,0.0,0.0,0.0,0.0
phase_047,logistics_constrained,0.25,1.0,2026200010,7,0.0,0.0,0.0,0.0,0.0,0.0
phase_047,logistics_constrained,0.25,1.0,2026200010,30,0.0,0.0,0.0,0.0,0.0,0.0
phase_047,logistics_constrained,0.25,1.0,2026200010,90,0.0,0.0,0.0,0.0,0.0,0.0
phase_047,logistics_constrained,0.25,1.0,2026200010,180,0.0,0.0,0.0,0.0,0.0,0.0
phase_047,logistics_constrained,0.25,1.0,2026200010,360,0.0,0.0,0.0,0.0,0.0,0.0
phase_047,logistics_constrained,0.25,1.0,2026200011,7,0.0,0.0,0.0,0.0,0.0,0.0
phase_047,logistics_constrained,0.25,1.0,2026200011,30,0.0,0.0,0.0,0.0,0.0,0.0
phase_047,logistics_constrained,0.25,1.0,2026200011,90,0.0,0.0,0.0,0.0,0.0,0.0
phase_047,logistics_constrained,0.25,1.0,2026200011,180,0.0,0.0,0.0,0.0,0.0,0.0
phase_047,logistics_constrained,0.25,1.0,2026200011,360,0.0,0.0,0.0,0.0,0.0,0.0
phase_048,logistics_constrained,0.25,1.5,2026200000,7,0.0,0.0,0.0,0.0,0.0,0.0
phase_048,logistics_constrained,0.25,1.5,2026200000,30,0.0,0.0,0.0,0.0,0.0,0.0
phase_048,logistics_constrained,0.25,1.5,2026200000,90,0.0,0.0,0.0,0.0,0.0,0.0
phase_048,logistics_constrained,0.25,1.5,2026200000,180,0.0,0.0,0.0,0.0,0.0,0.0
phase_048,logistics_constrained,0.25,1.5,2026200000,360,0.0,0.0,0.0,0.0,0.0,0.0
phase_048,logistics_constrained,0.25,1.5,2026200001,7,0.0,0.0,0.0,0.0,0.0,0.0
phase_048,logistics_constrained,0.25,1.5,2026200001,30,0.0,0.0,0.0,0.0,0.0,0.0
phase_048,logistics_constrained,0.25,1.5,2026200001,90,0.0,0.0,0.0,0.0,0.0,0.0
phase_048,logistics_constrained,0.25,1.5,2026200001,180,0.0,0.0,0.0,0.0,0.0,0.0
phase_048,logistics_constrained,0.25,1.5,2026200001,360,0.0,0.0,0.0,0.0,0.0,0.0
phase_048,logistics_constrained,0.25,1.5,2026200002,7,0.0,0.0,0.0,0.0,0.0,0.0
phase_048,logistics_constrained,0.25,1.5,2026200002,30,0.0,0.0,0.0,0.0,0.0,0.0
phase_048,logistics_constrained,0.25,1.5,2026200002,90,0.0,0.0,0.0,0.0,0.0,0.0
phase_048,logistics_constrained,0.25,1.5,2026200002,180,0.0,0.0,0.0,0.0,0.0,0.0
phase_048,logistics_constrained,0.25,1.5,2026200002,360,0.0,0.0,0.0,0.0,0.0,0.0
phase_048,logistics_constrained,0.25,1.5,2026200003,7,0.0,0.0,0.0,0.0,0.0,0.0
phase_048,logistics_constrained,0.25,1.5,2026200003,30,0.0,0.0,0.0,0.0,0.0,0.0
phase_048,logistics_constrained,0.25,1.5,2026200003,90,0.0,0.0,0.0,0.0,0.0,0.0
phase_048,logistics_constrained,0.25,1.5,2026200003,180,0.0,0.0,0.0,0.0,0.0,0.0
phase_048,logistics_constrained,0.25,1.5,2026200003,360,0.0,0.0,0.0,0.0,0.0,0.0
phase_048,logistics_constrained,0.25,1.5,2026200004,7,0.0,0.0,0.0,0.0,0.0,0.0
phase_048,logistics_constrained,0.25,1.5,2026200004,30,0.0,0.0,0.0,0.0,0.0,0.0
phase_048,logistics_constrained,0.25,1.5,2026200004,90,0.0,0.0,0.0,0.0,0.0,0.0
phase_048,logistics_constrained,0.25,1.5,2026200004,180,0.0,0.0,0.0,0.0,0.0,0.0
phase_048,logistics_constrained,0.25,1.5,2026200004,360,0.0,0.0,0.0,0.0,0.0,0.0
phase_048,logistics_constrained,0.25,1.5,2026200005,7,0.0,0.0,0.0,0.0,0.0,0.0
phase_048,logistics_constrained,0.25,1.5,2026200005,30,0.0,0.0,0.0,0.0,0.0,0.0
phase_048,logistics_constrained,0.25,1.5,2026200005,90,0.0,0.0,0.0,0.0,0.0,0.0
phase_048,logistics_constrained,0.25,1.5,2026200005,180,0.0,0.0,0.0,0.0,0.0,0.0
phase_048,logistics_constrained,0.25,1.5,2026200005,360,0.0,0.0,0.0,0.0,0.0,0.0
phase_048,logistics_constrained,0.25,1.5,2026200006,7,0.0,0.0,0.0,0.0,0.0,0.0
phase_048,logistics_constrained,0.25,1.5,2026200006,30,0.0,0.0,0.0,0.0,0.0,0.0
phase_048,logistics_constrained,0.25,1.5,2026200006,90,0.0,0.0,0.0,0.0,0.0,0.0
phase_048,logistics_constrained,0.25,1.5,2026200006,180,0.0,0.0,0.0,0.0,0.0,0.0
phase_048,logistics_constrained,0.25,1.5,2026200006,360,0.0,0.0,0.0,0.0,0.0,0.0
phase_048,logistics_constrained,0.25,1.5,2026200007,7,0.0,0.0,0.0,0.0,0.0,0.0
phase_048,logistics_constrained,0.25,1.5,2026200007,30,0.0,0.0,0.0,0.0,0.0,0.0
phase_048,logistics_constrained,0.25,1.5,2026200007,90,0.0,0.0,0.0,0.0,0.0,0.0
phase_048,logistics_constrained,0.25,1.5,2026200007,180,0.0,0.0,0.0,0.0,0.0,0.0
phase_048,logistics_constrained,0.25,1.5,2026200007,360,0.0,0.0,0.0,0.0,0.0,0.0
phase_048,logistics_constrained,0.25,1.5,2026200008,7,0.0,0.0,0.0,0.0,0.0,0.0
phase_048,logistics_constrained,0.25,1.5,2026200008,30,0.0,0.0,0.0,0.0,0.0,0.0
phase_048,logistics_constrained,0.25,1.5,2026200008,90,0.0,0.0,0.0,0.0,0.0,0.0
phase_048,logistics_constrained,0.25,1.5,2026200008,180,0.0,0.0,0.0,0.0,0.0,0.0
phase_048,logistics_constrained,0.25,1.5,2026200008,360,0.0,0.0,0.0,0.0,0.0,0.0
phase_048,logistics_constrained,0.25,1.5,2026200009,7,0.0,0.0,0.0,0.0,0.0,0.0
phase_048,logistics_constrained,0.25,1.5,2026200009,30,0.0,0.0,0.0,0.0,0.0,0.0
phase_048,logistics_constrained,0.25,1.5,2026200009,90,0.0,0.0,0.0,0.0,0.0,0.0
phase_048,logistics_constrained,0.25,1.5,2026200009,180,0.0,0.0,0.0,0.0,0.0,0.0
phase_048,logistics_constrained,0.25,1.5,2026200009,360,0.0,0.0,0.0,0.0,0.0,0.0
phase_048,logistics_constrained,0.25,1.5,2026200010,7,0.0,0.0,0.0,0.0,0.0,0.0
phase_048,logistics_constrained,0.25,1.5,2026200010,30,0.0,0.0,0.0,0.0,0.0,0.0
phase_048,logistics_constrained,0.25,1.5,2026200010,90,0.0,0.0,0.0,0.0,0.0,0.0
phase_048,logistics_constrained,0.25,1.5,2026200010,180,0.0,0.0,0.0,0.0,0.0,0.0
phase_048,logistics_constrained,0.25,1.5,2026200010,360,0.0,0.0,0.0,0.0,0.0,0.0
phase_048,logistics_constrained,0.25,1.5,2026200011,7,0.0,0.0,0.0,0.0,0.0,0.0
phase_048,logistics_constrained,0.25,1.5,2026200011,30,0.0,0.0,0.0,0.0,0.0,0.0
phase_048,logistics_constrained,0.25,1.5,2026200011,90,0.0,0.0,0.0,0.0,0.0,0.0
phase_048,logistics_constrained,0.25,1.5,2026200011,180,0.0,0.0,0.0,0.0,0.0,0.0
phase_048,logistics_constrained,0.25,1.5,2026200011,360,0.0,0.0,0.0,0.0,0.0,0.0
phase_049,logistics_constrained,0.25,2.0,2026200000,7,0.0,0.0,0.0,0.0,0.0,0.0
phase_049,logistics_constrained,0.25,2.0,2026200000,30,0.0,0.0,0.0,0.0,0.0,0.0
phase_049,logistics_constrained,0.25,2.0,2026200000,90,0.0,0.0,0.0,0.0,0.0,0.0
phase_049,logistics_constrained,0.25,2.0,2026200000,180,0.0,0.0,0.0,0.0,0.0,0.0
phase_049,logistics_constrained,0.25,2.0,2026200000,360,0.0,0.0,0.0,0.0,0.0,0.0
phase_049,logistics_constrained,0.25,2.0,2026200001,7,0.0,0.0,0.0,0.0,0.0,0.0
phase_049,logistics_constrained,0.25,2.0,2026200001,30,0.0,0.0,0.0,0.0,0.0,0.0
phase_049,logistics_constrained,0.25,2.0,2026200001,90,0.0,0.0,0.0,0.0,0.0,0.0
phase_049,logistics_constrained,0.25,2.0,2026200001,180,0.0,0.0,0.0,0.0,0.0,0.0
phase_049,logistics_constrained,0.25,2.0,2026200001,360,0.0,0.0,0.0,0.0,0.0,0.0
phase_049,logistics_constrained,0.25,2.0,2026200002,7,0.0,0.0,0.0,0.0,0.0,0.0
phase_049,logistics_constrained,0.25,2.0,2026200002,30,0.0,0.0,0.0,0.0,0.0,0.0
phase_049,logistics_constrained,0.25,2.0,2026200002,90,0.0,0.0,0.0,0.0,0.0,0.0
phase_049,logistics_constrained,0.25,2.0,2026200002,180,0.0,0.0,0.0,0.0,0.0,0.0
phase_049,logistics_constrained,0.25,2.0,2026200002,360,0.0,0.0,0.0,0.0,0.0,0.0
phase_049,logistics_constrained,0.25,2.0,2026200003,7,0.0,0.0,0.0,0.0,0.0,0.0
phase_049,logistics_constrained,0.25,2.0,2026200003,30,0.0,0.0,0.0,0.0,0.0,0.0
phase_049,logistics_constrained,0.25,2.0,2026200003,90,0.0,0.0,0.0,0.0,0.0,0.0
phase_049,logistics_constrained,0.25,2.0,2026200003,180,0.0,0.0,0.0,0.0,0.0,0.0
phase_049,logistics_constrained,0.25,2.0,2026200003,360,0.0,0.0,0.0,0.0,0.0,0.0
phase_049,logistics_constrained,0.25,2.0,2026200004,7,0.0,0.0,0.0,0.0,0.0,0.0
phase_049,logistics_constrained,0.25,2.0,2026200004,30,0.0,0.0,0.0,0.0,0.0,0.0
phase_049,logistics_constrained,0.25,2.0,2026200004,90,0.0,0.0,0.0,0.0,0.0,0.0
phase_049,logistics_constrained,0.25,2.0,2026200004,180,0.0,0.0,0.0,0.0,0.0,0.0
phase_049,logistics_constrained,0.25,2.0,2026200004,360,0.0,0.0,0.0,0.0,0.0,0.0
phase_049,logistics_constrained,0.25,2.0,2026200005,7,0.0,0.0,0.0,0.0,0.0,0.0
phase_049,logistics_constrained,0.25,2.0,2026200005,30,0.0,0.0,0.0,0.0,0.0,0.0
phase_049,logistics_constrained,0.25,2.0,2026200005,90,0.0,0.0,0.0,0.0,0.0,0.0
phase_049,logistics_constrained,0.25,2.0,2026200005,180,0.0,0.0,0.0,0.0,0.0,0.0
phase_049,logistics_constrained,0.25,2.0,2026200005,360,0.0,0.0,0.0,0.0,0.0,0.0
phase_049,logistics_constrained,0.25,2.0,2026200006,7,0.0,0.0,0.0,0.0,0.0,0.0
phase_049,logistics_constrained,0.25,2.0,2026200006,30,0.0,0.0,0.0,0.0,0.0,0.0
phase_049,logistics_constrained,0.25,2.0,2026200006,90,0.0,0.0,0.0,0.0,0.0,0.0
phase_049,logistics_constrained,0.25,2.0,2026200006,180,0.0,0.0,0.0,0.0,0.0,0.0
phase_049,logistics_constrained,0.25,2.0,2026200006,360,0.0,0.0,0.0,0.0,0.0,0.0
phase_049,logistics_constrained,0.25,2.0,2026200007,7,0.0,0.0,0.0,0.0,0.0,0.0
phase_049,logistics_constrained,0.25,2.0,2026200007,30,0.0,0.0,0.0,0.0,0.0,0.0
phase_049,logistics_constrained,0.25,2.0,2026200007,90,0.0,0.0,0.0,0.0,0.0,0.0
phase_049,logistics_constrained,0.25,2.0,2026200007,180,0.0,0.0,0.0,0.0,0.0,0.0
phase_049,logistics_constrained,0.25,2.0,2026200007,360,0.0,0.0,0.0,0.0,0.0,0.0
phase_049,logistics_constrained,0.25,2.0,2026200008,7,0.0,0.0,0.0,0.0,0.0,0.0
phase_049,logistics_constrained,0.25,2.0,2026200008,30,0.0,0.0,0.0,0.0,0.0,0.0
phase_049,logistics_constrained,0.25,2.0,2026200008,90,0.0,0.0,0.0,0.0,0.0,0.0
phase_049,logistics_constrained,0.25,2.0,2026200008,180,0.0,0.0,0.0,0.0,0.0,0.0
phase_049,logistics_constrained,0.25,2.0,2026200008,360,0.0,0.0,0.0,0.0,0.0,0.0
phase_049,logistics_constrained,0.25,2.0,2026200009,7,0.0,0.0,0.0,0.0,0.0,0.0
phase_049,logistics_constrained,0.25,2.0,2026200009,30,0.0,0.0,0.0,0.0,0.0,0.0
phase_049,logistics_constrained,0.25,2.0,2026200009,90,0.0,0.0,0.0,0.0,0.0,0.0
phase_049,logistics_constrained,0.25,2.0,2026200009,180,0.0,0.0,0.0,0.0,0.0,0.0
phase_049,logistics_constrained,0.25,2.0,2026200009,360,0.0,0.0,0.0,0.0,0.0,0.0
phase_049,logistics_constrained,0.25,2.0,2026200010,7,0.0,0.0,0.0,0.0,0.0,0.0
phase_049,logistics_constrained,0.25,2.0,2026200010,30,0.0,0.0,0.0,0.0,0.0,0.0
phase_049,logistics_constrained,0.25,2.0,2026200010,90,0.0,0.0,0.0,0.0,0.0,0.0
phase_049,logistics_constrained,0.25,2.0,2026200010,180,0.0,0.0,0.0,0.0,0.0,0.0
phase_049,logistics_constrained,0.25,2.0,2026200010,360,0.0,0.0,0.0,0.0,0.0,0.0
phase_049,logistics_constrained,0.25,2.0,2026200011,7,0.0,0.0,0.0,0.0,0.0,0.0
phase_049,logistics_constrained,0.25,2.0,2026200011,30,0.0,0.0,0.0,0.0,0.0,0.0
phase_049,logistics_constrained,0.25,2.0,2026200011,90,0.0,0.0,0.0,0.0,0.0,0.0
phase_049,logistics_constrained,0.25,2.0,2026200011,180,0.0,0.0,0.0,0.0,0.0,0.0
phase_049,logistics_constrained,0.25,2.0,2026200011,360,0.0,0.0,0.0,0.0,0.0,0.0
phase_051,logistics_constrained,0.4,0.25,2026200000,7,0.873435179,0.862524552,0.874861988,0.0014268090000000289,-0.010910627000000006,0.012337436000000035
phase_051,logistics_constrained,0.4,0.25,2026200000,30,0.830339517,0.798124126,0.8312573,0.0009177830000000053,-0.03221539099999993,0.03313317399999993
phase_051,logistics_constrained,0.4,0.25,2026200000,90,0.792258083,0.751483068,0.792441151,0.00018306800000000845,-0.040775015000000026,0.040958083000000034
phase_051,logistics_constrained,0.4,0.25,2026200000,180,0.74619437,0.696998549,0.742819306,-0.003375063999999983,-0.04919582099999997,0.04582075699999999
phase_051,logistics_constrained,0.4,0.25,2026200000,360,0.626878852,0.542082981,0.619481165,-0.007397687000000097,-0.08479587100000008,0.07739818399999998
phase_051,logistics_constrained,0.4,0.25,2026200001,7,0.0,0.873543308,0.885777441,0.885777441,0.873543308,0.01223413299999998
phase_051,logistics_constrained,0.4,0.25,2026200001,30,0.0,0.830132661,0.86046874,0.86046874,0.830132661,0.030336078999999905
phase_051,logistics_constrained,0.4,0.25,2026200001,90,0.0,0.803953955,0.839420641,0.839420641,0.803953955,0.035466686000000025
phase_051,logistics_constrained,0.4,0.25,2026200001,180,0.0,0.777284619,0.814053032,0.814053032,0.777284619,0.036768413
phase_051,logistics_constrained,0.4,0.25,2026200001,360,0.0,0.719639195,0.760470605,0.760470605,0.719639195,0.04083141000000001
phase_051,logistics_constrained,0.4,0.25,2026200002,7,0.894325048,0.883286345,0.894835138,0.0005100900000000186,-0.011038702999999983,0.011548793000000002
phase_051,logistics_constrained,0.4,0.25,2026200002,30,0.875050185,0.849324487,0.87663785,0.0015876650000000714,-0.02572569800000002,0.02731336300000009
phase_051,logistics_constrained,0.4,0.25,2026200002,90,0.843840911,0.815575065,0.847314962,0.003474050999999978,-0.02826584600000004,0.03173989700000002
phase_051,logistics_constrained,0.4,0.25,2026200002,180,0.796623448,0.768468996,0.802054472,0.005431024000000062,-0.028154451999999996,0.03358547600000006
phase_051,logistics_constrained,0.4,0.25,2026200002,360,0.68814354,0.664303129,0.70629186,0.018148319999999996,-0.023840411000000006,0.041988731
phase_051,logistics_constrained,0.4,0.25,2026200003,7,0.869319045,0.851070372,0.877194034,0.007874988999999943,-0.018248672999999993,0.026123661999999936
phase_051,logistics_constrained,0.4,0.25,2026200003,30,0.815509723,0.764725713,0.837839922,0.022330198999999995,-0.05078400999999999,0.07311420899999999
phase_051,logistics_constrained,0.4,0.25,2026200003,90,0.76460361,0.702773854,0.799439956,0.03483634599999996,-0.06182975599999996,0.09666610199999992
phase_051,logistics_constrained,0.4,0.25,2026200003,180,0.68365928,0.614287103,0.742564162,0.05890488199999999,-0.06937217699999998,0.12827705899999997
phase_051,logistics_constrained,0.4,0.25,2026200003,360,0.0,0.0,0.559975883,0.559975883,0.0,0.559975883
phase_051,logistics_constrained,0.4,0.25,2026200004,7,0.888943443,0.848959015,0.877441146,-0.01150229700000005,-0.039984428000000016,0.028482130999999966
phase_051,logistics_constrained,0.4,0.25,2026200004,30,0.867259062,0.732867859,0.819011763,-0.04824729900000002,-0.13439120300000007,0.08614390400000005
phase_051,logistics_constrained,0.4,0.25,2026200004,90,0.83092446,0.0,0.627378967,-0.20354549300000002,-0.83092446,0.627378967
phase_051,logistics_constrained,0.4,0.25,2026200004,180,0.772724328,0.0,0.0,-0.772724328,-0.772724328,0.0
phase_051,logistics_constrained,0.4,0.25,2026200004,360,0.601695115,0.0,0.0,-0.601695115,-0.601695115,0.0
phase_051,logistics_constrained,0.4,0.25,2026200005,7,0.0,0.0,0.684252396,0.684252396,0.0,0.684252396
phase_051,logistics_constrained,0.4,0.25,2026200005,30,0.0,0.0,0.0,0.0,0.0,0.0
phase_051,logistics_constrained,0.4,0.25,2026200005,90,0.0,0.0,0.0,0.0,0.0,0.0
phase_051,logistics_constrained,0.4,0.25,2026200005,180,0.0,0.0,0.0,0.0,0.0,0.0
phase_051,logistics_constrained,0.4,0.25,2026200005,360,0.0,0.0,0.0,0.0,0.0,0.0
phase_051,logistics_constrained,0.4,0.25,2026200006,7,0.0,0.0,0.0,0.0,0.0,0.0
phase_051,logistics_constrained,0.4,0.25,2026200006,30,0.0,0.0,0.0,0.0,0.0,0.0
phase_051,logistics_constrained,0.4,0.25,2026200006,90,0.0,0.0,0.0,0.0,0.0,0.0
phase_051,logistics_constrained,0.4,0.25,2026200006,180,0.0,0.0,0.0,0.0,0.0,0.0
phase_051,logistics_constrained,0.4,0.25,2026200006,360,0.0,0.0,0.0,0.0,0.0,0.0
phase_051,logistics_constrained,0.4,0.25,2026200007,7,0.856641053,0.850219811,0.875479757,0.018838703999999984,-0.006421242000000049,0.025259946000000033
phase_051,logistics_constrained,0.4,0.25,2026200007,30,0.7571507,0.74878216,0.824200751,0.06705005100000005,-0.00836853999999998,0.07541859100000003
phase_051,logistics_constrained,0.4,0.25,2026200007,90,0.554916443,0.631174433,0.752411978,0.19749553500000006,0.07625799,0.12123754500000006
phase_051,logistics_constrained,0.4,0.25,2026200007,180,0.0,0.0,0.608319447,0.608319447,0.0,0.608319447
phase_051,logistics_constrained,0.4,0.25,2026200007,360,0.0,0.0,0.0,0.0,0.0,0.0
phase_051,logistics_constrained,0.4,0.25,2026200008,7,0.881070172,0.864649401,0.884375651,0.003305479,-0.016420771000000056,0.019726250000000056
phase_051,logistics_constrained,0.4,0.25,2026200008,30,0.842096185,0.799977366,0.851772115,0.00967593,-0.04211881900000003,0.05179474900000003
phase_051,logistics_constrained,0.4,0.25,2026200008,90,0.788746706,0.740336943,0.807262824,0.01851611800000008,-0.048409762999999995,0.06692588100000008
phase_051,logistics_constrained,0.4,0.25,2026200008,180,0.700857382,0.654922135,0.740729909,0.03987252699999999,-0.04593524700000007,0.08580777400000006
phase_051,logistics_constrained,0.4,0.25,2026200008,360,0.0,0.0,0.497422283,0.497422283,0.0,0.497422283
phase_051,logistics_constrained,0.4,0.25,2026200009,7,0.0,0.566322815,0.7835771,0.7835771,0.566322815,0.217254285
phase_051,logistics_constrained,0.4,0.25,2026200009,30,0.0,0.0,0.0,0.0,0.0,0.0
phase_051,logistics_constrained,0.4,0.25,2026200009,90,0.0,0.0,0.0,0.0,0.0,0.0
phase_051,logistics_constrained,0.4,0.25,2026200009,180,0.0,0.0,0.0,0.0,0.0,0.0
phase_051,logistics_constrained,0.4,0.25,2026200009,360,0.0,0.0,0.0,0.0,0.0,0.0
phase_051,logistics_constrained,0.4,0.25,2026200010,7,0.0,0.0,0.0,0.0,0.0,0.0
phase_051,logistics_constrained,0.4,0.25,2026200010,30,0.0,0.0,0.0,0.0,0.0,0.0
phase_051,logistics_constrained,0.4,0.25,2026200010,90,0.0,0.0,0.0,0.0,0.0,0.0
phase_051,logistics_constrained,0.4,0.25,2026200010,180,0.0,0.0,0.0,0.0,0.0,0.0
phase_051,logistics_constrained,0.4,0.25,2026200010,360,0.0,0.0,0.0,0.0,0.0,0.0
phase_051,logistics_constrained,0.4,0.25,2026200011,7,0.885317301,0.862141919,0.888772277,0.0034549760000001095,-0.02317538199999991,0.02663035800000002
phase_051,logistics_constrained,0.4,0.25,2026200011,30,0.851877024,0.796730232,0.865417691,0.013540667000000006,-0.055146791999999945,0.06868745899999995
phase_051,logistics_constrained,0.4,0.25,2026200011,90,0.798992155,0.735669915,0.825096384,0.02610422899999998,-0.06332223999999997,0.08942646899999995
phase_051,logistics_constrained,0.4,0.25,2026200011,180,0.702539806,0.637695795,0.75854001,0.05600020400000005,-0.06484401100000003,0.12084421500000009
phase_051,logistics_constrained,0.4,0.25,2026200011,360,0.0,0.0,0.532626086,0.532626086,0.0,0.532626086
phase_052,logistics_constrained,0.4,0.5,2026200000,7,0.873435179,0.853370751,0.875743905,0.002308725999999983,-0.020064427999999968,0.02237315399999995
phase_052,logistics_constrained,0.4,0.5,2026200000,30,0.830339517,0.773083178,0.83509075,0.004751233000000021,-0.057256338999999934,0.062007571999999955
phase_052,logistics_constrained,0.4,0.5,2026200000,90,0.792258083,0.719545865,0.797063249,0.004805166000000027,-0.07271221800000005,0.07751738400000008
phase_052,logistics_constrained,0.4,0.5,2026200000,180,0.74619437,0.663683516,0.750128552,0.003934181999999953,-0.08251085400000002,0.08644503599999998
phase_052,logistics_constrained,0.4,0.5,2026200000,360,0.626878852,0.502951988,0.644412643,0.017533790999999965,-0.12392686400000008,0.14146065500000005
phase_052,logistics_constrained,0.4,0.5,2026200001,7,0.0,0.865382688,0.887883655,0.887883655,0.865382688,0.02250096700000004
phase_052,logistics_constrained,0.4,0.5,2026200001,30,0.0,0.807958247,0.865124623,0.865124623,0.807958247,0.057166376000000074
phase_052,logistics_constrained,0.4,0.5,2026200001,90,0.0,0.77830938,0.845534461,0.845534461,0.77830938,0.06722508099999991
phase_052,logistics_constrained,0.4,0.5,2026200001,180,0.0,0.751745171,0.821247739,0.821247739,0.751745171,0.06950256799999999
phase_052,logistics_constrained,0.4,0.5,2026200001,360,0.0,0.692497422,0.769347775,0.769347775,0.692497422,0.07685035299999998
phase_052,logistics_constrained,0.4,0.5,2026200002,7,0.894325048,0.875098191,0.895837517,0.0015124690000000163,-0.01922685700000004,0.020739326000000058
phase_052,logistics_constrained,0.4,0.5,2026200002,30,0.875050185,0.829150051,0.879358693,0.004308508000000044,-0.045900133999999926,0.05020864199999997
phase_052,logistics_constrained,0.4,0.5,2026200002,90,0.843840911,0.792674211,0.851156181,0.007315269999999985,-0.05116670000000001,0.058481969999999994
phase_052,logistics_constrained,0.4,0.5,2026200002,180,0.796623448,0.75031499,0.811388192,0.014764744000000052,-0.04630845799999994,0.06107320199999999
phase_052,logistics_constrained,0.4,0.5,2026200002,360,0.68814354,0.651542741,0.724795149,0.036651608999999974,-0.03660079900000002,0.07325240799999999
phase_052,logistics_constrained,0.4,0.5,2026200003,7,0.869319045,0.863910361,0.888832203,0.019513157999999975,-0.0054086840000000524,0.024921842000000027
phase_052,logistics_constrained,0.4,0.5,2026200003,30,0.815509723,0.803520641,0.867013723,0.051503999999999994,-0.01198908200000004,0.06349308200000003
phase_052,logistics_constrained,0.4,0.5,2026200003,90,0.76460361,0.76637808,0.842029263,0.07742565300000004,0.0017744699999999725,0.07565118300000007
phase_052,logistics_constrained,0.4,0.5,2026200003,180,0.68365928,0.727898305,0.809816112,0.12615683200000005,0.04423902499999999,0.08191780700000006
phase_052,logistics_constrained,0.4,0.5,2026200003,360,0.0,0.6317645,0.730904471,0.730904471,0.6317645,0.09913997100000005
phase_052,logistics_constrained,0.4,0.5,2026200004,7,0.888943443,0.0,0.791540101,-0.097403342,-0.888943443,0.791540101
phase_052,logistics_constrained,0.4,0.5,2026200004,30,0.867259062,0.0,0.0,-0.867259062,-0.867259062,0.0
phase_052,logistics_constrained,0.4,0.5,2026200004,90,0.83092446,0.0,0.0,-0.83092446,-0.83092446,0.0
phase_052,logistics_constrained,0.4,0.5,2026200004,180,0.772724328,0.0,0.0,-0.772724328,-0.772724328,0.0
phase_052,logistics_constrained,0.4,0.5,2026200004,360,0.601695115,0.0,0.0,-0.601695115,-0.601695115,0.0
phase_052,logistics_constrained,0.4,0.5,2026200005,7,0.0,0.686812053,0.806563019,0.806563019,0.686812053,0.11975096600000001
phase_052,logistics_constrained,0.4,0.5,2026200005,30,0.0,0.0,0.0,0.0,0.0,0.0
phase_052,logistics_constrained,0.4,0.5,2026200005,90,0.0,0.0,0.0,0.0,0.0,0.0
phase_052,logistics_constrained,0.4,0.5,2026200005,180,0.0,0.0,0.0,0.0,0.0,0.0
phase_052,logistics_constrained,0.4,0.5,2026200005,360,0.0,0.0,0.0,0.0,0.0,0.0
phase_052,logistics_constrained,0.4,0.5,2026200006,7,0.0,0.0,0.0,0.0,0.0,0.0
phase_052,logistics_constrained,0.4,0.5,2026200006,30,0.0,0.0,0.0,0.0,0.0,0.0
phase_052,logistics_constrained,0.4,0.5,2026200006,90,0.0,0.0,0.0,0.0,0.0,0.0
phase_052,logistics_constrained,0.4,0.5,2026200006,180,0.0,0.0,0.0,0.0,0.0,0.0
phase_052,logistics_constrained,0.4,0.5,2026200006,360,0.0,0.0,0.0,0.0,0.0,0.0
phase_052,logistics_constrained,0.4,0.5,2026200007,7,0.856641053,0.837516504,0.877247588,0.02060653499999998,-0.019124549000000046,0.03973108400000003
phase_052,logistics_constrained,0.4,0.5,2026200007,30,0.7571507,0.703568586,0.829908513,0.07275781300000006,-0.0535821139999999,0.12633992699999996
phase_052,logistics_constrained,0.4,0.5,2026200007,90,0.554916443,0.565373119,0.771190011,0.21627356799999997,0.010456675999999998,0.20581689199999997
phase_052,logistics_constrained,0.4,0.5,2026200007,180,0.0,0.0,0.668783803,0.668783803,0.0,0.668783803
phase_052,logistics_constrained,0.4,0.5,2026200007,360,0.0,0.0,0.0,0.0,0.0,0.0
phase_052,logistics_constrained,0.4,0.5,2026200008,7,0.881070172,0.852004548,0.886103654,0.005033481999999978,-0.029065624000000012,0.03409910599999999
phase_052,logistics_constrained,0.4,0.5,2026200008,30,0.842096185,0.762591952,0.856501411,0.014405225999999938,-0.07950423300000009,0.09390945900000003
phase_052,logistics_constrained,0.4,0.5,2026200008,90,0.788746706,0.69326725,0.816233104,0.02748639800000008,-0.09547945599999996,0.12296585400000004
phase_052,logistics_constrained,0.4,0.5,2026200008,180,0.700857382,0.601485152,0.758178335,0.05732095299999995,-0.09937223000000006,0.156693183
phase_052,logistics_constrained,0.4,0.5,2026200008,360,0.0,0.0,0.590047234,0.590047234,0.0,0.590047234
phase_052,logistics_constrained,0.4,0.5,2026200009,7,0.0,0.717173926,0.844368317,0.844368317,0.717173926,0.12719439100000007
phase_052,logistics_constrained,0.4,0.5,2026200009,30,0.0,0.0,0.705230985,0.705230985,0.0,0.705230985
phase_052,logistics_constrained,0.4,0.5,2026200009,90,0.0,0.0,0.0,0.0,0.0,0.0
phase_052,logistics_constrained,0.4,0.5,2026200009,180,0.0,0.0,0.0,0.0,0.0,0.0
phase_052,logistics_constrained,0.4,0.5,2026200009,360,0.0,0.0,0.0,0.0,0.0,0.0
phase_052,logistics_constrained,0.4,0.5,2026200010,7,0.0,0.0,0.0,0.0,0.0,0.0
phase_052,logistics_constrained,0.4,0.5,2026200010,30,0.0,0.0,0.0,0.0,0.0,0.0
phase_052,logistics_constrained,0.4,0.5,2026200010,90,0.0,0.0,0.0,0.0,0.0,0.0
phase_052,logistics_constrained,0.4,0.5,2026200010,180,0.0,0.0,0.0,0.0,0.0,0.0
phase_052,logistics_constrained,0.4,0.5,2026200010,360,0.0,0.0,0.0,0.0,0.0,0.0
phase_052,logistics_constrained,0.4,0.5,2026200011,7,0.885317301,0.851742281,0.891907257,0.006589956000000008,-0.0335750199999999,0.04016497599999991
phase_052,logistics_constrained,0.4,0.5,2026200011,30,0.851877024,0.766745589,0.873604235,0.02172721099999997,-0.08513143499999998,0.10685864599999995
phase_052,logistics_constrained,0.4,0.5,2026200011,90,0.798992155,0.703149039,0.840131091,0.04113893600000007,-0.09584311599999995,0.13698205200000002
phase_052,logistics_constrained,0.4,0.5,2026200011,180,0.702539806,0.621319041,0.790315896,0.08777608999999997,-0.08122076499999997,0.16899685499999995
phase_052,logistics_constrained,0.4,0.5,2026200011,360,0.0,0.0,0.665155629,0.665155629,0.0,0.665155629
phase_053,logistics_constrained,0.4,0.75,2026200000,7,0.873435179,0.848749309,0.877786796,0.004351616999999974,-0.02468587,0.029037486999999973
phase_053,logistics_constrained,0.4,0.75,2026200000,30,0.830339517,0.757992494,0.83957797,0.009238453000000035,-0.07234702299999995,0.08158547599999999
phase_053,logistics_constrained,0.4,0.75,2026200000,90,0.792258083,0.703196572,0.804738282,0.01248019899999997,-0.08906151100000004,0.10154171000000001
phase_053,logistics_constrained,0.4,0.75,2026200000,180,0.74619437,0.650767326,0.761531498,0.015337127999999978,-0.09542704400000002,0.110764172
phase_053,logistics_constrained,0.4,0.75,2026200000,360,0.626878852,0.504312109,0.667866356,0.04098750399999995,-0.12256674300000003,0.16355424699999999
phase_053,logistics_constrained,0.4,0.75,2026200001,7,0.0,0.858534983,0.889103462,0.889103462,0.858534983,0.030568479000000037
phase_053,logistics_constrained,0.4,0.75,2026200001,30,0.0,0.788603355,0.868076405,0.868076405,0.788603355,0.07947305000000005
phase_053,logistics_constrained,0.4,0.75,2026200001,90,0.0,0.755265342,0.84926761,0.84926761,0.755265342,0.094002268
phase_053,logistics_constrained,0.4,0.75,2026200001,180,0.0,0.729137159,0.825970312,0.825970312,0.729137159,0.09683315300000006
phase_053,logistics_constrained,0.4,0.75,2026200001,360,0.0,0.672316212,0.778018492,0.778018492,0.672316212,0.10570227999999993
phase_053,logistics_constrained,0.4,0.75,2026200002,7,0.894325048,0.867197427,0.896176191,0.0018511429999999995,-0.02712762099999999,0.02897876399999999
phase_053,logistics_constrained,0.4,0.75,2026200002,30,0.875050185,0.806378963,0.878598199,0.0035480140000000437,-0.06867122199999998,0.07221923600000002
phase_053,logistics_constrained,0.4,0.75,2026200002,90,0.843840911,0.765934258,0.850752757,0.006911845999999944,-0.07790665299999999,0.08481849899999994
phase_053,logistics_constrained,0.4,0.75,2026200002,180,0.796623448,0.721594872,0.810299588,0.013676140000000059,-0.0750285759999999,0.08870471599999996
phase_053,logistics_constrained,0.4,0.75,2026200002,360,0.68814354,0.6127311,0.721436858,0.033293318000000016,-0.07541244000000003,0.10870575800000004
phase_053,logistics_constrained,0.4,0.75,2026200003,7,0.869319045,0.856269536,0.88998838,0.02066933500000001,-0.013049509000000015,0.033718844000000026
phase_053,logistics_constrained,0.4,0.75,2026200003,30,0.815509723,0.779177961,0.868085534,0.05257581099999997,-0.03633176199999999,0.08890757299999996
phase_053,logistics_constrained,0.4,0.75,2026200003,90,0.76460361,0.739884012,0.844077874,0.07947426400000002,-0.02471959800000001,0.10419386200000003
phase_053,logistics_constrained,0.4,0.75,2026200003,180,0.68365928,0.697102745,0.810966149,0.127306869,0.013443465000000043,0.11386340399999995
phase_053,logistics_constrained,0.4,0.75,2026200003,360,0.0,0.594330336,0.737457458,0.737457458,0.594330336,0.143127122
phase_053,logistics_constrained,0.4,0.75,2026200004,7,0.888943443,0.85644689,0.869833516,-0.019109927000000027,-0.032496553000000095,0.013386626000000068
phase_053,logistics_constrained,0.4,0.75,2026200004,30,0.867259062,0.789086951,0.824015058,-0.04324400400000006,-0.07817211099999999,0.03492810699999993
phase_053,logistics_constrained,0.4,0.75,2026200004,90,0.83092446,0.752843158,0.792335039,-0.03858942099999996,-0.07808130199999996,0.039491881000000006
phase_053,logistics_constrained,0.4,0.75,2026200004,180,0.772724328,0.723108044,0.761496073,-0.01122825500000002,-0.049616284000000066,0.038388029000000046
phase_053,logistics_constrained,0.4,0.75,2026200004,360,0.601695115,0.666433955,0.703546006,0.101850891,0.06473884000000008,0.037112050999999924
phase_053,logistics_constrained,0.4,0.75,2026200005,7,0.0,0.635854506,0.827096596,0.827096596,0.635854506,0.19124208999999992
phase_053,logistics_constrained,0.4,0.75,2026200005,30,0.0,0.0,0.646632243,0.646632243,0.0,0.646632243
phase_053,logistics_constrained,0.4,0.75,2026200005,90,0.0,0.0,0.0,0.0,0.0,0.0
phase_053,logistics_constrained,0.4,0.75,2026200005,180,0.0,0.0,0.0,0.0,0.0,0.0
phase_053,logistics_constrained,0.4,0.75,2026200005,360,0.0,0.0,0.0,0.0,0.0,0.0
phase_053,logistics_constrained,0.4,0.75,2026200006,7,0.0,0.0,0.0,0.0,0.0,0.0
phase_053,logistics_constrained,0.4,0.75,2026200006,30,0.0,0.0,0.0,0.0,0.0,0.0
phase_053,logistics_constrained,0.4,0.75,2026200006,90,0.0,0.0,0.0,0.0,0.0,0.0
phase_053,logistics_constrained,0.4,0.75,2026200006,180,0.0,0.0,0.0,0.0,0.0,0.0
phase_053,logistics_constrained,0.4,0.75,2026200006,360,0.0,0.0,0.0,0.0,0.0,0.0
phase_053,logistics_constrained,0.4,0.75,2026200007,7,0.856641053,0.875734313,0.895102603,0.038461549999999955,0.01909326,0.019368289999999955
phase_053,logistics_constrained,0.4,0.75,2026200007,30,0.7571507,0.834839391,0.880915774,0.12376507400000003,0.07768869100000009,0.04607638299999994
phase_053,logistics_constrained,0.4,0.75,2026200007,90,0.554916443,0.808427375,0.860417879,0.305501436,0.25351093199999997,0.05199050400000005
phase_053,logistics_constrained,0.4,0.75,2026200007,180,0.0,0.781527617,0.833030393,0.833030393,0.781527617,0.05150277600000008
phase_053,logistics_constrained,0.4,0.75,2026200007,360,0.0,0.727647523,0.779085125,0.779085125,0.727647523,0.05143760200000003
phase_053,logistics_constrained,0.4,0.75,2026200008,7,0.881070172,0.84603446,0.888114504,0.0070443319999999865,-0.035035712,0.04208004399999998
phase_053,logistics_constrained,0.4,0.75,2026200008,30,0.842096185,0.743802759,0.861699307,0.019603121999999917,-0.09829342600000002,0.11789654799999993
phase_053,logistics_constrained,0.4,0.75,2026200008,90,0.788746706,0.673935045,0.826430068,0.037683362,-0.11481166099999995,0.15249502299999995
phase_053,logistics_constrained,0.4,0.75,2026200008,180,0.700857382,0.589745741,0.775001084,0.07414370199999998,-0.11111164100000004,0.18525534300000002
phase_053,logistics_constrained,0.4,0.75,2026200008,360,0.0,0.0,0.647585958,0.647585958,0.0,0.647585958
phase_053,logistics_constrained,0.4,0.75,2026200009,7,0.0,0.753983061,0.860822678,0.860822678,0.753983061,0.106839617
phase_053,logistics_constrained,0.4,0.75,2026200009,30,0.0,0.0,0.775038284,0.775038284,0.0,0.775038284
phase_053,logistics_constrained,0.4,0.75,2026200009,90,0.0,0.0,0.628977106,0.628977106,0.0,0.628977106
phase_053,logistics_constrained,0.4,0.75,2026200009,180,0.0,0.0,0.0,0.0,0.0,0.0
phase_053,logistics_constrained,0.4,0.75,2026200009,360,0.0,0.0,0.0,0.0,0.0,0.0
phase_053,logistics_constrained,0.4,0.75,2026200010,7,0.0,0.0,0.0,0.0,0.0,0.0
phase_053,logistics_constrained,0.4,0.75,2026200010,30,0.0,0.0,0.0,0.0,0.0,0.0
phase_053,logistics_constrained,0.4,0.75,2026200010,90,0.0,0.0,0.0,0.0,0.0,0.0
phase_053,logistics_constrained,0.4,0.75,2026200010,180,0.0,0.0,0.0,0.0,0.0,0.0
phase_053,logistics_constrained,0.4,0.75,2026200010,360,0.0,0.0,0.0,0.0,0.0,0.0
phase_053,logistics_constrained,0.4,0.75,2026200011,7,0.885317301,0.840622179,0.891873096,0.006555795000000031,-0.04469512199999992,0.05125091699999995
phase_053,logistics_constrained,0.4,0.75,2026200011,30,0.851877024,0.728580647,0.872614063,0.020737039000000013,-0.12329637699999996,0.14403341599999997
phase_053,logistics_constrained,0.4,0.75,2026200011,90,0.798992155,0.657723921,0.844443882,0.045451727,-0.141268234,0.186719961
phase_053,logistics_constrained,0.4,0.75,2026200011,180,0.702539806,0.573347356,0.801402787,0.09886298100000002,-0.12919245000000001,0.22805543100000003
phase_053,logistics_constrained,0.4,0.75,2026200011,360,0.0,0.0,0.701062248,0.701062248,0.0,0.701062248
phase_054,logistics_constrained,0.4,1.0,2026200000,7,0.873435179,0.844869869,0.880967057,0.007531877999999992,-0.028565309999999955,0.03609718799999995
phase_054,logistics_constrained,0.4,1.0,2026200000,30,0.830339517,0.747339268,0.849049782,0.01871026500000006,-0.08300024900000003,0.10171051400000009
phase_054,logistics_constrained,0.4,1.0,2026200000,90,0.792258083,0.692702163,0.818620546,0.026362463000000003,-0.09955592000000002,0.12591838300000002
phase_054,logistics_constrained,0.4,1.0,2026200000,180,0.74619437,0.649216902,0.783243783,0.037049412999999976,-0.09697746799999996,0.13402688099999993
phase_054,logistics_constrained,0.4,1.0,2026200000,360,0.626878852,0.529553091,0.704678301,0.07779944899999991,-0.09732576100000001,0.17512520999999992
phase_054,logistics_constrained,0.4,1.0,2026200001,7,0.0,0.868732405,0.880274044,0.880274044,0.868732405,0.011541638999999937
phase_054,logistics_constrained,0.4,1.0,2026200001,30,0.0,0.81605099,0.844655156,0.844655156,0.81605099,0.02860416599999993
phase_054,logistics_constrained,0.4,1.0,2026200001,90,0.0,0.781036638,0.811998249,0.811998249,0.781036638,0.030961610999999944
phase_054,logistics_constrained,0.4,1.0,2026200001,180,0.0,0.748313361,0.776751171,0.776751171,0.748313361,0.028437810000000008
phase_054,logistics_constrained,0.4,1.0,2026200001,360,0.0,0.683993541,0.707957262,0.707957262,0.683993541,0.023963720999999993
phase_054,logistics_constrained,0.4,1.0,2026200002,7,0.894325048,0.860829008,0.896531183,0.002206134999999998,-0.03349604000000006,0.03570217500000006
phase_054,logistics_constrained,0.4,1.0,2026200002,30,0.875050185,0.788433432,0.879479831,0.004429646000000065,-0.08661675299999994,0.091046399
phase_054,logistics_constrained,0.4,1.0,2026200002,90,0.843840911,0.744630232,0.852178835,0.008337923999999997,-0.09921067900000002,0.10754860300000002
phase_054,logistics_constrained,0.4,1.0,2026200002,180,0.796623448,0.701102926,0.813123289,0.016499841000000015,-0.09552052199999994,0.11202036299999996
phase_054,logistics_constrained,0.4,1.0,2026200002,360,0.68814354,0.596270335,0.73070643,0.04256289000000002,-0.09187320499999996,0.13443609499999998
phase_054,logistics_constrained,0.4,1.0,2026200003,7,0.869319045,0.84927093,0.88963071,0.020311665000000034,-0.020048115000000033,0.04035978000000007
phase_054,logistics_constrained,0.4,1.0,2026200003,30,0.815509723,0.760211901,0.869214885,0.05370516199999997,-0.055297821999999996,0.10900298399999997
phase_054,logistics_constrained,0.4,1.0,2026200003,90,0.76460361,0.714833692,0.846701552,0.08209794199999998,-0.04976991799999997,0.13186785999999995
phase_054,logistics_constrained,0.4,1.0,2026200003,180,0.68365928,0.678121457,0.816710993,0.13305171300000007,-0.005537822999999942,0.138589536
phase_054,logistics_constrained,0.4,1.0,2026200003,360,0.0,0.57932773,0.747235143,0.747235143,0.57932773,0.167907413
phase_054,logistics_constrained,0.4,1.0,2026200004,7,0.888943443,0.0,0.0,-0.888943443,-0.888943443,0.0
phase_054,logistics_constrained,0.4,1.0,2026200004,30,0.867259062,0.0,0.0,-0.867259062,-0.867259062,0.0
phase_054,logistics_constrained,0.4,1.0,2026200004,90,0.83092446,0.0,0.0,-0.83092446,-0.83092446,0.0
phase_054,logistics_constrained,0.4,1.0,2026200004,180,0.772724328,0.0,0.0,-0.772724328,-0.772724328,0.0
phase_054,logistics_constrained,0.4,1.0,2026200004,360,0.601695115,0.0,0.0,-0.601695115,-0.601695115,0.0
phase_054,logistics_constrained,0.4,1.0,2026200005,7,0.0,0.694561107,0.83885059,0.83885059,0.694561107,0.144289483
phase_054,logistics_constrained,0.4,1.0,2026200005,30,0.0,0.0,0.698778034,0.698778034,0.0,0.698778034
phase_054,logistics_constrained,0.4,1.0,2026200005,90,0.0,0.0,0.0,0.0,0.0,0.0
phase_054,logistics_constrained,0.4,1.0,2026200005,180,0.0,0.0,0.0,0.0,0.0,0.0
phase_054,logistics_constrained,0.4,1.0,2026200005,360,0.0,0.0,0.0,0.0,0.0,0.0
phase_054,logistics_constrained,0.4,1.0,2026200006,7,0.0,0.0,0.0,0.0,0.0,0.0
phase_054,logistics_constrained,0.4,1.0,2026200006,30,0.0,0.0,0.0,0.0,0.0,0.0
phase_054,logistics_constrained,0.4,1.0,2026200006,90,0.0,0.0,0.0,0.0,0.0,0.0
phase_054,logistics_constrained,0.4,1.0,2026200006,180,0.0,0.0,0.0,0.0,0.0,0.0
phase_054,logistics_constrained,0.4,1.0,2026200006,360,0.0,0.0,0.0,0.0,0.0,0.0
phase_054,logistics_constrained,0.4,1.0,2026200007,7,0.856641053,0.820990896,0.883281257,0.026640204,-0.03565015700000007,0.06229036100000007
phase_054,logistics_constrained,0.4,1.0,2026200007,30,0.7571507,0.645880756,0.85250252,0.09535182000000009,-0.11126994400000001,0.2066217640000001
phase_054,logistics_constrained,0.4,1.0,2026200007,90,0.554916443,0.516727534,0.824524851,0.26960840799999997,-0.03818890899999994,0.3077973169999999
phase_054,logistics_constrained,0.4,1.0,2026200007,180,0.0,0.0,0.786650136,0.786650136,0.0,0.786650136
phase_054,logistics_constrained,0.4,1.0,2026200007,360,0.0,0.0,0.699704991,0.699704991,0.0,0.699704991
phase_054,logistics_constrained,0.4,1.0,2026200008,7,0.881070172,0.83833568,0.888856262,0.007786089999999968,-0.04273449200000001,0.05052058199999998
phase_054,logistics_constrained,0.4,1.0,2026200008,30,0.842096185,0.716565594,0.863743998,0.02164781299999996,-0.12553059100000008,0.14717840400000004
phase_054,logistics_constrained,0.4,1.0,2026200008,90,0.788746706,0.635554224,0.82993362,0.041186914000000074,-0.15319248200000002,0.1943793960000001
phase_054,logistics_constrained,0.4,1.0,2026200008,180,0.700857382,0.542394255,0.781535452,0.08067806999999994,-0.15846312699999998,0.23914119699999992
phase_054,logistics_constrained,0.4,1.0,2026200008,360,0.0,0.0,0.667503483,0.667503483,0.0,0.667503483
phase_054,logistics_constrained,0.4,1.0,2026200009,7,0.0,0.750094701,0.866175032,0.866175032,0.750094701,0.11608033100000004
phase_054,logistics_constrained,0.4,1.0,2026200009,30,0.0,0.0,0.793417536,0.793417536,0.0,0.793417536
phase_054,logistics_constrained,0.4,1.0,2026200009,90,0.0,0.0,0.683817019,0.683817019,0.0,0.683817019
phase_054,logistics_constrained,0.4,1.0,2026200009,180,0.0,0.0,0.0,0.0,0.0,0.0
phase_054,logistics_constrained,0.4,1.0,2026200009,360,0.0,0.0,0.0,0.0,0.0,0.0
phase_054,logistics_constrained,0.4,1.0,2026200010,7,0.0,0.0,0.0,0.0,0.0,0.0
phase_054,logistics_constrained,0.4,1.0,2026200010,30,0.0,0.0,0.0,0.0,0.0,0.0
phase_054,logistics_constrained,0.4,1.0,2026200010,90,0.0,0.0,0.0,0.0,0.0,0.0
phase_054,logistics_constrained,0.4,1.0,2026200010,180,0.0,0.0,0.0,0.0,0.0,0.0
phase_054,logistics_constrained,0.4,1.0,2026200010,360,0.0,0.0,0.0,0.0,0.0,0.0
phase_054,logistics_constrained,0.4,1.0,2026200011,7,0.885317301,0.832342437,0.891628712,0.0063114110000001,-0.052974863999999955,0.059286275000000055
phase_054,logistics_constrained,0.4,1.0,2026200011,30,0.851877024,0.701555687,0.874551682,0.022674658000000014,-0.15032133699999994,0.17299599499999996
phase_054,logistics_constrained,0.4,1.0,2026200011,90,0.798992155,0.618954959,0.847712007,0.04871985200000006,-0.180037196,0.22875704800000007
phase_054,logistics_constrained,0.4,1.0,2026200011,180,0.702539806,0.519525518,0.805379535,0.10283972900000005,-0.18301428799999997,0.285854017
phase_054,logistics_constrained,0.4,1.0,2026200011,360,0.0,0.0,0.717827626,0.717827626,0.0,0.717827626
phase_055,logistics_constrained,0.4,1.5,2026200000,7,0.873435179,0.836202245,0.881814206,0.008379027000000039,-0.03723293400000005,0.04561196100000009
phase_055,logistics_constrained,0.4,1.5,2026200000,30,0.830339517,0.715410316,0.850073748,0.019734231000000046,-0.11492920099999993,0.13466343199999997
phase_055,logistics_constrained,0.4,1.5,2026200000,90,0.792258083,0.647096578,0.8178812,0.025623116999999973,-0.14516150500000002,0.170784622
phase_055,logistics_constrained,0.4,1.5,2026200000,180,0.74619437,0.596489502,0.779560969,0.03336659900000005,-0.14970486800000005,0.1830714670000001
phase_055,logistics_constrained,0.4,1.5,2026200000,360,0.626878852,0.445019379,0.701292044,0.07441319199999996,-0.18185947300000005,0.256272665
phase_055,logistics_constrained,0.4,1.5,2026200001,7,0.0,0.884687981,0.897843583,0.897843583,0.884687981,0.013155601999999988
phase_055,logistics_constrained,0.4,1.5,2026200001,30,0.0,0.856296218,0.886129015,0.886129015,0.856296218,0.029832796999999966
phase_055,logistics_constrained,0.4,1.5,2026200001,90,0.0,0.825811106,0.856551924,0.856551924,0.825811106,0.03074081800000006
phase_055,logistics_constrained,0.4,1.5,2026200001,180,0.0,0.789206652,0.815501159,0.815501159,0.789206652,0.026294507000000023
phase_055,logistics_constrained,0.4,1.5,2026200001,360,0.0,0.719494008,0.737775842,0.737775842,0.719494008,0.018281834000000052
phase_055,logistics_constrained,0.4,1.5,2026200002,7,0.894325048,0.850083317,0.896979887,0.0026548389999999644,-0.04424173100000006,0.046896570000000026
phase_055,logistics_constrained,0.4,1.5,2026200002,30,0.875050185,0.755131573,0.88033469,0.005284504999999995,-0.11991861199999998,0.12520311699999997
phase_055,logistics_constrained,0.4,1.5,2026200002,90,0.843840911,0.702640453,0.852904436,0.009063524999999961,-0.14120045800000003,0.150263983
phase_055,logistics_constrained,0.4,1.5,2026200002,180,0.796623448,0.661981351,0.817637295,0.021013847000000085,-0.13464209699999996,0.15565594400000005
phase_055,logistics_constrained,0.4,1.5,2026200002,360,0.68814354,0.551146207,0.737797674,0.04965413399999996,-0.13699733299999994,0.1866514669999999
phase_055,logistics_constrained,0.4,1.5,2026200003,7,0.869319045,0.841927844,0.891267805,0.02194876000000001,-0.02739120100000003,0.04933996100000004
phase_055,logistics_constrained,0.4,1.5,2026200003,30,0.815509723,0.733893182,0.872023913,0.05651419000000002,-0.08161654100000004,0.13813073100000006
phase_055,logistics_constrained,0.4,1.5,2026200003,90,0.76460361,0.682624321,0.851199804,0.08659619399999996,-0.08197928899999996,0.16857548299999991
phase_055,logistics_constrained,0.4,1.5,2026200003,180,0.68365928,0.646544331,0.821855272,0.138195992,-0.03711494900000001,0.175310941
phase_055,logistics_constrained,0.4,1.5,2026200003,360,0.0,0.562972271,0.762883407,0.762883407,0.562972271,0.199911136
phase_055,logistics_constrained,0.4,1.5,2026200004,7,0.888943443,0.85644682,0.878474963,-0.010468480000000002,-0.032496623,0.022028143
phase_055,logistics_constrained,0.4,1.5,2026200004,30,0.867259062,0.788316162,0.844662228,-0.02259683400000001,-0.07894290000000004,0.05634606600000003
phase_055,logistics_constrained,0.4,1.5,2026200004,90,0.83092446,0.754868062,0.817831227,-0.013093232999999982,-0.07605639799999997,0.06296316499999999
phase_055,logistics_constrained,0.4,1.5,2026200004,180,0.772724328,0.727181418,0.787201181,0.014476853000000012,-0.04554290999999999,0.060019763000000004
phase_055,logistics_constrained,0.4,1.5,2026200004,360,0.601695115,0.673496673,0.728713906,0.12701879100000002,0.0718015580000001,0.05521723299999992
phase_055,logistics_constrained,0.4,1.5,2026200005,7,0.0,0.702518697,0.857099976,0.857099976,0.702518697,0.15458127899999996
phase_055,logistics_constrained,0.4,1.5,2026200005,30,0.0,0.0,0.776210753,0.776210753,0.0,0.776210753
phase_055,logistics_constrained,0.4,1.5,2026200005,90,0.0,0.0,0.659670674,0.659670674,0.0,0.659670674
phase_055,logistics_constrained,0.4,1.5,2026200005,180,0.0,0.0,0.0,0.0,0.0,0.0
phase_055,logistics_constrained,0.4,1.5,2026200005,360,0.0,0.0,0.0,0.0,0.0,0.0
phase_055,logistics_constrained,0.4,1.5,2026200006,7,0.0,0.783728107,0.871578537,0.871578537,0.783728107,0.08785043000000003
phase_055,logistics_constrained,0.4,1.5,2026200006,30,0.0,0.0,0.823766179,0.823766179,0.0,0.823766179
phase_055,logistics_constrained,0.4,1.5,2026200006,90,0.0,0.0,0.774563066,0.774563066,0.0,0.774563066
phase_055,logistics_constrained,0.4,1.5,2026200006,180,0.0,0.0,0.707986483,0.707986483,0.0,0.707986483
phase_055,logistics_constrained,0.4,1.5,2026200006,360,0.0,0.0,0.493688808,0.493688808,0.0,0.493688808
phase_055,logistics_constrained,0.4,1.5,2026200007,7,0.856641053,0.816422479,0.887147834,0.030506780999999927,-0.04021857400000006,0.07072535499999999
phase_055,logistics_constrained,0.4,1.5,2026200007,30,0.7571507,0.622254793,0.861492636,0.10434193600000008,-0.13489590699999998,0.23923784300000006
phase_055,logistics_constrained,0.4,1.5,2026200007,90,0.554916443,0.466308765,0.835334322,0.28041787900000004,-0.08860767799999997,0.369025557
phase_055,logistics_constrained,0.4,1.5,2026200007,180,0.0,0.0,0.802742218,0.802742218,0.0,0.802742218
phase_055,logistics_constrained,0.4,1.5,2026200007,360,0.0,0.0,0.732674457,0.732674457,0.0,0.732674457
phase_055,logistics_constrained,0.4,1.5,2026200008,7,0.881070172,0.829710403,0.891635921,0.010565748999999958,-0.051359769000000055,0.06192551800000001
phase_055,logistics_constrained,0.4,1.5,2026200008,30,0.842096185,0.682037209,0.870322552,0.02822636699999992,-0.16005897600000007,0.188285343
phase_055,logistics_constrained,0.4,1.5,2026200008,90,0.788746706,0.583146222,0.838688891,0.04994218500000003,-0.20560048399999997,0.255542669
phase_055,logistics_constrained,0.4,1.5,2026200008,180,0.700857382,0.479895902,0.795274265,0.09441688299999995,-0.22096148000000004,0.315378363
phase_055,logistics_constrained,0.4,1.5,2026200008,360,0.0,0.0,0.6981,0.6981,0.0,0.6981
phase_055,logistics_constrained,0.4,1.5,2026200009,7,0.0,0.769338368,0.876174088,0.876174088,0.769338368,0.10683571999999997
phase_055,logistics_constrained,0.4,1.5,2026200009,30,0.0,0.0,0.825130117,0.825130117,0.0,0.825130117
phase_055,logistics_constrained,0.4,1.5,2026200009,90,0.0,0.0,0.752594955,0.752594955,0.0,0.752594955
phase_055,logistics_constrained,0.4,1.5,2026200009,180,0.0,0.0,0.62910135,0.62910135,0.0,0.62910135
phase_055,logistics_constrained,0.4,1.5,2026200009,360,0.0,0.0,0.0,0.0,0.0,0.0
phase_055,logistics_constrained,0.4,1.5,2026200010,7,0.0,0.0,0.0,0.0,0.0,0.0
phase_055,logistics_constrained,0.4,1.5,2026200010,30,0.0,0.0,0.0,0.0,0.0,0.0
phase_055,logistics_constrained,0.4,1.5,2026200010,90,0.0,0.0,0.0,0.0,0.0,0.0
phase_055,logistics_constrained,0.4,1.5,2026200010,180,0.0,0.0,0.0,0.0,0.0,0.0
phase_055,logistics_constrained,0.4,1.5,2026200010,360,0.0,0.0,0.0,0.0,0.0,0.0
phase_055,logistics_constrained,0.4,1.5,2026200011,7,0.885317301,0.826660439,0.893312717,0.007995416000000088,-0.058656861999999976,0.06665227800000006
phase_055,logistics_constrained,0.4,1.5,2026200011,30,0.851877024,0.676620771,0.8774083,0.025531276000000047,-0.17525625300000003,0.20078752900000008
phase_055,logistics_constrained,0.4,1.5,2026200011,90,0.798992155,0.584123713,0.85182454,0.05283238499999998,-0.214868442,0.267700827
phase_055,logistics_constrained,0.4,1.5,2026200011,180,0.702539806,0.500539239,0.816260613,0.11372080699999998,-0.20200056700000002,0.315721374
phase_055,logistics_constrained,0.4,1.5,2026200011,360,0.0,0.0,0.744127062,0.744127062,0.0,0.744127062
phase_056,logistics_constrained,0.4,2.0,2026200000,7,0.873435179,0.8218284,0.855133638,-0.018301541000000032,-0.05160677899999999,0.03330523799999996
phase_056,logistics_constrained,0.4,2.0,2026200000,30,0.830339517,0.65563091,0.774720219,-0.055619297999999984,-0.17470860700000002,0.11908930900000003
phase_056,logistics_constrained,0.4,2.0,2026200000,90,0.792258083,0.565389094,0.729975756,-0.062282327000000026,-0.22686898899999997,0.16458666199999994
phase_056,logistics_constrained,0.4,2.0,2026200000,180,0.74619437,0.530752862,0.701415977,-0.04477839299999997,-0.21544150799999995,0.17066311499999998
phase_056,logistics_constrained,0.4,2.0,2026200000,360,0.626878852,0.442389441,0.64292321,0.016044357999999925,-0.18448941100000005,0.20053376899999997
phase_056,logistics_constrained,0.4,2.0,2026200001,7,0.0,0.0,0.0,0.0,0.0,0.0
phase_056,logistics_constrained,0.4,2.0,2026200001,30,0.0,0.0,0.0,0.0,0.0,0.0
phase_056,logistics_constrained,0.4,2.0,2026200001,90,0.0,0.0,0.0,0.0,0.0,0.0
phase_056,logistics_constrained,0.4,2.0,2026200001,180,0.0,0.0,0.0,0.0,0.0,0.0
phase_056,logistics_constrained,0.4,2.0,2026200001,360,0.0,0.0,0.0,0.0,0.0,0.0
phase_056,logistics_constrained,0.4,2.0,2026200002,7,0.894325048,0.828179067,0.895680043,0.0013549950000000255,-0.06614598100000002,0.06750097600000005
phase_056,logistics_constrained,0.4,2.0,2026200002,30,0.875050185,0.668372442,0.876859184,0.0018089989999999778,-0.20667774299999997,0.20848674199999995
phase_056,logistics_constrained,0.4,2.0,2026200002,90,0.843840911,0.566628079,0.848692458,0.004851547000000012,-0.277212832,0.28206437900000003
phase_056,logistics_constrained,0.4,2.0,2026200002,180,0.796623448,0.478217285,0.808863673,0.012240224999999993,-0.31840616299999996,0.33064638799999996
phase_056,logistics_constrained,0.4,2.0,2026200002,360,0.68814354,0.0,0.72415768,0.03601414000000003,-0.68814354,0.72415768
phase_056,logistics_constrained,0.4,2.0,2026200003,7,0.869319045,0.833107641,0.891533578,0.02221453299999998,-0.036211404,0.05842593699999998
phase_056,logistics_constrained,0.4,2.0,2026200003,30,0.815509723,0.697856932,0.87068394,0.055174217000000025,-0.11765279100000003,0.17282700800000006
phase_056,logistics_constrained,0.4,2.0,2026200003,90,0.76460361,0.630141246,0.848191173,0.08358756300000003,-0.134462364,0.21804992700000003
phase_056,logistics_constrained,0.4,2.0,2026200003,180,0.68365928,0.594434865,0.821296726,0.13763744600000005,-0.089224415,0.22686186100000005
phase_056,logistics_constrained,0.4,2.0,2026200003,360,0.0,0.487017138,0.761023328,0.761023328,0.487017138,0.27400619000000004
phase_056,logistics_constrained,0.4,2.0,2026200004,7,0.888943443,0.0,0.876098493,-0.012844950000000077,-0.888943443,0.876098493
phase_056,logistics_constrained,0.4,2.0,2026200004,30,0.867259062,0.0,0.818915823,-0.04834323900000004,-0.867259062,0.818915823
phase_056,logistics_constrained,0.4,2.0,2026200004,90,0.83092446,0.0,0.638429486,-0.19249497399999993,-0.83092446,0.638429486
phase_056,logistics_constrained,0.4,2.0,2026200004,180,0.772724328,0.0,0.0,-0.772724328,-0.772724328,0.0
phase_056,logistics_constrained,0.4,2.0,2026200004,360,0.601695115,0.0,0.0,-0.601695115,-0.601695115,0.0
phase_056,logistics_constrained,0.4,2.0,2026200005,7,0.0,0.816470645,0.880848246,0.880848246,0.816470645,0.064377601
phase_056,logistics_constrained,0.4,2.0,2026200005,30,0.0,0.63496794,0.849621321,0.849621321,0.63496794,0.21465338099999998
phase_056,logistics_constrained,0.4,2.0,2026200005,90,0.0,0.512592884,0.820120816,0.820120816,0.512592884,0.30752793199999995
phase_056,logistics_constrained,0.4,2.0,2026200005,180,0.0,0.420341719,0.788717866,0.788717866,0.420341719,0.36837614700000004
phase_056,logistics_constrained,0.4,2.0,2026200005,360,0.0,0.0,0.721974709,0.721974709,0.0,0.721974709
phase_056,logistics_constrained,0.4,2.0,2026200006,7,0.0,0.0,0.0,0.0,0.0,0.0
phase_056,logistics_constrained,0.4,2.0,2026200006,30,0.0,0.0,0.0,0.0,0.0,0.0
phase_056,logistics_constrained,0.4,2.0,2026200006,90,0.0,0.0,0.0,0.0,0.0,0.0
phase_056,logistics_constrained,0.4,2.0,2026200006,180,0.0,0.0,0.0,0.0,0.0,0.0
phase_056,logistics_constrained,0.4,2.0,2026200006,360,0.0,0.0,0.0,0.0,0.0,0.0
phase_056,logistics_constrained,0.4,2.0,2026200007,7,0.856641053,0.833373182,0.893247666,0.03660661300000001,-0.02326787100000005,0.05987448400000006
phase_056,logistics_constrained,0.4,2.0,2026200007,30,0.7571507,0.701188638,0.876245188,0.119094488,-0.05596206199999998,0.17505654999999998
phase_056,logistics_constrained,0.4,2.0,2026200007,90,0.554916443,0.634920761,0.854620596,0.299704153,0.08000431799999996,0.219699835
phase_056,logistics_constrained,0.4,2.0,2026200007,180,0.0,0.596137488,0.826019563,0.826019563,0.596137488,0.22988207500000002
phase_056,logistics_constrained,0.4,2.0,2026200007,360,0.0,0.491815104,0.767457565,0.767457565,0.491815104,0.27564246099999995
phase_056,logistics_constrained,0.4,2.0,2026200008,7,0.881070172,0.80831032,0.892334994,0.011264822000000008,-0.07275985200000001,0.08402467400000002
phase_056,logistics_constrained,0.4,2.0,2026200008,30,0.842096185,0.557531267,0.872345011,0.030248825999999895,-0.28456491800000006,0.31481374399999995
phase_056,logistics_constrained,0.4,2.0,2026200008,90,0.788746706,0.0,0.841274598,0.052527892000000076,-0.788746706,0.841274598
phase_056,logistics_constrained,0.4,2.0,2026200008,180,0.700857382,0.0,0.798470582,0.09761319999999996,-0.700857382,0.798470582
phase_056,logistics_constrained,0.4,2.0,2026200008,360,0.0,0.0,0.702724657,0.702724657,0.0,0.702724657
phase_056,logistics_constrained,0.4,2.0,2026200009,7,0.0,0.0,0.0,0.0,0.0,0.0
phase_056,logistics_constrained,0.4,2.0,2026200009,30,0.0,0.0,0.0,0.0,0.0,0.0
phase_056,logistics_constrained,0.4,2.0,2026200009,90,0.0,0.0,0.0,0.0,0.0,0.0
phase_056,logistics_constrained,0.4,2.0,2026200009,180,0.0,0.0,0.0,0.0,0.0,0.0
phase_056,logistics_constrained,0.4,2.0,2026200009,360,0.0,0.0,0.0,0.0,0.0,0.0
phase_056,logistics_constrained,0.4,2.0,2026200010,7,0.0,0.0,0.0,0.0,0.0,0.0
phase_056,logistics_constrained,0.4,2.0,2026200010,30,0.0,0.0,0.0,0.0,0.0,0.0
phase_056,logistics_constrained,0.4,2.0,2026200010,90,0.0,0.0,0.0,0.0,0.0,0.0
phase_056,logistics_constrained,0.4,2.0,2026200010,180,0.0,0.0,0.0,0.0,0.0,0.0
phase_056,logistics_constrained,0.4,2.0,2026200010,360,0.0,0.0,0.0,0.0,0.0,0.0
phase_056,logistics_constrained,0.4,2.0,2026200011,7,0.885317301,0.818484404,0.894443013,0.009125712000000008,-0.06683289699999995,0.07595860899999995
phase_056,logistics_constrained,0.4,2.0,2026200011,30,0.851877024,0.635284996,0.879206892,0.027329868000000035,-0.216592028,0.24392189600000003
phase_056,logistics_constrained,0.4,2.0,2026200011,90,0.798992155,0.500164575,0.853043834,0.054051678999999964,-0.29882758,0.35287925899999995
phase_056,logistics_constrained,0.4,2.0,2026200011,180,0.702539806,0.345212737,0.820300474,0.11776066799999996,-0.357327069,0.47508773699999995
phase_056,logistics_constrained,0.4,2.0,2026200011,360,0.0,0.0,0.746075153,0.746075153,0.0,0.746075153
phase_058,logistics_constrained,0.6,0.25,2026200000,7,0.0,0.0,0.0,0.0,0.0,0.0
phase_058,logistics_constrained,0.6,0.25,2026200000,30,0.0,0.0,0.0,0.0,0.0,0.0
phase_058,logistics_constrained,0.6,0.25,2026200000,90,0.0,0.0,0.0,0.0,0.0,0.0
phase_058,logistics_constrained,0.6,0.25,2026200000,180,0.0,0.0,0.0,0.0,0.0,0.0
phase_058,logistics_constrained,0.6,0.25,2026200000,360,0.0,0.0,0.0,0.0,0.0,0.0
phase_058,logistics_constrained,0.6,0.25,2026200001,7,0.887103555,0.0,0.0,-0.887103555,-0.887103555,0.0
phase_058,logistics_constrained,0.6,0.25,2026200001,30,0.851822432,0.0,0.0,-0.851822432,-0.851822432,0.0
phase_058,logistics_constrained,0.6,0.25,2026200001,90,0.802130573,0.0,0.0,-0.802130573,-0.802130573,0.0
phase_058,logistics_constrained,0.6,0.25,2026200001,180,0.743508687,0.0,0.0,-0.743508687,-0.743508687,0.0
phase_058,logistics_constrained,0.6,0.25,2026200001,360,0.642656818,0.0,0.0,-0.642656818,-0.642656818,0.0
phase_058,logistics_constrained,0.6,0.25,2026200002,7,0.896317492,0.894798549,0.896788114,0.0004706220000000316,-0.0015189429999999948,0.0019895650000000265
phase_058,logistics_constrained,0.6,0.25,2026200002,30,0.87826414,0.873689101,0.879003713,0.0007395730000000489,-0.004575039000000003,0.005314612000000052
phase_058,logistics_constrained,0.6,0.25,2026200002,90,0.844955433,0.841377787,0.847859538,0.0029041050000000457,-0.00357764599999999,0.006481751000000036
phase_058,logistics_constrained,0.6,0.25,2026200002,180,0.803691708,0.800164474,0.806029809,0.0023381009999999813,-0.00352723399999999,0.0058653349999999715
phase_058,logistics_constrained,0.6,0.25,2026200002,360,0.721442748,0.717779167,0.722350633,0.0009078850000000527,-0.0036635809999999713,0.004571466000000024
phase_058,logistics_constrained,0.6,0.25,2026200003,7,0.880111441,0.879362895,0.880818265,0.0007068239999999948,-0.0007485460000000721,0.0014553700000000669
phase_058,logistics_constrained,0.6,0.25,2026200003,30,0.832781724,0.830335924,0.834631844,0.0018501200000000662,-0.0024457999999999425,0.004295920000000009
phase_058,logistics_constrained,0.6,0.25,2026200003,90,0.774367727,0.789012598,0.794475277,0.020107549999999974,0.014644871000000004,0.00546267899999997
phase_058,logistics_constrained,0.6,0.25,2026200003,180,0.714436052,0.755302827,0.760268009,0.04583195699999998,0.04086677499999991,0.004965182000000068
phase_058,logistics_constrained,0.6,0.25,2026200003,360,0.601054894,0.696194789,0.700198896,0.09914400199999995,0.09513989499999997,0.004004106999999979
phase_058,logistics_constrained,0.6,0.25,2026200004,7,0.887921151,0.885224786,0.886998496,-0.0009226549999999945,-0.002696365000000034,0.0017737100000000394
phase_058,logistics_constrained,0.6,0.25,2026200004,30,0.863404615,0.856078472,0.860979348,-0.0024252670000000087,-0.007326143000000007,0.0049008759999999985
phase_058,logistics_constrained,0.6,0.25,2026200004,90,0.830537212,0.820740001,0.826763553,-0.0037736589999999293,-0.009797210999999972,0.006023552000000043
phase_058,logistics_constrained,0.6,0.25,2026200004,180,0.79007828,0.780376415,0.785791259,-0.004287021000000002,-0.009701865000000032,0.00541484400000003
phase_058,logistics_constrained,0.6,0.25,2026200004,360,0.716939904,0.707726657,0.711981949,-0.004957954999999958,-0.009213246999999924,0.004255291999999966
phase_058,logistics_constrained,0.6,0.25,2026200005,7,0.877783162,0.875009538,0.876766841,-0.0010163209999999312,-0.002773623999999919,0.0017573029999999878
phase_058,logistics_constrained,0.6,0.25,2026200005,30,0.823970504,0.821313494,0.826356814,0.0023863100000000026,-0.0026570100000000707,0.005043320000000073
phase_058,logistics_constrained,0.6,0.25,2026200005,90,0.755380174,0.752316965,0.758379718,0.0029995440000000206,-0.003063209000000011,0.006062753000000032
phase_058,logistics_constrained,0.6,0.25,2026200005,180,0.678889736,0.676046559,0.681026411,0.0021366750000000323,-0.00284317700000003,0.004979852000000062
phase_058,logistics_constrained,0.6,0.25,2026200005,360,0.526369977,0.524701489,0.527983937,0.0016139600000000254,-0.001668487999999968,0.0032824479999999934
phase_058,logistics_constrained,0.6,0.25,2026200006,7,0.0,0.0,0.0,0.0,0.0,0.0
phase_058,logistics_constrained,0.6,0.25,2026200006,30,0.0,0.814799021,0.900350546,0.900350546,0.814799021,0.08555152499999996
phase_058,logistics_constrained,0.6,0.25,2026200006,90,0.0,0.817106833,0.821904085,0.821904085,0.817106833,0.00479725200000003
phase_058,logistics_constrained,0.6,0.25,2026200006,180,0.0,0.818355498,0.823126677,0.823126677,0.818355498,0.004771179000000014
phase_058,logistics_constrained,0.6,0.25,2026200006,360,0.0,0.808863787,0.814371931,0.814371931,0.808863787,0.005508144000000104
phase_058,logistics_constrained,0.6,0.25,2026200007,7,0.8934937,0.889015026,0.891142375,-0.002351324999999904,-0.004478673999999905,0.0021273490000000006
phase_058,logistics_constrained,0.6,0.25,2026200007,30,0.86991982,0.859158007,0.86489867,-0.00502115000000003,-0.010761813000000009,0.005740662999999979
phase_058,logistics_constrained,0.6,0.25,2026200007,90,0.827941435,0.814972773,0.821853943,-0.006087491999999917,-0.012968661999999909,0.006881169999999992
phase_058,logistics_constrained,0.6,0.25,2026200007,180,0.773589932,0.759357008,0.765384521,-0.008205411000000051,-0.01423292399999998,0.006027512999999929
phase_058,logistics_constrained,0.6,0.25,2026200007,360,0.67048161,0.657420807,0.661958193,-0.008523416999999922,-0.013060802999999899,0.004537385999999977
phase_058,logistics_constrained,0.6,0.25,2026200008,7,0.893559086,0.890980851,0.892882829,-0.0006762569999999579,-0.0025782349999999843,0.0019019780000000264
phase_058,logistics_constrained,0.6,0.25,2026200008,30,0.872038935,0.864496196,0.869656883,-0.002382051999999968,-0.0075427389999999095,0.005160686999999942
phase_058,logistics_constrained,0.6,0.25,2026200008,90,0.835548103,0.826431996,0.832700205,-0.002847898000000071,-0.009116107000000095,0.006268209000000025
phase_058,logistics_constrained,0.6,0.25,2026200008,180,0.788973674,0.780482497,0.786062959,-0.0029107149999999526,-0.008491176999999905,0.005580461999999953
phase_058,logistics_constrained,0.6,0.25,2026200008,360,0.702267143,0.695510854,0.699783152,-0.0024839910000000742,-0.006756289000000026,0.004272297999999952
phase_058,logistics_constrained,0.6,0.25,2026200009,7,0.894100753,0.891093601,0.893110958,-0.000989795000000071,-0.003007152000000013,0.002017356999999942
phase_058,logistics_constrained,0.6,0.25,2026200009,30,0.871224015,0.863204968,0.86863842,-0.002585594999999996,-0.008019047000000001,0.005433452000000005
phase_058,logistics_constrained,0.6,0.25,2026200009,90,0.827589563,0.816829215,0.823347433,-0.004242129999999955,-0.01076034799999992,0.0065182179999999645
phase_058,logistics_constrained,0.6,0.25,2026200009,180,0.768859471,0.758862658,0.764526966,-0.004332504999999931,-0.009996812999999993,0.005664308000000062
phase_058,logistics_constrained,0.6,0.25,2026200009,360,0.660182935,0.650757619,0.654897883,-0.005285052000000068,-0.009425316000000072,0.004140264000000005
phase_058,logistics_constrained,0.6,0.25,2026200010,7,0.0,0.0,0.0,0.0,0.0,0.0
phase_058,logistics_constrained,0.6,0.25,2026200010,30,0.0,0.0,0.0,0.0,0.0,0.0
phase_058,logistics_constrained,0.6,0.25,2026200010,90,0.0,0.0,0.0,0.0,0.0,0.0
phase_058,logistics_constrained,0.6,0.25,2026200010,180,0.0,0.0,0.0,0.0,0.0,0.0
phase_058,logistics_constrained,0.6,0.25,2026200010,360,0.0,0.0,0.0,0.0,0.0,0.0
phase_058,logistics_constrained,0.6,0.25,2026200011,7,0.894341316,0.892460462,0.894537419,0.00019610299999994751,-0.0018808540000000429,0.0020769569999999904
phase_058,logistics_constrained,0.6,0.25,2026200011,30,0.87677294,0.870730098,0.87627932,-0.0004936199999999724,-0.006042841999999937,0.005549221999999965
phase_058,logistics_constrained,0.6,0.25,2026200011,90,0.848059458,0.838662842,0.845403286,-0.002656172000000012,-0.00939661600000008,0.006740444000000068
phase_058,logistics_constrained,0.6,0.25,2026200011,180,0.809005435,0.801367702,0.807534546,-0.0014708890000000308,-0.007637733000000035,0.006166844000000005
phase_058,logistics_constrained,0.6,0.25,2026200011,360,0.740029307,0.731165757,0.736181213,-0.0038480940000000796,-0.008863550000000053,0.005015455999999974
phase_059,logistics_constrained,0.6,0.5,2026200000,7,0.0,0.0,0.0,0.0,0.0,0.0
phase_059,logistics_constrained,0.6,0.5,2026200000,30,0.0,0.0,0.0,0.0,0.0,0.0
phase_059,logistics_constrained,0.6,0.5,2026200000,90,0.0,0.0,0.0,0.0,0.0,0.0
phase_059,logistics_constrained,0.6,0.5,2026200000,180,0.0,0.0,0.0,0.0,0.0,0.0
phase_059,logistics_constrained,0.6,0.5,2026200000,360,0.0,0.0,0.0,0.0,0.0,0.0
phase_059,logistics_constrained,0.6,0.5,2026200001,7,0.887103555,0.0,0.0,-0.887103555,-0.887103555,0.0
phase_059,logistics_constrained,0.6,0.5,2026200001,30,0.851822432,0.0,0.0,-0.851822432,-0.851822432,0.0
phase_059,logistics_constrained,0.6,0.5,2026200001,90,0.802130573,0.0,0.0,-0.802130573,-0.802130573,0.0
phase_059,logistics_constrained,0.6,0.5,2026200001,180,0.743508687,0.0,0.0,-0.743508687,-0.743508687,0.0
phase_059,logistics_constrained,0.6,0.5,2026200001,360,0.642656818,0.0,0.0,-0.642656818,-0.642656818,0.0
phase_059,logistics_constrained,0.6,0.5,2026200002,7,0.896317492,0.892979069,0.896880997,0.0005635050000000197,-0.0033384229999999793,0.003901927999999999
phase_059,logistics_constrained,0.6,0.5,2026200002,30,0.87826414,0.868682248,0.879170447,0.0009063070000000506,-0.009581891999999925,0.010488198999999976
phase_059,logistics_constrained,0.6,0.5,2026200002,90,0.844955433,0.834965563,0.847793009,0.0028375760000000083,-0.009989869999999956,0.012827445999999965
phase_059,logistics_constrained,0.6,0.5,2026200002,180,0.803691708,0.794112471,0.805714675,0.002022967000000042,-0.009579236999999963,0.011602204000000005
phase_059,logistics_constrained,0.6,0.5,2026200002,360,0.721442748,0.712558877,0.721583135,0.0001403870000000751,-0.008883870999999988,0.009024258000000063
phase_059,logistics_constrained,0.6,0.5,2026200003,7,0.880111441,0.0,0.0,-0.880111441,-0.880111441,0.0
phase_059,logistics_constrained,0.6,0.5,2026200003,30,0.832781724,0.0,0.0,-0.832781724,-0.832781724,0.0
phase_059,logistics_constrained,0.6,0.5,2026200003,90,0.774367727,0.0,0.0,-0.774367727,-0.774367727,0.0
phase_059,logistics_constrained,0.6,0.5,2026200003,180,0.714436052,0.0,0.0,-0.714436052,-0.714436052,0.0
phase_059,logistics_constrained,0.6,0.5,2026200003,360,0.601054894,0.0,0.0,-0.601054894,-0.601054894,0.0
phase_059,logistics_constrained,0.6,0.5,2026200004,7,0.887921151,0.0,0.0,-0.887921151,-0.887921151,0.0
phase_059,logistics_constrained,0.6,0.5,2026200004,30,0.863404615,0.0,0.0,-0.863404615,-0.863404615,0.0
phase_059,logistics_constrained,0.6,0.5,2026200004,90,0.830537212,0.0,0.0,-0.830537212,-0.830537212,0.0
phase_059,logistics_constrained,0.6,0.5,2026200004,180,0.79007828,0.0,0.0,-0.79007828,-0.79007828,0.0
phase_059,logistics_constrained,0.6,0.5,2026200004,360,0.716939904,0.0,0.0,-0.716939904,-0.716939904,0.0
phase_059,logistics_constrained,0.6,0.5,2026200005,7,0.877783162,0.869669918,0.872729446,-0.00505371599999993,-0.008113243999999908,0.003059527999999978
phase_059,logistics_constrained,0.6,0.5,2026200005,30,0.823970504,0.802938967,0.812039881,-0.011930623000000029,-0.021031537000000045,0.009100914000000015
phase_059,logistics_constrained,0.6,0.5,2026200005,90,0.755380174,0.726676151,0.737711501,-0.017668672999999968,-0.028704022999999967,0.01103535
phase_059,logistics_constrained,0.6,0.5,2026200005,180,0.678889736,0.652969652,0.661893417,-0.016996318999999982,-0.02592008400000001,0.008923765000000028
phase_059,logistics_constrained,0.6,0.5,2026200005,360,0.526369977,0.508721119,0.514220489,-0.012149488000000042,-0.017648857999999934,0.005499369999999892
phase_059,logistics_constrained,0.6,0.5,2026200006,7,0.0,0.0,0.0,0.0,0.0,0.0
phase_059,logistics_constrained,0.6,0.5,2026200006,30,0.0,0.0,0.0,0.0,0.0,0.0
phase_059,logistics_constrained,0.6,0.5,2026200006,90,0.0,0.0,0.0,0.0,0.0,0.0
phase_059,logistics_constrained,0.6,0.5,2026200006,180,0.0,0.0,0.0,0.0,0.0,0.0
phase_059,logistics_constrained,0.6,0.5,2026200006,360,0.0,0.0,0.0,0.0,0.0,0.0
phase_059,logistics_constrained,0.6,0.5,2026200007,7,0.8934937,0.887327678,0.891061969,-0.002431730999999937,-0.006166021999999938,0.0037342910000000007
phase_059,logistics_constrained,0.6,0.5,2026200007,30,0.86991982,0.853415078,0.863659967,-0.006259852999999982,-0.01650474199999996,0.01024488899999998
phase_059,logistics_constrained,0.6,0.5,2026200007,90,0.827941435,0.803158014,0.81542105,-0.012520384999999967,-0.024783420999999972,0.012263036000000005
phase_059,logistics_constrained,0.6,0.5,2026200007,180,0.773589932,0.746547836,0.757116755,-0.01647317700000006,-0.02704209600000007,0.01056891900000001
phase_059,logistics_constrained,0.6,0.5,2026200007,360,0.67048161,0.644121044,0.651720365,-0.018761244999999982,-0.02636056599999992,0.007599320999999937
phase_059,logistics_constrained,0.6,0.5,2026200008,7,0.893559086,0.890366095,0.894159062,0.0005999759999999466,-0.003192991000000034,0.0037929669999999804
phase_059,logistics_constrained,0.6,0.5,2026200008,30,0.872038935,0.862555199,0.872852507,0.0008135720000000957,-0.009483735999999965,0.01029730800000006
phase_059,logistics_constrained,0.6,0.5,2026200008,90,0.835548103,0.823880371,0.836404946,0.000856842999999996,-0.011667732000000042,0.012524575000000038
phase_059,logistics_constrained,0.6,0.5,2026200008,180,0.788973674,0.777853504,0.78899662,2.294600000007918e-05,-0.011120169999999985,0.011143116000000064
phase_059,logistics_constrained,0.6,0.5,2026200008,360,0.702267143,0.693244627,0.701770373,-0.0004967700000000352,-0.009022516000000036,0.008525746
phase_059,logistics_constrained,0.6,0.5,2026200009,7,0.894100753,0.889422875,0.893383574,-0.0007171790000000122,-0.00467787800000008,0.0039606990000000675
phase_059,logistics_constrained,0.6,0.5,2026200009,30,0.871224015,0.858982741,0.869730265,-0.0014937500000000714,-0.012241273999999969,0.010747523999999897
phase_059,logistics_constrained,0.6,0.5,2026200009,90,0.827589563,0.811642301,0.824569354,-0.003020208999999996,-0.015947261999999962,0.012927052999999966
phase_059,logistics_constrained,0.6,0.5,2026200009,180,0.768859471,0.754948119,0.766197653,-0.0026618179999999825,-0.013911351999999932,0.01124953399999995
phase_059,logistics_constrained,0.6,0.5,2026200009,360,0.660182935,0.647244296,0.655428029,-0.004754906000000059,-0.01293863900000003,0.00818373299999997
phase_059,logistics_constrained,0.6,0.5,2026200010,7,0.0,0.0,0.0,0.0,0.0,0.0
phase_059,logistics_constrained,0.6,0.5,2026200010,30,0.0,0.0,0.0,0.0,0.0,0.0
phase_059,logistics_constrained,0.6,0.5,2026200010,90,0.0,0.0,0.0,0.0,0.0,0.0
phase_059,logistics_constrained,0.6,0.5,2026200010,180,0.0,0.0,0.0,0.0,0.0,0.0
phase_059,logistics_constrained,0.6,0.5,2026200010,360,0.0,0.0,0.0,0.0,0.0,0.0
phase_059,logistics_constrained,0.6,0.5,2026200011,7,0.894341316,0.890947078,0.895035756,0.0006944399999999629,-0.0033942380000000494,0.004088678000000012
phase_059,logistics_constrained,0.6,0.5,2026200011,30,0.87677294,0.868755165,0.879784393,0.0030114530000000528,-0.008017774999999894,0.011029227999999947
phase_059,logistics_constrained,0.6,0.5,2026200011,90,0.848059458,0.836039443,0.849457246,0.001397788000000011,-0.01202001500000005,0.013417803000000061
phase_059,logistics_constrained,0.6,0.5,2026200011,180,0.809005435,0.794922387,0.807053245,-0.0019521900000000203,-0.014083048000000042,0.012130858000000022
phase_059,logistics_constrained,0.6,0.5,2026200011,360,0.740029307,0.72151957,0.731244119,-0.008785188000000055,-0.018509737000000026,0.009724548999999971
phase_060,logistics_constrained,0.6,0.75,2026200000,7,0.0,0.0,0.0,0.0,0.0,0.0
phase_060,logistics_constrained,0.6,0.75,2026200000,30,0.0,0.0,0.0,0.0,0.0,0.0
phase_060,logistics_constrained,0.6,0.75,2026200000,90,0.0,0.0,0.0,0.0,0.0,0.0
phase_060,logistics_constrained,0.6,0.75,2026200000,180,0.0,0.0,0.0,0.0,0.0,0.0
phase_060,logistics_constrained,0.6,0.75,2026200000,360,0.0,0.0,0.0,0.0,0.0,0.0
phase_060,logistics_constrained,0.6,0.75,2026200001,7,0.887103555,0.0,0.0,-0.887103555,-0.887103555,0.0
phase_060,logistics_constrained,0.6,0.75,2026200001,30,0.851822432,0.0,0.0,-0.851822432,-0.851822432,0.0
phase_060,logistics_constrained,0.6,0.75,2026200001,90,0.802130573,0.0,0.0,-0.802130573,-0.802130573,0.0
phase_060,logistics_constrained,0.6,0.75,2026200001,180,0.743508687,0.0,0.0,-0.743508687,-0.743508687,0.0
phase_060,logistics_constrained,0.6,0.75,2026200001,360,0.642656818,0.0,0.0,-0.642656818,-0.642656818,0.0
phase_060,logistics_constrained,0.6,0.75,2026200002,7,0.896317492,0.88793078,0.893219438,-0.0030980539999999612,-0.008386711999999963,0.005288658000000002
phase_060,logistics_constrained,0.6,0.75,2026200002,30,0.87826414,0.851959305,0.866523901,-0.011740238999999986,-0.026304835000000026,0.01456459600000004
phase_060,logistics_constrained,0.6,0.75,2026200002,90,0.844955433,0.808800906,0.826536763,-0.01841866999999997,-0.03615452699999999,0.01773585700000002
phase_060,logistics_constrained,0.6,0.75,2026200002,180,0.803691708,0.769687039,0.785674785,-0.018016923000000018,-0.03400466899999999,0.01598774599999997
phase_060,logistics_constrained,0.6,0.75,2026200002,360,0.721442748,0.698488558,0.711061377,-0.010381370999999917,-0.022954189999999985,0.012572819000000068
phase_060,logistics_constrained,0.6,0.75,2026200003,7,0.880111441,0.0,0.0,-0.880111441,-0.880111441,0.0
phase_060,logistics_constrained,0.6,0.75,2026200003,30,0.832781724,0.0,0.0,-0.832781724,-0.832781724,0.0
phase_060,logistics_constrained,0.6,0.75,2026200003,90,0.774367727,0.0,0.0,-0.774367727,-0.774367727,0.0
phase_060,logistics_constrained,0.6,0.75,2026200003,180,0.714436052,0.0,0.0,-0.714436052,-0.714436052,0.0
phase_060,logistics_constrained,0.6,0.75,2026200003,360,0.601054894,0.0,0.0,-0.601054894,-0.601054894,0.0
phase_060,logistics_constrained,0.6,0.75,2026200004,7,0.887921151,0.0,0.0,-0.887921151,-0.887921151,0.0
phase_060,logistics_constrained,0.6,0.75,2026200004,30,0.863404615,0.0,0.0,-0.863404615,-0.863404615,0.0
phase_060,logistics_constrained,0.6,0.75,2026200004,90,0.830537212,0.0,0.0,-0.830537212,-0.830537212,0.0
phase_060,logistics_constrained,0.6,0.75,2026200004,180,0.79007828,0.0,0.0,-0.79007828,-0.79007828,0.0
phase_060,logistics_constrained,0.6,0.75,2026200004,360,0.716939904,0.0,0.0,-0.716939904,-0.716939904,0.0
phase_060,logistics_constrained,0.6,0.75,2026200005,7,0.877783162,0.86229157,0.866010762,-0.011772399999999905,-0.015491591999999943,0.003719192000000038
phase_060,logistics_constrained,0.6,0.75,2026200005,30,0.823970504,0.778106095,0.78976353,-0.03420697400000006,-0.045864408999999995,0.011657434999999938
phase_060,logistics_constrained,0.6,0.75,2026200005,90,0.755380174,0.692943301,0.707349218,-0.04803095600000007,-0.062436873000000004,0.014405916999999935
phase_060,logistics_constrained,0.6,0.75,2026200005,180,0.678889736,0.621980709,0.633297429,-0.045592307000000054,-0.056909027,0.011316719999999947
phase_060,logistics_constrained,0.6,0.75,2026200005,360,0.526369977,0.485148588,0.491273893,-0.03509608399999997,-0.041221389,0.006125305000000025
phase_060,logistics_constrained,0.6,0.75,2026200006,7,0.0,0.0,0.0,0.0,0.0,0.0
phase_060,logistics_constrained,0.6,0.75,2026200006,30,0.0,0.823623944,0.834474192,0.834474192,0.823623944,0.010850247999999896
phase_060,logistics_constrained,0.6,0.75,2026200006,90,0.0,0.817140481,0.83211462,0.83211462,0.817140481,0.014974138999999997
phase_060,logistics_constrained,0.6,0.75,2026200006,180,0.0,0.823789033,0.837062589,0.837062589,0.823789033,0.01327355600000002
phase_060,logistics_constrained,0.6,0.75,2026200006,360,0.0,0.820293171,0.904390432,0.904390432,0.820293171,0.08409726100000003
phase_060,logistics_constrained,0.6,0.75,2026200007,7,0.8934937,0.889577067,0.895306855,0.0018131550000000107,-0.003916632999999892,0.005729787999999902
phase_060,logistics_constrained,0.6,0.75,2026200007,30,0.86991982,0.860185393,0.875773178,0.005853357999999975,-0.009734427000000045,0.01558778500000002
phase_060,logistics_constrained,0.6,0.75,2026200007,90,0.827941435,0.81968115,0.838672757,0.010731322000000043,-0.008260284999999978,0.01899160700000002
phase_060,logistics_constrained,0.6,0.75,2026200007,180,0.773589932,0.77505363,0.792046868,0.01845693599999998,0.0014636980000000133,0.016993237999999966
phase_060,logistics_constrained,0.6,0.75,2026200007,360,0.67048161,0.687263267,0.69748705,0.027005440000000047,0.016781657000000005,0.010223783000000042
phase_060,logistics_constrained,0.6,0.75,2026200008,7,0.893559086,0.889697436,0.896020358,0.0024612720000000143,-0.0038616500000000498,0.006322922000000064
phase_060,logistics_constrained,0.6,0.75,2026200008,30,0.872038935,0.859526699,0.876577071,0.0045381360000000814,-0.012512235999999954,0.017050372000000036
phase_060,logistics_constrained,0.6,0.75,2026200008,90,0.835548103,0.818975174,0.839674178,0.004126074999999951,-0.01657292900000007,0.02069900400000002
phase_060,logistics_constrained,0.6,0.75,2026200008,180,0.788973674,0.768991941,0.787371667,-0.0016020069999999054,-0.019981732999999946,0.01837972600000004
phase_060,logistics_constrained,0.6,0.75,2026200008,360,0.702267143,0.680588943,0.694876257,-0.007390886000000041,-0.021678200000000092,0.014287314000000051
phase_060,logistics_constrained,0.6,0.75,2026200009,7,0.894100753,0.887862221,0.893682651,-0.0004181020000000313,-0.006238532000000019,0.0058204299999999876
phase_060,logistics_constrained,0.6,0.75,2026200009,30,0.871224015,0.853828328,0.869700637,-0.0015233780000000197,-0.01739568700000005,0.01587230900000003
phase_060,logistics_constrained,0.6,0.75,2026200009,90,0.827589563,0.805443536,0.824610782,-0.0029787809999999304,-0.022146027000000013,0.019167246000000082
phase_060,logistics_constrained,0.6,0.75,2026200009,180,0.768859471,0.747945037,0.76454729,-0.0043121809999999705,-0.020914433999999926,0.016602252999999956
phase_060,logistics_constrained,0.6,0.75,2026200009,360,0.660182935,0.642088074,0.65414751,-0.006035424999999983,-0.018094861000000018,0.012059436000000034
phase_060,logistics_constrained,0.6,0.75,2026200010,7,0.0,0.0,0.0,0.0,0.0,0.0
phase_060,logistics_constrained,0.6,0.75,2026200010,30,0.0,0.0,0.0,0.0,0.0,0.0
phase_060,logistics_constrained,0.6,0.75,2026200010,90,0.0,0.0,0.0,0.0,0.0,0.0
phase_060,logistics_constrained,0.6,0.75,2026200010,180,0.0,0.0,0.0,0.0,0.0,0.0
phase_060,logistics_constrained,0.6,0.75,2026200010,360,0.0,0.0,0.0,0.0,0.0,0.0
phase_060,logistics_constrained,0.6,0.75,2026200011,7,0.894341316,0.887928232,0.893982931,-0.0003583849999999611,-0.006413083999999958,0.006054698999999997
phase_060,logistics_constrained,0.6,0.75,2026200011,30,0.87677294,0.861143421,0.877599861,0.000826921000000036,-0.01562951899999998,0.016456440000000017
phase_060,logistics_constrained,0.6,0.75,2026200011,90,0.848059458,0.827977271,0.848166449,0.00010699100000000072,-0.020082187000000085,0.020189178000000085
phase_060,logistics_constrained,0.6,0.75,2026200011,180,0.809005435,0.788789195,0.807141252,-0.0018641830000000192,-0.020216239999999996,0.018352056999999977
phase_060,logistics_constrained,0.6,0.75,2026200011,360,0.740029307,0.72000997,0.7349367,-0.005092607000000027,-0.020019337000000026,0.01492673
phase_061,logistics_constrained,0.6,1.0,2026200000,7,0.0,0.0,0.0,0.0,0.0,0.0
phase_061,logistics_constrained,0.6,1.0,2026200000,30,0.0,0.0,0.0,0.0,0.0,0.0
phase_061,logistics_constrained,0.6,1.0,2026200000,90,0.0,0.0,0.0,0.0,0.0,0.0
phase_061,logistics_constrained,0.6,1.0,2026200000,180,0.0,0.0,0.0,0.0,0.0,0.0
phase_061,logistics_constrained,0.6,1.0,2026200000,360,0.0,0.0,0.0,0.0,0.0,0.0
phase_061,logistics_constrained,0.6,1.0,2026200001,7,0.887103555,0.0,0.0,-0.887103555,-0.887103555,0.0
phase_061,logistics_constrained,0.6,1.0,2026200001,30,0.851822432,0.0,0.0,-0.851822432,-0.851822432,0.0
phase_061,logistics_constrained,0.6,1.0,2026200001,90,0.802130573,0.0,0.0,-0.802130573,-0.802130573,0.0
phase_061,logistics_constrained,0.6,1.0,2026200001,180,0.743508687,0.0,0.0,-0.743508687,-0.743508687,0.0
phase_061,logistics_constrained,0.6,1.0,2026200001,360,0.642656818,0.0,0.0,-0.642656818,-0.642656818,0.0
phase_061,logistics_constrained,0.6,1.0,2026200002,7,0.896317492,0.0,0.0,-0.896317492,-0.896317492,0.0
phase_061,logistics_constrained,0.6,1.0,2026200002,30,0.87826414,0.0,0.0,-0.87826414,-0.87826414,0.0
phase_061,logistics_constrained,0.6,1.0,2026200002,90,0.844955433,0.0,0.0,-0.844955433,-0.844955433,0.0
phase_061,logistics_constrained,0.6,1.0,2026200002,180,0.803691708,0.0,0.0,-0.803691708,-0.803691708,0.0
phase_061,logistics_constrained,0.6,1.0,2026200002,360,0.721442748,0.0,0.0,-0.721442748,-0.721442748,0.0
phase_061,logistics_constrained,0.6,1.0,2026200003,7,0.880111441,0.0,0.0,-0.880111441,-0.880111441,0.0
phase_061,logistics_constrained,0.6,1.0,2026200003,30,0.832781724,0.0,0.0,-0.832781724,-0.832781724,0.0
phase_061,logistics_constrained,0.6,1.0,2026200003,90,0.774367727,0.0,0.0,-0.774367727,-0.774367727,0.0
phase_061,logistics_constrained,0.6,1.0,2026200003,180,0.714436052,0.0,0.0,-0.714436052,-0.714436052,0.0
phase_061,logistics_constrained,0.6,1.0,2026200003,360,0.601054894,0.0,0.0,-0.601054894,-0.601054894,0.0
phase_061,logistics_constrained,0.6,1.0,2026200004,7,0.887921151,0.883291904,0.893404478,0.005483326999999982,-0.004629247000000003,0.010112573999999985
phase_061,logistics_constrained,0.6,1.0,2026200004,30,0.863404615,0.850009816,0.877904373,0.01449975800000003,-0.013394798999999957,0.027894556999999987
phase_061,logistics_constrained,0.6,1.0,2026200004,90,0.830537212,0.808143516,0.843017649,0.012480437000000011,-0.022393695999999963,0.034874132999999974
phase_061,logistics_constrained,0.6,1.0,2026200004,180,0.79007828,0.764030945,0.796449713,0.006371432999999982,-0.026047335000000005,0.03241876799999999
phase_061,logistics_constrained,0.6,1.0,2026200004,360,0.716939904,0.677032825,0.704559654,-0.012380249999999982,-0.03990707900000001,0.02752682900000003
phase_061,logistics_constrained,0.6,1.0,2026200005,7,0.877783162,0.853426312,0.856811744,-0.02097141799999991,-0.024356849999999985,0.003385432000000077
phase_061,logistics_constrained,0.6,1.0,2026200005,30,0.823970504,0.76226695,0.776395589,-0.047574914999999995,-0.06170355400000005,0.014128639000000054
phase_061,logistics_constrained,0.6,1.0,2026200005,90,0.755380174,0.670694158,0.688876441,-0.06650373300000001,-0.08468601600000003,0.01818228300000002
phase_061,logistics_constrained,0.6,1.0,2026200005,180,0.678889736,0.60153517,0.615739982,-0.063149754,-0.07735456600000001,0.014204812000000011
phase_061,logistics_constrained,0.6,1.0,2026200005,360,0.526369977,0.479855107,0.487733425,-0.03863655199999999,-0.046514869999999986,0.007878317999999995
phase_061,logistics_constrained,0.6,1.0,2026200006,7,0.0,0.673491257,0.701462511,0.701462511,0.673491257,0.027971254
phase_061,logistics_constrained,0.6,1.0,2026200006,30,0.0,0.0,0.0,0.0,0.0,0.0
phase_061,logistics_constrained,0.6,1.0,2026200006,90,0.0,0.0,0.0,0.0,0.0,0.0
phase_061,logistics_constrained,0.6,1.0,2026200006,180,0.0,0.0,0.0,0.0,0.0,0.0
phase_061,logistics_constrained,0.6,1.0,2026200006,360,0.0,0.0,0.0,0.0,0.0,0.0
phase_061,logistics_constrained,0.6,1.0,2026200007,7,0.8934937,0.884479062,0.892520885,-0.0009728149999999047,-0.009014637999999908,0.008041823000000003
phase_061,logistics_constrained,0.6,1.0,2026200007,30,0.86991982,0.841690033,0.863824793,-0.006095026999999975,-0.028229787000000006,0.02213476000000003
phase_061,logistics_constrained,0.6,1.0,2026200007,90,0.827941435,0.780032637,0.80655046,-0.02139097499999998,-0.04790879799999992,0.02651782299999994
phase_061,logistics_constrained,0.6,1.0,2026200007,180,0.773589932,0.70911008,0.731532298,-0.042057634000000066,-0.06447985200000006,0.022422217999999994
phase_061,logistics_constrained,0.6,1.0,2026200007,360,0.67048161,0.576127713,0.592089277,-0.07839233299999993,-0.09435389699999996,0.01596156400000004
phase_061,logistics_constrained,0.6,1.0,2026200008,7,0.893559086,0.887773376,0.895474208,0.0019151219999999913,-0.005785710000000055,0.007700832000000046
phase_061,logistics_constrained,0.6,1.0,2026200008,30,0.872038935,0.856576282,0.87758548,0.005546545000000069,-0.015462652999999937,0.021009198000000007
phase_061,logistics_constrained,0.6,1.0,2026200008,90,0.835548103,0.813879884,0.839481363,0.0039332599999999385,-0.021668219000000044,0.025601478999999983
phase_061,logistics_constrained,0.6,1.0,2026200008,180,0.788973674,0.765157552,0.787828814,-0.0011448599999999143,-0.02381612199999994,0.022671262000000025
phase_061,logistics_constrained,0.6,1.0,2026200008,360,0.702267143,0.673335253,0.690403831,-0.011863312000000015,-0.02893189000000007,0.017068578000000056
phase_061,logistics_constrained,0.6,1.0,2026200009,7,0.894100753,0.886079409,0.893652419,-0.0004483339999999947,-0.008021343999999986,0.007573009999999991
phase_061,logistics_constrained,0.6,1.0,2026200009,30,0.871224015,0.848703359,0.869492427,-0.0017315880000000616,-0.022520655999999972,0.02078906799999991
phase_061,logistics_constrained,0.6,1.0,2026200009,90,0.827589563,0.798729574,0.823900256,-0.0036893069999999195,-0.028859988999999975,0.025170682000000055
phase_061,logistics_constrained,0.6,1.0,2026200009,180,0.768859471,0.741598632,0.763359639,-0.005499831999999927,-0.02726083899999998,0.021761007000000054
phase_061,logistics_constrained,0.6,1.0,2026200009,360,0.660182935,0.636634067,0.652347869,-0.007835066000000057,-0.023548868,0.015713801999999943
phase_061,logistics_constrained,0.6,1.0,2026200010,7,0.0,0.0,0.0,0.0,0.0,0.0
phase_061,logistics_constrained,0.6,1.0,2026200010,30,0.0,0.0,0.0,0.0,0.0,0.0
phase_061,logistics_constrained,0.6,1.0,2026200010,90,0.0,0.0,0.0,0.0,0.0,0.0
phase_061,logistics_constrained,0.6,1.0,2026200010,180,0.0,0.0,0.0,0.0,0.0,0.0
phase_061,logistics_constrained,0.6,1.0,2026200010,360,0.0,0.0,0.0,0.0,0.0,0.0
phase_061,logistics_constrained,0.6,1.0,2026200011,7,0.894341316,0.886440637,0.894266932,-7.438400000003842e-05,-0.007900679000000022,0.007826294999999983
phase_061,logistics_constrained,0.6,1.0,2026200011,30,0.87677294,0.856357443,0.877774705,0.0010017650000000433,-0.020415496999999894,0.021417261999999937
phase_061,logistics_constrained,0.6,1.0,2026200011,90,0.848059458,0.820039324,0.846251278,-0.001808180000000048,-0.02802013400000003,0.026211953999999982
phase_061,logistics_constrained,0.6,1.0,2026200011,180,0.809005435,0.780791562,0.804546357,-0.004459078000000005,-0.028213873,0.023754794999999995
phase_061,logistics_constrained,0.6,1.0,2026200011,360,0.740029307,0.711126609,0.730246283,-0.009783023999999974,-0.028902698000000004,0.01911967400000003
phase_062,logistics_constrained,0.6,1.5,2026200000,7,0.0,0.88879594,0.891387175,0.891387175,0.88879594,0.002591235000000025
phase_062,logistics_constrained,0.6,1.5,2026200000,30,0.0,0.757604255,0.769300935,0.769300935,0.757604255,0.011696680000000015
phase_062,logistics_constrained,0.6,1.5,2026200000,90,0.0,0.667861023,0.693582642,0.693582642,0.667861023,0.025721618999999918
phase_062,logistics_constrained,0.6,1.5,2026200000,180,0.0,0.627843243,0.650710735,0.650710735,0.627843243,0.022867491999999934
phase_062,logistics_constrained,0.6,1.5,2026200000,360,0.0,0.560016198,0.576357266,0.576357266,0.560016198,0.016341068000000014
phase_062,logistics_constrained,0.6,1.5,2026200001,7,0.887103555,0.0,0.0,-0.887103555,-0.887103555,0.0
phase_062,logistics_constrained,0.6,1.5,2026200001,30,0.851822432,0.0,0.0,-0.851822432,-0.851822432,0.0
phase_062,logistics_constrained,0.6,1.5,2026200001,90,0.802130573,0.0,0.0,-0.802130573,-0.802130573,0.0
phase_062,logistics_constrained,0.6,1.5,2026200001,180,0.743508687,0.0,0.0,-0.743508687,-0.743508687,0.0
phase_062,logistics_constrained,0.6,1.5,2026200001,360,0.642656818,0.0,0.0,-0.642656818,-0.642656818,0.0
phase_062,logistics_constrained,0.6,1.5,2026200002,7,0.896317492,0.884292308,0.894408958,-0.0019085340000000173,-0.012025183999999967,0.01011664999999995
phase_062,logistics_constrained,0.6,1.5,2026200002,30,0.87826414,0.841659197,0.869746583,-0.008517557000000009,-0.036604942999999945,0.028087385999999936
phase_062,logistics_constrained,0.6,1.5,2026200002,90,0.844955433,0.791008681,0.824991812,-0.01996362099999993,-0.05394675199999999,0.033983131000000055
phase_062,logistics_constrained,0.6,1.5,2026200002,180,0.803691708,0.738006258,0.767125295,-0.036566412999999964,-0.06568545000000003,0.02911903700000007
phase_062,logistics_constrained,0.6,1.5,2026200002,360,0.721442748,0.641532285,0.66182905,-0.05961369799999994,-0.07991046299999993,0.020296764999999994
phase_062,logistics_constrained,0.6,1.5,2026200003,7,0.880111441,0.0,0.0,-0.880111441,-0.880111441,0.0
phase_062,logistics_constrained,0.6,1.5,2026200003,30,0.832781724,0.0,0.0,-0.832781724,-0.832781724,0.0
phase_062,logistics_constrained,0.6,1.5,2026200003,90,0.774367727,0.0,0.0,-0.774367727,-0.774367727,0.0
phase_062,logistics_constrained,0.6,1.5,2026200003,180,0.714436052,0.0,0.0,-0.714436052,-0.714436052,0.0
phase_062,logistics_constrained,0.6,1.5,2026200003,360,0.601054894,0.0,0.0,-0.601054894,-0.601054894,0.0
phase_062,logistics_constrained,0.6,1.5,2026200004,7,0.887921151,0.0,0.0,-0.887921151,-0.887921151,0.0
phase_062,logistics_constrained,0.6,1.5,2026200004,30,0.863404615,0.0,0.0,-0.863404615,-0.863404615,0.0
phase_062,logistics_constrained,0.6,1.5,2026200004,90,0.830537212,0.0,0.0,-0.830537212,-0.830537212,0.0
phase_062,logistics_constrained,0.6,1.5,2026200004,180,0.79007828,0.0,0.0,-0.79007828,-0.79007828,0.0
phase_062,logistics_constrained,0.6,1.5,2026200004,360,0.716939904,0.0,0.0,-0.716939904,-0.716939904,0.0
phase_062,logistics_constrained,0.6,1.5,2026200005,7,0.877783162,0.861817328,0.869111409,-0.008671753000000004,-0.015965833999999957,0.007294080999999952
phase_062,logistics_constrained,0.6,1.5,2026200005,30,0.823970504,0.776457386,0.799166708,-0.024803796000000045,-0.04751311800000002,0.022709321999999976
phase_062,logistics_constrained,0.6,1.5,2026200005,90,0.755380174,0.689900722,0.717785349,-0.037594825,-0.06547945200000005,0.02788462700000005
phase_062,logistics_constrained,0.6,1.5,2026200005,180,0.678889736,0.619180415,0.640831222,-0.03805851400000004,-0.05970932100000004,0.021650806999999994
phase_062,logistics_constrained,0.6,1.5,2026200005,360,0.526369977,0.48730455,0.498648668,-0.027721308999999972,-0.039065426999999986,0.011344118000000014
phase_062,logistics_constrained,0.6,1.5,2026200006,7,0.0,0.0,0.0,0.0,0.0,0.0
phase_062,logistics_constrained,0.6,1.5,2026200006,30,0.0,0.0,0.0,0.0,0.0,0.0
phase_062,logistics_constrained,0.6,1.5,2026200006,90,0.0,0.0,0.0,0.0,0.0,0.0
phase_062,logistics_constrained,0.6,1.5,2026200006,180,0.0,0.0,0.0,0.0,0.0,0.0
phase_062,logistics_constrained,0.6,1.5,2026200006,360,0.0,0.0,0.0,0.0,0.0,0.0
phase_062,logistics_constrained,0.6,1.5,2026200007,7,0.8934937,0.883003051,0.893612822,0.00011912200000008255,-0.010490648999999963,0.010609771000000046
phase_062,logistics_constrained,0.6,1.5,2026200007,30,0.86991982,0.845024594,0.874490907,0.004571086999999974,-0.024895226000000048,0.029466313000000022
phase_062,logistics_constrained,0.6,1.5,2026200007,90,0.827941435,0.799252145,0.835411654,0.007470219,-0.02868928999999998,0.03615950899999998
phase_062,logistics_constrained,0.6,1.5,2026200007,180,0.773589932,0.751934735,0.783794353,0.010204420999999964,-0.02165519700000007,0.031859618000000034
phase_062,logistics_constrained,0.6,1.5,2026200007,360,0.67048161,0.665469335,0.689232897,0.01875128700000006,-0.0050122749999998994,0.02376356199999996
phase_062,logistics_constrained,0.6,1.5,2026200008,7,0.893559086,0.883572481,0.893839811,0.0002807249999999817,-0.009986605000000037,0.010267330000000019
phase_062,logistics_constrained,0.6,1.5,2026200008,30,0.872038935,0.843753025,0.872417569,0.0003786340000000443,-0.028285909999999914,0.02866454399999996
phase_062,logistics_constrained,0.6,1.5,2026200008,90,0.835548103,0.797729273,0.832846525,-0.0027015780000000378,-0.03781883000000008,0.03511725200000004
phase_062,logistics_constrained,0.6,1.5,2026200008,180,0.788973674,0.752502665,0.783508019,-0.005465654999999958,-0.036471009,0.03100535400000004
phase_062,logistics_constrained,0.6,1.5,2026200008,360,0.702267143,0.670389575,0.693614784,-0.008652359000000054,-0.03187756800000008,0.023225209000000024
phase_062,logistics_constrained,0.6,1.5,2026200009,7,0.894100753,0.882869843,0.893823067,-0.0002776859999999992,-0.011230909999999983,0.010953223999999984
phase_062,logistics_constrained,0.6,1.5,2026200009,30,0.871224015,0.839381148,0.869810608,-0.0014134070000000332,-0.03184286700000005,0.03042946000000002
phase_062,logistics_constrained,0.6,1.5,2026200009,90,0.827589563,0.786526004,0.823595935,-0.003993628000000027,-0.04106355900000003,0.037069931
phase_062,logistics_constrained,0.6,1.5,2026200009,180,0.768859471,0.729905107,0.761916466,-0.006943005000000002,-0.038954363999999964,0.03201135899999996
phase_062,logistics_constrained,0.6,1.5,2026200009,360,0.660182935,0.626160458,0.649115496,-0.011067439000000068,-0.03402247700000005,0.022955037999999983
phase_062,logistics_constrained,0.6,1.5,2026200010,7,0.0,0.0,0.0,0.0,0.0,0.0
phase_062,logistics_constrained,0.6,1.5,2026200010,30,0.0,0.0,0.0,0.0,0.0,0.0
phase_062,logistics_constrained,0.6,1.5,2026200010,90,0.0,0.0,0.0,0.0,0.0,0.0
phase_062,logistics_constrained,0.6,1.5,2026200010,180,0.0,0.0,0.0,0.0,0.0,0.0
phase_062,logistics_constrained,0.6,1.5,2026200010,360,0.0,0.0,0.0,0.0,0.0,0.0
phase_062,logistics_constrained,0.6,1.5,2026200011,7,0.894341316,0.88301877,0.893742738,-0.0005985779999999608,-0.011322546000000044,0.010723968000000084
phase_062,logistics_constrained,0.6,1.5,2026200011,30,0.87677294,0.845150033,0.874942935,-0.001830004999999968,-0.03162290699999992,0.029792901999999954
phase_062,logistics_constrained,0.6,1.5,2026200011,90,0.848059458,0.806838283,0.843661866,-0.004397592000000006,-0.041221175,0.03682358299999999
phase_062,logistics_constrained,0.6,1.5,2026200011,180,0.809005435,0.767953578,0.801081928,-0.007923506999999996,-0.041051857000000025,0.03312835000000003
phase_062,logistics_constrained,0.6,1.5,2026200011,360,0.740029307,0.703440456,0.729998607,-0.010030700000000059,-0.03658885099999998,0.02655815099999992
phase_063,logistics_constrained,0.6,2.0,2026200000,7,0.0,0.870679516,0.876182589,0.876182589,0.870679516,0.0055030729999999695
phase_063,logistics_constrained,0.6,2.0,2026200000,30,0.0,0.771648279,0.794339371,0.794339371,0.771648279,0.02269109199999997
phase_063,logistics_constrained,0.6,2.0,2026200000,90,0.0,0.698205602,0.733077763,0.733077763,0.698205602,0.03487216100000001
phase_063,logistics_constrained,0.6,2.0,2026200000,180,0.0,0.656958902,0.687294309,0.687294309,0.656958902,0.030335407000000036
phase_063,logistics_constrained,0.6,2.0,2026200000,360,0.0,0.587413599,0.608864677,0.608864677,0.587413599,0.021451078000000012
phase_063,logistics_constrained,0.6,2.0,2026200001,7,0.887103555,0.844449384,0.854342154,-0.03276140100000002,-0.04265417100000002,0.009892769999999995
phase_063,logistics_constrained,0.6,2.0,2026200001,30,0.851822432,0.765280935,0.793973104,-0.05784932799999998,-0.08654149699999991,0.028692168999999934
phase_063,logistics_constrained,0.6,2.0,2026200001,90,0.802130573,0.694609877,0.730843058,-0.07128751499999997,-0.10752069600000003,0.03623318100000006
phase_063,logistics_constrained,0.6,2.0,2026200001,180,0.743508687,0.64850851,0.679131161,-0.06437752599999991,-0.09500017699999996,0.030622651000000056
phase_063,logistics_constrained,0.6,2.0,2026200001,360,0.642656818,0.570230306,0.591026523,-0.05163029499999994,-0.07242651199999994,0.020796217000000006
phase_063,logistics_constrained,0.6,2.0,2026200002,7,0.896317492,0.880598608,0.892910288,-0.0034072039999999415,-0.01571888399999999,0.012311680000000047
phase_063,logistics_constrained,0.6,2.0,2026200002,30,0.87826414,0.832617338,0.86787055,-0.010393589999999953,-0.04564680199999993,0.03525321199999998
phase_063,logistics_constrained,0.6,2.0,2026200002,90,0.844955433,0.787678663,0.831910219,-0.013045214000000027,-0.05727676999999998,0.04423155599999995
phase_063,logistics_constrained,0.6,2.0,2026200002,180,0.803691708,0.746231902,0.785382556,-0.01830915200000005,-0.057459806,0.03915065399999995
phase_063,logistics_constrained,0.6,2.0,2026200002,360,0.721442748,0.671906944,0.701315393,-0.020127354999999958,-0.04953580400000002,0.02940844900000006
phase_063,logistics_constrained,0.6,2.0,2026200003,7,0.880111441,0.0,0.0,-0.880111441,-0.880111441,0.0
phase_063,logistics_constrained,0.6,2.0,2026200003,30,0.832781724,0.0,0.0,-0.832781724,-0.832781724,0.0
phase_063,logistics_constrained,0.6,2.0,2026200003,90,0.774367727,0.0,0.0,-0.774367727,-0.774367727,0.0
phase_063,logistics_constrained,0.6,2.0,2026200003,180,0.714436052,0.0,0.0,-0.714436052,-0.714436052,0.0
phase_063,logistics_constrained,0.6,2.0,2026200003,360,0.601054894,0.0,0.0,-0.601054894,-0.601054894,0.0
phase_063,logistics_constrained,0.6,2.0,2026200004,7,0.887921151,0.0,0.0,-0.887921151,-0.887921151,0.0
phase_063,logistics_constrained,0.6,2.0,2026200004,30,0.863404615,0.0,0.0,-0.863404615,-0.863404615,0.0
phase_063,logistics_constrained,0.6,2.0,2026200004,90,0.830537212,0.0,0.0,-0.830537212,-0.830537212,0.0
phase_063,logistics_constrained,0.6,2.0,2026200004,180,0.79007828,0.0,0.0,-0.79007828,-0.79007828,0.0
phase_063,logistics_constrained,0.6,2.0,2026200004,360,0.716939904,0.0,0.0,-0.716939904,-0.716939904,0.0
phase_063,logistics_constrained,0.6,2.0,2026200005,7,0.877783162,0.863240623,0.87429979,-0.003483371999999929,-0.01454253899999991,0.011059166999999981
phase_063,logistics_constrained,0.6,2.0,2026200005,30,0.823970504,0.7795301,0.813946177,-0.010024327,-0.044440404000000044,0.034416077000000045
phase_063,logistics_constrained,0.6,2.0,2026200005,90,0.755380174,0.699991178,0.74219782,-0.013182354000000007,-0.055388996000000024,0.042206642000000016
phase_063,logistics_constrained,0.6,2.0,2026200005,180,0.678889736,0.640030274,0.674778507,-0.0041112290000000495,-0.03885946200000001,0.03474823299999996
phase_063,logistics_constrained,0.6,2.0,2026200005,360,0.526369977,0.53366388,0.556200125,0.029830148000000056,0.0072939029999999905,0.022536245000000066
phase_063,logistics_constrained,0.6,2.0,2026200006,7,0.0,0.0,0.0,0.0,0.0,0.0
phase_063,logistics_constrained,0.6,2.0,2026200006,30,0.0,0.0,0.0,0.0,0.0,0.0
phase_063,logistics_constrained,0.6,2.0,2026200006,90,0.0,0.0,0.0,0.0,0.0,0.0
phase_063,logistics_constrained,0.6,2.0,2026200006,180,0.0,0.0,0.0,0.0,0.0,0.0
phase_063,logistics_constrained,0.6,2.0,2026200006,360,0.0,0.0,0.0,0.0,0.0,0.0
phase_063,logistics_constrained,0.6,2.0,2026200007,7,0.8934937,0.881410226,0.895767962,0.002274262000000027,-0.012083473999999983,0.01435773600000001
phase_063,logistics_constrained,0.6,2.0,2026200007,30,0.86991982,0.836652505,0.876834277,0.0069144570000000405,-0.03326731500000002,0.04018177200000006
phase_063,logistics_constrained,0.6,2.0,2026200007,90,0.827941435,0.790948417,0.840528847,0.01258741200000002,-0.03699301799999999,0.04958043000000001
phase_063,logistics_constrained,0.6,2.0,2026200007,180,0.773589932,0.746923866,0.790943933,0.017354000999999952,-0.02666606599999999,0.04402006699999994
phase_063,logistics_constrained,0.6,2.0,2026200007,360,0.67048161,0.663177078,0.698100853,0.02761924300000007,-0.007304531999999919,0.03492377499999999
phase_063,logistics_constrained,0.6,2.0,2026200008,7,0.893559086,0.881553747,0.895067295,0.001508209000000038,-0.012005339000000004,0.013513548000000042
phase_063,logistics_constrained,0.6,2.0,2026200008,30,0.872038935,0.837792554,0.875759736,0.0037208010000000513,-0.03424638099999999,0.037967182000000044
phase_063,logistics_constrained,0.6,2.0,2026200008,90,0.835548103,0.789827338,0.836570378,0.0010222749999999614,-0.045720765,0.04674303999999996
phase_063,logistics_constrained,0.6,2.0,2026200008,180,0.788973674,0.744810828,0.786067858,-0.00290581599999995,-0.04416284599999998,0.04125703000000003
phase_063,logistics_constrained,0.6,2.0,2026200008,360,0.702267143,0.663302182,0.694160337,-0.008106806000000022,-0.03896496100000002,0.030858154999999998
phase_063,logistics_constrained,0.6,2.0,2026200009,7,0.894100753,0.875222529,0.890581976,-0.0035187770000000285,-0.018878224000000055,0.015359447000000026
phase_063,logistics_constrained,0.6,2.0,2026200009,30,0.871224015,0.815158514,0.858643902,-0.01258011300000006,-0.05606550100000007,0.043485388000000014
phase_063,logistics_constrained,0.6,2.0,2026200009,90,0.827589563,0.744081155,0.796710307,-0.030879255999999966,-0.08350840799999992,0.05262915199999996
phase_063,logistics_constrained,0.6,2.0,2026200009,180,0.768859471,0.671979284,0.716103884,-0.05275558699999994,-0.096880187,0.04412460000000007
phase_063,logistics_constrained,0.6,2.0,2026200009,360,0.660182935,0.534567751,0.565917432,-0.09426550300000003,-0.12561518400000005,0.03134968100000002
phase_063,logistics_constrained,0.6,2.0,2026200010,7,0.0,0.0,0.0,0.0,0.0,0.0
phase_063,logistics_constrained,0.6,2.0,2026200010,30,0.0,0.0,0.0,0.0,0.0,0.0
phase_063,logistics_constrained,0.6,2.0,2026200010,90,0.0,0.0,0.0,0.0,0.0,0.0
phase_063,logistics_constrained,0.6,2.0,2026200010,180,0.0,0.0,0.0,0.0,0.0,0.0
phase_063,logistics_constrained,0.6,2.0,2026200010,360,0.0,0.0,0.0,0.0,0.0,0.0
phase_063,logistics_constrained,0.6,2.0,2026200011,7,0.894341316,0.88202852,0.895506779,0.0011654629999999777,-0.012312796000000015,0.013478258999999992
phase_063,logistics_constrained,0.6,2.0,2026200011,30,0.87677294,0.839416562,0.877051292,0.00027835200000003724,-0.03735637799999991,0.03763472999999995
phase_063,logistics_constrained,0.6,2.0,2026200011,90,0.848059458,0.79707438,0.843864601,-0.004194856999999996,-0.05098507800000007,0.046790221000000076
phase_063,logistics_constrained,0.6,2.0,2026200011,180,0.809005435,0.758193605,0.800227142,-0.008778292999999993,-0.05081183,0.04203353700000001
phase_063,logistics_constrained,0.6,2.0,2026200011,360,0.740029307,0.690120807,0.723104433,-0.01692487399999998,-0.04990850000000002,0.032983626000000044
phase_065,logistics_constrained,0.8,0.25,2026200000,7,0.823153716,0.82374923,0.824320348,0.0011666320000000008,0.0005955140000000192,0.0005711179999999816
phase_065,logistics_constrained,0.8,0.25,2026200000,30,0.522322822,0.521415236,0.52679302,0.004470197999999925,-0.0009075860000000713,0.005377783999999997
phase_065,logistics_constrained,0.8,0.25,2026200000,90,0.0,0.0,0.0,0.0,0.0,0.0
phase_065,logistics_constrained,0.8,0.25,2026200000,180,0.0,0.0,0.0,0.0,0.0,0.0
phase_065,logistics_constrained,0.8,0.25,2026200000,360,0.0,0.0,0.0,0.0,0.0,0.0
phase_065,logistics_constrained,0.8,0.25,2026200001,7,0.852596307,0.818292322,0.847219937,-0.005376370000000019,-0.03430398499999998,0.028927614999999962
phase_065,logistics_constrained,0.8,0.25,2026200001,30,0.870286315,0.605653058,0.740372783,-0.129913532,-0.26463325699999996,0.13471972499999996
phase_065,logistics_constrained,0.8,0.25,2026200001,90,0.867692426,0.0,0.622707612,-0.24498481399999994,-0.867692426,0.622707612
phase_065,logistics_constrained,0.8,0.25,2026200001,180,0.141004,0.0,0.0,-0.141004,-0.141004,0.0
phase_065,logistics_constrained,0.8,0.25,2026200001,360,0.0,0.0,0.0,0.0,0.0,0.0
phase_065,logistics_constrained,0.8,0.25,2026200002,7,0.904271273,0.904271284,0.904271362,8.900000003642106e-08,1.1000000021965661e-08,7.80000000144554e-08
phase_065,logistics_constrained,0.8,0.25,2026200002,30,0.904730112,0.904727728,0.904730822,7.100000000148654e-07,-2.383999999966413e-06,3.0939999999812784e-06
phase_065,logistics_constrained,0.8,0.25,2026200002,90,0.905598815,0.90558872,0.905588208,-1.0606999999995814e-05,-1.0094999999932242e-05,-5.120000000635727e-07
phase_065,logistics_constrained,0.8,0.25,2026200002,180,0.906845699,0.906839546,0.90684463,-1.0689999999646815e-06,-6.152999999953224e-06,5.083999999988542e-06
phase_065,logistics_constrained,0.8,0.25,2026200002,360,0.909230383,0.909258563,0.909277622,4.7238999999921205e-05,2.817999999993326e-05,1.9058999999987947e-05
phase_065,logistics_constrained,0.8,0.25,2026200003,7,0.849141503,0.82610813,0.855061624,0.005920120999999945,-0.023033372999999968,0.028953493999999913
phase_065,logistics_constrained,0.8,0.25,2026200003,30,0.747632208,0.654156199,0.767937803,0.020305595000000065,-0.09347600899999997,0.11378160400000004
phase_065,logistics_constrained,0.8,0.25,2026200003,90,0.642921472,0.314834663,0.683288391,0.040366919,-0.32808680900000003,0.36845372800000004
phase_065,logistics_constrained,0.8,0.25,2026200003,180,0.0,0.0,0.496478614,0.496478614,0.0,0.496478614
phase_065,logistics_constrained,0.8,0.25,2026200003,360,0.0,0.0,0.0,0.0,0.0,0.0
phase_065,logistics_constrained,0.8,0.25,2026200004,7,0.894590977,0.894116442,0.894238085,-0.00035289199999999354,-0.00047453500000005366,0.00012164300000006012
phase_065,logistics_constrained,0.8,0.25,2026200004,30,0.900027493,0.900039852,0.900040202,1.2709000000055148e-05,1.235900000007284e-05,3.499999999823089e-07
phase_065,logistics_constrained,0.8,0.25,2026200004,90,0.900741309,0.900753531,0.900753904,1.259499999994862e-05,1.2221999999950661e-05,3.729999999979583e-07
phase_065,logistics_constrained,0.8,0.25,2026200004,180,0.901895942,0.901872151,0.901872831,-2.3110999999964577e-05,-2.3791000000050744e-05,6.800000000861672e-07
phase_065,logistics_constrained,0.8,0.25,2026200004,360,0.898191082,0.90209428,0.903635126,0.005444043999999981,0.003903198000000052,0.001540845999999929
phase_065,logistics_constrained,0.8,0.25,2026200005,7,0.874278566,0.900227717,0.900227761,0.025949195000000036,0.02594915100000006,4.399999997684034e-08
phase_065,logistics_constrained,0.8,0.25,2026200005,30,0.845317586,0.821147125,0.821892083,-0.023425502999999903,-0.024170460999999976,0.0007449580000000733
phase_065,logistics_constrained,0.8,0.25,2026200005,90,0.749283204,0.684180982,0.68427393,-0.065009274,-0.06510222200000004,9.294800000003711e-05
phase_065,logistics_constrained,0.8,0.25,2026200005,180,0.746391425,0.685063982,0.685151923,-0.061239501999999946,-0.06132744300000004,8.794100000009131e-05
phase_065,logistics_constrained,0.8,0.25,2026200005,360,0.747465383,0.691266063,0.691721967,-0.05574341599999999,-0.05619931999999994,0.00045590399999995146
phase_065,logistics_constrained,0.8,0.25,2026200006,7,0.861987929,0.859086707,0.859165909,-0.0028220199999999807,-0.002901221999999981,7.920200000000044e-05
phase_065,logistics_constrained,0.8,0.25,2026200006,30,0.882061054,0.865010444,0.865458162,-0.01660289199999998,-0.017050609999999966,0.00044771799999998585
phase_065,logistics_constrained,0.8,0.25,2026200006,90,0.843975259,0.881371798,0.887818326,0.04384306699999996,0.03739653899999995,0.006446528000000007
phase_065,logistics_constrained,0.8,0.25,2026200006,180,0.729815582,0.813585309,0.817620448,0.08780486600000004,0.08376972700000007,0.004035138999999965
phase_065,logistics_constrained,0.8,0.25,2026200006,360,0.683629154,0.681655055,0.682013955,-0.0016151990000000671,-0.001974099000000007,0.0003588999999999398
phase_065,logistics_constrained,0.8,0.25,2026200007,7,0.903094115,0.903120617,0.90312066,2.654499999998894e-05,2.6501999999983816e-05,4.3000000005122274e-08
phase_065,logistics_constrained,0.8,0.25,2026200007,30,0.903506283,0.9035297,0.903529911,2.3627999999997762e-05,2.3416999999970045e-05,2.110000000277168e-07
phase_065,logistics_constrained,0.8,0.25,2026200007,90,0.904314226,0.904200894,0.904321668,7.4420000000241515e-06,-0.00011333199999996602,0.00012077399999999017
phase_065,logistics_constrained,0.8,0.25,2026200007,180,0.905507526,0.905502262,0.905503066,-4.459999999983921e-06,-5.26400000000482e-06,8.040000000208991e-07
phase_065,logistics_constrained,0.8,0.25,2026200007,360,0.90783718,0.907837505,0.907835252,-1.9279999999843866e-06,3.250000000232234e-07,-2.25300000000761e-06
phase_065,logistics_constrained,0.8,0.25,2026200008,7,0.90290089,0.902909357,0.902909499,8.608999999992761e-06,8.467000000011993e-06,1.4199999998076862e-07
phase_065,logistics_constrained,0.8,0.25,2026200008,30,0.874172833,0.874910927,0.876624848,0.0024520149999999186,0.0007380939999999114,0.0017139210000000071
phase_065,logistics_constrained,0.8,0.25,2026200008,90,0.800444199,0.796569895,0.796783121,-0.0036610779999999288,-0.003874303999999995,0.0002132260000000663
phase_065,logistics_constrained,0.8,0.25,2026200008,180,0.807751136,0.803845958,0.804464375,-0.003286761000000027,-0.003905178000000009,0.0006184169999999822
phase_065,logistics_constrained,0.8,0.25,2026200008,360,0.811352319,0.807428373,0.808160773,-0.003191546000000045,-0.0039239460000000115,0.0007323999999999664
phase_065,logistics_constrained,0.8,0.25,2026200009,7,0.899874013,0.822038667,0.823354682,-0.07651933100000008,-0.07783534600000008,0.0013160150000000037
phase_065,logistics_constrained,0.8,0.25,2026200009,30,0.834910073,0.738984032,0.73945963,-0.09545044299999994,-0.09592604100000002,0.000475598000000077
phase_065,logistics_constrained,0.8,0.25,2026200009,90,0.856430519,0.852925516,0.854280774,-0.0021497449999999807,-0.0035050030000000065,0.0013552580000000258
phase_065,logistics_constrained,0.8,0.25,2026200009,180,0.843313911,0.883611589,0.884244757,0.040930846000000076,0.04029767800000006,0.0006331680000000173
phase_065,logistics_constrained,0.8,0.25,2026200009,360,0.835362414,0.885799577,0.886044447,0.05068203299999996,0.05043716300000001,0.0002448699999999526
phase_065,logistics_constrained,0.8,0.25,2026200010,7,0.0,0.0,0.0,0.0,0.0,0.0
phase_065,logistics_constrained,0.8,0.25,2026200010,30,0.0,0.0,0.0,0.0,0.0,0.0
phase_065,logistics_constrained,0.8,0.25,2026200010,90,0.0,0.0,0.0,0.0,0.0,0.0
phase_065,logistics_constrained,0.8,0.25,2026200010,180,0.0,0.0,0.0,0.0,0.0,0.0
phase_065,logistics_constrained,0.8,0.25,2026200010,360,0.0,0.0,0.0,0.0,0.0,0.0
phase_065,logistics_constrained,0.8,0.25,2026200011,7,0.884819282,0.883768063,0.88472648,-9.280200000005845e-05,-0.0010512190000000476,0.0009584169999999892
phase_065,logistics_constrained,0.8,0.25,2026200011,30,0.883191835,0.847294592,0.84817391,-0.035017925000000005,-0.03589724299999997,0.0008793179999999623
phase_065,logistics_constrained,0.8,0.25,2026200011,90,0.889931789,0.85068263,0.851221282,-0.038710507000000005,-0.03924915900000003,0.0005386520000000283
phase_065,logistics_constrained,0.8,0.25,2026200011,180,0.884115219,0.849995713,0.850227934,-0.033887285000000045,-0.03411950600000002,0.00023222099999997692
phase_065,logistics_constrained,0.8,0.25,2026200011,360,0.864030882,0.850432121,0.849176873,-0.014854009000000001,-0.013598761000000015,-0.0012552479999999866
phase_066,logistics_constrained,0.8,0.5,2026200000,7,0.823153716,0.824258921,0.825512542,0.002358826000000036,0.001105204999999998,0.001253621000000038
phase_066,logistics_constrained,0.8,0.5,2026200000,30,0.522322822,0.520745788,0.530314878,0.00799205599999997,-0.0015770339999999772,0.009569089999999947
phase_066,logistics_constrained,0.8,0.5,2026200000,90,0.0,0.0,0.0,0.0,0.0,0.0
phase_066,logistics_constrained,0.8,0.5,2026200000,180,0.0,0.0,0.0,0.0,0.0,0.0
phase_066,logistics_constrained,0.8,0.5,2026200000,360,0.0,0.0,0.0,0.0,0.0,0.0
phase_066,logistics_constrained,0.8,0.5,2026200001,7,0.852596307,0.82560236,0.867839255,0.015242948000000034,-0.026993947000000018,0.04223689500000005
phase_066,logistics_constrained,0.8,0.5,2026200001,30,0.870286315,0.651696971,0.804717671,-0.06556864399999995,-0.21858934399999996,0.1530207
phase_066,logistics_constrained,0.8,0.5,2026200001,90,0.867692426,0.411851538,0.744492458,-0.12319996799999999,-0.45584088799999994,0.33264091999999995
phase_066,logistics_constrained,0.8,0.5,2026200001,180,0.141004,0.0,0.650515193,0.509511193,-0.141004,0.650515193
phase_066,logistics_constrained,0.8,0.5,2026200001,360,0.0,0.0,0.0,0.0,0.0,0.0
phase_066,logistics_constrained,0.8,0.5,2026200002,7,0.904271273,0.883813641,0.889619403,-0.014651870000000011,-0.020457631999999948,0.005805761999999937
phase_066,logistics_constrained,0.8,0.5,2026200002,30,0.904730112,0.904713749,0.904714088,-1.602400000000337e-05,-1.6362999999963712e-05,3.3899999996034325e-07
phase_066,logistics_constrained,0.8,0.5,2026200002,90,0.905598815,0.905586634,0.905587103,-1.1711999999941547e-05,-1.2180999999999997e-05,4.6900000005845044e-07
phase_066,logistics_constrained,0.8,0.5,2026200002,180,0.906845699,0.906837476,0.906838262,-7.437000000054539e-06,-8.223000000029401e-06,7.859999999748624e-07
phase_066,logistics_constrained,0.8,0.5,2026200002,360,0.909230383,0.909267516,0.909231464,1.0809999999583653e-06,3.7132999999967e-05,-3.605200000000863e-05
phase_066,logistics_constrained,0.8,0.5,2026200003,7,0.849141503,0.819663463,0.863884398,0.014742895000000034,-0.029478039999999983,0.04422093500000002
phase_066,logistics_constrained,0.8,0.5,2026200003,30,0.747632208,0.624685132,0.796648371,0.049016163,-0.12294707599999999,0.171963239
phase_066,logistics_constrained,0.8,0.5,2026200003,90,0.642921472,0.0,0.733371411,0.09044993899999998,-0.642921472,0.733371411
phase_066,logistics_constrained,0.8,0.5,2026200003,180,0.0,0.0,0.640465679,0.640465679,0.0,0.640465679
phase_066,logistics_constrained,0.8,0.5,2026200003,360,0.0,0.0,0.0,0.0,0.0,0.0
phase_066,logistics_constrained,0.8,0.5,2026200004,7,0.894590977,0.899614646,0.899614766,0.005023789000000001,0.005023668999999953,1.200000000478596e-07
phase_066,logistics_constrained,0.8,0.5,2026200004,30,0.900027493,0.900009683,0.900009818,-1.7674999999939267e-05,-1.7810000000006987e-05,1.3500000006771984e-07
phase_066,logistics_constrained,0.8,0.5,2026200004,90,0.900741309,0.90078911,0.900787857,4.6547999999924095e-05,4.780099999990295e-05,-1.2529999999788544e-06
phase_066,logistics_constrained,0.8,0.5,2026200004,180,0.901895942,0.901935327,0.901922424,2.6481999999994343e-05,3.938500000000289e-05,-1.2903000000008547e-05
phase_066,logistics_constrained,0.8,0.5,2026200004,360,0.898191082,0.904132198,0.904135645,0.005944563000000014,0.005941116000000024,3.446999999989764e-06
phase_066,logistics_constrained,0.8,0.5,2026200005,7,0.874278566,0.863999,0.86481046,-0.009468106000000032,-0.010279566000000018,0.0008114599999999861
phase_066,logistics_constrained,0.8,0.5,2026200005,30,0.845317586,0.854191276,0.862227167,0.016909581000000062,0.008873690000000045,0.008035891000000017
phase_066,logistics_constrained,0.8,0.5,2026200005,90,0.749283204,0.838716732,0.835697269,0.08641406499999993,0.08943352799999993,-0.003019463
phase_066,logistics_constrained,0.8,0.5,2026200005,180,0.746391425,0.495980315,0.480976397,-0.265415028,-0.25041111,-0.015003918000000005
phase_066,logistics_constrained,0.8,0.5,2026200005,360,0.747465383,0.428794992,0.41522067,-0.33224471299999997,-0.318670391,-0.013574321999999972
phase_066,logistics_constrained,0.8,0.5,2026200006,7,0.861987929,0.758831712,0.761761718,-0.10022621099999995,-0.103156217,0.0029300060000000405
phase_066,logistics_constrained,0.8,0.5,2026200006,30,0.882061054,0.0,0.0,-0.882061054,-0.882061054,0.0
phase_066,logistics_constrained,0.8,0.5,2026200006,90,0.843975259,0.0,0.0,-0.843975259,-0.843975259,0.0
phase_066,logistics_constrained,0.8,0.5,2026200006,180,0.729815582,0.0,0.0,-0.729815582,-0.729815582,0.0
phase_066,logistics_constrained,0.8,0.5,2026200006,360,0.683629154,0.0,0.0,-0.683629154,-0.683629154,0.0
phase_066,logistics_constrained,0.8,0.5,2026200007,7,0.903094115,0.903120508,0.903120595,2.6479999999939885e-05,2.6392999999957922e-05,8.699999998196262e-08
phase_066,logistics_constrained,0.8,0.5,2026200007,30,0.903506283,0.903529962,0.903530083,2.380000000001825e-05,2.3678999999998673e-05,1.2100000001957767e-07
phase_066,logistics_constrained,0.8,0.5,2026200007,90,0.904314226,0.904073249,0.90432052,6.293999999962274e-06,-0.00024097700000003108,0.00024727099999999336
phase_066,logistics_constrained,0.8,0.5,2026200007,180,0.905507526,0.905501857,0.905502482,-5.043999999898574e-06,-5.668999999985935e-06,6.250000000873612e-07
phase_066,logistics_constrained,0.8,0.5,2026200007,360,0.90783718,0.907837342,0.907834956,-2.22400000005063e-06,1.619999999702415e-07,-2.3860000000208714e-06
phase_066,logistics_constrained,0.8,0.5,2026200008,7,0.90290089,0.877287857,0.878326173,-0.024574716999999913,-0.025613032999999952,0.001038316000000039
phase_066,logistics_constrained,0.8,0.5,2026200008,30,0.874172833,0.843846867,0.84917773,-0.024995103000000074,-0.030325966000000038,0.0053308629999999635
phase_066,logistics_constrained,0.8,0.5,2026200008,90,0.800444199,0.825853084,0.829088801,0.028644602000000075,0.025408885000000048,0.003235717000000027
phase_066,logistics_constrained,0.8,0.5,2026200008,180,0.807751136,0.819920279,0.820142287,0.01239115099999999,0.012169142999999938,0.00022200800000005128
phase_066,logistics_constrained,0.8,0.5,2026200008,360,0.811352319,0.821949839,0.822184728,0.010832408999999932,0.010597519999999916,0.0002348890000000159
phase_066,logistics_constrained,0.8,0.5,2026200009,7,0.899874013,0.802288476,0.807792112,-0.09208190100000002,-0.09758553700000006,0.005503636000000034
phase_066,logistics_constrained,0.8,0.5,2026200009,30,0.834910073,0.506844889,0.549838097,-0.285071976,-0.32806518399999995,0.04299320799999995
phase_066,logistics_constrained,0.8,0.5,2026200009,90,0.856430519,0.0,0.0,-0.856430519,-0.856430519,0.0
phase_066,logistics_constrained,0.8,0.5,2026200009,180,0.843313911,0.0,0.0,-0.843313911,-0.843313911,0.0
phase_066,logistics_constrained,0.8,0.5,2026200009,360,0.835362414,0.0,0.0,-0.835362414,-0.835362414,0.0
phase_066,logistics_constrained,0.8,0.5,2026200010,7,0.0,0.0,0.814973369,0.814973369,0.0,0.814973369
phase_066,logistics_constrained,0.8,0.5,2026200010,30,0.0,0.0,0.0,0.0,0.0,0.0
phase_066,logistics_constrained,0.8,0.5,2026200010,90,0.0,0.0,0.0,0.0,0.0,0.0
phase_066,logistics_constrained,0.8,0.5,2026200010,180,0.0,0.0,0.0,0.0,0.0,0.0
phase_066,logistics_constrained,0.8,0.5,2026200010,360,0.0,0.0,0.0,0.0,0.0,0.0
phase_066,logistics_constrained,0.8,0.5,2026200011,7,0.884819282,0.868128501,0.870284078,-0.01453520400000008,-0.016690780999999988,0.0021555769999999086
phase_066,logistics_constrained,0.8,0.5,2026200011,30,0.883191835,0.854590944,0.856596123,-0.026595711999999994,-0.02860089099999996,0.002005178999999968
phase_066,logistics_constrained,0.8,0.5,2026200011,90,0.889931789,0.856196853,0.857946108,-0.03198568099999999,-0.03373493599999999,0.0017492550000000051
phase_066,logistics_constrained,0.8,0.5,2026200011,180,0.884115219,0.860487343,0.861593109,-0.02252211000000004,-0.023627876000000048,0.001105766000000008
phase_066,logistics_constrained,0.8,0.5,2026200011,360,0.864030882,0.856194261,0.876194255,0.012163373000000033,-0.007836621000000044,0.019999994000000076
phase_067,logistics_constrained,0.8,0.75,2026200000,7,0.823153716,0.834318023,0.835911103,0.012757387000000064,0.01116430700000004,0.0015930800000000245
phase_067,logistics_constrained,0.8,0.75,2026200000,30,0.522322822,0.559366864,0.577014044,0.054691221999999984,0.037044042,0.017647179999999985
phase_067,logistics_constrained,0.8,0.75,2026200000,90,0.0,0.0,0.0,0.0,0.0,0.0
phase_067,logistics_constrained,0.8,0.75,2026200000,180,0.0,0.0,0.0,0.0,0.0,0.0
phase_067,logistics_constrained,0.8,0.75,2026200000,360,0.0,0.0,0.0,0.0,0.0,0.0
phase_067,logistics_constrained,0.8,0.75,2026200001,7,0.852596307,0.814295546,0.869698204,0.017101896999999977,-0.038300761000000016,0.055402657999999994
phase_067,logistics_constrained,0.8,0.75,2026200001,30,0.870286315,0.598671449,0.815445256,-0.054841059000000025,-0.27161486599999995,0.21677380699999993
phase_067,logistics_constrained,0.8,0.75,2026200001,90,0.867692426,0.0,0.759760009,-0.107932417,-0.867692426,0.759760009
phase_067,logistics_constrained,0.8,0.75,2026200001,180,0.141004,0.0,0.681257342,0.540253342,-0.141004,0.681257342
phase_067,logistics_constrained,0.8,0.75,2026200001,360,0.0,0.0,0.0,0.0,0.0,0.0
phase_067,logistics_constrained,0.8,0.75,2026200002,7,0.904271273,0.874606974,0.877366925,-0.026904347999999967,-0.029664299000000005,0.0027599510000000382
phase_067,logistics_constrained,0.8,0.75,2026200002,30,0.904730112,0.834602423,0.83732918,-0.06740093199999997,-0.07012768899999999,0.002726757000000024
phase_067,logistics_constrained,0.8,0.75,2026200002,90,0.905598815,0.839351847,0.841778069,-0.06382074599999998,-0.06624696799999996,0.002426221999999978
phase_067,logistics_constrained,0.8,0.75,2026200002,180,0.906845699,0.838320253,0.839362943,-0.06748275599999998,-0.06852544599999999,0.0010426900000000128
phase_067,logistics_constrained,0.8,0.75,2026200002,360,0.909230383,0.837204022,0.837595302,-0.07163508100000004,-0.07202636100000004,0.00039127999999999385
phase_067,logistics_constrained,0.8,0.75,2026200003,7,0.849141503,0.819020927,0.869954502,0.020812999,-0.030120576000000066,0.050933575000000064
phase_067,logistics_constrained,0.8,0.75,2026200003,30,0.747632208,0.625735034,0.814230666,0.06659845800000008,-0.121897174,0.18849563200000008
phase_067,logistics_constrained,0.8,0.75,2026200003,90,0.642921472,0.28626355,0.762266119,0.11934464699999991,-0.35665792200000007,0.476002569
phase_067,logistics_constrained,0.8,0.75,2026200003,180,0.0,0.0,0.694728337,0.694728337,0.0,0.694728337
phase_067,logistics_constrained,0.8,0.75,2026200003,360,0.0,0.0,0.446461302,0.446461302,0.0,0.446461302
phase_067,logistics_constrained,0.8,0.75,2026200004,7,0.894590977,0.874042204,0.875563691,-0.019027286000000032,-0.02054877300000002,0.001521486999999988
phase_067,logistics_constrained,0.8,0.75,2026200004,30,0.900027493,0.840110677,0.847903732,-0.052123760999999935,-0.059916815999999984,0.007793055000000049
phase_067,logistics_constrained,0.8,0.75,2026200004,90,0.900741309,0.825617728,0.828091209,-0.07265010000000005,-0.07512358100000005,0.0024734809999999996
phase_067,logistics_constrained,0.8,0.75,2026200004,180,0.901895942,0.821966203,0.823553826,-0.07834211599999996,-0.079929739,0.001587623000000038
phase_067,logistics_constrained,0.8,0.75,2026200004,360,0.898191082,0.817517056,0.817827663,-0.08036341899999999,-0.08067402599999995,0.0003106069999999628
phase_067,logistics_constrained,0.8,0.75,2026200005,7,0.874278566,0.900226928,0.900227419,0.02594885300000005,0.025948362000000058,4.909999999913595e-07
phase_067,logistics_constrained,0.8,0.75,2026200005,30,0.845317586,0.882694547,0.886336334,0.04101874800000005,0.0373769610000001,0.003641786999999952
phase_067,logistics_constrained,0.8,0.75,2026200005,90,0.749283204,0.834814506,0.629213389,-0.12006981500000002,0.08553130199999992,-0.20560111699999994
phase_067,logistics_constrained,0.8,0.75,2026200005,180,0.746391425,0.702060266,0.514452515,-0.23193891,-0.04433115899999995,-0.18760775100000004
phase_067,logistics_constrained,0.8,0.75,2026200005,360,0.747465383,0.690153563,0.452365423,-0.29509996,-0.05731182000000001,-0.23778813999999998
phase_067,logistics_constrained,0.8,0.75,2026200006,7,0.861987929,0.900136621,0.900136725,0.038148795999999985,0.03814869200000004,1.0399999994525899e-07
phase_067,logistics_constrained,0.8,0.75,2026200006,30,0.882061054,0.900607151,0.900607327,0.018546273000000002,0.018546096999999984,1.7600000001838367e-07
phase_067,logistics_constrained,0.8,0.75,2026200006,90,0.843975259,0.89936073,0.898303462,0.054328202999999964,0.05538547100000002,-0.0010572680000000556
phase_067,logistics_constrained,0.8,0.75,2026200006,180,0.729815582,0.881875306,0.708331939,-0.02148364299999994,0.152059724,-0.17354336699999995
phase_067,logistics_constrained,0.8,0.75,2026200006,360,0.683629154,0.728368917,0.695263893,0.011634739000000005,0.04473976299999993,-0.03310502399999993
phase_067,logistics_constrained,0.8,0.75,2026200007,7,0.903094115,0.903120509,0.903120639,2.6523999999916725e-05,2.639399999992964e-05,1.299999999870849e-07
phase_067,logistics_constrained,0.8,0.75,2026200007,30,0.903506283,0.903529602,0.903529793,2.351000000000436e-05,2.3318999999966117e-05,1.910000000382439e-07
phase_067,logistics_constrained,0.8,0.75,2026200007,90,0.904314226,0.903947599,0.904320345,6.119000000026631e-06,-0.00036662700000000825,0.0003727460000000349
phase_067,logistics_constrained,0.8,0.75,2026200007,180,0.905507526,0.905502411,0.905516531,9.005000000006369e-06,-5.114999999999981e-06,1.412000000000635e-05
phase_067,logistics_constrained,0.8,0.75,2026200007,360,0.90783718,0.907837506,0.907847382,1.02020000000147e-05,3.2599999999494145e-07,9.876000000019758e-06
phase_067,logistics_constrained,0.8,0.75,2026200008,7,0.90290089,0.900603004,0.901568464,-0.0013324259999999422,-0.0022978859999999157,0.0009654599999999736
phase_067,logistics_constrained,0.8,0.75,2026200008,30,0.874172833,0.867733327,0.872583838,-0.001588995000000093,-0.006439505999999984,0.004850510999999891
phase_067,logistics_constrained,0.8,0.75,2026200008,90,0.800444199,0.788394486,0.810483311,0.010039112000000072,-0.012049713000000017,0.02208882500000009
phase_067,logistics_constrained,0.8,0.75,2026200008,180,0.807751136,0.787385815,0.78860926,-0.019141876000000058,-0.020365320999999992,0.0012234449999999342
phase_067,logistics_constrained,0.8,0.75,2026200008,360,0.811352319,0.789378953,0.791136242,-0.020216077000000054,-0.021973365999999994,0.0017572889999999397
phase_067,logistics_constrained,0.8,0.75,2026200009,7,0.899874013,0.81805552,0.821216713,-0.07865730000000004,-0.08181849299999999,0.003161192999999951
phase_067,logistics_constrained,0.8,0.75,2026200009,30,0.834910073,0.657406448,0.664954608,-0.16995546500000003,-0.17750362499999994,0.007548159999999915
phase_067,logistics_constrained,0.8,0.75,2026200009,90,0.856430519,0.77718518,0.777496438,-0.07893408099999999,-0.07924533899999997,0.00031125799999998094
phase_067,logistics_constrained,0.8,0.75,2026200009,180,0.843313911,0.849581875,0.851221886,0.007907975000000067,0.00626796400000007,0.0016400109999999968
phase_067,logistics_constrained,0.8,0.75,2026200009,360,0.835362414,0.844959509,0.845316903,0.009954488999999955,0.009597095000000055,0.00035739399999989985
phase_067,logistics_constrained,0.8,0.75,2026200010,7,0.0,0.0,0.858965697,0.858965697,0.0,0.858965697
phase_067,logistics_constrained,0.8,0.75,2026200010,30,0.0,0.0,0.748298563,0.748298563,0.0,0.748298563
phase_067,logistics_constrained,0.8,0.75,2026200010,90,0.0,0.0,0.0,0.0,0.0,0.0
phase_067,logistics_constrained,0.8,0.75,2026200010,180,0.0,0.0,0.0,0.0,0.0,0.0
phase_067,logistics_constrained,0.8,0.75,2026200010,360,0.0,0.0,0.0,0.0,0.0,0.0
phase_067,logistics_constrained,0.8,0.75,2026200011,7,0.884819282,0.90172203,0.901722633,0.016903350999999955,0.016902747999999912,6.030000000434299e-07
phase_067,logistics_constrained,0.8,0.75,2026200011,30,0.883191835,0.839783143,0.835884844,-0.04730699100000002,-0.04340869199999997,-0.0038982990000000495
phase_067,logistics_constrained,0.8,0.75,2026200011,90,0.889931789,0.836281511,0.829606362,-0.06032542699999999,-0.053650277999999996,-0.006675148999999991
phase_067,logistics_constrained,0.8,0.75,2026200011,180,0.884115219,0.829672845,0.833510406,-0.05060481299999997,-0.05444237399999996,0.0038375609999999893
phase_067,logistics_constrained,0.8,0.75,2026200011,360,0.864030882,0.834415165,0.833933391,-0.030097491000000032,-0.029615716999999986,-0.0004817740000000459
phase_068,logistics_constrained,0.8,1.0,2026200000,7,0.823153716,0.834434016,0.836549036,0.013395319999999988,0.01128030000000002,0.0021150199999999675
phase_068,logistics_constrained,0.8,1.0,2026200000,30,0.522322822,0.560856075,0.583283804,0.060960982,0.03853325299999999,0.022427729000000007
phase_068,logistics_constrained,0.8,1.0,2026200000,90,0.0,0.0,0.185301376,0.185301376,0.0,0.185301376
phase_068,logistics_constrained,0.8,1.0,2026200000,180,0.0,0.0,0.0,0.0,0.0,0.0
phase_068,logistics_constrained,0.8,1.0,2026200000,360,0.0,0.0,0.0,0.0,0.0,0.0
phase_068,logistics_constrained,0.8,1.0,2026200001,7,0.852596307,0.902647024,0.902647836,0.050051528999999984,0.05005071699999997,8.120000000166883e-07
phase_068,logistics_constrained,0.8,1.0,2026200001,30,0.870286315,0.902925019,0.902926272,0.032639957,0.03263870400000002,1.2529999999788544e-06
phase_068,logistics_constrained,0.8,1.0,2026200001,90,0.867692426,0.902979288,0.903690649,0.035998222999999996,0.035286862000000085,0.0007113609999999104
phase_068,logistics_constrained,0.8,1.0,2026200001,180,0.141004,0.751126386,0.782205754,0.641201754,0.610122386,0.031079367999999996
phase_068,logistics_constrained,0.8,1.0,2026200001,360,0.0,0.746878963,0.754060106,0.754060106,0.746878963,0.007181142999999945
phase_068,logistics_constrained,0.8,1.0,2026200002,7,0.904271273,0.87594496,0.879379484,-0.024891788999999998,-0.028326312999999992,0.0034345239999999944
phase_068,logistics_constrained,0.8,1.0,2026200002,30,0.904730112,0.825283753,0.828923394,-0.07580671799999994,-0.07944635899999997,0.0036396410000000268
phase_068,logistics_constrained,0.8,1.0,2026200002,90,0.905598815,0.829898513,0.833519787,-0.07207902799999999,-0.075700302,0.0036212740000000077
phase_068,logistics_constrained,0.8,1.0,2026200002,180,0.906845699,0.82898425,0.830458868,-0.07638683099999999,-0.07786144900000003,0.0014746180000000386
phase_068,logistics_constrained,0.8,1.0,2026200002,360,0.909230383,0.827999751,0.828493615,-0.08073676800000007,-0.08123063200000002,0.000493863999999955
phase_068,logistics_constrained,0.8,1.0,2026200003,7,0.849141503,0.811407505,0.873165859,0.02402435599999997,-0.03773399799999999,0.06175835399999996
phase_068,logistics_constrained,0.8,1.0,2026200003,30,0.747632208,0.579021536,0.824110549,0.07647834100000006,-0.16861067200000002,0.24508901300000008
phase_068,logistics_constrained,0.8,1.0,2026200003,90,0.642921472,0.0,0.779137325,0.13621585299999994,-0.642921472,0.779137325
phase_068,logistics_constrained,0.8,1.0,2026200003,180,0.0,0.0,0.718297422,0.718297422,0.0,0.718297422
phase_068,logistics_constrained,0.8,1.0,2026200003,360,0.0,0.0,0.546291424,0.546291424,0.0,0.546291424
phase_068,logistics_constrained,0.8,1.0,2026200004,7,0.894590977,0.871961404,0.874229601,-0.020361375999999987,-0.022629573000000014,0.0022681970000000273
phase_068,logistics_constrained,0.8,1.0,2026200004,30,0.900027493,0.834746091,0.846424651,-0.053602841999999984,-0.06528140199999999,0.011678560000000004
phase_068,logistics_constrained,0.8,1.0,2026200004,90,0.900741309,0.846621437,0.841346456,-0.059394853000000025,-0.05411987200000001,-0.005274981000000012
phase_068,logistics_constrained,0.8,1.0,2026200004,180,0.901895942,0.834084976,0.836453745,-0.06544219699999998,-0.06781096600000003,0.0023687690000000483
phase_068,logistics_constrained,0.8,1.0,2026200004,360,0.898191082,0.835728701,0.830231158,-0.06795992399999995,-0.06246238100000001,-0.005497542999999938
phase_068,logistics_constrained,0.8,1.0,2026200005,7,0.874278566,0.900234746,0.89264207,0.018363503999999975,0.025956179999999995,-0.00759267600000002
phase_068,logistics_constrained,0.8,1.0,2026200005,30,0.845317586,0.866113796,0.872761439,0.027443853000000074,0.020796210000000093,0.006647642999999981
phase_068,logistics_constrained,0.8,1.0,2026200005,90,0.749283204,0.764211043,0.77210672,0.022823515999999988,0.014927838999999943,0.007895677000000045
phase_068,logistics_constrained,0.8,1.0,2026200005,180,0.746391425,0.746119109,0.74762116,0.0012297350000000096,-0.0002723159999999947,0.0015020510000000042
phase_068,logistics_constrained,0.8,1.0,2026200005,360,0.747465383,0.737942308,0.742345362,-0.005120020999999975,-0.009523074999999936,0.004403053999999962
phase_068,logistics_constrained,0.8,1.0,2026200006,7,0.861987929,0.0,0.0,-0.861987929,-0.861987929,0.0
phase_068,logistics_constrained,0.8,1.0,2026200006,30,0.882061054,0.0,0.0,-0.882061054,-0.882061054,0.0
phase_068,logistics_constrained,0.8,1.0,2026200006,90,0.843975259,0.0,0.0,-0.843975259,-0.843975259,0.0
phase_068,logistics_constrained,0.8,1.0,2026200006,180,0.729815582,0.0,0.0,-0.729815582,-0.729815582,0.0
phase_068,logistics_constrained,0.8,1.0,2026200006,360,0.683629154,0.0,0.0,-0.683629154,-0.683629154,0.0
phase_068,logistics_constrained,0.8,1.0,2026200007,7,0.903094115,0.902175938,0.903132264,3.814899999998733e-05,-0.0009181770000000755,0.0009563260000000628
phase_068,logistics_constrained,0.8,1.0,2026200007,30,0.903506283,0.898277822,0.899730073,-0.0037762100000000576,-0.005228461000000073,0.0014522510000000155
phase_068,logistics_constrained,0.8,1.0,2026200007,90,0.904314226,0.896154538,0.896649577,-0.007664648999999968,-0.008159687999999998,0.0004950390000000304
phase_068,logistics_constrained,0.8,1.0,2026200007,180,0.905507526,0.901684755,0.90359387,-0.0019136559999999303,-0.003822770999999947,0.0019091150000000168
phase_068,logistics_constrained,0.8,1.0,2026200007,360,0.90783718,0.901093435,0.902085105,-0.005752074999999968,-0.006743744999999968,0.00099167
phase_068,logistics_constrained,0.8,1.0,2026200008,7,0.90290089,0.900694386,0.901906651,-0.0009942389999999524,-0.002206503999999998,0.0012122650000000457
phase_068,logistics_constrained,0.8,1.0,2026200008,30,0.874172833,0.869095368,0.875125835,0.0009530019999999251,-0.005077465000000059,0.006030466999999984
phase_068,logistics_constrained,0.8,1.0,2026200008,90,0.800444199,0.792741335,0.820623542,0.020179343000000016,-0.007702863999999976,0.027882206999999992
phase_068,logistics_constrained,0.8,1.0,2026200008,180,0.807751136,0.78177913,0.777527352,-0.03022378400000003,-0.025972006000000047,-0.004251777999999984
phase_068,logistics_constrained,0.8,1.0,2026200008,360,0.811352319,0.783783674,0.779520678,-0.03183164100000002,-0.027568645000000003,-0.004262996000000019
phase_068,logistics_constrained,0.8,1.0,2026200009,7,0.899874013,0.795283398,0.815352794,-0.08452121899999998,-0.104590615,0.020069396000000017
phase_068,logistics_constrained,0.8,1.0,2026200009,30,0.834910073,0.426093364,0.610696314,-0.22421375899999996,-0.408816709,0.18460295000000004
phase_068,logistics_constrained,0.8,1.0,2026200009,90,0.856430519,0.0,0.423452975,-0.432977544,-0.856430519,0.423452975
phase_068,logistics_constrained,0.8,1.0,2026200009,180,0.843313911,0.0,0.0,-0.843313911,-0.843313911,0.0
phase_068,logistics_constrained,0.8,1.0,2026200009,360,0.835362414,0.0,0.0,-0.835362414,-0.835362414,0.0
phase_068,logistics_constrained,0.8,1.0,2026200010,7,0.0,0.593542903,0.870406569,0.870406569,0.593542903,0.276863666
phase_068,logistics_constrained,0.8,1.0,2026200010,30,0.0,0.0,0.785621826,0.785621826,0.0,0.785621826
phase_068,logistics_constrained,0.8,1.0,2026200010,90,0.0,0.0,0.537970785,0.537970785,0.0,0.537970785
phase_068,logistics_constrained,0.8,1.0,2026200010,180,0.0,0.0,0.0,0.0,0.0,0.0
phase_068,logistics_constrained,0.8,1.0,2026200010,360,0.0,0.0,0.0,0.0,0.0,0.0
phase_068,logistics_constrained,0.8,1.0,2026200011,7,0.884819282,0.868677992,0.870719579,-0.014099703000000074,-0.016141290000000086,0.0020415870000000114
phase_068,logistics_constrained,0.8,1.0,2026200011,30,0.883191835,0.874840104,0.880609576,-0.0025822589999999757,-0.008351730999999973,0.005769471999999998
phase_068,logistics_constrained,0.8,1.0,2026200011,90,0.889931789,0.875405048,0.886851651,-0.0030801380000000655,-0.014526741000000065,0.011446603
phase_068,logistics_constrained,0.8,1.0,2026200011,180,0.884115219,0.876351657,0.879034746,-0.00508047300000003,-0.007763562000000057,0.0026830890000000274
phase_068,logistics_constrained,0.8,1.0,2026200011,360,0.864030882,0.892818759,0.898999511,0.03496862899999997,0.028787876999999962,0.006180752000000012
phase_069,logistics_constrained,0.8,1.5,2026200000,7,0.823153716,0.863489654,0.866067343,0.04291362700000001,0.040335938000000016,0.002577688999999994
phase_069,logistics_constrained,0.8,1.5,2026200000,30,0.522322822,0.62832327,0.656461875,0.13413905299999995,0.10600044799999997,0.028138604999999983
phase_069,logistics_constrained,0.8,1.5,2026200000,90,0.0,0.0,0.28808395,0.28808395,0.0,0.28808395
phase_069,logistics_constrained,0.8,1.5,2026200000,180,0.0,0.0,0.187874993,0.187874993,0.0,0.187874993
phase_069,logistics_constrained,0.8,1.5,2026200000,360,0.0,0.0,0.0,0.0,0.0,0.0
phase_069,logistics_constrained,0.8,1.5,2026200001,7,0.852596307,0.902656336,0.902657504,0.050061197,0.05006002899999995,1.1680000000513502e-06
phase_069,logistics_constrained,0.8,1.5,2026200001,30,0.870286315,0.902920183,0.902921728,0.03263541300000006,0.03263386800000001,1.545000000047203e-06
phase_069,logistics_constrained,0.8,1.5,2026200001,90,0.867692426,0.893843073,0.903831537,0.036139111,0.026150647000000027,0.009988463999999975
phase_069,logistics_constrained,0.8,1.5,2026200001,180,0.141004,0.583948627,0.585514672,0.44451067199999994,0.44294462700000004,0.0015660449999999049
phase_069,logistics_constrained,0.8,1.5,2026200001,360,0.0,0.717527462,0.718106933,0.718106933,0.717527462,0.0005794709999999981
phase_069,logistics_constrained,0.8,1.5,2026200002,7,0.904271273,0.904303535,0.904307101,3.5828000000015514e-05,3.226200000006063e-05,3.565999999954883e-06
phase_069,logistics_constrained,0.8,1.5,2026200002,30,0.904730112,0.904722314,0.904728332,-1.779999999951265e-06,-7.797999999947791e-06,6.017999999996526e-06
phase_069,logistics_constrained,0.8,1.5,2026200002,90,0.905598815,0.905542327,0.905541103,-5.771199999993204e-05,-5.6487999999910166e-05,-1.2240000000218743e-06
phase_069,logistics_constrained,0.8,1.5,2026200002,180,0.906845699,0.903348005,0.906873818,2.8118999999993122e-05,-0.0034976939999999956,0.0035258129999999888
phase_069,logistics_constrained,0.8,1.5,2026200002,360,0.909230383,0.903073496,0.903325249,-0.005905134000000034,-0.006156887000000055,0.0002517530000000212
phase_069,logistics_constrained,0.8,1.5,2026200003,7,0.849141503,0.754474419,0.868541721,0.019400218000000025,-0.09466708400000001,0.11406730200000004
phase_069,logistics_constrained,0.8,1.5,2026200003,30,0.747632208,0.0,0.807167314,0.059535106000000004,-0.747632208,0.807167314
phase_069,logistics_constrained,0.8,1.5,2026200003,90,0.642921472,0.0,0.727345546,0.08442407399999996,-0.642921472,0.727345546
phase_069,logistics_constrained,0.8,1.5,2026200003,180,0.0,0.0,0.598001429,0.598001429,0.0,0.598001429
phase_069,logistics_constrained,0.8,1.5,2026200003,360,0.0,0.0,0.0,0.0,0.0,0.0
phase_069,logistics_constrained,0.8,1.5,2026200004,7,0.894590977,0.896215318,0.899044918,0.004453940999999961,0.0016243409999999736,0.0028295999999999877
phase_069,logistics_constrained,0.8,1.5,2026200004,30,0.900027493,0.852465167,0.866909352,-0.03311814099999999,-0.04756232599999999,0.014444184999999998
phase_069,logistics_constrained,0.8,1.5,2026200004,90,0.900741309,0.826344895,0.503977752,-0.3967635570000001,-0.07439641400000008,-0.322367143
phase_069,logistics_constrained,0.8,1.5,2026200004,180,0.901895942,0.824247052,0.0,-0.901895942,-0.07764888999999997,-0.824247052
phase_069,logistics_constrained,0.8,1.5,2026200004,360,0.898191082,0.821433138,0.0,-0.898191082,-0.07675794400000002,-0.821433138
phase_069,logistics_constrained,0.8,1.5,2026200005,7,0.874278566,0.900145421,0.900147662,0.02586909599999998,0.025866854999999966,2.2410000000139263e-06
phase_069,logistics_constrained,0.8,1.5,2026200005,30,0.845317586,0.900538011,0.900542779,0.05522519300000006,0.05522042500000002,4.768000000043848e-06
phase_069,logistics_constrained,0.8,1.5,2026200005,90,0.749283204,0.900276651,0.892037656,0.14275445199999992,0.15099344699999995,-0.008238995000000027
phase_069,logistics_constrained,0.8,1.5,2026200005,180,0.746391425,0.248835799,0.299313989,-0.447077436,-0.49755562600000003,0.050478190000000006
phase_069,logistics_constrained,0.8,1.5,2026200005,360,0.747465383,0.0,0.250788865,-0.49667651799999996,-0.747465383,0.250788865
phase_069,logistics_constrained,0.8,1.5,2026200006,7,0.861987929,0.714641814,0.734683859,-0.12730407,-0.14734611499999994,0.020042044999999953
phase_069,logistics_constrained,0.8,1.5,2026200006,30,0.882061054,0.0,0.0,-0.882061054,-0.882061054,0.0
phase_069,logistics_constrained,0.8,1.5,2026200006,90,0.843975259,0.0,0.0,-0.843975259,-0.843975259,0.0
phase_069,logistics_constrained,0.8,1.5,2026200006,180,0.729815582,0.0,0.0,-0.729815582,-0.729815582,0.0
phase_069,logistics_constrained,0.8,1.5,2026200006,360,0.683629154,0.0,0.0,-0.683629154,-0.683629154,0.0
phase_069,logistics_constrained,0.8,1.5,2026200007,7,0.903094115,0.903115735,0.903116305,2.2189999999921994e-05,2.161999999994446e-05,5.699999999775329e-07
phase_069,logistics_constrained,0.8,1.5,2026200007,30,0.903506283,0.894766839,0.899916909,-0.003589374000000034,-0.00873944400000004,0.005150070000000007
phase_069,logistics_constrained,0.8,1.5,2026200007,90,0.904314226,0.904337375,0.904341044,2.6818000000039532e-05,2.3149000000000086e-05,3.6690000000394463e-06
phase_069,logistics_constrained,0.8,1.5,2026200007,180,0.905507526,0.905524488,0.905527216,1.969000000001664e-05,1.6962000000009247e-05,2.728000000007391e-06
phase_069,logistics_constrained,0.8,1.5,2026200007,360,0.90783718,0.907839784,0.907914774,7.759399999995864e-05,2.603999999961637e-06,7.4989999999997e-05
phase_069,logistics_constrained,0.8,1.5,2026200008,7,0.90290089,0.898978454,0.902773756,-0.0001271339999999732,-0.003922435999999974,0.0037953020000000004
phase_069,logistics_constrained,0.8,1.5,2026200008,30,0.874172833,0.870434275,0.871139634,-0.0030331989999999864,-0.003738558000000003,0.0007053590000000165
phase_069,logistics_constrained,0.8,1.5,2026200008,90,0.800444199,0.871177677,0.879437046,0.07899284699999998,0.07073347800000007,0.008259368999999905
phase_069,logistics_constrained,0.8,1.5,2026200008,180,0.807751136,0.874030952,0.87543103,0.06767989399999996,0.06627981599999999,0.0014000779999999713
phase_069,logistics_constrained,0.8,1.5,2026200008,360,0.811352319,0.87797108,0.88005923,0.06870691099999993,0.06661876099999997,0.0020881499999999553
phase_069,logistics_constrained,0.8,1.5,2026200009,7,0.899874013,0.802163892,0.823821422,-0.07605259100000006,-0.09771012099999998,0.021657529999999925
phase_069,logistics_constrained,0.8,1.5,2026200009,30,0.834910073,0.520939101,0.649124642,-0.185785431,-0.313970972,0.12818554100000001
phase_069,logistics_constrained,0.8,1.5,2026200009,90,0.856430519,0.0,0.533574146,-0.32285637300000003,-0.856430519,0.533574146
phase_069,logistics_constrained,0.8,1.5,2026200009,180,0.843313911,0.0,0.462137958,-0.38117595299999996,-0.843313911,0.462137958
phase_069,logistics_constrained,0.8,1.5,2026200009,360,0.835362414,0.0,0.0,-0.835362414,-0.835362414,0.0
phase_069,logistics_constrained,0.8,1.5,2026200010,7,0.0,0.646182813,0.87966984,0.87966984,0.646182813,0.233487027
phase_069,logistics_constrained,0.8,1.5,2026200010,30,0.0,0.0,0.825683394,0.825683394,0.0,0.825683394
phase_069,logistics_constrained,0.8,1.5,2026200010,90,0.0,0.0,0.696758405,0.696758405,0.0,0.696758405
phase_069,logistics_constrained,0.8,1.5,2026200010,180,0.0,0.0,0.0,0.0,0.0,0.0
phase_069,logistics_constrained,0.8,1.5,2026200010,360,0.0,0.0,0.0,0.0,0.0,0.0
phase_069,logistics_constrained,0.8,1.5,2026200011,7,0.884819282,0.896098424,0.899005486,0.014186203999999925,0.011279141999999909,0.002907062000000016
phase_069,logistics_constrained,0.8,1.5,2026200011,30,0.883191835,0.862965784,0.874450774,-0.008741060999999939,-0.020226050999999967,0.011484990000000028
phase_069,logistics_constrained,0.8,1.5,2026200011,90,0.889931789,0.422649442,0.518777061,-0.37115472800000004,-0.46728234700000004,0.096127619
phase_069,logistics_constrained,0.8,1.5,2026200011,180,0.884115219,0.0,0.0,-0.884115219,-0.884115219,0.0
phase_069,logistics_constrained,0.8,1.5,2026200011,360,0.864030882,0.0,0.0,-0.864030882,-0.864030882,0.0
phase_070,logistics_constrained,0.8,2.0,2026200000,7,0.823153716,0.853834004,0.856985951,0.03383223499999999,0.030680288,0.0031519469999999883
phase_070,logistics_constrained,0.8,2.0,2026200000,30,0.522322822,0.87657811,0.879060332,0.35673751,0.35425528799999995,0.002482222000000034
phase_070,logistics_constrained,0.8,2.0,2026200000,90,0.0,0.902090055,0.902098375,0.902098375,0.902090055,8.320000000061611e-06
phase_070,logistics_constrained,0.8,2.0,2026200000,180,0.0,0.858530522,0.865061784,0.865061784,0.858530522,0.006531261999999982
phase_070,logistics_constrained,0.8,2.0,2026200000,360,0.0,0.0,0.0,0.0,0.0,0.0
phase_070,logistics_constrained,0.8,2.0,2026200001,7,0.852596307,0.862961208,0.865163677,0.012567369999999967,0.010364900999999982,0.0022024689999999847
phase_070,logistics_constrained,0.8,2.0,2026200001,30,0.870286315,0.887457815,0.897549561,0.027263246000000074,0.017171500000000006,0.010091746000000068
phase_070,logistics_constrained,0.8,2.0,2026200001,90,0.867692426,0.762886304,0.841223667,-0.02646875900000001,-0.10480612199999995,0.07833736299999994
phase_070,logistics_constrained,0.8,2.0,2026200001,180,0.141004,0.0,0.661177691,0.520173691,-0.141004,0.661177691
phase_070,logistics_constrained,0.8,2.0,2026200001,360,0.0,0.0,0.671294508,0.671294508,0.0,0.671294508
phase_070,logistics_constrained,0.8,2.0,2026200002,7,0.904271273,0.834741703,0.860300841,-0.04397043199999995,-0.06952957000000004,0.025559138000000092
phase_070,logistics_constrained,0.8,2.0,2026200002,30,0.904730112,0.845850148,0.874805713,-0.02992439899999999,-0.05887996399999995,0.02895556499999996
phase_070,logistics_constrained,0.8,2.0,2026200002,90,0.905598815,0.905573544,0.905535603,-6.321199999992366e-05,-2.527099999993787e-05,-3.794099999998579e-05
phase_070,logistics_constrained,0.8,2.0,2026200002,180,0.906845699,0.906835109,0.906866798,2.1099000000024404e-05,-1.0590000000032518e-05,3.168900000005692e-05
phase_070,logistics_constrained,0.8,2.0,2026200002,360,0.909230383,0.909262819,0.909305374,7.499099999996872e-05,3.2436000000024556e-05,4.2554999999944165e-05
phase_070,logistics_constrained,0.8,2.0,2026200003,7,0.849141503,0.902852529,0.902854833,0.053713330000000004,0.053711025999999995,2.3040000000085215e-06
phase_070,logistics_constrained,0.8,2.0,2026200003,30,0.747632208,0.838131785,0.843589496,0.09595728800000003,0.090499577,0.005457711000000032
phase_070,logistics_constrained,0.8,2.0,2026200003,90,0.642921472,0.554250323,0.575098317,-0.06782315500000002,-0.08867114900000006,0.020847994000000036
phase_070,logistics_constrained,0.8,2.0,2026200003,180,0.0,0.696945196,0.720726905,0.720726905,0.696945196,0.023781708999999984
phase_070,logistics_constrained,0.8,2.0,2026200003,360,0.0,0.712889581,0.713652113,0.713652113,0.712889581,0.0007625319999999824
phase_070,logistics_constrained,0.8,2.0,2026200004,7,0.894590977,0.859060945,0.864075868,-0.030515108999999985,-0.035530032000000045,0.00501492300000006
phase_070,logistics_constrained,0.8,2.0,2026200004,30,0.900027493,0.613721338,0.656893545,-0.243133948,-0.286306155,0.04317220700000002
phase_070,logistics_constrained,0.8,2.0,2026200004,90,0.900741309,0.294568573,0.414918448,-0.48582286100000005,-0.606172736,0.120349875
phase_070,logistics_constrained,0.8,2.0,2026200004,180,0.901895942,0.268818416,0.395412097,-0.506483845,-0.633077526,0.126593681
phase_070,logistics_constrained,0.8,2.0,2026200004,360,0.898191082,0.170523974,0.361345052,-0.53684603,-0.727667108,0.190821078
phase_070,logistics_constrained,0.8,2.0,2026200005,7,0.874278566,0.900105663,0.900109134,0.025830568000000054,0.025827096999999966,3.4710000000881536e-06
phase_070,logistics_constrained,0.8,2.0,2026200005,30,0.845317586,0.90051782,0.900525553,0.05520796700000008,0.05520023400000007,7.73300000000976e-06
phase_070,logistics_constrained,0.8,2.0,2026200005,90,0.749283204,0.861826081,0.879934359,0.13065115500000002,0.11254287699999999,0.018108278000000033
phase_070,logistics_constrained,0.8,2.0,2026200005,180,0.746391425,0.731553996,0.772980358,0.02658893299999998,-0.014837428999999958,0.04142636199999994
phase_070,logistics_constrained,0.8,2.0,2026200005,360,0.747465383,0.688956366,0.783443072,0.03597768899999998,-0.058509016999999997,0.09448670599999998
phase_070,logistics_constrained,0.8,2.0,2026200006,7,0.861987929,0.761766413,0.776011072,-0.08597685700000002,-0.10022151599999995,0.014244658999999937
phase_070,logistics_constrained,0.8,2.0,2026200006,30,0.882061054,0.0,0.0,-0.882061054,-0.882061054,0.0
phase_070,logistics_constrained,0.8,2.0,2026200006,90,0.843975259,0.0,0.0,-0.843975259,-0.843975259,0.0
phase_070,logistics_constrained,0.8,2.0,2026200006,180,0.729815582,0.0,0.0,-0.729815582,-0.729815582,0.0
phase_070,logistics_constrained,0.8,2.0,2026200006,360,0.683629154,0.0,0.0,-0.683629154,-0.683629154,0.0
phase_070,logistics_constrained,0.8,2.0,2026200007,7,0.903094115,0.864106565,0.873940624,-0.029153490999999976,-0.03898754999999998,0.009834059000000006
phase_070,logistics_constrained,0.8,2.0,2026200007,30,0.903506283,0.868473938,0.869689559,-0.03381672400000002,-0.035032345000000076,0.0012156210000000556
phase_070,logistics_constrained,0.8,2.0,2026200007,90,0.904314226,0.904328329,0.90433292,1.8693999999985778e-05,1.4103000000043053e-05,4.590999999942724e-06
phase_070,logistics_constrained,0.8,2.0,2026200007,180,0.905507526,0.905509649,0.905512892,5.366000000006643e-06,2.123000000020525e-06,3.242999999986118e-06
phase_070,logistics_constrained,0.8,2.0,2026200007,360,0.90783718,0.907831878,0.907827762,-9.417999999983273e-06,-5.30200000004033e-06,-4.115999999942943e-06
phase_070,logistics_constrained,0.8,2.0,2026200008,7,0.90290089,0.88636827,0.891199878,-0.011701011999999955,-0.016532619999999998,0.004831608000000043
phase_070,logistics_constrained,0.8,2.0,2026200008,30,0.874172833,0.845714772,0.846629536,-0.027543297000000022,-0.028458061000000034,0.0009147640000000123
phase_070,logistics_constrained,0.8,2.0,2026200008,90,0.800444199,0.861034126,0.869512433,0.06906823400000006,0.06058992699999999,0.008478307000000074
phase_070,logistics_constrained,0.8,2.0,2026200008,180,0.807751136,0.849239289,0.851058332,0.04330719599999999,0.04148815299999997,0.0018190430000000202
phase_070,logistics_constrained,0.8,2.0,2026200008,360,0.811352319,0.849751377,0.83649062,0.02513830099999992,0.038399057999999986,-0.013260757000000067
phase_070,logistics_constrained,0.8,2.0,2026200009,7,0.899874013,0.0,0.0,-0.899874013,-0.899874013,0.0
phase_070,logistics_constrained,0.8,2.0,2026200009,30,0.834910073,0.0,0.0,-0.834910073,-0.834910073,0.0
phase_070,logistics_constrained,0.8,2.0,2026200009,90,0.856430519,0.0,0.0,-0.856430519,-0.856430519,0.0
phase_070,logistics_constrained,0.8,2.0,2026200009,180,0.843313911,0.0,0.0,-0.843313911,-0.843313911,0.0
phase_070,logistics_constrained,0.8,2.0,2026200009,360,0.835362414,0.0,0.0,-0.835362414,-0.835362414,0.0
phase_070,logistics_constrained,0.8,2.0,2026200010,7,0.0,0.664422096,0.863770436,0.863770436,0.664422096,0.19934834
phase_070,logistics_constrained,0.8,2.0,2026200010,30,0.0,0.0,0.800697995,0.800697995,0.0,0.800697995
phase_070,logistics_constrained,0.8,2.0,2026200010,90,0.0,0.0,0.716904315,0.716904315,0.0,0.716904315
phase_070,logistics_constrained,0.8,2.0,2026200010,180,0.0,0.0,0.523004293,0.523004293,0.0,0.523004293
phase_070,logistics_constrained,0.8,2.0,2026200010,360,0.0,0.0,0.0,0.0,0.0,0.0
phase_070,logistics_constrained,0.8,2.0,2026200011,7,0.884819282,0.883663674,0.889180198,0.0043609159999999925,-0.0011556080000000302,0.005516524000000023
phase_070,logistics_constrained,0.8,2.0,2026200011,30,0.883191835,0.873240082,0.892202291,0.009010456000000056,-0.009951752999999952,0.018962209000000008
phase_070,logistics_constrained,0.8,2.0,2026200011,90,0.889931789,0.425482789,0.557861686,-0.33207010300000006,-0.46444900000000006,0.132378897
phase_070,logistics_constrained,0.8,2.0,2026200011,180,0.884115219,0.0,0.268442344,-0.615672875,-0.884115219,0.268442344
phase_070,logistics_constrained,0.8,2.0,2026200011,360,0.864030882,0.0,0.0,-0.864030882,-0.864030882,0.0
phase_072,command_constrained,0.2,0.25,2026200000,7,0.900828179,0.85758315,0.859732204,-0.04109597499999995,-0.043245029000000046,0.0021490540000000946
phase_072,command_constrained,0.2,0.25,2026200000,30,0.883931889,0.789464949,0.79544154,-0.08849034899999997,-0.09446694,0.005976591000000031
phase_072,command_constrained,0.2,0.25,2026200000,90,0.708217862,0.764320103,0.768966517,0.06074865499999993,0.05610224099999994,0.004646413999999988
phase_072,command_constrained,0.2,0.25,2026200000,180,0.686579979,0.742594744,0.726731288,0.04015130899999997,0.05601476500000002,-0.015863456000000054
phase_072,command_constrained,0.2,0.25,2026200000,360,0.653811321,0.699908848,0.643569285,-0.010242035999999954,0.04609752700000003,-0.05633956299999998
phase_072,command_constrained,0.2,0.25,2026200001,7,0.890779876,0.88993541,0.890733151,-4.672500000002522e-05,-0.0008444659999999882,0.000797740999999963
phase_072,command_constrained,0.2,0.25,2026200001,30,0.848662454,0.852417235,0.854669011,0.006006557000000079,0.0037547810000000403,0.0022517760000000386
phase_072,command_constrained,0.2,0.25,2026200001,90,0.744984321,0.745838134,0.747857601,0.002873279999999978,0.0008538129999999811,0.002019466999999997
phase_072,command_constrained,0.2,0.25,2026200001,180,0.723380898,0.723366667,0.71982929,-0.003551608000000095,-1.4231000000086702e-05,-0.003537377000000008
phase_072,command_constrained,0.2,0.25,2026200001,360,0.699565682,0.69956085,0.680570456,-0.01899522600000003,-4.8320000000101615e-06,-0.01899039400000002
phase_072,command_constrained,0.2,0.25,2026200002,7,0.904300578,0.904300707,0.904304848,4.270000000028418e-06,1.2900000001536682e-07,4.141000000013051e-06
phase_072,command_constrained,0.2,0.25,2026200002,30,0.90473494,0.904734979,0.904735179,2.3900000001297883e-07,3.90000000072277e-08,2.0000000000575113e-07
phase_072,command_constrained,0.2,0.25,2026200002,90,0.896603159,0.894171445,0.894984433,-0.0016187260000000148,-0.0024317139999999737,0.000812987999999959
phase_072,command_constrained,0.2,0.25,2026200002,180,0.901606833,0.899135491,0.897042972,-0.004563860999999947,-0.0024713419999999875,-0.0020925189999999594
phase_072,command_constrained,0.2,0.25,2026200002,360,0.909159594,0.909152002,0.909166343,6.7489999999725825e-06,-7.592000000000709e-06,1.4340999999973292e-05
phase_072,command_constrained,0.2,0.25,2026200003,7,0.902781035,0.90278157,0.902781607,5.720000000319914e-07,5.350000000792221e-07,3.699999995276926e-08
phase_072,command_constrained,0.2,0.25,2026200003,30,0.903218123,0.903218787,0.903218941,8.17999999958019e-07,6.639999999835666e-07,1.5399999997445235e-07
phase_072,command_constrained,0.2,0.25,2026200003,90,0.904022986,0.904022417,0.90402318,1.9400000006442042e-07,-5.690000000058149e-07,7.630000000702353e-07
phase_072,command_constrained,0.2,0.25,2026200003,180,0.905177573,0.905177429,0.905178837,1.26400000000082e-06,-1.4400000003522706e-07,1.408000000036047e-06
phase_072,command_constrained,0.2,0.25,2026200003,360,0.483298344,0.907456993,0.907481074,0.42418273,0.42415864900000005,2.4080999999953612e-05
phase_072,command_constrained,0.2,0.25,2026200004,7,0.851120118,0.848067228,0.848958139,-0.002161979000000036,-0.003052889999999975,0.0008909109999999387
phase_072,command_constrained,0.2,0.25,2026200004,30,0.82193733,0.722898705,0.72750677,-0.09443056000000005,-0.09903862500000005,0.0046080649999999945
phase_072,command_constrained,0.2,0.25,2026200004,90,0.806417316,0.64495142,0.651364288,-0.15505302799999998,-0.16146589599999994,0.0064128679999999605
phase_072,command_constrained,0.2,0.25,2026200004,180,0.791881546,0.632148595,0.621125517,-0.1707560290000001,-0.15973295100000007,-0.01102307800000002
phase_072,command_constrained,0.2,0.25,2026200004,360,0.799093893,0.612089178,0.563622874,-0.235471019,-0.18700471500000004,-0.04846630399999996
phase_072,command_constrained,0.2,0.25,2026200005,7,0.900116056,0.900060513,0.900060582,-5.547399999994429e-05,-5.554299999999124e-05,6.900000004694817e-08
phase_072,command_constrained,0.2,0.25,2026200005,30,0.900489053,0.860708536,0.86176085,-0.03872820300000002,-0.03978051700000007,0.0010523140000000542
phase_072,command_constrained,0.2,0.25,2026200005,90,0.901208451,0.86191972,0.842561804,-0.058646646999999996,-0.03928873100000008,-0.01935791599999992
phase_072,command_constrained,0.2,0.25,2026200005,180,0.893791268,0.826014114,0.801639746,-0.09215152199999999,-0.06777715399999995,-0.024374368000000035
phase_072,command_constrained,0.2,0.25,2026200005,360,0.904563424,0.803907604,0.840374098,-0.06418932600000005,-0.10065581999999995,0.036466493999999905
phase_072,command_constrained,0.2,0.25,2026200006,7,0.855446839,0.899711811,0.899976467,0.04452962800000004,0.044264972000000014,0.00026465600000002976
phase_072,command_constrained,0.2,0.25,2026200006,30,0.886118801,0.887678436,0.888864247,0.0027454460000000402,0.0015596350000000037,0.0011858110000000366
phase_072,command_constrained,0.2,0.25,2026200006,90,0.873057957,0.875354555,0.901180353,0.028122395999999994,0.0022965980000000386,0.025825797999999955
phase_072,command_constrained,0.2,0.25,2026200006,180,0.850687271,0.852393879,0.851354787,0.0006675160000000346,0.0017066079999999983,-0.0010390919999999637
phase_072,command_constrained,0.2,0.25,2026200006,360,0.859538286,0.859832323,0.876831357,0.017293070999999993,0.00029403699999996924,0.016999034000000024
phase_072,command_constrained,0.2,0.25,2026200007,7,0.874266861,0.871797677,0.873993475,-0.0002733859999999311,-0.0024691839999999576,0.0021957980000000266
phase_072,command_constrained,0.2,0.25,2026200007,30,0.820011507,0.812550833,0.819058902,-0.0009526050000000508,-0.007460674000000056,0.006508069000000005
phase_072,command_constrained,0.2,0.25,2026200007,90,0.785541401,0.775229302,0.794697785,0.009156383999999962,-0.010312099000000075,0.019468483000000036
phase_072,command_constrained,0.2,0.25,2026200007,180,0.766853361,0.756509643,0.748165519,-0.018687842000000066,-0.010343718000000002,-0.008344124000000064
phase_072,command_constrained,0.2,0.25,2026200007,360,0.729844566,0.720340705,0.665759148,-0.064085418,-0.009503861000000002,-0.054581557
phase_072,command_constrained,0.2,0.25,2026200008,7,0.900717814,0.902804137,0.902804222,0.0020864080000000396,0.002086323000000001,8.500000003852648e-08
phase_072,command_constrained,0.2,0.25,2026200008,30,0.903216629,0.903205972,0.903206248,-1.0380999999948237e-05,-1.0657000000025008e-05,2.760000000767704e-07
phase_072,command_constrained,0.2,0.25,2026200008,90,0.860014315,0.903971218,0.903971193,0.04395687799999992,0.04395690299999999,-2.500000007010783e-08
phase_072,command_constrained,0.2,0.25,2026200008,180,0.81403429,0.790717902,0.791016486,-0.023017804000000086,-0.02331638800000002,0.0002985839999999351
phase_072,command_constrained,0.2,0.25,2026200008,360,0.810023405,0.784720275,0.780593788,-0.02942961700000002,-0.025303130000000063,-0.0041264869999999565
phase_072,command_constrained,0.2,0.25,2026200009,7,0.852169277,0.853416639,0.85370659,0.0015373130000000401,0.001247361999999974,0.000289951000000066
phase_072,command_constrained,0.2,0.25,2026200009,30,0.846828057,0.85499377,0.855899766,0.009071708999999983,0.008165713000000019,0.0009059959999999645
phase_072,command_constrained,0.2,0.25,2026200009,90,0.868334352,0.83553513,0.854620576,-0.01371377600000001,-0.03279922199999996,0.01908544599999995
phase_072,command_constrained,0.2,0.25,2026200009,180,0.839372061,0.858807318,0.849587087,0.010215026000000016,0.01943525700000004,-0.009220231000000023
phase_072,command_constrained,0.2,0.25,2026200009,360,0.869208972,0.83153527,0.866220321,-0.002988651000000009,-0.037673701999999976,0.03468505099999997
phase_072,command_constrained,0.2,0.25,2026200010,7,0.879410843,0.878250022,0.879776451,0.00036560799999996174,-0.001160821000000034,0.0015264289999999958
phase_072,command_constrained,0.2,0.25,2026200010,30,0.83904639,0.835503022,0.839957769,0.0009113789999999344,-0.003543367999999991,0.004454746999999926
phase_072,command_constrained,0.2,0.25,2026200010,90,0.812915627,0.808445525,0.814221956,0.0013063290000000505,-0.004470101999999976,0.005776431000000026
phase_072,command_constrained,0.2,0.25,2026200010,180,0.799486656,0.794894633,0.800609294,0.0011226380000000091,-0.004592023000000056,0.005714661000000065
phase_072,command_constrained,0.2,0.25,2026200010,360,0.774505814,0.770021968,0.775506506,0.0010006920000000807,-0.004483845999999958,0.005484538000000039
phase_072,command_constrained,0.2,0.25,2026200011,7,0.889333078,0.896442842,0.896942167,0.007609088999999902,0.007109763999999963,0.0004993249999999394
phase_072,command_constrained,0.2,0.25,2026200011,30,0.894719521,0.880792374,0.882183799,-0.012535721999999971,-0.013927146999999973,0.0013914250000000017
phase_072,command_constrained,0.2,0.25,2026200011,90,0.902883633,0.898094459,0.893097203,-0.009786430000000013,-0.004789174000000007,-0.0049972560000000055
phase_072,command_constrained,0.2,0.25,2026200011,180,0.903348789,0.90413413,0.899472541,-0.003876248000000082,0.0007853409999999394,-0.0046615890000000215
phase_072,command_constrained,0.2,0.25,2026200011,360,0.90640058,0.514010455,0.882069896,-0.024330684000000047,-0.39239012500000003,0.368059441
phase_073,command_constrained,0.2,0.5,2026200000,7,0.900828179,0.850408509,0.854307634,-0.046520545000000024,-0.05041967000000003,0.0038991250000000033
phase_073,command_constrained,0.2,0.5,2026200000,30,0.883931889,0.764408388,0.775964707,-0.107967182,-0.11952350099999998,0.011556318999999982
phase_073,command_constrained,0.2,0.5,2026200000,90,0.708217862,0.735258075,0.749841375,0.041623513,0.027040212999999924,0.014583300000000077
phase_073,command_constrained,0.2,0.5,2026200000,180,0.686579979,0.713771349,0.701283618,0.014703639000000046,0.027191370000000048,-0.012487731000000002
phase_073,command_constrained,0.2,0.5,2026200000,360,0.653811321,0.67295382,0.610835025,-0.04297629599999997,0.01914249900000009,-0.06211879500000006
phase_073,command_constrained,0.2,0.5,2026200001,7,0.890779876,0.867083808,0.867968415,-0.022811460999999977,-0.023696068000000015,0.0008846070000000372
phase_073,command_constrained,0.2,0.5,2026200001,30,0.848662454,0.841146728,0.843700283,-0.00496217099999996,-0.007515725999999945,0.002553554999999985
phase_073,command_constrained,0.2,0.5,2026200001,90,0.744984321,0.830834023,0.833152641,0.08816831999999997,0.08584970199999997,0.0023186179999999945
phase_073,command_constrained,0.2,0.5,2026200001,180,0.723380898,0.797068735,0.797772446,0.07439154799999992,0.07368783699999992,0.0007037109999999958
phase_073,command_constrained,0.2,0.5,2026200001,360,0.699565682,0.805476079,0.802422655,0.10285697299999996,0.10591039699999993,-0.0030534239999999713
phase_073,command_constrained,0.2,0.5,2026200002,7,0.904300578,0.904250737,0.904250854,-4.972399999991772e-05,-4.9840999999939406e-05,1.1700000002168309e-07
phase_073,command_constrained,0.2,0.5,2026200002,30,0.90473494,0.885464597,0.887670159,-0.017064780999999973,-0.019270342999999968,0.0022055619999999942
phase_073,command_constrained,0.2,0.5,2026200002,90,0.896603159,0.905555534,0.90555563,0.008952470999999962,0.008952375000000012,9.599999994946984e-08
phase_073,command_constrained,0.2,0.5,2026200002,180,0.901606833,0.898487217,0.897368539,-0.004238293999999976,-0.0031196159999999917,-0.001118677999999984
phase_073,command_constrained,0.2,0.5,2026200002,360,0.909159594,0.51025237,0.909174946,1.5352000000024013e-05,-0.398907224,0.39892257600000003
phase_073,command_constrained,0.2,0.5,2026200003,7,0.902781035,0.902813263,0.902813382,3.234700000009916e-05,3.2228000000023016e-05,1.1900000007614153e-07
phase_073,command_constrained,0.2,0.5,2026200003,30,0.903218123,0.875602223,0.877424935,-0.025793188000000078,-0.027615900000000027,0.0018227119999999486
phase_073,command_constrained,0.2,0.5,2026200003,90,0.904022986,0.858085863,0.859881886,-0.04414109999999993,-0.04593712299999997,0.0017960230000000355
phase_073,command_constrained,0.2,0.5,2026200003,180,0.905177573,0.848783073,0.85019892,-0.054978653000000044,-0.056394500000000014,0.00141584699999997
phase_073,command_constrained,0.2,0.5,2026200003,360,0.483298344,0.820181793,0.835808848,0.352510504,0.33688344900000006,0.015627054999999945
phase_073,command_constrained,0.2,0.5,2026200004,7,0.851120118,0.844639697,0.846399782,-0.004720335999999992,-0.006480421000000014,0.0017600850000000223
phase_073,command_constrained,0.2,0.5,2026200004,30,0.82193733,0.719358381,0.728416474,-0.09352085600000004,-0.10257894899999997,0.009058092999999934
phase_073,command_constrained,0.2,0.5,2026200004,90,0.806417316,0.640579588,0.653208937,-0.15320837899999995,-0.16583772799999996,0.012629349000000012
phase_073,command_constrained,0.2,0.5,2026200004,180,0.791881546,0.627844932,0.621306803,-0.17057474300000008,-0.16403661400000003,-0.006538129000000059
phase_073,command_constrained,0.2,0.5,2026200004,360,0.799093893,0.607888104,0.54656312,-0.25253077300000004,-0.19120578899999996,-0.06132498400000008
phase_073,command_constrained,0.2,0.5,2026200005,7,0.900116056,0.872788507,0.873476868,-0.02663918799999998,-0.027327549000000007,0.0006883610000000262
phase_073,command_constrained,0.2,0.5,2026200005,30,0.900489053,0.845128387,0.846960297,-0.053528756000000066,-0.055360666,0.0018319099999999366
phase_073,command_constrained,0.2,0.5,2026200005,90,0.901208451,0.787400585,0.793415842,-0.10779260899999998,-0.11380786600000004,0.006015257000000052
phase_073,command_constrained,0.2,0.5,2026200005,180,0.893791268,0.80192816,0.761133157,-0.13265811100000002,-0.09186310799999997,-0.04079500300000005
phase_073,command_constrained,0.2,0.5,2026200005,360,0.904563424,0.786174252,0.767621839,-0.13694158499999998,-0.11838917199999999,-0.01855241299999999
phase_073,command_constrained,0.2,0.5,2026200006,7,0.855446839,0.899982415,0.899982676,0.04453583700000008,0.04453557600000002,2.6100000005691015e-07
phase_073,command_constrained,0.2,0.5,2026200006,30,0.886118801,0.864790589,0.868002133,-0.018116668000000002,-0.021328211999999902,0.0032115439999998996
phase_073,command_constrained,0.2,0.5,2026200006,90,0.873057957,0.861658376,0.86572533,-0.007332627000000036,-0.011399581000000047,0.0040669540000000115
phase_073,command_constrained,0.2,0.5,2026200006,180,0.850687271,0.857572924,0.647977946,-0.20270932499999994,0.006885652999999992,-0.20959497799999993
phase_073,command_constrained,0.2,0.5,2026200006,360,0.859538286,0.852770651,0.556226931,-0.30331135500000006,-0.006767634999999994,-0.29654372000000007
phase_073,command_constrained,0.2,0.5,2026200007,7,0.874266861,0.869016906,0.873172488,-0.0010943729999999263,-0.005249954999999917,0.004155581999999991
phase_073,command_constrained,0.2,0.5,2026200007,30,0.820011507,0.803370087,0.815914116,-0.004097391000000061,-0.016641420000000018,0.012544028999999957
phase_073,command_constrained,0.2,0.5,2026200007,90,0.785541401,0.763094569,0.783139386,-0.002402015000000035,-0.022446832000000083,0.020044817000000048
phase_073,command_constrained,0.2,0.5,2026200007,180,0.766853361,0.743884807,0.740694001,-0.026159359999999965,-0.022968553999999974,-0.0031908059999999905
phase_073,command_constrained,0.2,0.5,2026200007,360,0.729844566,0.708963223,0.661036334,-0.06880823200000008,-0.020881342999999997,-0.047926889000000084
phase_073,command_constrained,0.2,0.5,2026200008,7,0.900717814,0.879761377,0.88035948,-0.020358333999999978,-0.02095643699999994,0.000598102999999961
phase_073,command_constrained,0.2,0.5,2026200008,30,0.903216629,0.876431803,0.878013133,-0.025203496000000047,-0.026784825999999984,0.0015813299999999364
phase_073,command_constrained,0.2,0.5,2026200008,90,0.860014315,0.851085849,0.879726103,0.019711787999999952,-0.00892846600000008,0.02864025400000003
phase_073,command_constrained,0.2,0.5,2026200008,180,0.81403429,0.808509097,0.783938335,-0.030095955000000063,-0.005525193000000095,-0.024570761999999968
phase_073,command_constrained,0.2,0.5,2026200008,360,0.810023405,0.796400872,0.760642257,-0.04938114800000004,-0.013622533000000048,-0.035758614999999994
phase_073,command_constrained,0.2,0.5,2026200009,7,0.852169277,0.852756707,0.854257722,0.00208844500000005,0.0005874299999999444,0.0015010150000001055
phase_073,command_constrained,0.2,0.5,2026200009,30,0.846828057,0.869312914,0.872265429,0.02543737200000007,0.022484857000000025,0.0029525150000000444
phase_073,command_constrained,0.2,0.5,2026200009,90,0.868334352,0.831360989,0.834685143,-0.03364920900000001,-0.03697336299999998,0.003324153999999968
phase_073,command_constrained,0.2,0.5,2026200009,180,0.839372061,0.627072395,0.63405436,-0.2053177009999999,-0.21229966599999994,0.006981965000000034
phase_073,command_constrained,0.2,0.5,2026200009,360,0.869208972,0.586255048,0.591969491,-0.27723948100000007,-0.2829539240000001,0.0057144430000000135
phase_073,command_constrained,0.2,0.5,2026200010,7,0.879410843,0.901409657,0.901410065,0.02199922199999993,0.021998813999999922,4.080000000072914e-07
phase_073,command_constrained,0.2,0.5,2026200010,30,0.83904639,0.901815566,0.901816653,0.06277026299999999,0.06276917599999998,1.0870000000107183e-06
phase_073,command_constrained,0.2,0.5,2026200010,90,0.812915627,0.887013785,0.831809596,0.018893969000000066,0.07409815800000008,-0.055204189000000015
phase_073,command_constrained,0.2,0.5,2026200010,180,0.799486656,0.890171168,0.718833814,-0.080652842,0.09068451199999994,-0.17133735399999994
phase_073,command_constrained,0.2,0.5,2026200010,360,0.774505814,0.884630379,0.694765641,-0.07974017299999991,0.11012456500000001,-0.18986473799999992
phase_073,command_constrained,0.2,0.5,2026200011,7,0.889333078,0.895229307,0.89608258,0.006749501999999907,0.005896228999999975,0.0008532729999999322
phase_073,command_constrained,0.2,0.5,2026200011,30,0.894719521,0.876384119,0.894416012,-0.0003035089999999796,-0.018335401999999945,0.018031892999999966
phase_073,command_constrained,0.2,0.5,2026200011,90,0.902883633,0.832925469,0.886298943,-0.016584689999999958,-0.06995816399999999,0.05337347400000003
phase_073,command_constrained,0.2,0.5,2026200011,180,0.903348789,0.826448086,0.880193685,-0.023155104000000093,-0.07690070300000007,0.05374559899999998
phase_073,command_constrained,0.2,0.5,2026200011,360,0.90640058,0.854569212,0.842349319,-0.06405126100000003,-0.05183136799999999,-0.012219893000000037
phase_074,command_constrained,0.2,0.75,2026200000,7,0.900828179,0.862270242,0.866677913,-0.03415026600000004,-0.03855793699999999,0.004407670999999946
phase_074,command_constrained,0.2,0.75,2026200000,30,0.883931889,0.778517028,0.792779184,-0.09115270499999995,-0.10541486099999997,0.014262156000000026
phase_074,command_constrained,0.2,0.75,2026200000,90,0.708217862,0.734135442,0.753341856,0.045123994,0.025917579999999996,0.019206414000000005
phase_074,command_constrained,0.2,0.75,2026200000,180,0.686579979,0.720071645,0.720933901,0.03435392199999998,0.033491665999999976,0.0008622560000000057
phase_074,command_constrained,0.2,0.75,2026200000,360,0.653811321,0.695554405,0.654938019,0.0011266980000000926,0.04174308400000004,-0.04061638599999995
phase_074,command_constrained,0.2,0.75,2026200001,7,0.890779876,0.877782078,0.879613177,-0.011166699000000002,-0.012997798000000005,0.0018310990000000027
phase_074,command_constrained,0.2,0.75,2026200001,30,0.848662454,0.764987334,0.773515026,-0.07514742799999996,-0.08367511999999999,0.008527692000000031
phase_074,command_constrained,0.2,0.75,2026200001,90,0.744984321,0.660047237,0.672720151,-0.07226416999999996,-0.084937084,0.012672914000000035
phase_074,command_constrained,0.2,0.75,2026200001,180,0.723380898,0.64406351,0.645048469,-0.07833242900000004,-0.0793173880000001,0.000984959000000063
phase_074,command_constrained,0.2,0.75,2026200001,360,0.699565682,0.61913138,0.604153291,-0.09541239099999999,-0.08043430200000001,-0.014978088999999972
phase_074,command_constrained,0.2,0.75,2026200002,7,0.904300578,0.904342837,0.904343653,4.307500000000353e-05,4.2258999999988944e-05,8.160000000145828e-07
phase_074,command_constrained,0.2,0.75,2026200002,30,0.90473494,0.889290625,0.89442594,-0.010309000000000013,-0.015444314999999986,0.005135314999999974
phase_074,command_constrained,0.2,0.75,2026200002,90,0.896603159,0.905585438,0.90558659,0.008983430999999986,0.008982279000000037,1.1519999999487496e-06
phase_074,command_constrained,0.2,0.75,2026200002,180,0.901606833,0.872253463,0.86803322,-0.03357361299999995,-0.029353370000000045,-0.004220242999999901
phase_074,command_constrained,0.2,0.75,2026200002,360,0.909159594,0.895271362,0.909189141,2.954700000001864e-05,-0.013888232,0.013917779000000019
phase_074,command_constrained,0.2,0.75,2026200003,7,0.902781035,0.902847057,0.902847244,6.620900000009478e-05,6.602200000005443e-05,1.8700000004034933e-07
phase_074,command_constrained,0.2,0.75,2026200003,30,0.903218123,0.850767587,0.854134833,-0.04908329,-0.05245053600000005,0.003367246000000046
phase_074,command_constrained,0.2,0.75,2026200003,90,0.904022986,0.831127681,0.840620181,-0.06340280499999995,-0.07289530499999997,0.009492500000000015
phase_074,command_constrained,0.2,0.75,2026200003,180,0.905177573,0.777053298,0.780661618,-0.12451595500000001,-0.128124275,0.003608319999999998
phase_074,command_constrained,0.2,0.75,2026200003,360,0.483298344,0.868917717,0.866082172,0.38278382800000005,0.385619373,-0.0028355449999999394
phase_074,command_constrained,0.2,0.75,2026200004,7,0.851120118,0.842904351,0.845331023,-0.005789095000000022,-0.00821576699999993,0.0024266719999999076
phase_074,command_constrained,0.2,0.75,2026200004,30,0.82193733,0.717487353,0.728600714,-0.09333661599999998,-0.10444997700000003,0.011113361000000044
phase_074,command_constrained,0.2,0.75,2026200004,90,0.806417316,0.636533848,0.655186866,-0.15123045000000002,-0.16988346799999998,0.018653017999999966
phase_074,command_constrained,0.2,0.75,2026200004,180,0.791881546,0.623728276,0.623790012,-0.1680915340000001,-0.16815327000000002,6.173599999992341e-05
phase_074,command_constrained,0.2,0.75,2026200004,360,0.799093893,0.603957002,0.545882253,-0.25321163999999996,-0.19513689099999998,-0.05807474899999998
phase_074,command_constrained,0.2,0.75,2026200005,7,0.900116056,0.871604936,0.872606044,-0.027510012000000028,-0.02851112,0.0010011079999999728
phase_074,command_constrained,0.2,0.75,2026200005,30,0.900489053,0.848176905,0.850901411,-0.04958764199999999,-0.05231214800000006,0.002724506000000071
phase_074,command_constrained,0.2,0.75,2026200005,90,0.901208451,0.792765044,0.797213383,-0.10399506800000002,-0.10844340699999999,0.004448338999999968
phase_074,command_constrained,0.2,0.75,2026200005,180,0.893791268,0.766363714,0.771152796,-0.122638472,-0.12742755399999994,0.0047890819999999445
phase_074,command_constrained,0.2,0.75,2026200005,360,0.904563424,0.775072897,0.789127021,-0.11543640300000002,-0.12949052699999997,0.014054123999999946
phase_074,command_constrained,0.2,0.75,2026200006,7,0.855446839,0.899986622,0.899987095,0.044540256,0.044539783000000055,4.729999999453227e-07
phase_074,command_constrained,0.2,0.75,2026200006,30,0.886118801,0.875965143,0.879766658,-0.006352142999999977,-0.01015365800000001,0.003801515000000033
phase_074,command_constrained,0.2,0.75,2026200006,90,0.873057957,0.872032228,0.870172964,-0.0028849930000000024,-0.0010257289999999752,-0.0018592640000000271
phase_074,command_constrained,0.2,0.75,2026200006,180,0.850687271,0.864473093,0.902261201,0.05157392999999999,0.013785822000000003,0.03778810799999999
phase_074,command_constrained,0.2,0.75,2026200006,360,0.859538286,0.879974227,0.81544396,-0.04409432600000007,0.020435941000000013,-0.06453026700000009
phase_074,command_constrained,0.2,0.75,2026200007,7,0.874266861,0.875728621,0.882864875,0.008598014000000043,0.0014617600000000897,0.007136253999999953
phase_074,command_constrained,0.2,0.75,2026200007,30,0.820011507,0.826578821,0.846764902,0.026753394999999958,0.006567313999999991,0.020186080999999967
phase_074,command_constrained,0.2,0.75,2026200007,90,0.785541401,0.79527101,0.816503719,0.030962317999999933,0.009729608999999972,0.02123270899999996
phase_074,command_constrained,0.2,0.75,2026200007,180,0.766853361,0.775318378,0.780050689,0.013197327999999953,0.008465017000000019,0.0047323109999999335
phase_074,command_constrained,0.2,0.75,2026200007,360,0.729844566,0.739121275,0.705030019,-0.024814547000000076,0.009276708999999994,-0.03409125600000007
phase_074,command_constrained,0.2,0.75,2026200008,7,0.900717814,0.87307655,0.874034891,-0.02668292299999997,-0.027641264,0.0009583410000000292
phase_074,command_constrained,0.2,0.75,2026200008,30,0.903216629,0.903211759,0.900873466,-0.002343163000000037,-4.870000000045671e-06,-0.0023382929999999913
phase_074,command_constrained,0.2,0.75,2026200008,90,0.860014315,0.844011046,0.878876417,0.018862101999999936,-0.016003269000000042,0.03486537099999998
phase_074,command_constrained,0.2,0.75,2026200008,180,0.81403429,0.825161147,0.775347669,-0.03868662100000009,0.011126856999999934,-0.04981347800000002
phase_074,command_constrained,0.2,0.75,2026200008,360,0.810023405,0.77342526,0.798815407,-0.011207998000000052,-0.036598145000000026,0.025390146999999974
phase_074,command_constrained,0.2,0.75,2026200009,7,0.852169277,0.862509152,0.864640691,0.012471413999999958,0.010339874999999998,0.00213153899999996
phase_074,command_constrained,0.2,0.75,2026200009,30,0.846828057,0.857853,0.862673731,0.015845674000000032,0.01102494300000001,0.0048207310000000225
phase_074,command_constrained,0.2,0.75,2026200009,90,0.868334352,0.840012239,0.845689287,-0.022645064999999964,-0.028322112999999982,0.005677048000000018
phase_074,command_constrained,0.2,0.75,2026200009,180,0.839372061,0.822367341,0.711597434,-0.12777462699999997,-0.017004719999999973,-0.110769907
phase_074,command_constrained,0.2,0.75,2026200009,360,0.869208972,0.765623371,0.639861251,-0.229347721,-0.10358560100000003,-0.12576211999999998
phase_074,command_constrained,0.2,0.75,2026200010,7,0.879410843,0.901411934,0.901421093,0.022010249999999898,0.022001090999999917,9.158999999980821e-06
phase_074,command_constrained,0.2,0.75,2026200010,30,0.83904639,0.901809943,0.87209101,0.03304461999999997,0.06276355299999992,-0.029718932999999947
phase_074,command_constrained,0.2,0.75,2026200010,90,0.812915627,0.882340727,0.84202775,0.02911212299999999,0.06942510000000002,-0.04031297700000003
phase_074,command_constrained,0.2,0.75,2026200010,180,0.799486656,0.885660153,0.719053367,-0.08043328900000002,0.08617349699999999,-0.166606786
phase_074,command_constrained,0.2,0.75,2026200010,360,0.774505814,0.89027752,0.692510008,-0.081995806,0.11577170600000009,-0.1977675120000001
phase_074,command_constrained,0.2,0.75,2026200011,7,0.889333078,0.891379269,0.892631939,0.0032988609999999863,0.0020461909999999195,0.0012526700000000668
phase_074,command_constrained,0.2,0.75,2026200011,30,0.894719521,0.873762906,0.877579279,-0.017140241999999972,-0.020956615000000012,0.0038163730000000395
phase_074,command_constrained,0.2,0.75,2026200011,90,0.902883633,0.848459531,0.855221706,-0.04766192699999994,-0.05442410199999992,0.006762174999999981
phase_074,command_constrained,0.2,0.75,2026200011,180,0.903348789,0.886096311,0.873996206,-0.029352582999999988,-0.01725247800000007,-0.012100104999999917
phase_074,command_constrained,0.2,0.75,2026200011,360,0.90640058,0.744517274,0.617497091,-0.28890348899999996,-0.161883306,-0.12702018299999995
phase_075,command_constrained,0.2,1.0,2026200000,7,0.900828179,0.881746765,0.889053631,-0.011774547999999996,-0.019081413999999963,0.0073068659999999674
phase_075,command_constrained,0.2,1.0,2026200000,30,0.883931889,0.846413065,0.866261436,-0.01767045299999992,-0.03751882399999995,0.01984837100000003
phase_075,command_constrained,0.2,1.0,2026200000,90,0.708217862,0.819403403,0.840979088,0.13276122599999995,0.111185541,0.021575684999999956
phase_075,command_constrained,0.2,1.0,2026200000,180,0.686579979,0.799519226,0.802970087,0.11639010800000005,0.11293924700000002,0.0034508610000000273
phase_075,command_constrained,0.2,1.0,2026200000,360,0.653811321,0.761716876,0.723024723,0.06921340200000003,0.1079055550000001,-0.03869215300000006
phase_075,command_constrained,0.2,1.0,2026200001,7,0.890779876,0.873832863,0.876505596,-0.014274279999999973,-0.01694701300000001,0.0026727330000000382
phase_075,command_constrained,0.2,1.0,2026200001,30,0.848662454,0.763916192,0.774890411,-0.07377204299999995,-0.0847462619999999,0.010974218999999952
phase_075,command_constrained,0.2,1.0,2026200001,90,0.744984321,0.656208733,0.673503755,-0.07148056599999997,-0.08877558799999996,0.017295021999999993
phase_075,command_constrained,0.2,1.0,2026200001,180,0.723380898,0.63952673,0.646387911,-0.07699298700000001,-0.083854168,0.006861180999999994
phase_075,command_constrained,0.2,1.0,2026200001,360,0.699565682,0.614566155,0.611927512,-0.08763817000000007,-0.08499952700000002,-0.0026386430000000516
phase_075,command_constrained,0.2,1.0,2026200002,7,0.904300578,0.90434386,0.904344948,4.4370000000015786e-05,4.328200000003335e-05,1.0879999999824363e-06
phase_075,command_constrained,0.2,1.0,2026200002,30,0.90473494,0.887492656,0.894564018,-0.010170922000000027,-0.01724228399999994,0.0070713619999999144
phase_075,command_constrained,0.2,1.0,2026200002,90,0.896603159,0.905582205,0.905589166,0.008986006999999963,0.00897904599999999,6.960999999972017e-06
phase_075,command_constrained,0.2,1.0,2026200002,180,0.901606833,0.870028251,0.906759144,0.0051523110000000205,-0.031578581999999966,0.03673089299999999
phase_075,command_constrained,0.2,1.0,2026200002,360,0.909159594,0.909222641,0.646035284,-0.26312431000000003,6.304700000003827e-05,-0.26318735700000007
phase_075,command_constrained,0.2,1.0,2026200003,7,0.902781035,0.892885838,0.894342348,-0.008438686999999945,-0.009895196999999967,0.001456510000000022
phase_075,command_constrained,0.2,1.0,2026200003,30,0.903218123,0.886779978,0.890785593,-0.012432529999999997,-0.01643814500000007,0.004005615000000073
phase_075,command_constrained,0.2,1.0,2026200003,90,0.904022986,0.820593867,0.82975971,-0.07426327599999993,-0.08342911899999994,0.009165843000000007
phase_075,command_constrained,0.2,1.0,2026200003,180,0.905177573,0.793955835,0.799368402,-0.10580917099999998,-0.11122173800000001,0.005412567000000035
phase_075,command_constrained,0.2,1.0,2026200003,360,0.483298344,0.78205877,0.822116892,0.33881854800000005,0.298760426,0.04005812200000003
phase_075,command_constrained,0.2,1.0,2026200004,7,0.851120118,0.841693118,0.845595536,-0.005524581999999945,-0.009426999999999963,0.0039024180000000186
phase_075,command_constrained,0.2,1.0,2026200004,30,0.82193733,0.714800867,0.729907934,-0.09202939600000004,-0.10713646300000002,0.015107066999999974
phase_075,command_constrained,0.2,1.0,2026200004,90,0.806417316,0.633360558,0.658016412,-0.14840090399999994,-0.17305675799999998,0.024655854000000033
phase_075,command_constrained,0.2,1.0,2026200004,180,0.791881546,0.620525823,0.626413741,-0.16546780500000002,-0.17135572300000002,0.005887917999999992
phase_075,command_constrained,0.2,1.0,2026200004,360,0.799093893,0.600809088,0.551670147,-0.24742374599999994,-0.198284805,-0.049138940999999936
phase_075,command_constrained,0.2,1.0,2026200005,7,0.900116056,0.878925523,0.880231707,-0.019884349000000023,-0.021190532999999956,0.0013061839999999325
phase_075,command_constrained,0.2,1.0,2026200005,30,0.900489053,0.852974373,0.856218522,-0.044270531,-0.04751468000000003,0.0032441490000000295
phase_075,command_constrained,0.2,1.0,2026200005,90,0.901208451,0.79516049,0.801497778,-0.09971067300000003,-0.10604796100000002,0.0063372879999999965
phase_075,command_constrained,0.2,1.0,2026200005,180,0.893791268,0.768553751,0.776084326,-0.11770694199999998,-0.12523751699999996,0.007530574999999984
phase_075,command_constrained,0.2,1.0,2026200005,360,0.904563424,0.777223009,0.793720171,-0.11084325299999997,-0.12734041500000004,0.016497162000000065
phase_075,command_constrained,0.2,1.0,2026200006,7,0.855446839,0.899989662,0.899990036,0.04454319700000009,0.04454282300000001,3.7400000008069867e-07
phase_075,command_constrained,0.2,1.0,2026200006,30,0.886118801,0.885603806,0.881519866,-0.004598934999999971,-0.0005149949999999626,-0.004083940000000008
phase_075,command_constrained,0.2,1.0,2026200006,90,0.873057957,0.861861632,0.872947287,-0.0001106699999999794,-0.011196325000000007,0.011085655000000028
phase_075,command_constrained,0.2,1.0,2026200006,180,0.850687271,0.86224575,0.887349934,0.036662662999999984,0.011558479000000066,0.02510418399999992
phase_075,command_constrained,0.2,1.0,2026200006,360,0.859538286,0.880327969,0.881341094,0.021802808000000007,0.020789682999999948,0.0010131250000000591
phase_075,command_constrained,0.2,1.0,2026200007,7,0.874266861,0.873997211,0.883262637,0.008995776000000011,-0.00026964999999989914,0.00926542599999991
phase_075,command_constrained,0.2,1.0,2026200007,30,0.820011507,0.820719918,0.847545886,0.027534378999999998,0.0007084109999999644,0.026825968000000033
phase_075,command_constrained,0.2,1.0,2026200007,90,0.785541401,0.7875183,0.829818055,0.044276654000000026,0.0019768989999999764,0.04229975500000005
phase_075,command_constrained,0.2,1.0,2026200007,180,0.766853361,0.768472623,0.782995354,0.016141992999999966,0.0016192619999999547,0.014522731000000011
phase_075,command_constrained,0.2,1.0,2026200007,360,0.729844566,0.731576124,0.684980864,-0.044863702000000005,0.001731558000000022,-0.04659526000000003
phase_075,command_constrained,0.2,1.0,2026200008,7,0.900717814,0.889837668,0.890995844,-0.009721969999999969,-0.01088014599999998,0.0011581760000000108
phase_075,command_constrained,0.2,1.0,2026200008,30,0.903216629,0.90321872,0.903223358,6.72899999998311e-06,2.0910000000373685e-06,4.637999999945741e-06
phase_075,command_constrained,0.2,1.0,2026200008,90,0.860014315,0.884980831,0.853413285,-0.006601030000000008,0.024966515999999994,-0.031567546
phase_075,command_constrained,0.2,1.0,2026200008,180,0.81403429,0.785339187,0.854539838,0.04050554799999995,-0.028695103,0.06920065099999995
phase_075,command_constrained,0.2,1.0,2026200008,360,0.810023405,0.765969609,0.852035167,0.04201176200000001,-0.044053796000000034,0.08606555800000004
phase_075,command_constrained,0.2,1.0,2026200009,7,0.852169277,0.851422148,0.85499336,0.0028240830000000328,-0.0007471289999999575,0.0035712119999999903
phase_075,command_constrained,0.2,1.0,2026200009,30,0.846828057,0.820511536,0.855808103,0.00898004600000002,-0.026316520999999926,0.035296566999999945
phase_075,command_constrained,0.2,1.0,2026200009,90,0.868334352,0.831254412,0.826204319,-0.042130032999999956,-0.03707993999999992,-0.005050093000000033
phase_075,command_constrained,0.2,1.0,2026200009,180,0.839372061,0.865943829,0.825089551,-0.014282509999999915,0.02657176800000005,-0.040854277999999966
phase_075,command_constrained,0.2,1.0,2026200009,360,0.869208972,0.85123005,0.791759816,-0.07744915600000002,-0.017978922000000064,-0.059470233999999955
phase_075,command_constrained,0.2,1.0,2026200010,7,0.879410843,0.881352155,0.878593355,-0.0008174880000000329,0.0019413119999999173,-0.00275879999999995
phase_075,command_constrained,0.2,1.0,2026200010,30,0.83904639,0.79947813,0.804037265,-0.035009125000000085,-0.03956826000000002,0.004559134999999936
phase_075,command_constrained,0.2,1.0,2026200010,90,0.812915627,0.749381703,0.769380229,-0.04353539799999995,-0.06353392400000002,0.019998526000000072
phase_075,command_constrained,0.2,1.0,2026200010,180,0.799486656,0.730378683,0.754144687,-0.04534196899999998,-0.06910797300000004,0.023766004000000063
phase_075,command_constrained,0.2,1.0,2026200010,360,0.774505814,0.698842828,0.72652651,-0.047979303999999945,-0.07566298599999999,0.027683682000000043
phase_075,command_constrained,0.2,1.0,2026200011,7,0.889333078,0.884996273,0.88664437,-0.002688708000000095,-0.004336804999999999,0.001648096999999904
phase_075,command_constrained,0.2,1.0,2026200011,30,0.894719521,0.88636516,0.891322367,-0.003397153999999958,-0.008354360999999977,0.004957207000000019
phase_075,command_constrained,0.2,1.0,2026200011,90,0.902883633,0.848031924,0.866876696,-0.03600693700000002,-0.054851708999999915,0.0188447719999999
phase_075,command_constrained,0.2,1.0,2026200011,180,0.903348789,0.839723506,0.831201478,-0.07214731100000005,-0.06362528300000003,-0.008522028000000015
phase_075,command_constrained,0.2,1.0,2026200011,360,0.90640058,0.750481766,0.659465563,-0.24693501699999998,-0.15591881399999996,-0.09101620300000002
phase_076,command_constrained,0.2,1.5,2026200000,7,0.900828179,0.879538602,0.89124601,-0.009582168999999974,-0.021289577000000004,0.01170740800000003
phase_076,command_constrained,0.2,1.5,2026200000,30,0.883931889,0.839971319,0.871698808,-0.012233080999999979,-0.04396056999999998,0.031727489
phase_076,command_constrained,0.2,1.5,2026200000,90,0.708217862,0.81027245,0.849877854,0.141659992,0.102054588,0.03960540400000001
phase_076,command_constrained,0.2,1.5,2026200000,180,0.686579979,0.790679611,0.820305726,0.13372574699999995,0.10409963199999994,0.02962611500000001
phase_076,command_constrained,0.2,1.5,2026200000,360,0.653811321,0.753290712,0.756586011,0.10277469000000006,0.09947939100000003,0.0032952990000000293
phase_076,command_constrained,0.2,1.5,2026200001,7,0.890779876,0.885420653,0.888342674,-0.0024372019999999717,-0.005359223000000024,0.0029220210000000524
phase_076,command_constrained,0.2,1.5,2026200001,30,0.848662454,0.751123708,0.774511647,-0.07415080699999999,-0.09753874600000001,0.023387939000000024
phase_076,command_constrained,0.2,1.5,2026200001,90,0.744984321,0.63564754,0.659632108,-0.08535221299999995,-0.109336781,0.02398456800000004
phase_076,command_constrained,0.2,1.5,2026200001,180,0.723380898,0.620275901,0.655067916,-0.06831298200000002,-0.10310499700000009,0.034792015000000065
phase_076,command_constrained,0.2,1.5,2026200001,360,0.699565682,0.599043452,0.652560801,-0.047004881,-0.10052223000000005,0.05351734900000005
phase_076,command_constrained,0.2,1.5,2026200002,7,0.904300578,0.904354055,0.904355716,5.513800000001012e-05,5.347700000002398e-05,1.6609999999861458e-06
phase_076,command_constrained,0.2,1.5,2026200002,30,0.90473494,0.877332846,0.889071465,-0.015663474999999982,-0.027402093999999932,0.01173861899999995
phase_076,command_constrained,0.2,1.5,2026200002,90,0.896603159,0.905603924,0.905613253,0.009010093999999969,0.009000765000000022,9.328999999946852e-06
phase_076,command_constrained,0.2,1.5,2026200002,180,0.901606833,0.906778473,0.896230987,-0.005375845999999962,0.005171640000000033,-0.010547485999999995
phase_076,command_constrained,0.2,1.5,2026200002,360,0.909159594,0.853500938,0.880563689,-0.028595904999999977,-0.05565865599999997,0.027062750999999996
phase_076,command_constrained,0.2,1.5,2026200003,7,0.902781035,0.876886964,0.877444499,-0.025336535999999965,-0.025894070999999963,0.0005575349999999979
phase_076,command_constrained,0.2,1.5,2026200003,30,0.903218123,0.862940217,0.871310064,-0.031908059000000044,-0.04027790600000003,0.008369846999999986
phase_076,command_constrained,0.2,1.5,2026200003,90,0.904022986,0.79342541,0.801265896,-0.10275709,-0.11059757599999998,0.00784048599999998
phase_076,command_constrained,0.2,1.5,2026200003,180,0.905177573,0.659357546,0.828685222,-0.07649235099999996,-0.24582002700000005,0.1693276760000001
phase_076,command_constrained,0.2,1.5,2026200003,360,0.483298344,0.619860479,0.823088776,0.339790432,0.13656213499999997,0.203228297
phase_076,command_constrained,0.2,1.5,2026200004,7,0.851120118,0.84187265,0.845427391,-0.0056927270000000085,-0.009247467999999981,0.0035547409999999724
phase_076,command_constrained,0.2,1.5,2026200004,30,0.82193733,0.709651329,0.734170187,-0.08776714299999999,-0.11228600099999997,0.024518857999999977
phase_076,command_constrained,0.2,1.5,2026200004,90,0.806417316,0.626163202,0.66209106,-0.14432625600000004,-0.18025411400000002,0.03592785799999998
phase_076,command_constrained,0.2,1.5,2026200004,180,0.791881546,0.613362213,0.628032143,-0.16384940300000006,-0.178519333,0.014669929999999942
phase_076,command_constrained,0.2,1.5,2026200004,360,0.799093893,0.593854083,0.540488018,-0.258605875,-0.20523981000000002,-0.05336606499999996
phase_076,command_constrained,0.2,1.5,2026200005,7,0.900116056,0.896768089,0.895536605,-0.004579451000000012,-0.0033479669999999517,-0.0012314840000000604
phase_076,command_constrained,0.2,1.5,2026200005,30,0.900489053,0.868255231,0.876037458,-0.024451595000000048,-0.03223382200000002,0.007782226999999975
phase_076,command_constrained,0.2,1.5,2026200005,90,0.901208451,0.830758821,0.833906099,-0.06730235200000001,-0.07044963000000004,0.003147278000000031
phase_076,command_constrained,0.2,1.5,2026200005,180,0.893791268,0.800142535,0.780936833,-0.11285443499999992,-0.09364873299999998,-0.019205701999999936
phase_076,command_constrained,0.2,1.5,2026200005,360,0.904563424,0.595071878,0.788184168,-0.11637925599999999,-0.30949154599999995,0.19311228999999996
phase_076,command_constrained,0.2,1.5,2026200006,7,0.855446839,0.899989333,0.899989948,0.044543109000000025,0.04454249399999999,6.150000000371136e-07
phase_076,command_constrained,0.2,1.5,2026200006,30,0.886118801,0.863384054,0.880239594,-0.005879206999999997,-0.022734747,0.016855540000000002
phase_076,command_constrained,0.2,1.5,2026200006,90,0.873057957,0.861819569,0.727956478,-0.14510147900000003,-0.011238387999999988,-0.13386309100000005
phase_076,command_constrained,0.2,1.5,2026200006,180,0.850687271,0.878094312,0.599881796,-0.25080547499999994,0.02740704100000002,-0.27821251599999997
phase_076,command_constrained,0.2,1.5,2026200006,360,0.859538286,0.843032546,0.546691986,-0.3128463,-0.016505740000000046,-0.29634056
phase_076,command_constrained,0.2,1.5,2026200007,7,0.874266861,0.88765378,0.892297228,0.018030367000000047,0.013386918999999997,0.00464344800000005
phase_076,command_constrained,0.2,1.5,2026200007,30,0.820011507,0.799196241,0.82664956,0.006638052999999977,-0.020815266000000054,0.02745331900000003
phase_076,command_constrained,0.2,1.5,2026200007,90,0.785541401,0.783029144,0.80654416,0.021002758999999926,-0.0025122570000000177,0.023515015999999944
phase_076,command_constrained,0.2,1.5,2026200007,180,0.766853361,0.677688104,0.759253699,-0.0075996620000000625,-0.089165257,0.08156559499999994
phase_076,command_constrained,0.2,1.5,2026200007,360,0.729844566,0.575427814,0.71075953,-0.019085036,-0.15441675200000005,0.13533171600000005
phase_076,command_constrained,0.2,1.5,2026200008,7,0.900717814,0.884834597,0.878135907,-0.022581906999999957,-0.01588321699999995,-0.006698690000000007
phase_076,command_constrained,0.2,1.5,2026200008,30,0.903216629,0.866958485,0.890293897,-0.012922732000000048,-0.03625814400000005,0.023335412
phase_076,command_constrained,0.2,1.5,2026200008,90,0.860014315,0.817997291,0.825546972,-0.034467342999999984,-0.04201702400000007,0.007549681000000086
phase_076,command_constrained,0.2,1.5,2026200008,180,0.81403429,0.85183897,0.858000281,0.04396599099999998,0.037804679999999924,0.006161311000000058
phase_076,command_constrained,0.2,1.5,2026200008,360,0.810023405,0.80819995,0.820599246,0.010575840999999975,-0.0018234550000000294,0.012399296000000004
phase_076,command_constrained,0.2,1.5,2026200009,7,0.852169277,0.856629818,0.861256665,0.009087387999999974,0.00446054100000004,0.004626846999999934
phase_076,command_constrained,0.2,1.5,2026200009,30,0.846828057,0.838445954,0.854823536,0.007995479000000083,-0.008382102999999974,0.016377582000000057
phase_076,command_constrained,0.2,1.5,2026200009,90,0.868334352,0.793031038,0.809732887,-0.058601464999999964,-0.07530331400000001,0.016701849000000046
phase_076,command_constrained,0.2,1.5,2026200009,180,0.839372061,0.683189684,0.706217947,-0.133154114,-0.15618237699999993,0.023028262999999938
phase_076,command_constrained,0.2,1.5,2026200009,360,0.869208972,0.653900057,0.680188452,-0.18902052000000003,-0.21530891500000005,0.02628839500000002
phase_076,command_constrained,0.2,1.5,2026200010,7,0.879410843,0.869513667,0.878026065,-0.001384778000000031,-0.009897176000000063,0.008512398000000032
phase_076,command_constrained,0.2,1.5,2026200010,30,0.83904639,0.814391416,0.839294095,0.00024770499999993145,-0.02465497400000005,0.024902678999999983
phase_076,command_constrained,0.2,1.5,2026200010,90,0.812915627,0.780157596,0.812693224,-0.00022240299999998214,-0.032758030999999965,0.03253562799999998
phase_076,command_constrained,0.2,1.5,2026200010,180,0.799486656,0.765468617,0.797580809,-0.0019058470000000716,-0.034018039,0.03211219199999993
phase_076,command_constrained,0.2,1.5,2026200010,360,0.774505814,0.739258436,0.769824856,-0.004680958000000013,-0.035247377999999996,0.030566419999999983
phase_076,command_constrained,0.2,1.5,2026200011,7,0.889333078,0.881405461,0.874406221,-0.014926857000000071,-0.007927617000000109,-0.006999239999999962
phase_076,command_constrained,0.2,1.5,2026200011,30,0.894719521,0.781787499,0.785511454,-0.10920806699999996,-0.11293202199999997,0.003723955000000001
phase_076,command_constrained,0.2,1.5,2026200011,90,0.902883633,0.571732517,0.747864749,-0.15501888399999997,-0.3311511159999999,0.17613223199999994
phase_076,command_constrained,0.2,1.5,2026200011,180,0.903348789,0.534870555,0.643931049,-0.25941774000000006,-0.368478234,0.10906049399999995
phase_076,command_constrained,0.2,1.5,2026200011,360,0.90640058,0.497766026,0.620980865,-0.28541971499999996,-0.40863455400000004,0.12321483900000008
phase_077,command_constrained,0.2,2.0,2026200000,7,0.900828179,0.839405191,0.852468499,-0.048359680000000016,-0.06142298800000001,0.013063307999999996
phase_077,command_constrained,0.2,2.0,2026200000,30,0.883931889,0.706969731,0.755586737,-0.12834515199999996,-0.17696215799999993,0.04861700599999996
phase_077,command_constrained,0.2,2.0,2026200000,90,0.708217862,0.646211815,0.701650747,-0.006567115000000068,-0.06200604700000001,0.05543893199999994
phase_077,command_constrained,0.2,2.0,2026200000,180,0.686579979,0.627980168,0.658493206,-0.028086772999999954,-0.058599811,0.030513038000000048
phase_077,command_constrained,0.2,2.0,2026200000,360,0.653811321,0.595244836,0.529682286,-0.12412903499999994,-0.058566484999999946,-0.06556255
phase_077,command_constrained,0.2,2.0,2026200001,7,0.890779876,0.872633817,0.872103212,-0.01867666400000001,-0.018146058999999992,-0.0005306050000000173
phase_077,command_constrained,0.2,2.0,2026200001,30,0.848662454,0.752998759,0.797366551,-0.051295902999999976,-0.09566369499999994,0.04436779199999996
phase_077,command_constrained,0.2,2.0,2026200001,90,0.744984321,0.628009213,0.6701674,-0.07481692100000004,-0.116975108,0.04215818699999996
phase_077,command_constrained,0.2,2.0,2026200001,180,0.723380898,0.611569223,0.647565885,-0.07581501300000004,-0.111811675,0.03599666199999996
phase_077,command_constrained,0.2,2.0,2026200001,360,0.699565682,0.589437447,0.644695924,-0.054869758000000046,-0.11012823500000002,0.05525847699999997
phase_077,command_constrained,0.2,2.0,2026200002,7,0.904300578,0.904358075,0.904360059,5.9481000000083384e-05,5.749700000001745e-05,1.984000000065933e-06
phase_077,command_constrained,0.2,2.0,2026200002,30,0.90473494,0.872175444,0.886719004,-0.018015935999999955,-0.032559495999999966,0.014543560000000011
phase_077,command_constrained,0.2,2.0,2026200002,90,0.896603159,0.905602862,0.905551706,0.008948547000000029,0.00899970299999997,-5.115599999994114e-05
phase_077,command_constrained,0.2,2.0,2026200002,180,0.901606833,0.906766862,0.876426653,-0.025180179999999996,0.00516002900000001,-0.030340209000000007
phase_077,command_constrained,0.2,2.0,2026200002,360,0.909159594,0.847499932,0.909205853,4.6258999999992945e-05,-0.06165966200000006,0.06170592100000005
phase_077,command_constrained,0.2,2.0,2026200003,7,0.902781035,0.877489694,0.881680662,-0.021100373000000006,-0.025291340999999967,0.004190967999999962
phase_077,command_constrained,0.2,2.0,2026200003,30,0.903218123,0.859493615,0.85219153,-0.05102659300000001,-0.04372450800000005,-0.007302084999999958
phase_077,command_constrained,0.2,2.0,2026200003,90,0.904022986,0.85486663,0.819841202,-0.08418178399999998,-0.04915635600000001,-0.03502542799999997
phase_077,command_constrained,0.2,2.0,2026200003,180,0.905177573,0.82087599,0.78946207,-0.115715503,-0.08430158300000001,-0.031413919999999984
phase_077,command_constrained,0.2,2.0,2026200003,360,0.483298344,0.803189543,0.816936928,0.33363858399999996,0.319891199,0.013747384999999945
phase_077,command_constrained,0.2,2.0,2026200004,7,0.851120118,0.890951998,0.893523089,0.04240297100000001,0.03983188000000004,0.00257109099999997
phase_077,command_constrained,0.2,2.0,2026200004,30,0.82193733,0.831372788,0.871775702,0.049838371999999964,0.009435458000000008,0.040402913999999956
phase_077,command_constrained,0.2,2.0,2026200004,90,0.806417316,0.816813705,0.753407074,-0.05301024200000004,0.01039638899999995,-0.06340663099999999
phase_077,command_constrained,0.2,2.0,2026200004,180,0.791881546,0.809659555,0.696105593,-0.09577595300000008,0.017778008999999928,-0.11355396200000001
phase_077,command_constrained,0.2,2.0,2026200004,360,0.799093893,0.789764198,0.513107157,-0.285986736,-0.009329695000000027,-0.276657041
phase_077,command_constrained,0.2,2.0,2026200005,7,0.900116056,0.90019398,0.900196479,8.042299999999614e-05,7.792399999995148e-05,2.49900000004466e-06
phase_077,command_constrained,0.2,2.0,2026200005,30,0.900489053,0.852449554,0.868313314,-0.032175739000000037,-0.04803949900000004,0.015863760000000005
phase_077,command_constrained,0.2,2.0,2026200005,90,0.901208451,0.861766238,0.851977527,-0.049230924000000065,-0.03944221300000006,-0.009788711000000005
phase_077,command_constrained,0.2,2.0,2026200005,180,0.893791268,0.801837021,0.841423146,-0.05236812199999996,-0.09195424699999999,0.03958612500000003
phase_077,command_constrained,0.2,2.0,2026200005,360,0.904563424,0.743715153,0.785002467,-0.11956095700000002,-0.160848271,0.041287313999999964
phase_077,command_constrained,0.2,2.0,2026200006,7,0.855446839,0.8999903,0.899991002,0.04454416300000008,0.04454346100000006,7.020000000190763e-07
phase_077,command_constrained,0.2,2.0,2026200006,30,0.886118801,0.831102323,0.847287169,-0.03883163199999995,-0.05501647799999998,0.01618484600000003
phase_077,command_constrained,0.2,2.0,2026200006,90,0.873057957,0.862989576,0.833541126,-0.03951683100000003,-0.01006838099999996,-0.02944845000000007
phase_077,command_constrained,0.2,2.0,2026200006,180,0.850687271,0.874883527,0.628413091,-0.22227418,0.024196256000000083,-0.24647043600000007
phase_077,command_constrained,0.2,2.0,2026200006,360,0.859538286,0.850967642,0.561641152,-0.29789713400000006,-0.008570644000000072,-0.28932649
phase_077,command_constrained,0.2,2.0,2026200007,7,0.874266861,0.89600389,0.901798739,0.02753187800000001,0.021737029000000074,0.005794848999999935
phase_077,command_constrained,0.2,2.0,2026200007,30,0.820011507,0.888599622,0.903512287,0.08350077999999994,0.06858811499999995,0.014912664999999992
phase_077,command_constrained,0.2,2.0,2026200007,90,0.785541401,0.889758953,0.897053766,0.11151236499999995,0.10421755199999994,0.007294813000000011
phase_077,command_constrained,0.2,2.0,2026200007,180,0.766853361,0.875623704,0.897737981,0.13088462,0.10877034299999999,0.022114277000000016
phase_077,command_constrained,0.2,2.0,2026200007,360,0.729844566,0.578624287,0.888094899,0.15825033300000002,-0.151220279,0.30947061200000003
phase_077,command_constrained,0.2,2.0,2026200008,7,0.900717814,0.898302183,0.901623902,0.0009060880000000271,-0.0024156309999999737,0.0033217190000000008
phase_077,command_constrained,0.2,2.0,2026200008,30,0.903216629,0.903205858,0.903197717,-1.8912000000037565e-05,-1.0771000000020514e-05,-8.141000000017051e-06
phase_077,command_constrained,0.2,2.0,2026200008,90,0.860014315,0.903993861,0.9039932,0.04397888500000002,0.04397954599999998,-6.609999999573901e-07
phase_077,command_constrained,0.2,2.0,2026200008,180,0.81403429,0.90517809,0.905170291,0.09113600099999997,0.0911438,-7.799000000030532e-06
phase_077,command_constrained,0.2,2.0,2026200008,360,0.810023405,0.902268963,0.801618192,-0.008405213000000078,0.092245558,-0.10065077100000008
phase_077,command_constrained,0.2,2.0,2026200009,7,0.852169277,0.892598977,0.899913273,0.04774399600000001,0.04042970000000001,0.007314295999999998
phase_077,command_constrained,0.2,2.0,2026200009,30,0.846828057,0.856605046,0.869071804,0.02224374699999998,0.009776989000000014,0.012466757999999967
phase_077,command_constrained,0.2,2.0,2026200009,90,0.868334352,0.742929806,0.763440103,-0.104894249,-0.12540454599999995,0.020510296999999955
phase_077,command_constrained,0.2,2.0,2026200009,180,0.839372061,0.708098418,0.747186657,-0.09218540399999997,-0.131273643,0.039088239000000025
phase_077,command_constrained,0.2,2.0,2026200009,360,0.869208972,0.674975898,0.702032827,-0.167176145,-0.194233074,0.027056929000000007
phase_077,command_constrained,0.2,2.0,2026200010,7,0.879410843,0.856086793,0.862321065,-0.017089778,-0.02332405000000004,0.006234272000000041
phase_077,command_constrained,0.2,2.0,2026200010,30,0.83904639,0.833326573,0.847645319,0.008598928999999922,-0.005719817000000016,0.014318745999999938
phase_077,command_constrained,0.2,2.0,2026200010,90,0.812915627,0.809844863,0.826781965,0.013866338000000034,-0.003070763999999948,0.01693710199999998
phase_077,command_constrained,0.2,2.0,2026200010,180,0.799486656,0.830468031,0.837056621,0.03756996499999998,0.030981374999999978,0.006588590000000005
phase_077,command_constrained,0.2,2.0,2026200010,360,0.774505814,0.608185674,0.811547717,0.03704190299999999,-0.16632013999999995,0.20336204299999994
phase_077,command_constrained,0.2,2.0,2026200011,7,0.889333078,0.860611106,0.864754733,-0.024578345,-0.02872197200000004,0.004143627000000039
phase_077,command_constrained,0.2,2.0,2026200011,30,0.894719521,0.816924004,0.827191999,-0.067527522,-0.07779551699999998,0.010267994999999974
phase_077,command_constrained,0.2,2.0,2026200011,90,0.902883633,0.823188082,0.802392395,-0.10049123799999993,-0.07969555099999992,-0.020795687000000007
phase_077,command_constrained,0.2,2.0,2026200011,180,0.903348789,0.795193673,0.78810195,-0.11524683899999999,-0.10815511600000005,-0.007091722999999939
phase_077,command_constrained,0.2,2.0,2026200011,360,0.90640058,0.820428869,0.823424537,-0.08297604300000005,-0.085971711,0.0029956679999999514
phase_079,command_constrained,0.3,0.25,2026200000,7,0.88397139,0.862498412,0.863863208,-0.020108181999999974,-0.02147297800000003,0.001364796000000057
phase_079,command_constrained,0.3,0.25,2026200000,30,0.851963516,0.738241118,0.743665014,-0.10829850200000002,-0.11372239799999995,0.005423895999999928
phase_079,command_constrained,0.3,0.25,2026200000,90,0.824009866,0.700075393,0.708021809,-0.11598805700000003,-0.12393447300000004,0.007946416000000012
phase_079,command_constrained,0.3,0.25,2026200000,180,0.79928251,0.675157829,0.660117949,-0.13916456099999996,-0.12412468099999996,-0.015039880000000005
phase_079,command_constrained,0.3,0.25,2026200000,360,0.75278316,0.627301412,0.557668786,-0.19511437399999998,-0.125481748,-0.06963262599999998
phase_079,command_constrained,0.3,0.25,2026200001,7,0.885558357,0.883828529,0.884830509,-0.0007278479999999199,-0.0017298279999999888,0.001001980000000069
phase_079,command_constrained,0.3,0.25,2026200001,30,0.802688671,0.841875214,0.84513137,0.042442699000000084,0.03918654300000002,0.0032561560000000656
phase_079,command_constrained,0.3,0.25,2026200001,90,0.682692105,0.755759096,0.759255058,0.07656295300000004,0.07306699100000003,0.003495962000000019
phase_079,command_constrained,0.3,0.25,2026200001,180,0.661061341,0.736275291,0.732482129,0.07142078799999996,0.07521394999999997,-0.0037931620000000166
phase_079,command_constrained,0.3,0.25,2026200001,360,0.630469632,0.704508555,0.667902299,0.03743266700000003,0.07403892300000003,-0.036606256000000004
phase_079,command_constrained,0.3,0.25,2026200002,7,0.870197254,0.904396102,0.904396385,0.03419913099999994,0.03419884799999995,2.8299999998981917e-07
phase_079,command_constrained,0.3,0.25,2026200002,30,0.852317609,0.893553823,0.895084023,0.04276641400000003,0.04123621399999999,0.001530200000000037
phase_079,command_constrained,0.3,0.25,2026200002,90,0.820496905,0.820073109,0.823813336,0.0033164309999998975,-0.0004237960000000873,0.003740226999999985
phase_079,command_constrained,0.3,0.25,2026200002,180,0.815705937,0.810233107,0.814686425,-0.0010195120000000557,-0.005472830000000095,0.004453318000000039
phase_079,command_constrained,0.3,0.25,2026200002,360,0.807915882,0.819457476,0.810897113,0.0029812310000000286,0.011541593999999988,-0.00856036299999996
phase_079,command_constrained,0.3,0.25,2026200003,7,0.902808394,0.902815762,0.902815878,7.483999999946533e-06,7.368000000007591e-06,1.1599999993894272e-07
phase_079,command_constrained,0.3,0.25,2026200003,30,0.903191071,0.903188498,0.903188966,-2.1049999999744884e-06,-2.5729999999501985e-06,4.6799999997571007e-07
phase_079,command_constrained,0.3,0.25,2026200003,90,0.852725389,0.869770163,0.870512679,0.01778729000000001,0.01704477400000004,0.0007425159999999709
phase_079,command_constrained,0.3,0.25,2026200003,180,0.905193944,0.875355475,0.875051644,-0.030142299999999955,-0.02983846899999998,-0.00030383099999997665
phase_079,command_constrained,0.3,0.25,2026200003,360,0.872577079,0.907442587,0.907532385,0.034955305999999964,0.03486550799999999,8.979799999997429e-05
phase_079,command_constrained,0.3,0.25,2026200004,7,0.883572325,0.881162016,0.881374848,-0.0021974770000000587,-0.002410309000000055,0.00021283199999999614
phase_079,command_constrained,0.3,0.25,2026200004,30,0.872623332,0.868623009,0.869423465,-0.0031998669999999674,-0.004000322999999972,0.0008004560000000049
phase_079,command_constrained,0.3,0.25,2026200004,90,0.827517496,0.791769664,0.793413073,-0.03410442300000005,-0.03574783199999998,0.001643408999999929
phase_079,command_constrained,0.3,0.25,2026200004,180,0.70894079,0.754235004,0.75465335,0.04571256000000001,0.045294214,0.0004183460000000139
phase_079,command_constrained,0.3,0.25,2026200004,360,0.527262278,0.746601613,0.514826424,-0.012435854000000024,0.21933933500000002,-0.23177518900000005
phase_079,command_constrained,0.3,0.25,2026200005,7,0.882378184,0.89544324,0.895859732,0.01348154800000001,0.013065055999999964,0.00041649200000004605
phase_079,command_constrained,0.3,0.25,2026200005,30,0.884735774,0.88123752,0.88769897,0.0029631959999999458,-0.003498254000000034,0.00646144999999998
phase_079,command_constrained,0.3,0.25,2026200005,90,0.876431384,0.901332931,0.889143544,0.012712159999999972,0.024901547000000024,-0.012189387000000051
phase_079,command_constrained,0.3,0.25,2026200005,180,0.867530437,0.902481515,0.902483572,0.03495313499999997,0.03495107799999997,2.0569999999997535e-06
phase_079,command_constrained,0.3,0.25,2026200005,360,0.853980074,0.839581808,0.8389182,-0.01506187400000003,-0.014398265999999937,-0.0006636080000000932
phase_079,command_constrained,0.3,0.25,2026200006,7,0.896797964,0.900075949,0.900076045,0.0032780810000000438,0.0032779849999999833,9.600000006049214e-08
phase_079,command_constrained,0.3,0.25,2026200006,30,0.881773951,0.890344223,0.891666983,0.009893032000000024,0.008570272000000045,0.0013227599999999784
phase_079,command_constrained,0.3,0.25,2026200006,90,0.640198145,0.640326604,0.646196513,0.005998367999999976,0.00012845899999991417,0.005869909000000062
phase_079,command_constrained,0.3,0.25,2026200006,180,0.590214851,0.597785831,0.5958856,0.005670748999999975,0.007570980000000005,-0.00190023100000003
phase_079,command_constrained,0.3,0.25,2026200006,360,0.565282126,0.57231625,0.536256977,-0.029025149000000083,0.0070341239999999194,-0.036059273
phase_079,command_constrained,0.3,0.25,2026200007,7,0.861652783,0.861312482,0.861960888,0.00030810500000000296,-0.0003403010000000428,0.0006484060000000458
phase_079,command_constrained,0.3,0.25,2026200007,30,0.883035383,0.881246121,0.882463719,-0.0005716639999999718,-0.0017892619999999582,0.0012175979999999864
phase_079,command_constrained,0.3,0.25,2026200007,90,0.847845599,0.845758211,0.861943025,0.014097425999999968,-0.002087387999999968,0.016184813999999936
phase_079,command_constrained,0.3,0.25,2026200007,180,0.878959543,0.872453041,0.903654135,0.024694592000000015,-0.006506502000000025,0.03120109400000004
phase_079,command_constrained,0.3,0.25,2026200007,360,0.853835644,0.865881027,0.832908713,-0.020926930999999982,0.01204538300000002,-0.032972314
phase_079,command_constrained,0.3,0.25,2026200008,7,0.884682741,0.880801681,0.881279424,-0.0034033169999999613,-0.0038810599999999917,0.00047774300000003045
phase_079,command_constrained,0.3,0.25,2026200008,30,0.882605162,0.883101142,0.884396837,0.0017916749999999926,0.0004959799999999515,0.0012956950000000411
phase_079,command_constrained,0.3,0.25,2026200008,90,0.870442261,0.83229941,0.834172307,-0.03626995399999999,-0.03814285100000003,0.00187289700000004
phase_079,command_constrained,0.3,0.25,2026200008,180,0.852685977,0.782160431,0.781348631,-0.07133734600000008,-0.07052554600000005,-0.0008118000000000292
phase_079,command_constrained,0.3,0.25,2026200008,360,0.872122019,0.802673205,0.795959971,-0.07616204799999993,-0.06944881400000003,-0.006713233999999901
phase_079,command_constrained,0.3,0.25,2026200009,7,0.853164459,0.853072086,0.853829525,0.0006650659999999364,-9.237300000008997e-05,0.0007574390000000264
phase_079,command_constrained,0.3,0.25,2026200009,30,0.846659684,0.860402208,0.869595048,0.022935363999999958,0.013742523999999978,0.00919283999999998
phase_079,command_constrained,0.3,0.25,2026200009,90,0.874791489,0.81590224,0.824107411,-0.05068407800000008,-0.05888924900000003,0.008205170999999956
phase_079,command_constrained,0.3,0.25,2026200009,180,0.823844153,0.866568053,0.817210617,-0.006633536000000051,0.042723899999999926,-0.04935743599999998
phase_079,command_constrained,0.3,0.25,2026200009,360,0.83592547,0.818013368,0.847207949,0.011282479000000012,-0.01791210199999993,0.02919458099999994
phase_079,command_constrained,0.3,0.25,2026200010,7,0.866547038,0.861351174,0.862783863,-0.0037631750000000075,-0.005195863999999939,0.0014326889999999315
phase_079,command_constrained,0.3,0.25,2026200010,30,0.805893383,0.797649132,0.801847575,-0.004045807999999984,-0.008244251000000036,0.004198443000000052
phase_079,command_constrained,0.3,0.25,2026200010,90,0.764838501,0.754712108,0.760107365,-0.004731135999999969,-0.010126392999999956,0.005395256999999987
phase_079,command_constrained,0.3,0.25,2026200010,180,0.740445671,0.731347317,0.736595196,-0.00385047500000002,-0.00909835400000003,0.005247879000000011
phase_079,command_constrained,0.3,0.25,2026200010,360,0.698136168,0.689556413,0.694471629,-0.0036645389999999667,-0.008579754999999967,0.004915216
phase_079,command_constrained,0.3,0.25,2026200011,7,0.895316049,0.900099668,0.900607776,0.005291727000000024,0.004783619000000017,0.0005081080000000071
phase_079,command_constrained,0.3,0.25,2026200011,30,0.902220887,0.887459938,0.888865865,-0.01335502200000005,-0.014760949000000023,0.0014059269999999735
phase_079,command_constrained,0.3,0.25,2026200011,90,0.899838491,0.902024195,0.90296158,0.0031230890000000233,0.002185703999999955,0.0009373850000000683
phase_079,command_constrained,0.3,0.25,2026200011,180,0.888454305,0.904108924,0.878016682,-0.010437622999999951,0.01565461899999998,-0.026092241999999932
phase_079,command_constrained,0.3,0.25,2026200011,360,0.900138041,0.897697388,0.896084423,-0.004053618000000037,-0.0024406530000000703,-0.0016129649999999662
phase_080,command_constrained,0.3,0.5,2026200000,7,0.88397139,0.883944781,0.885505187,0.0015337970000000034,-2.6609000000066274e-05,0.0015604060000000697
phase_080,command_constrained,0.3,0.5,2026200000,30,0.851963516,0.783457118,0.790279479,-0.061684037000000025,-0.06850639800000002,0.006822360999999999
phase_080,command_constrained,0.3,0.5,2026200000,90,0.824009866,0.700355534,0.71075963,-0.11325023600000006,-0.12365433200000009,0.01040409600000003
phase_080,command_constrained,0.3,0.5,2026200000,180,0.79928251,0.681006151,0.675009417,-0.124273093,-0.118276359,-0.0059967340000000036
phase_080,command_constrained,0.3,0.5,2026200000,360,0.75278316,0.650720051,0.605896168,-0.146886992,-0.10206310900000004,-0.04482388299999995
phase_080,command_constrained,0.3,0.5,2026200001,7,0.885558357,0.895993764,0.897596541,0.012038184000000007,0.010435407000000008,0.0016027769999999997
phase_080,command_constrained,0.3,0.5,2026200001,30,0.802688671,0.825700304,0.831846343,0.02915767200000008,0.023011633000000087,0.006146038999999992
phase_080,command_constrained,0.3,0.5,2026200001,90,0.682692105,0.73212951,0.740922537,0.058230432,0.049437405000000045,0.008793026999999953
phase_080,command_constrained,0.3,0.5,2026200001,180,0.661061341,0.711932192,0.708273087,0.047211746,0.050870850999999995,-0.003659104999999996
phase_080,command_constrained,0.3,0.5,2026200001,360,0.630469632,0.678071766,0.644087325,0.013617693000000042,0.04760213400000002,-0.033984440999999976
phase_080,command_constrained,0.3,0.5,2026200002,7,0.870197254,0.857352604,0.856881131,-0.013316123000000069,-0.012844650000000013,-0.00047147300000005554
phase_080,command_constrained,0.3,0.5,2026200002,30,0.852317609,0.818821825,0.842063603,-0.010254005999999927,-0.03349578399999997,0.023241778000000046
phase_080,command_constrained,0.3,0.5,2026200002,90,0.820496905,0.802161121,0.807027944,-0.013468961000000057,-0.01833578400000002,0.004866822999999965
phase_080,command_constrained,0.3,0.5,2026200002,180,0.815705937,0.829801524,0.817190316,0.0014843789999999801,0.01409558699999991,-0.01261120799999993
phase_080,command_constrained,0.3,0.5,2026200002,360,0.807915882,0.605964064,0.793816336,-0.014099545999999963,-0.20195181799999995,0.187852272
phase_080,command_constrained,0.3,0.5,2026200003,7,0.902808394,0.902860502,0.902860762,5.236799999996933e-05,5.210799999999516e-05,2.599999999741698e-07
phase_080,command_constrained,0.3,0.5,2026200003,30,0.903191071,0.903254024,0.903254744,6.367300000009735e-05,6.295300000003223e-05,7.20000000065113e-07
phase_080,command_constrained,0.3,0.5,2026200003,90,0.852725389,0.904061508,0.904059409,0.05133402000000009,0.05133611900000001,-2.0989999999221354e-06
phase_080,command_constrained,0.3,0.5,2026200003,180,0.905193944,0.867456771,0.883626058,-0.021567885999999925,-0.03773717300000001,0.016169287000000088
phase_080,command_constrained,0.3,0.5,2026200003,360,0.872577079,0.907541329,0.859203506,-0.013373573000000083,0.03496424999999992,-0.048337823
phase_080,command_constrained,0.3,0.5,2026200004,7,0.883572325,0.896411215,0.896791694,0.01321936899999998,0.012838889999999936,0.00038047900000004464
phase_080,command_constrained,0.3,0.5,2026200004,30,0.872623332,0.883580369,0.883553202,0.010929870000000008,0.010957037000000058,-2.7167000000050123e-05
phase_080,command_constrained,0.3,0.5,2026200004,90,0.827517496,0.781378933,0.820730137,-0.006787359000000048,-0.046138562999999966,0.03935120399999992
phase_080,command_constrained,0.3,0.5,2026200004,180,0.70894079,0.671827304,0.696816166,-0.012124624000000028,-0.03711348599999997,0.024988861999999945
phase_080,command_constrained,0.3,0.5,2026200004,360,0.527262278,0.522058868,0.528827489,0.0015652109999999553,-0.005203410000000019,0.006768620999999975
phase_080,command_constrained,0.3,0.5,2026200005,7,0.882378184,0.900197377,0.900198104,0.01781991999999999,0.01781919300000001,7.269999999781618e-07
phase_080,command_constrained,0.3,0.5,2026200005,30,0.884735774,0.884082099,0.886730056,0.0019942819999999584,-0.0006536750000000202,0.0026479569999999786
phase_080,command_constrained,0.3,0.5,2026200005,90,0.876431384,0.873782914,0.863969118,-0.012462266,-0.002648470000000014,-0.009813795999999986
phase_080,command_constrained,0.3,0.5,2026200005,180,0.867530437,0.846236193,0.860576038,-0.0069543989999999445,-0.021294244000000018,0.014339845000000073
phase_080,command_constrained,0.3,0.5,2026200005,360,0.853980074,0.839222295,0.802154353,-0.051825720999999936,-0.014757778999999971,-0.037067941999999965
phase_080,command_constrained,0.3,0.5,2026200006,7,0.896797964,0.853825209,0.857384241,-0.03941372300000001,-0.042972754999999974,0.003559031999999962
phase_080,command_constrained,0.3,0.5,2026200006,30,0.881773951,0.763724834,0.773310671,-0.10846328000000005,-0.11804911699999998,0.00958583699999993
phase_080,command_constrained,0.3,0.5,2026200006,90,0.640198145,0.714740408,0.727297434,0.08709928899999997,0.074542263,0.012557025999999971
phase_080,command_constrained,0.3,0.5,2026200006,180,0.590214851,0.697942633,0.699213005,0.10899815400000001,0.107727782,0.0012703720000000196
phase_080,command_constrained,0.3,0.5,2026200006,360,0.565282126,0.668084039,0.635969424,0.07068729799999995,0.10280191299999997,-0.03211461500000001
phase_080,command_constrained,0.3,0.5,2026200007,7,0.861652783,0.861057904,0.862359403,0.0007066199999999911,-0.0005948789999999926,0.0013014989999999838
phase_080,command_constrained,0.3,0.5,2026200007,30,0.883035383,0.880100867,0.882556656,-0.0004787269999999566,-0.0029345159999999426,0.002455788999999986
phase_080,command_constrained,0.3,0.5,2026200007,90,0.847845599,0.844407478,0.861094722,0.01324912300000003,-0.0034381209999999607,0.01668724399999999
phase_080,command_constrained,0.3,0.5,2026200007,180,0.878959543,0.875390867,0.902462652,0.023503108999999966,-0.003568675999999993,0.02707178499999996
phase_080,command_constrained,0.3,0.5,2026200007,360,0.853835644,0.882238618,0.592531737,-0.26130390700000006,0.028402974000000025,-0.2897068810000001
phase_080,command_constrained,0.3,0.5,2026200008,7,0.884682741,0.88875338,0.889443655,0.004760914000000005,0.0040706390000000425,0.0006902749999999624
phase_080,command_constrained,0.3,0.5,2026200008,30,0.882605162,0.845028117,0.847410187,-0.03519497500000002,-0.03757704500000003,0.002382070000000014
phase_080,command_constrained,0.3,0.5,2026200008,90,0.870442261,0.839300611,0.844022133,-0.026420128000000043,-0.03114165000000002,0.004721521999999978
phase_080,command_constrained,0.3,0.5,2026200008,180,0.852685977,0.842769153,0.844607145,-0.008078832000000036,-0.009916824000000046,0.0018379920000000105
phase_080,command_constrained,0.3,0.5,2026200008,360,0.872122019,0.851196736,0.840222273,-0.03189974600000001,-0.02092528299999996,-0.010974463000000045
phase_080,command_constrained,0.3,0.5,2026200009,7,0.853164459,0.852683084,0.854056639,0.0008921799999999092,-0.0004813750000000061,0.0013735549999999153
phase_080,command_constrained,0.3,0.5,2026200009,30,0.846659684,0.808341113,0.812391038,-0.034268646000000014,-0.038318571000000023,0.00404992500000001
phase_080,command_constrained,0.3,0.5,2026200009,90,0.874791489,0.629288523,0.642317496,-0.23247399300000005,-0.245502966,0.013028972999999944
phase_080,command_constrained,0.3,0.5,2026200009,180,0.823844153,0.568961692,0.567005806,-0.2568383470000001,-0.254882461,-0.0019558860000000733
phase_080,command_constrained,0.3,0.5,2026200009,360,0.83592547,0.536780371,0.48658054,-0.34934492999999994,-0.29914509899999997,-0.05019983099999997
phase_080,command_constrained,0.3,0.5,2026200010,7,0.866547038,0.861599465,0.86406452,-0.002482517999999989,-0.004947573000000038,0.0024650550000000493
phase_080,command_constrained,0.3,0.5,2026200010,30,0.805893383,0.790761359,0.798618763,-0.007274620000000009,-0.015132024000000022,0.007857404000000012
phase_080,command_constrained,0.3,0.5,2026200010,90,0.764838501,0.746790714,0.757370742,-0.007467758999999963,-0.018047786999999982,0.010580028000000019
phase_080,command_constrained,0.3,0.5,2026200010,180,0.740445671,0.723332,0.733640901,-0.0068047700000000155,-0.017113671000000052,0.010308901000000037
phase_080,command_constrained,0.3,0.5,2026200010,360,0.698136168,0.681617054,0.691264595,-0.006871572999999964,-0.016519113999999946,0.009647540999999982
phase_080,command_constrained,0.3,0.5,2026200011,7,0.895316049,0.88708255,0.901752578,0.006436529000000024,-0.008233498999999922,0.014670027999999946
phase_080,command_constrained,0.3,0.5,2026200011,30,0.902220887,0.902244567,0.902271998,5.111099999999258e-05,2.367999999997039e-05,2.7431000000022188e-05
phase_080,command_constrained,0.3,0.5,2026200011,90,0.899838491,0.902084923,0.895036433,-0.004802057999999998,0.002246431999999965,-0.007048489999999963
phase_080,command_constrained,0.3,0.5,2026200011,180,0.888454305,0.902006145,0.904104812,0.015650507000000036,0.013551839999999982,0.002098667000000054
phase_080,command_constrained,0.3,0.5,2026200011,360,0.900138041,0.842958823,0.899470082,-0.0006679590000000513,-0.05717921800000003,0.05651125899999998
phase_081,command_constrained,0.3,0.75,2026200000,7,0.88397139,0.868962343,0.871097096,-0.012874294000000064,-0.015009047000000053,0.0021347529999999892
phase_081,command_constrained,0.3,0.75,2026200000,30,0.851963516,0.851937715,0.870910119,0.018946603000000062,-2.5800999999936458e-05,0.018972404
phase_081,command_constrained,0.3,0.75,2026200000,90,0.824009866,0.846127663,0.861203585,0.037193719000000014,0.02211779699999994,0.015075922000000075
phase_081,command_constrained,0.3,0.75,2026200000,180,0.79928251,0.820817181,0.729766087,-0.06951642299999994,0.02153467100000006,-0.091051094
phase_081,command_constrained,0.3,0.75,2026200000,360,0.75278316,0.838161958,0.625828521,-0.12695463900000004,0.08537879800000003,-0.21233343700000007
phase_081,command_constrained,0.3,0.75,2026200001,7,0.885558357,0.867589642,0.86903099,-0.016527367000000015,-0.01796871499999997,0.0014413479999999534
phase_081,command_constrained,0.3,0.75,2026200001,30,0.802688671,0.846404181,0.8499824,0.04729372900000006,0.04371551000000007,0.0035782189999999936
phase_081,command_constrained,0.3,0.75,2026200001,90,0.682692105,0.820111304,0.797528026,0.11483592099999995,0.137419199,-0.02258327800000004
phase_081,command_constrained,0.3,0.75,2026200001,180,0.661061341,0.851720725,0.668886723,0.007825381999999936,0.19065938399999993,-0.182834002
phase_081,command_constrained,0.3,0.75,2026200001,360,0.630469632,0.80098135,0.586118011,-0.0443516209999999,0.1705117180000001,-0.214863339
phase_081,command_constrained,0.3,0.75,2026200002,7,0.870197254,0.904388397,0.904389151,0.034191896999999916,0.034191142999999924,7.539999999917057e-07
phase_081,command_constrained,0.3,0.75,2026200002,30,0.852317609,0.861636328,0.864011826,0.011694217000000062,0.00931871900000003,0.0023754980000000314
phase_081,command_constrained,0.3,0.75,2026200002,90,0.820496905,0.89792347,0.892353387,0.07185648199999994,0.07742656499999989,-0.005570082999999948
phase_081,command_constrained,0.3,0.75,2026200002,180,0.815705937,0.897799435,0.877714994,0.06200905699999992,0.08209349799999999,-0.020084441000000064
phase_081,command_constrained,0.3,0.75,2026200002,360,0.807915882,0.639072169,0.845129606,0.037213724000000004,-0.168843713,0.206057437
phase_081,command_constrained,0.3,0.75,2026200003,7,0.902808394,0.9028079,0.902808267,-1.2699999996090838e-07,-4.94000000017536e-07,3.670000000566276e-07
phase_081,command_constrained,0.3,0.75,2026200003,30,0.903191071,0.838515778,0.843856985,-0.05933408600000001,-0.06467529299999997,0.005341206999999959
phase_081,command_constrained,0.3,0.75,2026200003,90,0.852725389,0.701918275,0.712903742,-0.139821647,-0.1508071139999999,0.010985466999999915
phase_081,command_constrained,0.3,0.75,2026200003,180,0.905193944,0.675288034,0.6852498,-0.21994414399999995,-0.22990590999999994,0.009961765999999983
phase_081,command_constrained,0.3,0.75,2026200003,360,0.872577079,0.642482725,0.65065416,-0.22192291900000005,-0.230094354,0.00817143499999995
phase_081,command_constrained,0.3,0.75,2026200004,7,0.883572325,0.882996429,0.883690598,0.00011827300000000207,-0.0005758960000000757,0.0006941690000000778
phase_081,command_constrained,0.3,0.75,2026200004,30,0.872623332,0.861899201,0.864583154,-0.008040178000000009,-0.010724131000000026,0.0026839530000000167
phase_081,command_constrained,0.3,0.75,2026200004,90,0.827517496,0.800259054,0.821834534,-0.005682962000000069,-0.02725844200000005,0.02157547999999998
phase_081,command_constrained,0.3,0.75,2026200004,180,0.70894079,0.802959657,0.793426156,0.084485366,0.09401886700000006,-0.009533501000000055
phase_081,command_constrained,0.3,0.75,2026200004,360,0.527262278,0.786086862,0.736469429,0.20920715099999998,0.25882458399999997,-0.04961743299999999
phase_081,command_constrained,0.3,0.75,2026200005,7,0.882378184,0.900182495,0.900182907,0.017804723000000022,0.017804311000000017,4.12000000005186e-07
phase_081,command_constrained,0.3,0.75,2026200005,30,0.884735774,0.890209448,0.890332282,0.005596508,0.005473673999999984,0.0001228340000000161
phase_081,command_constrained,0.3,0.75,2026200005,90,0.876431384,0.882910008,0.89941171,0.022980325999999995,0.006478623999999988,0.016501702000000007
phase_081,command_constrained,0.3,0.75,2026200005,180,0.867530437,0.902426513,0.882152576,0.014622138999999978,0.034896076,-0.02027393700000002
phase_081,command_constrained,0.3,0.75,2026200005,360,0.853980074,0.883702638,0.904686793,0.05070671900000001,0.029722564000000062,0.02098415499999995
phase_081,command_constrained,0.3,0.75,2026200006,7,0.896797964,0.852687764,0.857871828,-0.038926136000000056,-0.04411019999999999,0.005184063999999933
phase_081,command_constrained,0.3,0.75,2026200006,30,0.881773951,0.759143223,0.774125683,-0.10764826800000005,-0.12263072799999997,0.01498245999999992
phase_081,command_constrained,0.3,0.75,2026200006,90,0.640198145,0.707875267,0.726165997,0.0859678519999999,0.06767712199999998,0.018290729999999922
phase_081,command_constrained,0.3,0.75,2026200006,180,0.590214851,0.690719778,0.698519818,0.10830496699999992,0.10050492699999991,0.007800040000000008
phase_081,command_constrained,0.3,0.75,2026200006,360,0.565282126,0.661091256,0.633134825,0.0678526989999999,0.09580912999999991,-0.027956431000000004
phase_081,command_constrained,0.3,0.75,2026200007,7,0.861652783,0.860751357,0.86271186,0.0010590769999999639,-0.000901425999999983,0.001960502999999947
phase_081,command_constrained,0.3,0.75,2026200007,30,0.883035383,0.878355367,0.882236617,-0.0007987659999999508,-0.004680015999999898,0.0038812499999999472
phase_081,command_constrained,0.3,0.75,2026200007,90,0.847845599,0.842325611,0.86054881,0.012703211000000048,-0.005519987999999976,0.018223199000000023
phase_081,command_constrained,0.3,0.75,2026200007,180,0.878959543,0.873086714,0.901191672,0.022232129000000045,-0.005872828999999968,0.028104958000000013
phase_081,command_constrained,0.3,0.75,2026200007,360,0.853835644,0.87563305,0.669881127,-0.18395451699999998,0.02179740600000002,-0.205751923
phase_081,command_constrained,0.3,0.75,2026200008,7,0.884682741,0.897676789,0.89843311,0.01375036900000004,0.012994048000000036,0.0007563210000000042
phase_081,command_constrained,0.3,0.75,2026200008,30,0.882605162,0.86414663,0.866837641,-0.015767521000000007,-0.018458532000000027,0.002691011000000021
phase_081,command_constrained,0.3,0.75,2026200008,90,0.870442261,0.781007552,0.786864275,-0.08357798599999999,-0.08943470899999995,0.005856722999999953
phase_081,command_constrained,0.3,0.75,2026200008,180,0.852685977,0.748186772,0.749385088,-0.103300889,-0.10449920499999998,0.001198315999999977
phase_081,command_constrained,0.3,0.75,2026200008,360,0.872122019,0.772317952,0.707164726,-0.16495729299999995,-0.099804067,-0.06515322599999995
phase_081,command_constrained,0.3,0.75,2026200009,7,0.853164459,0.852732917,0.854892,0.0017275409999999436,-0.0004315420000000625,0.002159083000000006
phase_081,command_constrained,0.3,0.75,2026200009,30,0.846659684,0.806779516,0.812887561,-0.03377212299999999,-0.03988016800000005,0.006108045000000062
phase_081,command_constrained,0.3,0.75,2026200009,90,0.874791489,0.627202855,0.644930664,-0.22986082500000005,-0.24758863400000009,0.01772780900000004
phase_081,command_constrained,0.3,0.75,2026200009,180,0.823844153,0.566978248,0.571939472,-0.2519046810000001,-0.25686590500000006,0.004961223999999986
phase_081,command_constrained,0.3,0.75,2026200009,360,0.83592547,0.535066894,0.481157476,-0.354767994,-0.300858576,-0.05390941799999999
phase_081,command_constrained,0.3,0.75,2026200010,7,0.866547038,0.873499531,0.877688036,0.011140998000000013,0.006952493000000004,0.004188505000000009
phase_081,command_constrained,0.3,0.75,2026200010,30,0.805893383,0.816083892,0.828662172,0.02276878900000001,0.010190508999999959,0.012578280000000053
phase_081,command_constrained,0.3,0.75,2026200010,90,0.764838501,0.774191292,0.790520226,0.0256817250000001,0.009352791000000082,0.016328934000000017
phase_081,command_constrained,0.3,0.75,2026200010,180,0.740445671,0.748210558,0.763980196,0.023534524999999973,0.007764886999999998,0.015769637999999975
phase_081,command_constrained,0.3,0.75,2026200010,360,0.698136168,0.704570773,0.719147246,0.021011078000000016,0.006434605000000038,0.014576472999999979
phase_081,command_constrained,0.3,0.75,2026200011,7,0.895316049,0.891253313,0.892907718,-0.0024083309999999303,-0.004062735999999956,0.0016544050000000254
phase_081,command_constrained,0.3,0.75,2026200011,30,0.902220887,0.896677132,0.895949196,-0.006271691000000024,-0.005543755000000039,-0.0007279359999999846
phase_081,command_constrained,0.3,0.75,2026200011,90,0.899838491,0.902977824,0.902975835,0.0031373439999999864,0.003139333000000022,-1.9890000000355457e-06
phase_081,command_constrained,0.3,0.75,2026200011,180,0.888454305,0.904119469,0.886865433,-0.001588872000000019,0.015665163999999954,-0.017254035999999973
phase_081,command_constrained,0.3,0.75,2026200011,360,0.900138041,0.881791606,0.844380108,-0.05575793300000009,-0.018346435000000105,-0.03741149799999999
phase_082,command_constrained,0.3,1.0,2026200000,7,0.88397139,0.877585355,0.883440751,-0.0005306390000000549,-0.006386035000000012,0.005855395999999957
phase_082,command_constrained,0.3,1.0,2026200000,30,0.851963516,0.817514024,0.835949911,-0.01601360499999993,-0.034449492000000026,0.018435887000000095
phase_082,command_constrained,0.3,1.0,2026200000,90,0.824009866,0.776285401,0.795707871,-0.02830199500000008,-0.04772446500000005,0.01942246999999997
phase_082,command_constrained,0.3,1.0,2026200000,180,0.79928251,0.752252615,0.747991011,-0.05129149899999996,-0.04702989499999999,-0.004261603999999974
phase_082,command_constrained,0.3,1.0,2026200000,360,0.75278316,0.708713179,0.655973205,-0.096809955,-0.044069981000000036,-0.05273997399999997
phase_082,command_constrained,0.3,1.0,2026200001,7,0.885558357,0.870279155,0.872206142,-0.013352214999999945,-0.015279201999999992,0.0019269870000000466
phase_082,command_constrained,0.3,1.0,2026200001,30,0.802688671,0.848786134,0.853639682,0.05095101099999999,0.04609746300000006,0.00485354799999993
phase_082,command_constrained,0.3,1.0,2026200001,90,0.682692105,0.820053868,0.803185898,0.12049379299999996,0.13736176300000003,-0.016867970000000065
phase_082,command_constrained,0.3,1.0,2026200001,180,0.661061341,0.807029321,0.673512986,0.012451644999999956,0.14596798,-0.13351633500000004
phase_082,command_constrained,0.3,1.0,2026200001,360,0.630469632,0.735805749,0.594935992,-0.03553363999999992,0.105336117,-0.14086975699999993
phase_082,command_constrained,0.3,1.0,2026200002,7,0.870197254,0.867161578,0.869549733,-0.0006475209999999842,-0.003035675999999987,0.002388155000000003
phase_082,command_constrained,0.3,1.0,2026200002,30,0.852317609,0.87481547,0.879783562,0.027465952999999987,0.022497861000000063,0.004968091999999924
phase_082,command_constrained,0.3,1.0,2026200002,90,0.820496905,0.905597564,0.90561566,0.08511875499999999,0.08510065899999997,1.8096000000022983e-05
phase_082,command_constrained,0.3,1.0,2026200002,180,0.815705937,0.862181274,0.864117327,0.04841138999999994,0.04647533699999995,0.0019360529999999931
phase_082,command_constrained,0.3,1.0,2026200002,360,0.807915882,0.906784807,0.903555596,0.09563971400000004,0.098868925,-0.003229210999999954
phase_082,command_constrained,0.3,1.0,2026200003,7,0.902808394,0.872084091,0.87336574,-0.029442654000000013,-0.030724303000000064,0.0012816490000000513
phase_082,command_constrained,0.3,1.0,2026200003,30,0.903191071,0.880011421,0.880040129,-0.023150942000000008,-0.023179649999999996,2.870799999998841e-05
phase_082,command_constrained,0.3,1.0,2026200003,90,0.852725389,0.833773126,0.842279775,-0.010445613999999992,-0.01895226299999997,0.008506648999999977
phase_082,command_constrained,0.3,1.0,2026200003,180,0.905193944,0.854506727,0.816516638,-0.08867730600000001,-0.05068721700000001,-0.037990089000000005
phase_082,command_constrained,0.3,1.0,2026200003,360,0.872577079,0.571329373,0.85226618,-0.02031089900000005,-0.30124770600000006,0.280936807
phase_082,command_constrained,0.3,1.0,2026200004,7,0.883572325,0.884826347,0.885693056,0.002120730999999987,0.0012540219999999103,0.0008667090000000766
phase_082,command_constrained,0.3,1.0,2026200004,30,0.872623332,0.839541242,0.844005639,-0.028617692999999944,-0.03308208999999995,0.004464397000000009
phase_082,command_constrained,0.3,1.0,2026200004,90,0.827517496,0.822745556,0.795568054,-0.03194944200000005,-0.00477194000000003,-0.02717750200000002
phase_082,command_constrained,0.3,1.0,2026200004,180,0.70894079,0.789159047,0.827638229,0.11869743899999996,0.08021825699999996,0.038479182
phase_082,command_constrained,0.3,1.0,2026200004,360,0.527262278,0.801534313,0.761445602,0.23418332399999997,0.27427203499999997,-0.040088711
phase_082,command_constrained,0.3,1.0,2026200005,7,0.882378184,0.886626907,0.883732347,0.0013541630000000193,0.00424872300000001,-0.0028945599999999905
phase_082,command_constrained,0.3,1.0,2026200005,30,0.884735774,0.900491071,0.884657544,-7.823000000006797e-05,0.015755297,-0.01583352700000007
phase_082,command_constrained,0.3,1.0,2026200005,90,0.876431384,0.851906631,0.824773833,-0.051657551000000024,-0.02452475300000001,-0.027132798000000014
phase_082,command_constrained,0.3,1.0,2026200005,180,0.867530437,0.789612982,0.816354179,-0.05117625800000003,-0.07791745500000002,0.026741196999999994
phase_082,command_constrained,0.3,1.0,2026200005,360,0.853980074,0.823963917,0.810773573,-0.04320650100000001,-0.030016156999999932,-0.013190344000000076
phase_082,command_constrained,0.3,1.0,2026200006,7,0.896797964,0.851867151,0.858505645,-0.038292318999999964,-0.044930813000000014,0.00663849400000005
phase_082,command_constrained,0.3,1.0,2026200006,30,0.881773951,0.754998111,0.775066464,-0.10670748699999999,-0.12677583999999997,0.020068352999999983
phase_082,command_constrained,0.3,1.0,2026200006,90,0.640198145,0.699912381,0.724640556,0.08444241099999994,0.05971423599999992,0.02472817500000002
phase_082,command_constrained,0.3,1.0,2026200006,180,0.590214851,0.682588393,0.699355412,0.10914056099999991,0.09237354199999992,0.016767018999999994
phase_082,command_constrained,0.3,1.0,2026200006,360,0.565282126,0.653124402,0.634765898,0.069483772,0.08784227599999994,-0.018358503999999942
phase_082,command_constrained,0.3,1.0,2026200007,7,0.861652783,0.858575701,0.859867832,-0.001784950999999979,-0.0030770820000000088,0.0012921310000000297
phase_082,command_constrained,0.3,1.0,2026200007,30,0.883035383,0.881262859,0.883498952,0.000463568999999997,-0.001772523999999942,0.002236092999999939
phase_082,command_constrained,0.3,1.0,2026200007,90,0.847845599,0.796715773,0.804350387,-0.04349521200000006,-0.051129826000000045,0.007634613999999984
phase_082,command_constrained,0.3,1.0,2026200007,180,0.878959543,0.782723328,0.799701009,-0.07925853400000005,-0.09623621500000001,0.016977680999999967
phase_082,command_constrained,0.3,1.0,2026200007,360,0.853835644,0.767475931,0.802172255,-0.051663389000000004,-0.086359713,0.034696324
phase_082,command_constrained,0.3,1.0,2026200008,7,0.884682741,0.90282851,0.902831351,0.01814861000000001,0.01814576899999998,2.8410000000311797e-06
phase_082,command_constrained,0.3,1.0,2026200008,30,0.882605162,0.903277692,0.903281333,0.020676170999999965,0.02067252999999991,3.6410000000541842e-06
phase_082,command_constrained,0.3,1.0,2026200008,90,0.870442261,0.904103105,0.904086848,0.03364458700000006,0.03366084400000002,-1.6256999999963995e-05
phase_082,command_constrained,0.3,1.0,2026200008,180,0.852685977,0.90516558,0.905191804,0.05250582699999995,0.052479602999999986,2.622399999996361e-05
phase_082,command_constrained,0.3,1.0,2026200008,360,0.872122019,0.867896549,0.84105725,-0.031064768999999992,-0.004225469999999953,-0.02683929900000004
phase_082,command_constrained,0.3,1.0,2026200009,7,0.853164459,0.854030542,0.856972469,0.003808009999999973,0.0008660829999999065,0.0029419270000000664
phase_082,command_constrained,0.3,1.0,2026200009,30,0.846659684,0.804441271,0.81265315,-0.03400653399999998,-0.042218413000000066,0.008211879000000089
phase_082,command_constrained,0.3,1.0,2026200009,90,0.874791489,0.623832427,0.646225282,-0.22856620700000008,-0.25095906200000007,0.02239285499999999
phase_082,command_constrained,0.3,1.0,2026200009,180,0.823844153,0.563801173,0.5754823,-0.24836185300000002,-0.26004298000000003,0.011681127000000013
phase_082,command_constrained,0.3,1.0,2026200009,360,0.83592547,0.53213527,0.478789527,-0.35713594299999996,-0.3037901999999999,-0.05334574300000006
phase_082,command_constrained,0.3,1.0,2026200010,7,0.866547038,0.86670632,0.871292382,0.00474534400000004,0.00015928200000003834,0.004586062000000002
phase_082,command_constrained,0.3,1.0,2026200010,30,0.805893383,0.80099386,0.817007394,0.01111401099999998,-0.004899523000000072,0.01601353400000005
phase_082,command_constrained,0.3,1.0,2026200010,90,0.764838501,0.752744235,0.774449364,0.009610863000000025,-0.012094265999999965,0.02170512899999999
phase_082,command_constrained,0.3,1.0,2026200010,180,0.740445671,0.728109264,0.749103527,0.00865785600000002,-0.01233640700000005,0.02099426300000007
phase_082,command_constrained,0.3,1.0,2026200010,360,0.698136168,0.68503106,0.705246783,0.007110614999999987,-0.013105107999999976,0.020215722999999963
phase_082,command_constrained,0.3,1.0,2026200011,7,0.895316049,0.888536818,0.890679282,-0.004636766999999931,-0.006779230999999997,0.002142464000000066
phase_082,command_constrained,0.3,1.0,2026200011,30,0.902220887,0.893300684,0.896235381,-0.005985506000000029,-0.008920203000000071,0.0029346970000000416
phase_082,command_constrained,0.3,1.0,2026200011,90,0.899838491,0.892564529,0.903003901,0.003165410000000035,-0.007273961999999967,0.010439372000000002
phase_082,command_constrained,0.3,1.0,2026200011,180,0.888454305,0.891658053,0.904155334,0.015701029000000033,0.0032037480000000063,0.012497281000000027
phase_082,command_constrained,0.3,1.0,2026200011,360,0.900138041,0.873169845,0.802047798,-0.09809024300000002,-0.02696819600000011,-0.07112204699999991
phase_083,command_constrained,0.3,1.5,2026200000,7,0.88397139,0.859369211,0.879964102,-0.004007288000000053,-0.024602179000000057,0.020594891000000004
phase_083,command_constrained,0.3,1.5,2026200000,30,0.851963516,0.793203546,0.842632118,-0.009331397999999935,-0.058759969999999995,0.04942857200000006
phase_083,command_constrained,0.3,1.5,2026200000,90,0.824009866,0.756305576,0.799413204,-0.02459666199999999,-0.06770429,0.04310762800000001
phase_083,command_constrained,0.3,1.5,2026200000,180,0.79928251,0.73620249,0.733760771,-0.06552173899999991,-0.0630800199999999,-0.002441719000000009
phase_083,command_constrained,0.3,1.5,2026200000,360,0.75278316,0.696415958,0.527814184,-0.224968976,-0.056367202000000005,-0.16860177399999998
phase_083,command_constrained,0.3,1.5,2026200001,7,0.885558357,0.885949548,0.890823012,0.0052646550000000625,0.00039119100000006846,0.004873463999999994
phase_083,command_constrained,0.3,1.5,2026200001,30,0.802688671,0.867973825,0.880282137,0.07759346600000006,0.06528515400000001,0.012308312000000043
phase_083,command_constrained,0.3,1.5,2026200001,90,0.682692105,0.715189244,0.740466365,0.057774259999999966,0.03249713899999995,0.025277121000000013
phase_083,command_constrained,0.3,1.5,2026200001,180,0.661061341,0.685072333,0.721687701,0.06062635999999999,0.02401099200000001,0.03661536799999998
phase_083,command_constrained,0.3,1.5,2026200001,360,0.630469632,0.65164691,0.70980541,0.07933577800000002,0.02117727800000002,0.0581585
phase_083,command_constrained,0.3,1.5,2026200002,7,0.870197254,0.876608557,0.879529397,0.00933214299999996,0.006411302999999924,0.0029208400000000356
phase_083,command_constrained,0.3,1.5,2026200002,30,0.852317609,0.846478336,0.85531598,0.0029983709999999997,-0.005839272999999978,0.008837643999999978
phase_083,command_constrained,0.3,1.5,2026200002,90,0.820496905,0.67451322,0.829899086,0.009402180999999898,-0.14598368500000003,0.15538586599999993
phase_083,command_constrained,0.3,1.5,2026200002,180,0.815705937,0.601302962,0.852868567,0.037162629999999974,-0.21440297500000005,0.251565605
phase_083,command_constrained,0.3,1.5,2026200002,360,0.807915882,0.573006258,0.62279169,-0.18512419199999997,-0.23490962399999993,0.04978543199999996
phase_083,command_constrained,0.3,1.5,2026200003,7,0.902808394,0.902877052,0.902878673,7.027900000000642e-05,6.865799999999922e-05,1.6210000000072e-06
phase_083,command_constrained,0.3,1.5,2026200003,30,0.903191071,0.895850324,0.903222514,3.144300000001987e-05,-0.007340746999999981,0.007372190000000001
phase_083,command_constrained,0.3,1.5,2026200003,90,0.852725389,0.844095053,0.855371221,0.0026458320000000146,-0.00863033599999996,0.011276167999999975
phase_083,command_constrained,0.3,1.5,2026200003,180,0.905193944,0.864222934,0.858068892,-0.047125051999999945,-0.04097100999999992,-0.006154042000000026
phase_083,command_constrained,0.3,1.5,2026200003,360,0.872577079,0.793575974,0.853741228,-0.01883585100000007,-0.07900110500000002,0.060165253999999946
phase_083,command_constrained,0.3,1.5,2026200004,7,0.883572325,0.899732765,0.899733338,0.016161012999999946,0.016160439999999943,5.730000000037094e-07
phase_083,command_constrained,0.3,1.5,2026200004,30,0.872623332,0.894597443,0.893921768,0.02129843600000003,0.02197411100000002,-0.0006756749999999867
phase_083,command_constrained,0.3,1.5,2026200004,90,0.827517496,0.797636975,0.801707321,-0.025810175000000046,-0.02988052100000005,0.0040703460000000025
phase_083,command_constrained,0.3,1.5,2026200004,180,0.70894079,0.755426211,0.771176512,0.06223572200000005,0.04648542099999997,0.015750301000000078
phase_083,command_constrained,0.3,1.5,2026200004,360,0.527262278,0.756375156,0.672641476,0.145379198,0.22911287800000002,-0.08373368000000003
phase_083,command_constrained,0.3,1.5,2026200005,7,0.882378184,0.900220425,0.900222644,0.01784445999999995,0.01784224099999998,2.218999999969995e-06
phase_083,command_constrained,0.3,1.5,2026200005,30,0.884735774,0.900576513,0.900580192,0.015844417999999916,0.015840738999999937,3.6789999999786716e-06
phase_083,command_constrained,0.3,1.5,2026200005,90,0.876431384,0.829803097,0.877847674,0.0014162899999999867,-0.04662828699999999,0.04804457699999998
phase_083,command_constrained,0.3,1.5,2026200005,180,0.867530437,0.878909516,0.831459266,-0.03607117100000001,0.011379079000000014,-0.04745025000000003
phase_083,command_constrained,0.3,1.5,2026200005,360,0.853980074,0.825065426,0.773019694,-0.08096037999999994,-0.028914647999999987,-0.052045731999999956
phase_083,command_constrained,0.3,1.5,2026200006,7,0.896797964,0.900089358,0.900090284,0.0032923200000000152,0.003291394000000003,9.260000000121948e-07
phase_083,command_constrained,0.3,1.5,2026200006,30,0.881773951,0.900477288,0.900478992,0.018705041000000033,0.018703337000000042,1.703999999991268e-06
phase_083,command_constrained,0.3,1.5,2026200006,90,0.640198145,0.876130725,0.884390601,0.24419245599999995,0.23593257999999995,0.008259876
phase_083,command_constrained,0.3,1.5,2026200006,180,0.590214851,0.884639069,0.901934596,0.311719745,0.29442421799999996,0.017295527000000033
phase_083,command_constrained,0.3,1.5,2026200006,360,0.565282126,0.904503086,0.586714307,0.021432180999999995,0.3392209599999999,-0.3177887789999999
phase_083,command_constrained,0.3,1.5,2026200007,7,0.861652783,0.903245566,0.903240672,0.04158788899999999,0.04159278300000002,-4.894000000033039e-06
phase_083,command_constrained,0.3,1.5,2026200007,30,0.883035383,0.903641503,0.903638969,0.020603586000000007,0.02060612000000006,-2.534000000053993e-06
phase_083,command_constrained,0.3,1.5,2026200007,90,0.847845599,0.850060102,0.769358361,-0.07848723800000001,0.0022145030000000343,-0.08070174100000005
phase_083,command_constrained,0.3,1.5,2026200007,180,0.878959543,0.808556678,0.590477903,-0.28848164,-0.07040286500000004,-0.21807877499999995
phase_083,command_constrained,0.3,1.5,2026200007,360,0.853835644,0.798856231,0.511501532,-0.34233411199999997,-0.05497941299999998,-0.287354699
phase_083,command_constrained,0.3,1.5,2026200008,7,0.884682741,0.902930394,0.902930928,0.01824818699999997,0.018247652999999975,5.339999999964817e-07
phase_083,command_constrained,0.3,1.5,2026200008,30,0.882605162,0.865770035,0.873432636,-0.00917252600000007,-0.016835127000000005,0.007662600999999936
phase_083,command_constrained,0.3,1.5,2026200008,90,0.870442261,0.842206324,0.857402044,-0.01304021700000002,-0.028235937000000044,0.015195720000000024
phase_083,command_constrained,0.3,1.5,2026200008,180,0.852685977,0.802307564,0.815592337,-0.03709364000000004,-0.05037841300000001,0.013284772999999972
phase_083,command_constrained,0.3,1.5,2026200008,360,0.872122019,0.806284845,0.778569566,-0.09355245299999992,-0.065837174,-0.027715278999999926
phase_083,command_constrained,0.3,1.5,2026200009,7,0.853164459,0.854794751,0.867317211,0.01415275199999999,0.0016302919999999776,0.012522460000000013
phase_083,command_constrained,0.3,1.5,2026200009,30,0.846659684,0.767208364,0.804500591,-0.04215909299999998,-0.07945131999999999,0.03729222700000001
phase_083,command_constrained,0.3,1.5,2026200009,90,0.874791489,0.713108071,0.756979265,-0.11781222400000002,-0.16168341800000008,0.04387119400000006
phase_083,command_constrained,0.3,1.5,2026200009,180,0.823844153,0.689171161,0.694347567,-0.12949658600000002,-0.13467299200000005,0.005176406000000022
phase_083,command_constrained,0.3,1.5,2026200009,360,0.83592547,0.644248062,0.555041487,-0.28088398299999995,-0.191677408,-0.08920657499999995
phase_083,command_constrained,0.3,1.5,2026200010,7,0.866547038,0.866985192,0.874021278,0.007474239999999965,0.0004381540000000239,0.0070360859999999414
phase_083,command_constrained,0.3,1.5,2026200010,30,0.805893383,0.79626918,0.821740212,0.015846829000000007,-0.009624202999999998,0.025471032000000005
phase_083,command_constrained,0.3,1.5,2026200010,90,0.764838501,0.745408717,0.789611788,0.024773287000000033,-0.01942978399999995,0.04420307099999998
phase_083,command_constrained,0.3,1.5,2026200010,180,0.740445671,0.720253811,0.777707553,0.037261882000000024,-0.02019186000000006,0.057453742000000085
phase_083,command_constrained,0.3,1.5,2026200010,360,0.698136168,0.677075625,0.753199962,0.055063793999999944,-0.021060543000000043,0.07612433699999999
phase_083,command_constrained,0.3,1.5,2026200011,7,0.895316049,0.901689964,0.901776826,0.006460777000000029,0.006373915000000063,8.686199999996536e-05
phase_083,command_constrained,0.3,1.5,2026200011,30,0.902220887,0.817413716,0.830897329,-0.07132355800000001,-0.08480717100000001,0.013483613000000005
phase_083,command_constrained,0.3,1.5,2026200011,90,0.899838491,0.830848135,0.837405494,-0.062432997000000046,-0.06899035600000003,0.006557358999999985
phase_083,command_constrained,0.3,1.5,2026200011,180,0.888454305,0.803296626,0.828791738,-0.059662567000000055,-0.08515767900000004,0.025495111999999986
phase_083,command_constrained,0.3,1.5,2026200011,360,0.900138041,0.799479342,0.827619503,-0.07251853800000008,-0.10065869900000002,0.02814016099999994
phase_084,command_constrained,0.3,2.0,2026200000,7,0.88397139,0.854307423,0.879784166,-0.004187224000000045,-0.02966396700000007,0.025476743000000024
phase_084,command_constrained,0.3,2.0,2026200000,30,0.851963516,0.776397938,0.841730633,-0.010232883000000026,-0.07556557799999997,0.06533269499999994
phase_084,command_constrained,0.3,2.0,2026200000,90,0.824009866,0.735588115,0.796925028,-0.027084838000000055,-0.08842175100000005,0.06133691299999999
phase_084,command_constrained,0.3,2.0,2026200000,180,0.79928251,0.715701919,0.732816338,-0.06646617199999993,-0.08358059099999993,0.017114418999999992
phase_084,command_constrained,0.3,2.0,2026200000,360,0.75278316,0.677241615,0.546877882,-0.20590527800000002,-0.07554154499999999,-0.13036373300000004
phase_084,command_constrained,0.3,2.0,2026200001,7,0.885558357,0.902618732,0.902621771,0.017063414,0.017060375000000016,3.0389999999824724e-06
phase_084,command_constrained,0.3,2.0,2026200001,30,0.802688671,0.887256456,0.898255929,0.09556725799999999,0.08456778500000006,0.010999472999999926
phase_084,command_constrained,0.3,2.0,2026200001,90,0.682692105,0.839267077,0.822274259,0.13958215399999996,0.15657497200000003,-0.016992818000000076
phase_084,command_constrained,0.3,2.0,2026200001,180,0.661061341,0.825481616,0.707022299,0.045960957999999996,0.164420275,-0.11845931700000001
phase_084,command_constrained,0.3,2.0,2026200001,360,0.630469632,0.797410604,0.667233683,0.03676405100000002,0.16694097200000002,-0.130176921
phase_084,command_constrained,0.3,2.0,2026200002,7,0.870197254,0.873066857,0.879193638,0.008996384000000024,0.002869602999999943,0.006126781000000081
phase_084,command_constrained,0.3,2.0,2026200002,30,0.852317609,0.890588857,0.898240557,0.045922948000000074,0.038271248000000035,0.007651700000000039
phase_084,command_constrained,0.3,2.0,2026200002,90,0.820496905,0.644012179,0.876556835,0.05605992999999998,-0.1764847260000001,0.23254465600000007
phase_084,command_constrained,0.3,2.0,2026200002,180,0.815705937,0.579180198,0.906797494,0.09109155699999993,-0.23652573900000007,0.327617296
phase_084,command_constrained,0.3,2.0,2026200002,360,0.807915882,0.540915263,0.553376976,-0.25453890599999995,-0.26700061899999994,0.012461712999999985
phase_084,command_constrained,0.3,2.0,2026200003,7,0.902808394,0.902896295,0.902900346,9.195200000000625e-05,8.790100000000134e-05,4.051000000004912e-06
phase_084,command_constrained,0.3,2.0,2026200003,30,0.903191071,0.90319056,0.86378593,-0.03940514099999992,-5.109999999808323e-07,-0.03940462999999994
phase_084,command_constrained,0.3,2.0,2026200003,90,0.852725389,0.90397107,0.904017602,0.051292213000000086,0.05124568100000004,4.653200000004354e-05
phase_084,command_constrained,0.3,2.0,2026200003,180,0.905193944,0.854178643,0.905196992,3.048000000061002e-06,-0.05101530099999996,0.05101834900000002
phase_084,command_constrained,0.3,2.0,2026200003,360,0.872577079,0.87514177,0.907519654,0.034942574999999976,0.002564691000000008,0.03237788399999997
phase_084,command_constrained,0.3,2.0,2026200004,7,0.883572325,0.893372042,0.894835456,0.011263130999999982,0.00979971699999993,0.0014634140000000517
phase_084,command_constrained,0.3,2.0,2026200004,30,0.872623332,0.857729934,0.856740165,-0.01588316699999992,-0.014893398000000002,-0.0009897689999999182
phase_084,command_constrained,0.3,2.0,2026200004,90,0.827517496,0.850170886,0.846472996,0.018955500000000014,0.022653389999999995,-0.0036978899999999815
phase_084,command_constrained,0.3,2.0,2026200004,180,0.70894079,0.772002739,0.849392707,0.14045191700000004,0.06306194900000006,0.07738996799999998
phase_084,command_constrained,0.3,2.0,2026200004,360,0.527262278,0.764900573,0.749338249,0.22207597099999998,0.237638295,-0.015562324000000016
phase_084,command_constrained,0.3,2.0,2026200005,7,0.882378184,0.858374598,0.86246402,-0.019914164000000012,-0.024003585999999966,0.004089421999999954
phase_084,command_constrained,0.3,2.0,2026200005,30,0.884735774,0.821465917,0.834434524,-0.050301250000000075,-0.06326985699999998,0.01296860699999991
phase_084,command_constrained,0.3,2.0,2026200005,90,0.876431384,0.82189719,0.83519314,-0.04123824399999998,-0.054534193999999925,0.013295949999999945
phase_084,command_constrained,0.3,2.0,2026200005,180,0.867530437,0.798693094,0.836904702,-0.030625734999999987,-0.068837343,0.03821160800000001
phase_084,command_constrained,0.3,2.0,2026200005,360,0.853980074,0.784972483,0.770385598,-0.08359447600000003,-0.06900759099999998,-0.01458688500000005
phase_084,command_constrained,0.3,2.0,2026200006,7,0.896797964,0.900088271,0.900089619,0.003291654999999949,0.0032903069999999923,1.3479999999566061e-06
phase_084,command_constrained,0.3,2.0,2026200006,30,0.881773951,0.900467991,0.900470459,0.018696508,0.018694039999999967,2.4680000000332214e-06
phase_084,command_constrained,0.3,2.0,2026200006,90,0.640198145,0.874998676,0.901228207,0.2610300619999999,0.23480053099999998,0.026229530999999917
phase_084,command_constrained,0.3,2.0,2026200006,180,0.590214851,0.849615531,0.901589857,0.311375006,0.25940067999999994,0.05197432600000007
phase_084,command_constrained,0.3,2.0,2026200006,360,0.565282126,0.853061508,0.593510318,0.02822819199999993,0.287779382,-0.25955119000000004
phase_084,command_constrained,0.3,2.0,2026200007,7,0.861652783,0.878454088,0.884612311,0.022959528000000007,0.01680130499999999,0.006158223000000018
phase_084,command_constrained,0.3,2.0,2026200007,30,0.883035383,0.75364061,0.781608438,-0.10142694499999994,-0.1293947729999999,0.027967827999999972
phase_084,command_constrained,0.3,2.0,2026200007,90,0.847845599,0.609035367,0.658374569,-0.18947102999999998,-0.23881023199999996,0.04933920199999997
phase_084,command_constrained,0.3,2.0,2026200007,180,0.878959543,0.587409762,0.622686863,-0.25627268000000003,-0.29154978100000006,0.03527710100000003
phase_084,command_constrained,0.3,2.0,2026200007,360,0.853835644,0.554289369,0.507999077,-0.345836567,-0.299546275,-0.04629029200000001
phase_084,command_constrained,0.3,2.0,2026200008,7,0.884682741,0.862624286,0.866128676,-0.01855406500000001,-0.022058455000000032,0.003504390000000024
phase_084,command_constrained,0.3,2.0,2026200008,30,0.882605162,0.827210036,0.839127453,-0.04347770900000003,-0.05539512600000007,0.011917417000000041
phase_084,command_constrained,0.3,2.0,2026200008,90,0.870442261,0.761913834,0.77680276,-0.09363950099999996,-0.10852842699999998,0.014888926000000025
phase_084,command_constrained,0.3,2.0,2026200008,180,0.852685977,0.747013296,0.756390315,-0.09629566200000006,-0.10567268100000005,0.009377018999999986
phase_084,command_constrained,0.3,2.0,2026200008,360,0.872122019,0.791041023,0.703474379,-0.16864764,-0.08108099599999996,-0.08756664400000003
phase_084,command_constrained,0.3,2.0,2026200009,7,0.853164459,0.902909727,0.902911934,0.049747474999999985,0.04974526800000001,2.2069999999763112e-06
phase_084,command_constrained,0.3,2.0,2026200009,30,0.846659684,0.890428215,0.90330398,0.05664429599999998,0.043768531,0.012875764999999983
phase_084,command_constrained,0.3,2.0,2026200009,90,0.874791489,0.807767144,0.841493977,-0.033297512000000085,-0.06702434499999999,0.0337268329999999
phase_084,command_constrained,0.3,2.0,2026200009,180,0.823844153,0.710656698,0.744160078,-0.07968407500000008,-0.11318745500000005,0.03350337999999997
phase_084,command_constrained,0.3,2.0,2026200009,360,0.83592547,0.677729492,0.71816942,-0.11775605,-0.15819597799999996,0.04043992799999996
phase_084,command_constrained,0.3,2.0,2026200010,7,0.866547038,0.862637767,0.873016011,0.0064689730000000445,-0.0039092709999999364,0.010378243999999981
phase_084,command_constrained,0.3,2.0,2026200010,30,0.805893383,0.782842712,0.817433759,0.011540376000000019,-0.023050671000000023,0.03459104700000004
phase_084,command_constrained,0.3,2.0,2026200010,90,0.764838501,0.74039388,0.791629533,0.026791032000000103,-0.024444621,0.0512356530000001
phase_084,command_constrained,0.3,2.0,2026200010,180,0.740445671,0.716755257,0.786766165,0.046320493999999934,-0.02369041400000005,0.07001090799999998
phase_084,command_constrained,0.3,2.0,2026200010,360,0.698136168,0.677517184,0.76656203,0.068425862,-0.02061898399999995,0.08904484599999996
phase_084,command_constrained,0.3,2.0,2026200011,7,0.895316049,0.870515517,0.874434252,-0.020881796999999924,-0.024800531999999986,0.003918735000000062
phase_084,command_constrained,0.3,2.0,2026200011,30,0.902220887,0.836018678,0.848445079,-0.053775808000000036,-0.06620220900000007,0.012426401000000031
phase_084,command_constrained,0.3,2.0,2026200011,90,0.899838491,0.787657632,0.837634732,-0.06220375899999997,-0.11218085899999997,0.049977099999999997
phase_084,command_constrained,0.3,2.0,2026200011,180,0.888454305,0.762101813,0.797846325,-0.09060798000000003,-0.12635249199999998,0.03574451199999995
phase_084,command_constrained,0.3,2.0,2026200011,360,0.900138041,0.601938622,0.781834036,-0.11830400500000005,-0.298199419,0.17989541399999998
phase_086,command_constrained,0.4,0.25,2026200000,7,0.900929439,0.900945349,0.900945892,1.645299999997185e-05,1.5910000000007862e-05,5.42999999963989e-07
phase_086,command_constrained,0.4,0.25,2026200000,30,0.899025184,0.897424502,0.899227235,0.0002020510000000364,-0.0016006819999999644,0.0018027330000000008
phase_086,command_constrained,0.4,0.25,2026200000,90,0.848301197,0.845210765,0.846796322,-0.001504874999999961,-0.003090431999999921,0.0015855569999999597
phase_086,command_constrained,0.4,0.25,2026200000,180,0.86157665,0.858306395,0.855948363,-0.005628287000000065,-0.0032702549999999997,-0.0023580320000000654
phase_086,command_constrained,0.4,0.25,2026200000,360,0.847261643,0.844048826,0.833942385,-0.013319258,-0.003212816999999979,-0.010106441000000022
phase_086,command_constrained,0.4,0.25,2026200001,7,0.874592378,0.876395552,0.879098702,0.0045063239999999505,0.001803173999999963,0.0027031499999999875
phase_086,command_constrained,0.4,0.25,2026200001,30,0.872570138,0.871352212,0.872648134,7.799599999991358e-05,-0.0012179260000000358,0.0012959219999999494
phase_086,command_constrained,0.4,0.25,2026200001,90,0.821404031,0.808398028,0.82554203,0.004137999000000003,-0.013006002999999988,0.01714400199999999
phase_086,command_constrained,0.4,0.25,2026200001,180,0.788002745,0.827416861,0.826915293,0.03891254799999999,0.039414116,-0.0005015680000000078
phase_086,command_constrained,0.4,0.25,2026200001,360,0.815663454,0.801238852,0.59576386,-0.21989959399999992,-0.014424601999999953,-0.20547499199999997
phase_086,command_constrained,0.4,0.25,2026200002,7,0.891918891,0.885304436,0.885836203,-0.006082688000000003,-0.006614455000000019,0.0005317670000000163
phase_086,command_constrained,0.4,0.25,2026200002,30,0.852959105,0.873452104,0.874955991,0.021996885999999938,0.0204929989999999,0.001503887000000037
phase_086,command_constrained,0.4,0.25,2026200002,90,0.845890546,0.848997558,0.855056939,0.009166392999999995,0.0031070119999999646,0.00605938100000003
phase_086,command_constrained,0.4,0.25,2026200002,180,0.852804406,0.854895448,0.876317032,0.023512626000000036,0.0020910419999999874,0.02142158400000005
phase_086,command_constrained,0.4,0.25,2026200002,360,0.77464342,0.870877366,0.829511239,0.05486781900000004,0.09623394600000001,-0.041366126999999975
phase_086,command_constrained,0.4,0.25,2026200003,7,0.902871319,0.875495064,0.875496845,-0.027374473999999926,-0.02737625499999996,1.7810000000340054e-06
phase_086,command_constrained,0.4,0.25,2026200003,30,0.880468432,0.792089363,0.793875505,-0.08659292699999999,-0.08837906900000003,0.001786142000000046
phase_086,command_constrained,0.4,0.25,2026200003,90,0.807899038,0.87671441,0.876723552,0.068824514,0.0688153720000001,9.141999999906503e-06
phase_086,command_constrained,0.4,0.25,2026200003,180,0.853347921,0.867739798,0.863410403,0.01006248200000004,0.014391876999999997,-0.004329394999999958
phase_086,command_constrained,0.4,0.25,2026200003,360,0.628529398,0.790806245,0.767493275,0.138963877,0.162276847,-0.02331296999999999
phase_086,command_constrained,0.4,0.25,2026200004,7,0.890189384,0.876232963,0.876614667,-0.013574717000000014,-0.013956421000000052,0.00038170400000003823
phase_086,command_constrained,0.4,0.25,2026200004,30,0.877563455,0.859672749,0.860760039,-0.016803416000000015,-0.01789070599999998,0.001087289999999963
phase_086,command_constrained,0.4,0.25,2026200004,90,0.861720326,0.814600859,0.816664821,-0.045055504999999996,-0.047119467000000026,0.0020639620000000303
phase_086,command_constrained,0.4,0.25,2026200004,180,0.862029281,0.818190585,0.82918917,-0.03284011099999995,-0.04383869600000001,0.01099858500000006
phase_086,command_constrained,0.4,0.25,2026200004,360,0.772759232,0.785571616,0.815215132,0.04245589999999999,0.012812384000000065,0.029643515999999925
phase_086,command_constrained,0.4,0.25,2026200005,7,0.880824976,0.90029542,0.900298299,0.019473323000000042,0.019470443999999976,2.8790000000666893e-06
phase_086,command_constrained,0.4,0.25,2026200005,30,0.852197719,0.888295389,0.889037289,0.036839570000000044,0.03609767000000008,0.000741899999999962
phase_086,command_constrained,0.4,0.25,2026200005,90,0.843241505,0.849465741,0.835906568,-0.007334936999999986,0.006224236000000105,-0.013559173000000091
phase_086,command_constrained,0.4,0.25,2026200005,180,0.758113997,0.781930506,0.82805116,0.06993716299999997,0.023816508999999986,0.04612065399999998
phase_086,command_constrained,0.4,0.25,2026200005,360,0.746313575,0.78277716,0.815497432,0.06918385700000007,0.03646358500000002,0.03272027200000005
phase_086,command_constrained,0.4,0.25,2026200006,7,0.864357053,0.899032,0.899490148,0.03513309500000006,0.03467494700000007,0.00045814799999999156
phase_086,command_constrained,0.4,0.25,2026200006,30,0.859164438,0.822628285,0.824416312,-0.03474812599999999,-0.036536153000000016,0.0017880270000000253
phase_086,command_constrained,0.4,0.25,2026200006,90,0.801932556,0.825903697,0.826980377,0.025047821000000026,0.023971140999999974,0.001076680000000052
phase_086,command_constrained,0.4,0.25,2026200006,180,0.812567519,0.78466289,0.781831527,-0.03073599199999999,-0.027904629000000014,-0.0028313629999999756
phase_086,command_constrained,0.4,0.25,2026200006,360,0.818908887,0.833701989,0.822287081,0.0033781940000000565,0.014793102000000058,-0.011414908000000001
phase_086,command_constrained,0.4,0.25,2026200007,7,0.903207213,0.849497216,0.850408467,-0.05279874600000001,-0.0537099969999999,0.0009112509999998908
phase_086,command_constrained,0.4,0.25,2026200007,30,0.870599884,0.840323482,0.841930045,-0.028669838999999975,-0.030276402000000036,0.0016065630000000608
phase_086,command_constrained,0.4,0.25,2026200007,90,0.799592904,0.851180605,0.797386347,-0.0022065570000000534,0.051587700999999986,-0.05379425800000004
phase_086,command_constrained,0.4,0.25,2026200007,180,0.604887447,0.801212752,0.826870831,0.22198338400000006,0.196325305,0.025658079000000056
phase_086,command_constrained,0.4,0.25,2026200007,360,0.561094204,0.805107822,0.828382467,0.26728826299999997,0.244013618,0.023274644999999983
phase_086,command_constrained,0.4,0.25,2026200008,7,0.902811584,0.885827866,0.886202044,-0.016609539999999923,-0.01698371799999998,0.0003741780000000583
phase_086,command_constrained,0.4,0.25,2026200008,30,0.894232441,0.858628013,0.859739143,-0.034493298000000006,-0.035604427999999966,0.0011111299999999602
phase_086,command_constrained,0.4,0.25,2026200008,90,0.899214863,0.787145121,0.788563295,-0.11065156799999998,-0.11206974199999997,0.0014181739999999943
phase_086,command_constrained,0.4,0.25,2026200008,180,0.886814612,0.791004424,0.789974096,-0.09684051599999999,-0.09581018799999996,-0.0010303280000000248
phase_086,command_constrained,0.4,0.25,2026200008,360,0.890802936,0.539802713,0.531558308,-0.359244628,-0.351000223,-0.00824440500000001
phase_086,command_constrained,0.4,0.25,2026200009,7,0.902919812,0.903031198,0.903032008,0.00011219600000000884,0.00011138599999993559,8.100000000732521e-07
phase_086,command_constrained,0.4,0.25,2026200009,30,0.847626945,0.903408351,0.903410264,0.055783319,0.05578140600000003,1.9129999999645264e-06
phase_086,command_constrained,0.4,0.25,2026200009,90,0.861408628,0.806653804,0.812390732,-0.04901789599999995,-0.05475482399999998,0.00573692800000003
phase_086,command_constrained,0.4,0.25,2026200009,180,0.882559572,0.858100402,0.854514078,-0.028045494000000004,-0.024459169999999975,-0.0035863240000000296
phase_086,command_constrained,0.4,0.25,2026200009,360,0.858428934,0.86295694,0.888147809,0.029718875000000033,0.004528006000000029,0.025190869000000005
phase_086,command_constrained,0.4,0.25,2026200010,7,0.878063006,0.901456762,0.901457165,0.02339415899999997,0.023393756000000043,4.0299999992665647e-07
phase_086,command_constrained,0.4,0.25,2026200010,30,0.837969174,0.859941951,0.862033604,0.024064429999999915,0.021972777,0.0020916529999999156
phase_086,command_constrained,0.4,0.25,2026200010,90,0.807980134,0.887055739,0.889862688,0.081882554,0.079075605,0.002806949000000003
phase_086,command_constrained,0.4,0.25,2026200010,180,0.781887638,0.854656136,0.852414516,0.0705268779999999,0.07276849799999996,-0.0022416200000000552
phase_086,command_constrained,0.4,0.25,2026200010,360,0.730615712,0.62487724,0.627952566,-0.10266314599999993,-0.10573847199999997,0.003075326000000045
phase_086,command_constrained,0.4,0.25,2026200011,7,0.90177806,0.888942282,0.889417273,-0.012360787000000095,-0.01283577800000002,0.00047499099999992467
phase_086,command_constrained,0.4,0.25,2026200011,30,0.902162254,0.899632188,0.900787978,-0.0013742760000000631,-0.002530066000000053,0.0011557899999999899
phase_086,command_constrained,0.4,0.25,2026200011,90,0.894120552,0.87555309,0.869741942,-0.024378609999999967,-0.018567461999999924,-0.005811148000000044
phase_086,command_constrained,0.4,0.25,2026200011,180,0.88844169,0.875150057,0.884123623,-0.0043180669999999255,-0.013291632999999914,0.008973565999999988
phase_086,command_constrained,0.4,0.25,2026200011,360,0.904469854,0.837738214,0.784560022,-0.11990983200000005,-0.06673163999999998,-0.05317819200000007
phase_087,command_constrained,0.4,0.5,2026200000,7,0.900929439,0.899903212,0.900972059,4.261999999999322e-05,-0.0010262269999999907,0.001068846999999984
phase_087,command_constrained,0.4,0.5,2026200000,30,0.899025184,0.86247647,0.86647737,-0.03254781399999995,-0.03654871399999993,0.004000899999999974
phase_087,command_constrained,0.4,0.5,2026200000,90,0.848301197,0.822785338,0.82753024,-0.02077095699999998,-0.025515858999999974,0.004744901999999995
phase_087,command_constrained,0.4,0.5,2026200000,180,0.86157665,0.812864762,0.811166785,-0.05040986500000011,-0.048711888000000036,-0.0016979770000000727
phase_087,command_constrained,0.4,0.5,2026200000,360,0.847261643,0.79252825,0.785032813,-0.0622288299999999,-0.05473339299999991,-0.007495436999999994
phase_087,command_constrained,0.4,0.5,2026200001,7,0.874592378,0.883800094,0.884264759,0.009672381000000008,0.009207716000000032,0.00046466499999997524
phase_087,command_constrained,0.4,0.5,2026200001,30,0.872570138,0.862372343,0.863880026,-0.008690112000000028,-0.010197795000000065,0.0015076830000000374
phase_087,command_constrained,0.4,0.5,2026200001,90,0.821404031,0.792298091,0.776369996,-0.04503403500000003,-0.029105939999999997,-0.01592809500000003
phase_087,command_constrained,0.4,0.5,2026200001,180,0.788002745,0.746839145,0.749755096,-0.038247648999999995,-0.04116359999999997,0.002915950999999972
phase_087,command_constrained,0.4,0.5,2026200001,360,0.815663454,0.568248855,0.576766634,-0.23889682,-0.24741459899999996,0.008517778999999948
phase_087,command_constrained,0.4,0.5,2026200002,7,0.891918891,0.879124476,0.880205541,-0.011713349999999956,-0.012794415000000003,0.0010810650000000477
phase_087,command_constrained,0.4,0.5,2026200002,30,0.852959105,0.851601552,0.854905212,0.0019461069999999747,-0.0013575530000000668,0.0033036600000000416
phase_087,command_constrained,0.4,0.5,2026200002,90,0.845890546,0.84600533,0.841305995,-0.004584550999999992,0.0001147839999999789,-0.004699334999999971
phase_087,command_constrained,0.4,0.5,2026200002,180,0.852804406,0.86883841,0.873813776,0.021009370000000027,0.01603400399999999,0.004975366000000037
phase_087,command_constrained,0.4,0.5,2026200002,360,0.77464342,0.840535435,0.850076402,0.07543298200000004,0.06589201500000008,0.009540966999999956
phase_087,command_constrained,0.4,0.5,2026200003,7,0.902871319,0.893426099,0.894173289,-0.008698029999999912,-0.009445219999999921,0.0007471900000000087
phase_087,command_constrained,0.4,0.5,2026200003,30,0.880468432,0.903345835,0.903347005,0.022878572999999958,0.022877402999999963,1.1699999999947863e-06
phase_087,command_constrained,0.4,0.5,2026200003,90,0.807899038,0.904128987,0.855070063,0.04717102500000003,0.09622994900000004,-0.049058924000000004
phase_087,command_constrained,0.4,0.5,2026200003,180,0.853347921,0.898593598,0.882208092,0.028860171000000046,0.04524567700000004,-0.016385505999999994
phase_087,command_constrained,0.4,0.5,2026200003,360,0.628529398,0.83528641,0.871347156,0.24281775800000005,0.20675701200000007,0.03606074599999998
phase_087,command_constrained,0.4,0.5,2026200004,7,0.890189384,0.889734116,0.890387401,0.00019801699999999478,-0.0004552680000000642,0.000653285000000059
phase_087,command_constrained,0.4,0.5,2026200004,30,0.877563455,0.805057694,0.832818893,-0.04474456199999999,-0.07250576099999995,0.02776119899999996
phase_087,command_constrained,0.4,0.5,2026200004,90,0.861720326,0.844850769,0.84738547,-0.014334856000000062,-0.016869557000000035,0.0025347009999999726
phase_087,command_constrained,0.4,0.5,2026200004,180,0.862029281,0.862686581,0.843188558,-0.018840722999999948,0.0006572999999999718,-0.01949802299999992
phase_087,command_constrained,0.4,0.5,2026200004,360,0.772759232,0.869467335,0.838375387,0.06561615500000006,0.09670810299999999,-0.031091947999999925
phase_087,command_constrained,0.4,0.5,2026200005,7,0.880824976,0.882394512,0.883100543,0.0022755669999999784,0.0015695359999999825,0.0007060309999999959
phase_087,command_constrained,0.4,0.5,2026200005,30,0.852197719,0.867996829,0.870340246,0.018142527000000075,0.015799110000000005,0.00234341700000007
phase_087,command_constrained,0.4,0.5,2026200005,90,0.843241505,0.828683616,0.842046701,-0.0011948039999999382,-0.01455788899999999,0.013363085000000052
phase_087,command_constrained,0.4,0.5,2026200005,180,0.758113997,0.836382977,0.81508788,0.05697388299999995,0.07826897999999993,-0.021295096999999985
phase_087,command_constrained,0.4,0.5,2026200005,360,0.746313575,0.72243586,0.753791814,0.007478238999999998,-0.02387771499999991,0.03135595399999991
phase_087,command_constrained,0.4,0.5,2026200006,7,0.864357053,0.900217282,0.900217878,0.035860824999999985,0.035860228999999966,5.960000000193588e-07
phase_087,command_constrained,0.4,0.5,2026200006,30,0.859164438,0.869864134,0.872330557,0.013166118999999976,0.01069969599999998,0.0024664229999999954
phase_087,command_constrained,0.4,0.5,2026200006,90,0.801932556,0.863611695,0.833022498,0.031089941999999926,0.061679138999999994,-0.030589197000000068
phase_087,command_constrained,0.4,0.5,2026200006,180,0.812567519,0.876330354,0.849070061,0.03650254200000003,0.06376283500000002,-0.02726029299999999
phase_087,command_constrained,0.4,0.5,2026200006,360,0.818908887,0.85671159,0.748237613,-0.07067127399999995,0.03780270299999999,-0.10847397699999994
phase_087,command_constrained,0.4,0.5,2026200007,7,0.903207213,0.870817231,0.870818159,-0.03238905399999992,-0.032389981999999984,9.280000000666533e-07
phase_087,command_constrained,0.4,0.5,2026200007,30,0.870599884,0.858633075,0.85289983,-0.017700053999999965,-0.011966809000000023,-0.005733244999999942
phase_087,command_constrained,0.4,0.5,2026200007,90,0.799592904,0.852225669,0.871963272,0.07237036799999996,0.052632764999999915,0.019737603000000048
phase_087,command_constrained,0.4,0.5,2026200007,180,0.604887447,0.818745327,0.865004605,0.260117158,0.21385788000000006,0.04625927799999996
phase_087,command_constrained,0.4,0.5,2026200007,360,0.561094204,0.82960223,0.865699149,0.304604945,0.268508026,0.036096919000000005
phase_087,command_constrained,0.4,0.5,2026200008,7,0.902811584,0.875242844,0.876086052,-0.02672553199999994,-0.02756873999999998,0.0008432080000000397
phase_087,command_constrained,0.4,0.5,2026200008,30,0.894232441,0.854993266,0.857383183,-0.03684925799999994,-0.03923917499999996,0.002389917000000019
phase_087,command_constrained,0.4,0.5,2026200008,90,0.899214863,0.768856191,0.772212301,-0.12700256199999993,-0.13035867199999995,0.0033561100000000232
phase_087,command_constrained,0.4,0.5,2026200008,180,0.886814612,0.764194898,0.764470733,-0.12234387899999999,-0.12261971400000005,0.00027583500000005756
phase_087,command_constrained,0.4,0.5,2026200008,360,0.890802936,0.545379946,0.536374831,-0.354428105,-0.3454229900000001,-0.009005114999999897
phase_087,command_constrained,0.4,0.5,2026200009,7,0.902919812,0.90287957,0.902880456,-3.935600000004591e-05,-4.024200000007916e-05,8.860000000332491e-07
phase_087,command_constrained,0.4,0.5,2026200009,30,0.847626945,0.89449648,0.897591074,0.049964129000000024,0.04686953500000002,0.003094594000000006
phase_087,command_constrained,0.4,0.5,2026200009,90,0.861408628,0.844052824,0.846355122,-0.015053505999999994,-0.01735580399999992,0.002302297999999925
phase_087,command_constrained,0.4,0.5,2026200009,180,0.882559572,0.877562794,0.871694897,-0.01086467499999999,-0.0049967779999999795,-0.005867897000000011
phase_087,command_constrained,0.4,0.5,2026200009,360,0.858428934,0.836568632,0.847589489,-0.010839445000000003,-0.021860301999999998,0.011020856999999995
phase_087,command_constrained,0.4,0.5,2026200010,7,0.878063006,0.872688811,0.876098106,-0.001964899999999936,-0.005374195000000026,0.00340929500000009
phase_087,command_constrained,0.4,0.5,2026200010,30,0.837969174,0.821077592,0.830882485,-0.00708668900000009,-0.01689158200000007,0.009804892999999981
phase_087,command_constrained,0.4,0.5,2026200010,90,0.807980134,0.786672874,0.798965716,-0.009014418000000024,-0.02130726000000005,0.012292842000000026
phase_087,command_constrained,0.4,0.5,2026200010,180,0.781887638,0.762619849,0.774452118,-0.007435520000000029,-0.019267789000000035,0.011832269000000006
phase_087,command_constrained,0.4,0.5,2026200010,360,0.730615712,0.717393008,0.728205088,-0.002410624000000028,-0.013222703999999919,0.01081207999999989
phase_087,command_constrained,0.4,0.5,2026200011,7,0.90177806,0.901813617,0.901814335,3.627499999991901e-05,3.5556999999908356e-05,7.180000000106546e-07
phase_087,command_constrained,0.4,0.5,2026200011,30,0.902162254,0.902235715,0.902238227,7.597299999995144e-05,7.346099999994138e-05,2.5120000000100617e-06
phase_087,command_constrained,0.4,0.5,2026200011,90,0.894120552,0.902902944,0.90297334,0.008852788,0.008782392000000083,7.039599999991708e-05
phase_087,command_constrained,0.4,0.5,2026200011,180,0.88844169,0.904106387,0.904127981,0.015686291000000074,0.01566469700000006,2.1594000000013658e-05
phase_087,command_constrained,0.4,0.5,2026200011,360,0.904469854,0.89860485,0.871778482,-0.03269137200000005,-0.005865004000000007,-0.026826368000000045
phase_088,command_constrained,0.4,0.75,2026200000,7,0.900929439,0.900944181,0.900946198,1.675899999997732e-05,1.4741999999956512e-05,2.0170000000208077e-06
phase_088,command_constrained,0.4,0.75,2026200000,30,0.899025184,0.850198128,0.856797866,-0.042227318000000014,-0.048827055999999924,0.006599737999999911
phase_088,command_constrained,0.4,0.75,2026200000,90,0.848301197,0.863023122,0.870490698,0.022189501000000056,0.014721925000000025,0.007467576000000031
phase_088,command_constrained,0.4,0.75,2026200000,180,0.86157665,0.820546513,0.812744859,-0.04883179100000001,-0.04103013700000002,-0.007801653999999991
phase_088,command_constrained,0.4,0.75,2026200000,360,0.847261643,0.627388669,0.796323857,-0.050937785999999985,-0.21987297399999994,0.16893518799999996
phase_088,command_constrained,0.4,0.75,2026200001,7,0.874592378,0.873436606,0.874785256,0.00019287800000000743,-0.0011557720000000549,0.0013486500000000623
phase_088,command_constrained,0.4,0.75,2026200001,30,0.872570138,0.868060851,0.850569028,-0.022001110000000046,-0.004509287000000084,-0.017491822999999962
phase_088,command_constrained,0.4,0.75,2026200001,90,0.821404031,0.791781915,0.788093356,-0.03331067500000007,-0.029622116000000087,-0.00368855899999998
phase_088,command_constrained,0.4,0.75,2026200001,180,0.788002745,0.806254152,0.792761192,0.0047584469999999435,0.018251406999999942,-0.013492959999999998
phase_088,command_constrained,0.4,0.75,2026200001,360,0.815663454,0.772821198,0.779641041,-0.036022412999999975,-0.04284225599999991,0.006819842999999937
phase_088,command_constrained,0.4,0.75,2026200002,7,0.891918891,0.872511263,0.873529017,-0.018389874000000028,-0.019407627999999955,0.0010177539999999263
phase_088,command_constrained,0.4,0.75,2026200002,30,0.852959105,0.837036215,0.839597849,-0.013361256000000044,-0.015922890000000023,0.0025616339999999793
phase_088,command_constrained,0.4,0.75,2026200002,90,0.845890546,0.81115225,0.815339067,-0.030551478999999993,-0.034738296,0.004186817000000009
phase_088,command_constrained,0.4,0.75,2026200002,180,0.852804406,0.787789227,0.789419322,-0.06338508399999998,-0.06501517899999998,0.001630094999999998
phase_088,command_constrained,0.4,0.75,2026200002,360,0.77464342,0.804072675,0.559236609,-0.21540681099999992,0.029429255000000043,-0.24483606599999996
phase_088,command_constrained,0.4,0.75,2026200003,7,0.902871319,0.893846729,0.895178552,-0.007692766999999989,-0.009024589999999999,0.0013318230000000097
phase_088,command_constrained,0.4,0.75,2026200003,30,0.880468432,0.855560718,0.860327113,-0.020141319000000046,-0.024907714000000025,0.004766394999999979
phase_088,command_constrained,0.4,0.75,2026200003,90,0.807899038,0.80805117,0.81219925,0.004300212000000081,0.00015213200000008253,0.0041480799999999984
phase_088,command_constrained,0.4,0.75,2026200003,180,0.853347921,0.772799204,0.819727582,-0.033620339000000055,-0.08054871699999999,0.04692837799999994
phase_088,command_constrained,0.4,0.75,2026200003,360,0.628529398,0.786355899,0.784479584,0.155950186,0.15782650100000006,-0.0018763150000000728
phase_088,command_constrained,0.4,0.75,2026200004,7,0.890189384,0.867017074,0.868043636,-0.02214574800000002,-0.023172309999999974,0.0010265619999999531
phase_088,command_constrained,0.4,0.75,2026200004,30,0.877563455,0.803964963,0.808665928,-0.06889752699999996,-0.07359849200000002,0.004700965000000057
phase_088,command_constrained,0.4,0.75,2026200004,90,0.861720326,0.716780172,0.723383547,-0.13833677900000008,-0.14494015400000004,0.006603374999999967
phase_088,command_constrained,0.4,0.75,2026200004,180,0.862029281,0.519055963,0.53580746,-0.32622182099999997,-0.34297331799999997,0.016751497000000004
phase_088,command_constrained,0.4,0.75,2026200004,360,0.772759232,0.493147179,0.508864141,-0.26389509099999997,-0.27961205299999997,0.015716962
phase_088,command_constrained,0.4,0.75,2026200005,7,0.880824976,0.900197839,0.900198213,0.019373237000000043,0.019372863000000073,3.7399999996967637e-07
phase_088,command_constrained,0.4,0.75,2026200005,30,0.852197719,0.844052546,0.849919688,-0.0022780310000000137,-0.00814517299999995,0.005867141999999936
phase_088,command_constrained,0.4,0.75,2026200005,90,0.843241505,0.842467524,0.840816904,-0.0024246009999999707,-0.0007739809999999236,-0.001650620000000047
phase_088,command_constrained,0.4,0.75,2026200005,180,0.758113997,0.833936268,0.849190374,0.09107637699999993,0.07582227099999994,0.01525410599999999
phase_088,command_constrained,0.4,0.75,2026200005,360,0.746313575,0.820051237,0.844553911,0.09824033600000004,0.07373766200000009,0.024502673999999947
phase_088,command_constrained,0.4,0.75,2026200006,7,0.864357053,0.861531526,0.862912204,-0.0014448489999999703,-0.002825526999999939,0.0013806779999999685
phase_088,command_constrained,0.4,0.75,2026200006,30,0.859164438,0.809701698,0.81387946,-0.045284977999999976,-0.04946273999999995,0.004177761999999974
phase_088,command_constrained,0.4,0.75,2026200006,90,0.801932556,0.737423269,0.752666389,-0.04926616699999997,-0.06450928700000003,0.015243120000000054
phase_088,command_constrained,0.4,0.75,2026200006,180,0.812567519,0.716077467,0.716244021,-0.09632349800000006,-0.09649005200000005,0.00016655399999998544
phase_088,command_constrained,0.4,0.75,2026200006,360,0.818908887,0.750819956,0.740117834,-0.078791053,-0.06808893100000002,-0.01070212199999998
phase_088,command_constrained,0.4,0.75,2026200007,7,0.903207213,0.873126711,0.874197641,-0.029009571999999983,-0.030080501999999898,0.0010709299999999145
phase_088,command_constrained,0.4,0.75,2026200007,30,0.870599884,0.841590411,0.847577254,-0.023022630000000044,-0.029009473000000008,0.005986842999999964
phase_088,command_constrained,0.4,0.75,2026200007,90,0.799592904,0.76489091,0.776871943,-0.022720961000000095,-0.03470199400000007,0.011981032999999974
phase_088,command_constrained,0.4,0.75,2026200007,180,0.604887447,0.723707148,0.773542004,0.16865455699999998,0.11881970100000006,0.04983485599999993
phase_088,command_constrained,0.4,0.75,2026200007,360,0.561094204,0.758535171,0.772121698,0.21102749399999998,0.19744096700000002,0.01358652699999996
phase_088,command_constrained,0.4,0.75,2026200008,7,0.902811584,0.874490729,0.87569455,-0.027117033999999984,-0.028320854999999923,0.0012038209999999383
phase_088,command_constrained,0.4,0.75,2026200008,30,0.894232441,0.853865628,0.857271277,-0.036961163999999935,-0.040366813,0.003405649000000066
phase_088,command_constrained,0.4,0.75,2026200008,90,0.899214863,0.77291105,0.777897785,-0.12131707800000002,-0.12630381299999993,0.004986734999999909
phase_088,command_constrained,0.4,0.75,2026200008,180,0.886814612,0.780693325,0.78107864,-0.10573597199999996,-0.10612128700000001,0.0003853150000000527
phase_088,command_constrained,0.4,0.75,2026200008,360,0.890802936,0.538361304,0.541102544,-0.349700392,-0.352441632,0.002741239999999978
phase_088,command_constrained,0.4,0.75,2026200009,7,0.902919812,0.902873348,0.902874465,-4.534700000002889e-05,-4.646400000007933e-05,1.1170000000504388e-06
phase_088,command_constrained,0.4,0.75,2026200009,30,0.847626945,0.897965064,0.837338048,-0.010288897000000019,0.05033811899999996,-0.06062701599999998
phase_088,command_constrained,0.4,0.75,2026200009,90,0.861408628,0.853919119,0.857263285,-0.0041453429999999125,-0.007489509000000005,0.003344166000000093
phase_088,command_constrained,0.4,0.75,2026200009,180,0.882559572,0.851553265,0.851596052,-0.030963520000000022,-0.031006307000000066,4.2787000000044095e-05
phase_088,command_constrained,0.4,0.75,2026200009,360,0.858428934,0.87469824,0.544094333,-0.314334601,0.016269305999999983,-0.330603907
phase_088,command_constrained,0.4,0.75,2026200010,7,0.878063006,0.901484071,0.901486068,0.023423061999999994,0.023421065000000074,1.9969999999203125e-06
phase_088,command_constrained,0.4,0.75,2026200010,30,0.837969174,0.868141237,0.87516505,0.03719587599999996,0.03017206299999997,0.00702381299999999
phase_088,command_constrained,0.4,0.75,2026200010,90,0.807980134,0.857877299,0.868625134,0.06064499999999995,0.049897164999999966,0.010747834999999983
phase_088,command_constrained,0.4,0.75,2026200010,180,0.781887638,0.705355936,0.859911946,0.07802430799999993,-0.07653170200000003,0.15455600999999997
phase_088,command_constrained,0.4,0.75,2026200010,360,0.730615712,0.661399478,0.845292878,0.114677166,-0.06921623399999999,0.18389339999999998
phase_088,command_constrained,0.4,0.75,2026200011,7,0.90177806,0.892182427,0.893553322,-0.00822473800000001,-0.009595633000000103,0.0013708950000000941
phase_088,command_constrained,0.4,0.75,2026200011,30,0.902162254,0.833719873,0.837241501,-0.064920753,-0.06844238100000011,0.00352162800000011
phase_088,command_constrained,0.4,0.75,2026200011,90,0.894120552,0.812538215,0.815771341,-0.07834921099999992,-0.08158233699999995,0.0032331260000000306
phase_088,command_constrained,0.4,0.75,2026200011,180,0.88844169,0.784380998,0.76072099,-0.1277206999999999,-0.1040606919999999,-0.02366000800000001
phase_088,command_constrained,0.4,0.75,2026200011,360,0.904469854,0.777817139,0.530862993,-0.37360686100000007,-0.12665271499999997,-0.2469541460000001
phase_089,command_constrained,0.4,1.0,2026200000,7,0.900929439,0.857777614,0.85999418,-0.040935258999999946,-0.04315182500000003,0.0022165660000000864
phase_089,command_constrained,0.4,1.0,2026200000,30,0.899025184,0.863527987,0.869695773,-0.029329410999999972,-0.03549719699999998,0.006167786000000008
phase_089,command_constrained,0.4,1.0,2026200000,90,0.848301197,0.787930165,0.805233251,-0.04306794599999997,-0.060371031999999936,0.017303085999999968
phase_089,command_constrained,0.4,1.0,2026200000,180,0.86157665,0.747359573,0.750994915,-0.11058173500000001,-0.11421707700000006,0.0036353420000000414
phase_089,command_constrained,0.4,1.0,2026200000,360,0.847261643,0.769740021,0.748663452,-0.098598191,-0.0775216219999999,-0.0210765690000001
phase_089,command_constrained,0.4,1.0,2026200001,7,0.874592378,0.902722829,0.90272407,0.028131691999999986,0.028130451,1.2409999999851706e-06
phase_089,command_constrained,0.4,1.0,2026200001,30,0.872570138,0.872000433,0.877585412,0.005015273999999903,-0.000569705000000087,0.00558497899999999
phase_089,command_constrained,0.4,1.0,2026200001,90,0.821404031,0.852104485,0.860396698,0.038992666999999925,0.030700453999999988,0.008292212999999937
phase_089,command_constrained,0.4,1.0,2026200001,180,0.788002745,0.665193297,0.680621787,-0.10738095800000003,-0.12280944800000004,0.015428490000000017
phase_089,command_constrained,0.4,1.0,2026200001,360,0.815663454,0.578029546,0.591376269,-0.224287185,-0.23763390799999995,0.01334672299999995
phase_089,command_constrained,0.4,1.0,2026200002,7,0.891918891,0.904496709,0.904497733,0.012578842000000034,0.012577818000000018,1.0240000000161231e-06
phase_089,command_constrained,0.4,1.0,2026200002,30,0.852959105,0.856973954,0.860209525,0.00725041999999998,0.0040148489999999315,0.003235571000000048
phase_089,command_constrained,0.4,1.0,2026200002,90,0.845890546,0.670246462,0.688780694,-0.15710985200000005,-0.17564408399999998,0.01853423199999993
phase_089,command_constrained,0.4,1.0,2026200002,180,0.852804406,0.630321986,0.650342809,-0.202461597,-0.22248241999999996,0.020020822999999965
phase_089,command_constrained,0.4,1.0,2026200002,360,0.77464342,0.592807735,0.611924274,-0.16271914599999993,-0.18183568500000002,0.0191165390000001
phase_089,command_constrained,0.4,1.0,2026200003,7,0.902871319,0.836126125,0.837343554,-0.0655277649999999,-0.0667451939999999,0.001217428999999992
phase_089,command_constrained,0.4,1.0,2026200003,30,0.880468432,0.79936216,0.800519842,-0.07994858999999999,-0.08110627199999998,0.0011576819999999932
phase_089,command_constrained,0.4,1.0,2026200003,90,0.807899038,0.691737727,0.791330165,-0.016568872999999984,-0.11616131099999993,0.09959243799999995
phase_089,command_constrained,0.4,1.0,2026200003,180,0.853347921,0.711486504,0.682937702,-0.17041021899999997,-0.141861417,-0.028548801999999984
phase_089,command_constrained,0.4,1.0,2026200003,360,0.628529398,0.703250946,0.699700511,0.07117111300000001,0.07472154800000008,-0.003550435000000074
phase_089,command_constrained,0.4,1.0,2026200004,7,0.890189384,0.872695326,0.874155567,-0.01603381700000006,-0.017494058000000035,0.0014602409999999733
phase_089,command_constrained,0.4,1.0,2026200004,30,0.877563455,0.846305663,0.849805473,-0.027757982000000014,-0.031257792000000006,0.003499809999999992
phase_089,command_constrained,0.4,1.0,2026200004,90,0.861720326,0.805269595,0.86702049,0.005300163999999996,-0.05645073100000009,0.06175089500000008
phase_089,command_constrained,0.4,1.0,2026200004,180,0.862029281,0.802857292,0.794933522,-0.06709575899999998,-0.05917198899999998,-0.007923769999999997
phase_089,command_constrained,0.4,1.0,2026200004,360,0.772759232,0.558526026,0.749127377,-0.02363185499999998,-0.21423320599999995,0.19060135099999997
phase_089,command_constrained,0.4,1.0,2026200005,7,0.880824976,0.900199354,0.900199833,0.019374856999999968,0.01937437799999997,4.789999999976757e-07
phase_089,command_constrained,0.4,1.0,2026200005,30,0.852197719,0.849124224,0.850236098,-0.001961620999999969,-0.0030734949999999817,0.0011118740000000127
phase_089,command_constrained,0.4,1.0,2026200005,90,0.843241505,0.838719911,0.844668249,0.0014267440000000908,-0.004521593999999962,0.005948338000000053
phase_089,command_constrained,0.4,1.0,2026200005,180,0.758113997,0.824150066,0.847924354,0.08981035699999995,0.06603606899999992,0.023774288000000032
phase_089,command_constrained,0.4,1.0,2026200005,360,0.746313575,0.829085465,0.864037874,0.11772429900000003,0.08277189000000007,0.03495240899999996
phase_089,command_constrained,0.4,1.0,2026200006,7,0.864357053,0.876451091,0.878676517,0.01431946400000006,0.012094037999999974,0.002225426000000086
phase_089,command_constrained,0.4,1.0,2026200006,30,0.859164438,0.900543027,0.90061206,0.04144762200000007,0.04137858900000002,6.903300000005164e-05
phase_089,command_constrained,0.4,1.0,2026200006,90,0.801932556,0.842667964,0.874116363,0.07218380699999993,0.04073540799999997,0.03144839899999996
phase_089,command_constrained,0.4,1.0,2026200006,180,0.812567519,0.805232149,0.862881462,0.05031394300000003,-0.007335370000000063,0.05764931300000009
phase_089,command_constrained,0.4,1.0,2026200006,360,0.818908887,0.77930899,0.766226388,-0.052682498999999994,-0.039599896999999995,-0.013082601999999999
phase_089,command_constrained,0.4,1.0,2026200007,7,0.903207213,0.874892,0.876040295,-0.02716691799999993,-0.02831521299999995,0.0011482950000000214
phase_089,command_constrained,0.4,1.0,2026200007,30,0.870599884,0.845819636,0.854160822,-0.016439062000000004,-0.024780248000000005,0.008341186
phase_089,command_constrained,0.4,1.0,2026200007,90,0.799592904,0.815249816,0.84982607,0.05023316599999994,0.015656911999999967,0.03457625399999997
phase_089,command_constrained,0.4,1.0,2026200007,180,0.604887447,0.757229423,0.734648223,0.12976077600000002,0.152341976,-0.022581199999999968
phase_089,command_constrained,0.4,1.0,2026200007,360,0.561094204,0.495849456,0.695773823,0.13467961900000003,-0.06524474799999996,0.199924367
phase_089,command_constrained,0.4,1.0,2026200008,7,0.902811584,0.874722659,0.876529534,-0.026282049999999946,-0.02808892499999993,0.0018068749999999856
phase_089,command_constrained,0.4,1.0,2026200008,30,0.894232441,0.853100447,0.858206856,-0.03602558499999997,-0.041131994000000005,0.005106409000000034
phase_089,command_constrained,0.4,1.0,2026200008,90,0.899214863,0.768865558,0.792533832,-0.10668103099999993,-0.13034930499999997,0.023668274000000045
phase_089,command_constrained,0.4,1.0,2026200008,180,0.886814612,0.77719867,0.803335042,-0.08347956999999995,-0.10961594200000002,0.026136372000000074
phase_089,command_constrained,0.4,1.0,2026200008,360,0.890802936,0.776564988,0.780183017,-0.11061991900000001,-0.11423794800000009,0.003618029000000078
phase_089,command_constrained,0.4,1.0,2026200009,7,0.902919812,0.861029614,0.864334305,-0.038585507000000074,-0.041890198000000045,0.0033046909999999707
phase_089,command_constrained,0.4,1.0,2026200009,30,0.847626945,0.860476217,0.866878402,0.019251456999999972,0.012849271999999967,0.006402185000000005
phase_089,command_constrained,0.4,1.0,2026200009,90,0.861408628,0.793167574,0.808650506,-0.05275812199999996,-0.06824105399999991,0.01548293199999995
phase_089,command_constrained,0.4,1.0,2026200009,180,0.882559572,0.813356152,0.792030739,-0.09052883300000003,-0.06920342000000002,-0.021325413000000015
phase_089,command_constrained,0.4,1.0,2026200009,360,0.858428934,0.544277024,0.806396986,-0.052031947999999995,-0.31415191,0.262119962
phase_089,command_constrained,0.4,1.0,2026200010,7,0.878063006,0.867765969,0.872114723,-0.005948282999999943,-0.010297036999999953,0.00434875400000001
phase_089,command_constrained,0.4,1.0,2026200010,30,0.837969174,0.76660922,0.783052481,-0.054916693000000016,-0.07135995400000006,0.016443261000000042
phase_089,command_constrained,0.4,1.0,2026200010,90,0.807980134,0.70800876,0.728989909,-0.07899022499999997,-0.099971374,0.020981149000000032
phase_089,command_constrained,0.4,1.0,2026200010,180,0.781887638,0.687010642,0.707476841,-0.07441079700000008,-0.0948769960000001,0.020466199000000018
phase_089,command_constrained,0.4,1.0,2026200010,360,0.730615712,0.648919198,0.668535725,-0.06207998699999995,-0.081696514,0.01961652700000005
phase_089,command_constrained,0.4,1.0,2026200011,7,0.90177806,0.891942516,0.893749398,-0.008028662000000075,-0.009835544000000085,0.0018068820000000096
phase_089,command_constrained,0.4,1.0,2026200011,30,0.902162254,0.831334172,0.836143153,-0.06601910100000008,-0.07082808200000001,0.0048089809999999344
phase_089,command_constrained,0.4,1.0,2026200011,90,0.894120552,0.809894273,0.81474038,-0.07938017199999992,-0.0842262789999999,0.004846106999999988
phase_089,command_constrained,0.4,1.0,2026200011,180,0.88844169,0.758690683,0.760638138,-0.12780355199999993,-0.12975100699999997,0.0019474550000000423
phase_089,command_constrained,0.4,1.0,2026200011,360,0.904469854,0.534162002,0.78047407,-0.123995784,-0.37030785200000005,0.24631206800000005
phase_090,command_constrained,0.4,1.5,2026200000,7,0.900929439,0.900891615,0.900897176,-3.226300000003235e-05,-3.782399999996411e-05,5.560999999931759e-06
phase_090,command_constrained,0.4,1.5,2026200000,30,0.899025184,0.898138174,0.901267107,0.0022419230000000345,-0.0008870100000000214,0.003128933000000056
phase_090,command_constrained,0.4,1.5,2026200000,90,0.848301197,0.864242064,0.878095262,0.029794065000000036,0.01594086700000008,0.013853197999999955
phase_090,command_constrained,0.4,1.5,2026200000,180,0.86157665,0.876938362,0.870817491,0.009240841,0.015361711999999916,-0.006120870999999917
phase_090,command_constrained,0.4,1.5,2026200000,360,0.847261643,0.831337071,0.617462903,-0.22979874,-0.01592457199999997,-0.21387416800000003
phase_090,command_constrained,0.4,1.5,2026200001,7,0.874592378,0.90271493,0.90271679,0.028124412000000043,0.028122552000000023,1.8600000000201788e-06
phase_090,command_constrained,0.4,1.5,2026200001,30,0.872570138,0.870119171,0.878292997,0.0057228589999999135,-0.002450967000000026,0.00817382599999994
phase_090,command_constrained,0.4,1.5,2026200001,90,0.821404031,0.846967437,0.857859633,0.036455601999999976,0.025563405999999955,0.01089219600000002
phase_090,command_constrained,0.4,1.5,2026200001,180,0.788002745,0.662138268,0.686723433,-0.10127931199999995,-0.12586447700000003,0.024585165000000075
phase_090,command_constrained,0.4,1.5,2026200001,360,0.815663454,0.576448218,0.596572059,-0.21909139499999997,-0.23921523599999994,0.020123840999999976
phase_090,command_constrained,0.4,1.5,2026200002,7,0.891918891,0.904442528,0.90444442,0.012525529000000035,0.012523637000000032,1.8920000000033355e-06
phase_090,command_constrained,0.4,1.5,2026200002,30,0.852959105,0.839396284,0.850425103,-0.0025340020000000907,-0.013562821000000058,0.011028818999999968
phase_090,command_constrained,0.4,1.5,2026200002,90,0.845890546,0.832440441,0.845855051,-3.54949999999965e-05,-0.01345010499999999,0.013414609999999993
phase_090,command_constrained,0.4,1.5,2026200002,180,0.852804406,0.816824755,0.811285954,-0.04151845199999993,-0.035979651,-0.005538800999999927
phase_090,command_constrained,0.4,1.5,2026200002,360,0.77464342,0.802077402,0.613761567,-0.16088185300000002,0.027433982000000023,-0.18831583500000004
phase_090,command_constrained,0.4,1.5,2026200003,7,0.902871319,0.869232855,0.871081121,-0.031790197999999936,-0.033638463999999924,0.0018482659999999873
phase_090,command_constrained,0.4,1.5,2026200003,30,0.880468432,0.812433657,0.824522525,-0.05594590700000002,-0.06803477499999999,0.012088867999999975
phase_090,command_constrained,0.4,1.5,2026200003,90,0.807899038,0.761811373,0.81210547,0.004206432000000038,-0.046087664999999944,0.05029409699999998
phase_090,command_constrained,0.4,1.5,2026200003,180,0.853347921,0.795358921,0.826508696,-0.026839225000000022,-0.05798899999999996,0.031149774999999935
phase_090,command_constrained,0.4,1.5,2026200003,360,0.628529398,0.731973697,0.824672395,0.19614299700000004,0.10344429900000007,0.09269869799999997
phase_090,command_constrained,0.4,1.5,2026200004,7,0.890189384,0.894553981,0.896662068,0.006472684000000006,0.004364597000000026,0.0021080869999999807
phase_090,command_constrained,0.4,1.5,2026200004,30,0.877563455,0.833228944,0.841237106,-0.03632634899999998,-0.044334510999999965,0.008008161999999985
phase_090,command_constrained,0.4,1.5,2026200004,90,0.861720326,0.65579565,0.680693981,-0.18102634500000003,-0.20592467600000008,0.02489833100000005
phase_090,command_constrained,0.4,1.5,2026200004,180,0.862029281,0.502624397,0.53883112,-0.323198161,-0.35940488400000004,0.03620672300000005
phase_090,command_constrained,0.4,1.5,2026200004,360,0.772759232,0.465294362,0.49966085,-0.273098382,-0.30746486999999995,0.03436648799999997
phase_090,command_constrained,0.4,1.5,2026200005,7,0.880824976,0.890453841,0.891600476,0.010775500000000049,0.009628865000000042,0.001146635000000007
phase_090,command_constrained,0.4,1.5,2026200005,30,0.852197719,0.860047895,0.863806496,0.01160877700000007,0.007850176000000042,0.003758601000000028
phase_090,command_constrained,0.4,1.5,2026200005,90,0.843241505,0.820260449,0.837427032,-0.005814472999999931,-0.022981056,0.01716658300000007
phase_090,command_constrained,0.4,1.5,2026200005,180,0.758113997,0.804465117,0.769186469,0.011072471999999944,0.04635111999999997,-0.035278648000000024
phase_090,command_constrained,0.4,1.5,2026200005,360,0.746313575,0.815373985,0.839639741,0.0933261660000001,0.06906041000000007,0.024265756000000027
phase_090,command_constrained,0.4,1.5,2026200006,7,0.864357053,0.900114562,0.900118012,0.03576095899999998,0.035757508999999965,3.4500000000159403e-06
phase_090,command_constrained,0.4,1.5,2026200006,30,0.859164438,0.900492183,0.90049917,0.04133473200000004,0.04132774500000003,6.987000000013843e-06
phase_090,command_constrained,0.4,1.5,2026200006,90,0.801932556,0.850197501,0.861215968,0.05928341199999998,0.048264945000000004,0.011018466999999976
phase_090,command_constrained,0.4,1.5,2026200006,180,0.812567519,0.815404584,0.840536207,0.027968687999999964,0.0028370650000000275,0.025131622999999936
phase_090,command_constrained,0.4,1.5,2026200006,360,0.818908887,0.804857653,0.829429697,0.010520810000000047,-0.014051233999999968,0.024572044000000015
phase_090,command_constrained,0.4,1.5,2026200007,7,0.903207213,0.882428791,0.884906569,-0.018300643999999977,-0.020778421999999908,0.0024777779999999305
phase_090,command_constrained,0.4,1.5,2026200007,30,0.870599884,0.854959365,0.894220704,0.023620819999999987,-0.015640518999999964,0.03926133899999995
phase_090,command_constrained,0.4,1.5,2026200007,90,0.799592904,0.868880671,0.83315489,0.03356198599999993,0.06928776699999994,-0.03572578100000001
phase_090,command_constrained,0.4,1.5,2026200007,180,0.604887447,0.834771382,0.861520927,0.2566334800000001,0.22988393500000004,0.02674954500000004
phase_090,command_constrained,0.4,1.5,2026200007,360,0.561094204,0.742289555,0.830772394,0.26967819000000004,0.18119535100000006,0.08848283899999998
phase_090,command_constrained,0.4,1.5,2026200008,7,0.902811584,0.902900213,0.902902308,9.07240000000975e-05,8.862900000006224e-05,2.095000000035263e-06
phase_090,command_constrained,0.4,1.5,2026200008,30,0.894232441,0.887562298,0.89976961,0.0055371690000000084,-0.006670143000000017,0.012207312000000026
phase_090,command_constrained,0.4,1.5,2026200008,90,0.899214863,0.90406794,0.904064179,0.004849316000000048,0.004853077000000039,-3.7609999999910215e-06
phase_090,command_constrained,0.4,1.5,2026200008,180,0.886814612,0.905159921,0.899093698,0.01227908600000005,0.018345308999999976,-0.006066222999999926
phase_090,command_constrained,0.4,1.5,2026200008,360,0.890802936,0.851689268,0.779047194,-0.11175574200000005,-0.039113668000000046,-0.072642074
phase_090,command_constrained,0.4,1.5,2026200009,7,0.902919812,0.889773634,0.891945392,-0.01097442000000004,-0.013146178000000064,0.0021717580000000236
phase_090,command_constrained,0.4,1.5,2026200009,30,0.847626945,0.818670878,0.862945119,0.015318174000000018,-0.028956066999999974,0.04427424099999999
phase_090,command_constrained,0.4,1.5,2026200009,90,0.861408628,0.8215498,0.831848546,-0.029560081999999932,-0.03985882799999996,0.010298746000000025
phase_090,command_constrained,0.4,1.5,2026200009,180,0.882559572,0.808931473,0.793778647,-0.08878092500000001,-0.073628099,-0.015152826000000008
phase_090,command_constrained,0.4,1.5,2026200009,360,0.858428934,0.80543279,0.810662395,-0.04776653899999994,-0.05299614399999997,0.005229605000000026
phase_090,command_constrained,0.4,1.5,2026200010,7,0.878063006,0.864095232,0.869197943,-0.008865063000000006,-0.013967773999999933,0.0051027109999999265
phase_090,command_constrained,0.4,1.5,2026200010,30,0.837969174,0.751947012,0.790680921,-0.04728825300000006,-0.08602216200000001,0.038733908999999955
phase_090,command_constrained,0.4,1.5,2026200010,90,0.807980134,0.681511992,0.720174562,-0.08780557200000005,-0.126468142,0.03866256999999995
phase_090,command_constrained,0.4,1.5,2026200010,180,0.781887638,0.656269502,0.694060554,-0.08782708400000006,-0.12561813600000005,0.03779105199999999
phase_090,command_constrained,0.4,1.5,2026200010,360,0.730615712,0.61297368,0.649666128,-0.08094958399999996,-0.11764203200000001,0.036692448000000044
phase_090,command_constrained,0.4,1.5,2026200011,7,0.90177806,0.894692151,0.897382359,-0.004395701000000085,-0.007085909000000057,0.0026902079999999717
phase_090,command_constrained,0.4,1.5,2026200011,30,0.902162254,0.801622997,0.811646598,-0.090515656,-0.1005392570000001,0.010023601000000104
phase_090,command_constrained,0.4,1.5,2026200011,90,0.894120552,0.756253192,0.768807517,-0.1253130349999999,-0.13786736,0.012554325000000088
phase_090,command_constrained,0.4,1.5,2026200011,180,0.88844169,0.782334997,0.795414789,-0.093026901,-0.10610669299999997,0.013079791999999979
phase_090,command_constrained,0.4,1.5,2026200011,360,0.904469854,0.777964596,0.780264101,-0.12420575300000003,-0.126505258,0.0022995049999999795
phase_091,command_constrained,0.4,2.0,2026200000,7,0.900929439,0.86420727,0.870759764,-0.030169675000000007,-0.03672216900000003,0.00655249400000002
phase_091,command_constrained,0.4,2.0,2026200000,30,0.899025184,0.830807664,0.849155572,-0.04986961199999995,-0.06821752000000003,0.01834790800000008
phase_091,command_constrained,0.4,2.0,2026200000,90,0.848301197,0.798800192,0.856061671,0.007760474000000017,-0.04950100499999999,0.057261479000000004
phase_091,command_constrained,0.4,2.0,2026200000,180,0.86157665,0.814047708,0.817069376,-0.0445072740000001,-0.04752894200000002,0.003021667999999922
phase_091,command_constrained,0.4,2.0,2026200000,360,0.847261643,0.810270001,0.663449398,-0.18381224499999993,-0.036991641999999936,-0.146820603
phase_091,command_constrained,0.4,2.0,2026200001,7,0.874592378,0.902684726,0.902622835,0.028030456999999953,0.028092348000000045,-6.189100000009162e-05
phase_091,command_constrained,0.4,2.0,2026200001,30,0.872570138,0.860188091,0.903092925,0.030522786999999996,-0.012382047000000007,0.042904834
phase_091,command_constrained,0.4,2.0,2026200001,90,0.821404031,0.848062426,0.827252871,0.005848839999999966,0.026658395,-0.020809555000000035
phase_091,command_constrained,0.4,2.0,2026200001,180,0.788002745,0.807268818,0.863726765,0.07572402,0.01926607300000005,0.05645794699999995
phase_091,command_constrained,0.4,2.0,2026200001,360,0.815663454,0.816251254,0.806395278,-0.009268175999999961,0.0005878000000000272,-0.009855975999999989
phase_091,command_constrained,0.4,2.0,2026200002,7,0.891918891,0.902172913,0.904443961,0.012525070000000027,0.01025402200000003,0.0022710479999999977
phase_091,command_constrained,0.4,2.0,2026200002,30,0.852959105,0.882171864,0.885429646,0.03247054099999991,0.029212758999999977,0.0032577819999999313
phase_091,command_constrained,0.4,2.0,2026200002,90,0.845890546,0.829825727,0.819814577,-0.026075968999999977,-0.016064819000000008,-0.010011149999999969
phase_091,command_constrained,0.4,2.0,2026200002,180,0.852804406,0.783198746,0.828913795,-0.023890611000000006,-0.06960566000000001,0.04571504900000001
phase_091,command_constrained,0.4,2.0,2026200002,360,0.77464342,0.765431809,0.815577112,0.04093369200000008,-0.009211611000000008,0.050145303000000085
phase_091,command_constrained,0.4,2.0,2026200003,7,0.902871319,0.875620372,0.875624074,-0.027247244999999976,-0.02725094699999997,3.701999999994321e-06
phase_091,command_constrained,0.4,2.0,2026200003,30,0.880468432,0.834014029,0.84457135,-0.03589708199999997,-0.04645440300000003,0.010557321000000064
phase_091,command_constrained,0.4,2.0,2026200003,90,0.807899038,0.739758014,0.762122398,-0.045776639999999924,-0.068141024,0.02236438400000007
phase_091,command_constrained,0.4,2.0,2026200003,180,0.853347921,0.769643357,0.664470843,-0.18887707799999998,-0.08370456400000004,-0.10517251399999994
phase_091,command_constrained,0.4,2.0,2026200003,360,0.628529398,0.726479125,0.631108809,0.0025794110000000314,0.09794972700000004,-0.09537031600000001
phase_091,command_constrained,0.4,2.0,2026200004,7,0.890189384,0.890703318,0.893748696,0.0035593119999999256,0.0005139339999999937,0.003045377999999932
phase_091,command_constrained,0.4,2.0,2026200004,30,0.877563455,0.851914819,0.865368438,-0.01219501700000003,-0.025648636000000002,0.013453618999999972
phase_091,command_constrained,0.4,2.0,2026200004,90,0.861720326,0.763805664,0.780947975,-0.08077235100000002,-0.09791466199999999,0.017142310999999966
phase_091,command_constrained,0.4,2.0,2026200004,180,0.862029281,0.668316799,0.758408951,-0.10362032999999993,-0.19371248200000002,0.09009215200000009
phase_091,command_constrained,0.4,2.0,2026200004,360,0.772759232,0.543916898,0.740089442,-0.03266978999999992,-0.22884233399999998,0.19617254400000006
phase_091,command_constrained,0.4,2.0,2026200005,7,0.880824976,0.881630236,0.885918434,0.005093458000000051,0.0008052600000000298,0.004288198000000021
phase_091,command_constrained,0.4,2.0,2026200005,30,0.852197719,0.858389349,0.865501829,0.01330410999999998,0.0061916300000000035,0.007112479999999977
phase_091,command_constrained,0.4,2.0,2026200005,90,0.843241505,0.82352108,0.795697634,-0.047543870999999904,-0.01972042499999993,-0.027823445999999974
phase_091,command_constrained,0.4,2.0,2026200005,180,0.758113997,0.72051311,0.770761971,0.01264797399999995,-0.03760088700000008,0.050248861000000034
phase_091,command_constrained,0.4,2.0,2026200005,360,0.746313575,0.764782767,0.740811888,-0.005501686999999977,0.01846919200000008,-0.023970879000000056
phase_091,command_constrained,0.4,2.0,2026200006,7,0.864357053,0.855711086,0.858885137,-0.005471915999999966,-0.008645966999999977,0.003174051000000011
phase_091,command_constrained,0.4,2.0,2026200006,30,0.859164438,0.857007633,0.865014951,0.005850513000000057,-0.0021568049999999284,0.008007317999999986
phase_091,command_constrained,0.4,2.0,2026200006,90,0.801932556,0.797190564,0.806954356,0.005021799999999965,-0.004741992000000028,0.009763791999999993
phase_091,command_constrained,0.4,2.0,2026200006,180,0.812567519,0.743923066,0.812575833,8.314000000009258e-06,-0.068644453,0.068652767
phase_091,command_constrained,0.4,2.0,2026200006,360,0.818908887,0.611070881,0.774765239,-0.044143647999999924,-0.20783800600000002,0.1636943580000001
phase_091,command_constrained,0.4,2.0,2026200007,7,0.903207213,0.903306032,0.903308608,0.00010139500000005963,9.881900000008326e-05,2.575999999976375e-06
phase_091,command_constrained,0.4,2.0,2026200007,30,0.870599884,0.891261129,0.89028883,0.01968894600000004,0.020661244999999995,-0.0009722989999999543
phase_091,command_constrained,0.4,2.0,2026200007,90,0.799592904,0.886199069,0.904529279,0.10493637499999997,0.08660616499999996,0.018330210000000013
phase_091,command_constrained,0.4,2.0,2026200007,180,0.604887447,0.838958841,0.878046467,0.27315902000000003,0.234071394,0.03908762600000004
phase_091,command_constrained,0.4,2.0,2026200007,360,0.561094204,0.781764298,0.816659028,0.255564824,0.22067009400000004,0.034894729999999985
phase_091,command_constrained,0.4,2.0,2026200008,7,0.902811584,0.90303486,0.903042428,0.00023084400000006333,0.00022327600000005,7.568000000013342e-06
phase_091,command_constrained,0.4,2.0,2026200008,30,0.894232441,0.881857687,0.899201825,0.004969384000000021,-0.012374753999999988,0.01734413800000001
phase_091,command_constrained,0.4,2.0,2026200008,90,0.899214863,0.837085667,0.891758277,-0.007456585999999987,-0.062129196,0.05467261000000001
phase_091,command_constrained,0.4,2.0,2026200008,180,0.886814612,0.838505525,0.855783293,-0.031031319,-0.04830908700000003,0.017277768000000027
phase_091,command_constrained,0.4,2.0,2026200008,360,0.890802936,0.852191804,0.762257666,-0.12854527000000004,-0.03861113199999999,-0.08993413800000005
phase_091,command_constrained,0.4,2.0,2026200009,7,0.902919812,0.903090437,0.903093509,0.00017369699999991717,0.00017062499999997982,3.071999999937347e-06
phase_091,command_constrained,0.4,2.0,2026200009,30,0.847626945,0.858303987,0.863822721,0.016195775999999995,0.01067704199999997,0.005518734000000025
phase_091,command_constrained,0.4,2.0,2026200009,90,0.861408628,0.813287536,0.828928143,-0.032480485,-0.04812109199999992,0.015640606999999918
phase_091,command_constrained,0.4,2.0,2026200009,180,0.882559572,0.769058984,0.761214497,-0.12134507500000002,-0.11350058800000007,-0.007844486999999956
phase_091,command_constrained,0.4,2.0,2026200009,360,0.858428934,0.546847769,0.719233256,-0.139195678,-0.311581165,0.172385487
phase_091,command_constrained,0.4,2.0,2026200010,7,0.878063006,0.866921486,0.873758657,-0.004304348999999985,-0.011141520000000016,0.006837171000000031
phase_091,command_constrained,0.4,2.0,2026200010,30,0.837969174,0.7759015,0.801142461,-0.036826713000000066,-0.06206767400000002,0.02524096099999995
phase_091,command_constrained,0.4,2.0,2026200010,90,0.807980134,0.681449629,0.727672838,-0.08030729599999997,-0.12653050500000007,0.0462232090000001
phase_091,command_constrained,0.4,2.0,2026200010,180,0.781887638,0.661559937,0.713667644,-0.068219994,-0.12032770100000001,0.052107707
phase_091,command_constrained,0.4,2.0,2026200010,360,0.730615712,0.630515287,0.684842193,-0.04577351899999993,-0.10010042499999994,0.05432690600000001
phase_091,command_constrained,0.4,2.0,2026200011,7,0.90177806,0.901789427,0.901792875,1.4815000000001355e-05,1.136699999992885e-05,3.448000000072504e-06
phase_091,command_constrained,0.4,2.0,2026200011,30,0.902162254,0.881528752,0.899213209,-0.002949045000000039,-0.020633502000000026,0.017684456999999987
phase_091,command_constrained,0.4,2.0,2026200011,90,0.894120552,0.871382181,0.846654425,-0.04746612699999997,-0.02273837099999998,-0.02472775599999999
phase_091,command_constrained,0.4,2.0,2026200011,180,0.88844169,0.8718072,0.876082466,-0.012359224000000002,-0.016634489999999946,0.004275265999999944
phase_091,command_constrained,0.4,2.0,2026200011,360,0.904469854,0.846550676,0.83584382,-0.068626034,-0.057919178000000016,-0.010706855999999987
phase_093,command_constrained,0.55,0.25,2026200000,7,0.860388659,0.859348383,0.86029232,-9.633899999994533e-05,-0.0010402759999998956,0.0009439369999999503
phase_093,command_constrained,0.55,0.25,2026200000,30,0.85386287,0.850209102,0.852285626,-0.0015772440000000332,-0.003653768000000057,0.002076524000000024
phase_093,command_constrained,0.55,0.25,2026200000,90,0.851572355,0.847164773,0.849065724,-0.002506630999999926,-0.00440758199999991,0.001900950999999984
phase_093,command_constrained,0.55,0.25,2026200000,180,0.819086261,0.814947101,0.811325775,-0.007760486000000011,-0.004139160000000031,-0.0036213259999999803
phase_093,command_constrained,0.55,0.25,2026200000,360,0.784972399,0.77676806,0.781024601,-0.003947798000000002,-0.00820433900000006,0.004256541000000058
phase_093,command_constrained,0.55,0.25,2026200001,7,0.902784632,0.902630984,0.90263157,-0.0001530619999999816,-0.00015364800000006174,5.860000000801335e-07
phase_093,command_constrained,0.55,0.25,2026200001,30,0.848006577,0.847962835,0.849628823,0.0016222459999999383,-4.374200000001327e-05,0.0016659879999999516
phase_093,command_constrained,0.55,0.25,2026200001,90,0.83373154,0.837477062,0.848351658,0.01462011799999996,0.003745522000000001,0.010874595999999959
phase_093,command_constrained,0.55,0.25,2026200001,180,0.807879514,0.81226628,0.801565451,-0.006314063000000036,0.004386765999999986,-0.010700829000000023
phase_093,command_constrained,0.55,0.25,2026200001,360,0.817920424,0.788043254,0.612853369,-0.205067055,-0.02987717000000001,-0.175189885
phase_093,command_constrained,0.55,0.25,2026200002,7,0.898497418,0.891734282,0.892168027,-0.006329391000000073,-0.006763136000000003,0.0004337449999999299
phase_093,command_constrained,0.55,0.25,2026200002,30,0.901728227,0.888628277,0.841235994,-0.06049223299999995,-0.013099949999999971,-0.04739228299999998
phase_093,command_constrained,0.55,0.25,2026200002,90,0.895244725,0.872429259,0.871520741,-0.023723983999999976,-0.02281546599999995,-0.0009085180000000248
phase_093,command_constrained,0.55,0.25,2026200002,180,0.87832149,0.775981182,0.771139365,-0.10718212500000002,-0.10234030800000005,-0.0048418169999999705
phase_093,command_constrained,0.55,0.25,2026200002,360,0.621977959,0.756801882,0.761699492,0.139721533,0.134823923,0.004897609999999997
phase_093,command_constrained,0.55,0.25,2026200003,7,0.873681111,0.90292637,0.902926782,0.029245670999999973,0.029245258999999968,4.12000000005186e-07
phase_093,command_constrained,0.55,0.25,2026200003,30,0.86213857,0.859105765,0.860819302,-0.00131926800000004,-0.0030328050000000273,0.0017135369999999872
phase_093,command_constrained,0.55,0.25,2026200003,90,0.818417378,0.863597662,0.865244058,0.04682668000000001,0.04518028399999996,0.00164639600000005
phase_093,command_constrained,0.55,0.25,2026200003,180,0.836423345,0.85512521,0.85379786,0.01737451499999998,0.01870186499999993,-0.0013273499999999494
phase_093,command_constrained,0.55,0.25,2026200003,360,0.820989293,0.839640543,0.845774906,0.02478561300000004,0.018651250000000008,0.0061343630000000315
phase_093,command_constrained,0.55,0.25,2026200004,7,0.900011021,0.900029432,0.900030353,1.933200000003854e-05,1.841099999999596e-05,9.210000000425822e-07
phase_093,command_constrained,0.55,0.25,2026200004,30,0.85294456,0.856307552,0.855591389,0.002646829000000017,0.003362992000000009,-0.0007161629999999919
phase_093,command_constrained,0.55,0.25,2026200004,90,0.821009921,0.79652355,0.817685716,-0.00332420500000008,-0.024486371000000062,0.021162165999999982
phase_093,command_constrained,0.55,0.25,2026200004,180,0.801079631,0.785205185,0.792323415,-0.008756215999999983,-0.015874445999999987,0.007118230000000003
phase_093,command_constrained,0.55,0.25,2026200004,360,0.676551975,0.74117947,0.7435257,0.06697372499999998,0.06462749499999998,0.0023462300000000047
phase_093,command_constrained,0.55,0.25,2026200005,7,0.900283418,0.900328608,0.900329231,4.5812999999950144e-05,4.519000000002826e-05,6.229999999218805e-07
phase_093,command_constrained,0.55,0.25,2026200005,30,0.854092801,0.874438384,0.871089163,0.016996362000000098,0.020345583,-0.0033492209999999023
phase_093,command_constrained,0.55,0.25,2026200005,90,0.784413837,0.863508287,0.859006662,0.07459282499999997,0.07909445000000004,-0.004501625000000065
phase_093,command_constrained,0.55,0.25,2026200005,180,0.78105958,0.78027475,0.79829745,0.01723786999999999,-0.0007848299999999586,0.018022699999999947
phase_093,command_constrained,0.55,0.25,2026200005,360,0.741135772,0.588188617,0.57664345,-0.16449232200000008,-0.152947155,-0.011545167000000078
phase_093,command_constrained,0.55,0.25,2026200006,7,0.890240317,0.900196356,0.90019702,0.009956703000000067,0.009956039000000083,6.639999999835666e-07
phase_093,command_constrained,0.55,0.25,2026200006,30,0.889760756,0.870627921,0.87223881,-0.01752194600000001,-0.01913283500000007,0.0016108890000000597
phase_093,command_constrained,0.55,0.25,2026200006,90,0.847716028,0.872953849,0.896759194,0.04904316600000003,0.025237820999999938,0.02380534500000009
phase_093,command_constrained,0.55,0.25,2026200006,180,0.836051942,0.801209373,0.902285091,0.06623314899999999,-0.034842569000000045,0.10107571800000004
phase_093,command_constrained,0.55,0.25,2026200006,360,0.815603467,0.763781917,0.760498281,-0.05510518599999992,-0.051821549999999994,-0.003283635999999923
phase_093,command_constrained,0.55,0.25,2026200007,7,0.903278971,0.903283164,0.903284005,5.033999999959349e-06,4.19299999998568e-06,8.409999999736684e-07
phase_093,command_constrained,0.55,0.25,2026200007,30,0.8932153,0.90368238,0.903684672,0.010469371999999977,0.010467079999999962,2.2920000000148377e-06
phase_093,command_constrained,0.55,0.25,2026200007,90,0.841273372,0.833867239,0.848478302,0.007204929999999998,-0.007406132999999926,0.014611062999999924
phase_093,command_constrained,0.55,0.25,2026200007,180,0.9010224,0.890346952,0.894074467,-0.006947932999999962,-0.010675447999999976,0.0037275150000000146
phase_093,command_constrained,0.55,0.25,2026200007,360,0.842954409,0.813707413,0.851204426,0.008250017000000054,-0.029246995999999914,0.03749701299999997
phase_093,command_constrained,0.55,0.25,2026200008,7,0.8618293,0.891349855,0.89173546,0.029906160000000015,0.02952055499999995,0.0003856050000000666
phase_093,command_constrained,0.55,0.25,2026200008,30,0.8691508,0.867573366,0.868842592,-0.0003082079999999765,-0.0015774339999999887,0.0012692260000000122
phase_093,command_constrained,0.55,0.25,2026200008,90,0.83609694,0.846612705,0.8506908,0.014593859999999959,0.010515764999999955,0.004078095000000004
phase_093,command_constrained,0.55,0.25,2026200008,180,0.808516517,0.764492444,0.766323549,-0.04219296800000005,-0.044024073,0.001831104999999944
phase_093,command_constrained,0.55,0.25,2026200008,360,0.863863888,0.722514643,0.76667012,-0.09719376800000001,-0.141349245,0.044155477
phase_093,command_constrained,0.55,0.25,2026200009,7,0.897489209,0.900761876,0.901215285,0.003726076000000078,0.0032726670000000624,0.0004534090000000157
phase_093,command_constrained,0.55,0.25,2026200009,30,0.871029164,0.903524693,0.903525712,0.032496548000000014,0.03249552900000008,1.0189999999354882e-06
phase_093,command_constrained,0.55,0.25,2026200009,90,0.881103898,0.871125004,0.8747301,-0.006373798000000042,-0.00997889399999996,0.003605095999999919
phase_093,command_constrained,0.55,0.25,2026200009,180,0.752583357,0.819935241,0.818916209,0.06633285199999994,0.06735188400000003,-0.0010190320000000863
phase_093,command_constrained,0.55,0.25,2026200009,360,0.786438223,0.805260047,0.795418782,0.008980559000000055,0.018821823999999987,-0.009841264999999932
phase_093,command_constrained,0.55,0.25,2026200010,7,0.87327941,0.862876425,0.863692099,-0.009587310999999987,-0.010402985000000031,0.000815674000000044
phase_093,command_constrained,0.55,0.25,2026200010,30,0.779154545,0.849226596,0.851031203,0.07187665799999998,0.07007205099999991,0.0018046070000000691
phase_093,command_constrained,0.55,0.25,2026200010,90,0.699827994,0.823227429,0.824823837,0.124995843,0.12339943500000006,0.001596407999999938
phase_093,command_constrained,0.55,0.25,2026200010,180,0.67509931,0.796082015,0.7922853,0.11718598999999996,0.12098270499999997,-0.003796715000000006
phase_093,command_constrained,0.55,0.25,2026200010,360,0.62995984,0.761526329,0.751293276,0.1213334359999999,0.1315664889999999,-0.010233052999999992
phase_093,command_constrained,0.55,0.25,2026200011,7,0.884375464,0.88702186,0.887491647,0.00311618300000005,0.002646396000000051,0.0004697869999999993
phase_093,command_constrained,0.55,0.25,2026200011,30,0.887142009,0.852260639,0.853590383,-0.033551625999999946,-0.03488136999999991,0.001329743999999966
phase_093,command_constrained,0.55,0.25,2026200011,90,0.83364994,0.810592015,0.803606672,-0.030043268000000012,-0.023057925000000035,-0.006985342999999977
phase_093,command_constrained,0.55,0.25,2026200011,180,0.876958749,0.843849858,0.841933518,-0.03502523099999999,-0.03310889100000003,-0.0019163399999999609
phase_093,command_constrained,0.55,0.25,2026200011,360,0.866743668,0.757591875,0.759796088,-0.10694758000000004,-0.109151793,0.002204212999999955
phase_094,command_constrained,0.55,0.5,2026200000,7,0.860388659,0.858234366,0.859943437,-0.00044522199999996737,-0.0021542929999999183,0.001709070999999951
phase_094,command_constrained,0.55,0.5,2026200000,30,0.85386287,0.849211844,0.853319063,-0.0005438070000000073,-0.0046510260000000025,0.004107218999999995
phase_094,command_constrained,0.55,0.5,2026200000,90,0.851572355,0.81265006,0.817564409,-0.0340079459999999,-0.038922294999999996,0.0049143490000000956
phase_094,command_constrained,0.55,0.5,2026200000,180,0.819086261,0.793226138,0.791243863,-0.02784239799999999,-0.025860123000000068,-0.0019822749999999223
phase_094,command_constrained,0.55,0.5,2026200000,360,0.784972399,0.830977715,0.791761879,0.006789479999999903,0.04600531599999991,-0.039215836000000004
phase_094,command_constrained,0.55,0.5,2026200001,7,0.902784632,0.90262678,0.902627946,-0.0001566860000000725,-0.00015785200000006938,1.1659999999968917e-06
phase_094,command_constrained,0.55,0.5,2026200001,30,0.848006577,0.845601101,0.849062462,0.0010558849999999786,-0.002405476000000073,0.0034613610000000516
phase_094,command_constrained,0.55,0.5,2026200001,90,0.83373154,0.836333286,0.845968783,0.012237242999999953,0.0026017459999999604,0.009635496999999993
phase_094,command_constrained,0.55,0.5,2026200001,180,0.807879514,0.788411105,0.617952351,-0.189927163,-0.01946840900000002,-0.170458754
phase_094,command_constrained,0.55,0.5,2026200001,360,0.817920424,0.606401045,0.568744451,-0.24917597299999994,-0.21151937899999995,-0.03765659399999999
phase_094,command_constrained,0.55,0.5,2026200002,7,0.898497418,0.904474848,0.904476306,0.0059788879999999045,0.00597742999999995,1.4579999999542181e-06
phase_094,command_constrained,0.55,0.5,2026200002,30,0.901728227,0.90486678,0.894208537,-0.007519689999999968,0.0031385529999999884,-0.010658242999999956
phase_094,command_constrained,0.55,0.5,2026200002,90,0.895244725,0.820114756,0.857963585,-0.037281139999999935,-0.07512996900000002,0.037848829000000084
phase_094,command_constrained,0.55,0.5,2026200002,180,0.87832149,0.834118278,0.801182188,-0.07713930200000008,-0.04420321199999999,-0.032936090000000084
phase_094,command_constrained,0.55,0.5,2026200002,360,0.621977959,0.8199103,0.765721223,0.14374326400000004,0.197932341,-0.054189076999999974
phase_094,command_constrained,0.55,0.5,2026200003,7,0.873681111,0.873568027,0.874671232,0.000990120999999955,-0.00011308399999998553,0.0011032049999999405
phase_094,command_constrained,0.55,0.5,2026200003,30,0.86213857,0.858298957,0.863361555,0.0012229849999999542,-0.0038396130000000195,0.005062597999999974
phase_094,command_constrained,0.55,0.5,2026200003,90,0.818417378,0.813185781,0.823813759,0.00539638099999995,-0.005231596999999977,0.010627977999999927
phase_094,command_constrained,0.55,0.5,2026200003,180,0.836423345,0.829886586,0.618664248,-0.21775909700000007,-0.006536759000000059,-0.211222338
phase_094,command_constrained,0.55,0.5,2026200003,360,0.820989293,0.814294292,0.542682501,-0.27830679199999997,-0.006695000999999978,-0.271611791
phase_094,command_constrained,0.55,0.5,2026200004,7,0.900011021,0.89541806,0.896308296,-0.003702725000000018,-0.004592960999999951,0.0008902359999999332
phase_094,command_constrained,0.55,0.5,2026200004,30,0.85294456,0.883847385,0.860879641,0.007935081000000066,0.030902825000000078,-0.022967744000000012
phase_094,command_constrained,0.55,0.5,2026200004,90,0.821009921,0.812159129,0.82378607,0.0027761490000000055,-0.008850792000000052,0.011626941000000057
phase_094,command_constrained,0.55,0.5,2026200004,180,0.801079631,0.810619617,0.815899961,0.014820329999999937,0.009539985999999945,0.005280343999999992
phase_094,command_constrained,0.55,0.5,2026200004,360,0.676551975,0.734678326,0.824484079,0.147932104,0.058126351000000076,0.08980575299999993
phase_094,command_constrained,0.55,0.5,2026200005,7,0.900283418,0.884458734,0.885055562,-0.015227855999999984,-0.015824684000000033,0.0005968280000000492
phase_094,command_constrained,0.55,0.5,2026200005,30,0.854092801,0.868149056,0.852832319,-0.0012604819999999517,0.014056255000000073,-0.015316737000000025
phase_094,command_constrained,0.55,0.5,2026200005,90,0.784413837,0.847270108,0.855123351,0.07070951400000003,0.06285627100000002,0.00785324300000001
phase_094,command_constrained,0.55,0.5,2026200005,180,0.78105958,0.83413058,0.805143051,0.02408347100000008,0.05307099999999998,-0.0289875289999999
phase_094,command_constrained,0.55,0.5,2026200005,360,0.741135772,0.740166319,0.731535656,-0.009600115999999992,-0.0009694530000000645,-0.008630662999999927
phase_094,command_constrained,0.55,0.5,2026200006,7,0.890240317,0.879072453,0.879898109,-0.010342207999999964,-0.011167863999999916,0.0008256559999999524
phase_094,command_constrained,0.55,0.5,2026200006,30,0.889760756,0.839745816,0.822705872,-0.06705488400000004,-0.05001494000000006,-0.017039943999999974
phase_094,command_constrained,0.55,0.5,2026200006,90,0.847716028,0.864302647,0.846641172,-0.001074856000000013,0.016586619000000025,-0.017661475000000038
phase_094,command_constrained,0.55,0.5,2026200006,180,0.836051942,0.765584511,0.715085436,-0.12096650600000003,-0.07046743099999997,-0.05049907500000006
phase_094,command_constrained,0.55,0.5,2026200006,360,0.815603467,0.759052457,0.735617715,-0.07998575200000002,-0.05655100999999996,-0.023434742000000064
phase_094,command_constrained,0.55,0.5,2026200007,7,0.903278971,0.903393464,0.903394687,0.00011571600000004345,0.0001144929999999933,1.2230000000501562e-06
phase_094,command_constrained,0.55,0.5,2026200007,30,0.8932153,0.897177763,0.895448799,0.0022334989999999166,0.003962462999999916,-0.0017289639999999995
phase_094,command_constrained,0.55,0.5,2026200007,90,0.841273372,0.868459327,0.873684909,0.03241153699999999,0.027185954999999984,0.005225582000000006
phase_094,command_constrained,0.55,0.5,2026200007,180,0.9010224,0.8969023,0.876700825,-0.024321574999999984,-0.00412009999999996,-0.020201475000000024
phase_094,command_constrained,0.55,0.5,2026200007,360,0.842954409,0.88624705,0.842768411,-0.00018599799999996502,0.043292641000000076,-0.04347863900000004
phase_094,command_constrained,0.55,0.5,2026200008,7,0.8618293,0.903187476,0.903188093,0.041358793000000005,0.041358176000000024,6.169999999805498e-07
phase_094,command_constrained,0.55,0.5,2026200008,30,0.8691508,0.866010706,0.868313614,-0.0008371860000000453,-0.0031400940000000377,0.0023029079999999924
phase_094,command_constrained,0.55,0.5,2026200008,90,0.83609694,0.816421848,0.816680824,-0.01941611600000004,-0.01967509200000006,0.00025897600000002186
phase_094,command_constrained,0.55,0.5,2026200008,180,0.808516517,0.815027113,0.776565493,-0.03195102400000005,0.006510595999999924,-0.038461619999999974
phase_094,command_constrained,0.55,0.5,2026200008,360,0.863863888,0.762032119,0.804798502,-0.059065386,-0.10183176900000002,0.04276638300000002
phase_094,command_constrained,0.55,0.5,2026200009,7,0.897489209,0.89419292,0.894992506,-0.0024967029999999335,-0.003296289000000008,0.0007995860000000743
phase_094,command_constrained,0.55,0.5,2026200009,30,0.871029164,0.867663658,0.870444103,-0.0005850609999999978,-0.0033655059999999626,0.0027804449999999648
phase_094,command_constrained,0.55,0.5,2026200009,90,0.881103898,0.831110726,0.826224962,-0.054878936000000045,-0.049993171999999975,-0.00488576400000007
phase_094,command_constrained,0.55,0.5,2026200009,180,0.752583357,0.797677911,0.854306659,0.10172330200000002,0.04509455399999995,0.05662874800000006
phase_094,command_constrained,0.55,0.5,2026200009,360,0.786438223,0.75846121,0.703886301,-0.08255192199999994,-0.027977012999999995,-0.05457490899999995
phase_094,command_constrained,0.55,0.5,2026200010,7,0.87327941,0.901525576,0.901527316,0.028247906000000045,0.028246166000000072,1.7399999999723192e-06
phase_094,command_constrained,0.55,0.5,2026200010,30,0.779154545,0.826040356,0.831081872,0.05192732700000002,0.046885811,0.005041516000000024
phase_094,command_constrained,0.55,0.5,2026200010,90,0.699827994,0.83481644,0.843386442,0.14355844800000006,0.13498844600000004,0.008570002000000021
phase_094,command_constrained,0.55,0.5,2026200010,180,0.67509931,0.782037639,0.794669937,0.11957062699999998,0.106938329,0.012632297999999986
phase_094,command_constrained,0.55,0.5,2026200010,360,0.62995984,0.554232529,0.527481866,-0.10247797400000003,-0.07572731100000007,-0.026750662999999952
phase_094,command_constrained,0.55,0.5,2026200011,7,0.884375464,0.871244875,0.872251857,-0.012123607000000036,-0.01313058899999997,0.001006981999999934
phase_094,command_constrained,0.55,0.5,2026200011,30,0.887142009,0.887144992,0.894045622,0.006903613000000086,2.9830000000119483e-06,0.006900630000000074
phase_094,command_constrained,0.55,0.5,2026200011,90,0.83364994,0.845879246,0.876208446,0.042558505999999996,0.01222930599999994,0.030329200000000056
phase_094,command_constrained,0.55,0.5,2026200011,180,0.876958749,0.812785087,0.877592314,0.0006335650000000026,-0.06417366200000008,0.06480722700000008
phase_094,command_constrained,0.55,0.5,2026200011,360,0.866743668,0.806003388,0.906576477,0.03983280899999997,-0.06074027999999998,0.10057308899999995
phase_095,command_constrained,0.55,0.75,2026200000,7,0.860388659,0.858544094,0.860622832,0.0002341730000000597,-0.0018445649999999647,0.0020787380000000244
phase_095,command_constrained,0.55,0.75,2026200000,30,0.85386287,0.844663158,0.849312143,-0.004550727000000032,-0.009199712000000027,0.004648984999999994
phase_095,command_constrained,0.55,0.75,2026200000,90,0.851572355,0.805570903,0.812679618,-0.038892736999999955,-0.04600145199999994,0.007108714999999988
phase_095,command_constrained,0.55,0.75,2026200000,180,0.819086261,0.778960622,0.786764948,-0.032321313000000074,-0.04012563899999999,0.007804325999999917
phase_095,command_constrained,0.55,0.75,2026200000,360,0.784972399,0.823413571,0.742155646,-0.042816753000000096,0.03844117199999997,-0.08125792500000006
phase_095,command_constrained,0.55,0.75,2026200001,7,0.902784632,0.86894477,0.871102594,-0.03168203800000002,-0.033839862,0.002157823999999975
phase_095,command_constrained,0.55,0.75,2026200001,30,0.848006577,0.83321778,0.838665866,-0.009340711000000002,-0.01478879700000002,0.005448086000000019
phase_095,command_constrained,0.55,0.75,2026200001,90,0.83373154,0.820463658,0.825254619,-0.008476921000000082,-0.013267882000000064,0.0047909609999999825
phase_095,command_constrained,0.55,0.75,2026200001,180,0.807879514,0.82645429,0.826908231,0.019028716999999973,0.018574776000000015,0.00045394099999995774
phase_095,command_constrained,0.55,0.75,2026200001,360,0.817920424,0.687230884,0.633514282,-0.18440614199999994,-0.13068954,-0.05371660199999995
phase_095,command_constrained,0.55,0.75,2026200002,7,0.898497418,0.891407202,0.892776481,-0.0057209370000000925,-0.007090216000000038,0.0013692789999999455
phase_095,command_constrained,0.55,0.75,2026200002,30,0.901728227,0.87997375,0.891428923,-0.010299304000000009,-0.021754476999999994,0.011455172999999985
phase_095,command_constrained,0.55,0.75,2026200002,90,0.895244725,0.785341732,0.810542745,-0.08470197999999995,-0.10990299299999995,0.025201012999999994
phase_095,command_constrained,0.55,0.75,2026200002,180,0.87832149,0.800779686,0.778847135,-0.09947435500000001,-0.07754180399999999,-0.021932551000000022
phase_095,command_constrained,0.55,0.75,2026200002,360,0.621977959,0.78716609,0.767316888,0.145338929,0.16518813100000007,-0.019849202000000066
phase_095,command_constrained,0.55,0.75,2026200003,7,0.873681111,0.873437227,0.875076561,0.0013954499999999648,-0.000243883999999972,0.0016393339999999368
phase_095,command_constrained,0.55,0.75,2026200003,30,0.86213857,0.855850115,0.864261336,0.0021227659999999426,-0.006288455000000082,0.008411221000000024
phase_095,command_constrained,0.55,0.75,2026200003,90,0.818417378,0.810744596,0.820711883,0.0022945049999999467,-0.007672781999999989,0.009967286999999936
phase_095,command_constrained,0.55,0.75,2026200003,180,0.836423345,0.827424075,0.613017777,-0.223405568,-0.008999270000000004,-0.214406298
phase_095,command_constrained,0.55,0.75,2026200003,360,0.820989293,0.812207022,0.550776746,-0.27021254699999997,-0.008782271000000064,-0.2614302759999999
phase_095,command_constrained,0.55,0.75,2026200004,7,0.900011021,0.896359864,0.897525541,-0.002485479999999929,-0.0036511569999999605,0.0011656770000000316
phase_095,command_constrained,0.55,0.75,2026200004,30,0.85294456,0.867992505,0.873926182,0.02098162200000009,0.015047945000000063,0.005933677000000026
phase_095,command_constrained,0.55,0.75,2026200004,90,0.821009921,0.826763542,0.854025932,0.033016010999999956,0.0057536209999999866,0.02726238999999997
phase_095,command_constrained,0.55,0.75,2026200004,180,0.801079631,0.796756038,0.78905525,-0.012024381000000028,-0.004323592999999959,-0.0077007880000000695
phase_095,command_constrained,0.55,0.75,2026200004,360,0.676551975,0.522509518,0.46647923,-0.21007274499999995,-0.15404245699999997,-0.056030287999999984
phase_095,command_constrained,0.55,0.75,2026200005,7,0.900283418,0.871985047,0.872982098,-0.027301319999999962,-0.02829837099999999,0.0009970510000000266
phase_095,command_constrained,0.55,0.75,2026200005,30,0.854092801,0.847157321,0.849384262,-0.004708539000000012,-0.006935479999999994,0.0022269409999999823
phase_095,command_constrained,0.55,0.75,2026200005,90,0.784413837,0.836600646,0.842156573,0.05774273600000002,0.052186808999999945,0.0055559270000000716
phase_095,command_constrained,0.55,0.75,2026200005,180,0.78105958,0.840542444,0.847514935,0.066455355,0.059482864000000024,0.00697249099999997
phase_095,command_constrained,0.55,0.75,2026200005,360,0.741135772,0.880726062,0.823180624,0.082044852,0.13959029,-0.057545438000000004
phase_095,command_constrained,0.55,0.75,2026200006,7,0.890240317,0.900068836,0.90006978,0.009829463000000094,0.009828519000000036,9.440000000582316e-07
phase_095,command_constrained,0.55,0.75,2026200006,30,0.889760756,0.850316577,0.855945493,-0.03381526300000004,-0.03944417900000008,0.005628916000000039
phase_095,command_constrained,0.55,0.75,2026200006,90,0.847716028,0.820460438,0.863236594,0.015520565999999958,-0.027255589999999996,0.042776155999999954
phase_095,command_constrained,0.55,0.75,2026200006,180,0.836051942,0.823070859,0.83587292,-0.00017902199999997315,-0.012981083000000004,0.012802061000000031
phase_095,command_constrained,0.55,0.75,2026200006,360,0.815603467,0.83950617,0.840527143,0.024923676000000006,0.02390270300000008,0.001020972999999925
phase_095,command_constrained,0.55,0.75,2026200007,7,0.903278971,0.903300774,0.903303141,2.4169999999990033e-05,2.1802999999986916e-05,2.3670000000031166e-06
phase_095,command_constrained,0.55,0.75,2026200007,30,0.8932153,0.903687257,0.886890984,-0.006324316000000052,0.01047195699999992,-0.016796272999999973
phase_095,command_constrained,0.55,0.75,2026200007,90,0.841273372,0.903902921,0.903954764,0.062681392,0.06262954900000006,5.1842999999940353e-05
phase_095,command_constrained,0.55,0.75,2026200007,180,0.9010224,0.793314985,0.821685737,-0.07933666299999997,-0.10770741500000003,0.028370752000000055
phase_095,command_constrained,0.55,0.75,2026200007,360,0.842954409,0.778140341,0.810279917,-0.032674491999999944,-0.064814068,0.03213957600000006
phase_095,command_constrained,0.55,0.75,2026200008,7,0.8618293,0.903215215,0.903216616,0.04138731600000001,0.041385914999999995,1.401000000011976e-06
phase_095,command_constrained,0.55,0.75,2026200008,30,0.8691508,0.86581186,0.868763989,-0.0003868110000000424,-0.0033389400000000125,0.00295212899999997
phase_095,command_constrained,0.55,0.75,2026200008,90,0.83609694,0.861492167,0.888953208,0.052856267999999984,0.025395226999999965,0.02746104100000002
phase_095,command_constrained,0.55,0.75,2026200008,180,0.808516517,0.845782308,0.843702775,0.03518625799999997,0.03726579099999994,-0.0020795329999999668
phase_095,command_constrained,0.55,0.75,2026200008,360,0.863863888,0.750337149,0.826046201,-0.03781768699999999,-0.11352673899999999,0.075709052
phase_095,command_constrained,0.55,0.75,2026200009,7,0.897489209,0.901518648,0.903055724,0.00556651500000005,0.004029439000000079,0.0015370759999999706
phase_095,command_constrained,0.55,0.75,2026200009,30,0.871029164,0.903449978,0.903453302,0.03242413799999999,0.032420814000000076,3.3239999999157277e-06
phase_095,command_constrained,0.55,0.75,2026200009,90,0.881103898,0.890632772,0.892629643,0.011525745000000032,0.00952887400000002,0.001996871000000011
phase_095,command_constrained,0.55,0.75,2026200009,180,0.752583357,0.814190695,0.83720054,0.08461718299999998,0.061607337999999956,0.02300984500000003
phase_095,command_constrained,0.55,0.75,2026200009,360,0.786438223,0.826216616,0.648203125,-0.138235098,0.03977839299999997,-0.17801349099999997
phase_095,command_constrained,0.55,0.75,2026200010,7,0.87327941,0.901608421,0.901611318,0.028331908000000072,0.02832901100000007,2.8970000000017038e-06
phase_095,command_constrained,0.55,0.75,2026200010,30,0.779154545,0.820872084,0.828877802,0.04972325700000002,0.04171753899999997,0.00800571800000005
phase_095,command_constrained,0.55,0.75,2026200010,90,0.699827994,0.6558223,0.838917857,0.13908986300000004,-0.044005693999999984,0.18309555700000002
phase_095,command_constrained,0.55,0.75,2026200010,180,0.67509931,0.604291664,0.794383238,0.11928392799999998,-0.070807646,0.19009157399999999
phase_095,command_constrained,0.55,0.75,2026200010,360,0.62995984,0.544657987,0.793021747,0.163061907,-0.08530185300000004,0.24836376000000004
phase_095,command_constrained,0.55,0.75,2026200011,7,0.884375464,0.901853092,0.901854337,0.01747887299999995,0.017477627999999967,1.2449999999830652e-06
phase_095,command_constrained,0.55,0.75,2026200011,30,0.887142009,0.896840878,0.900440986,0.013298977000000045,0.009698869000000054,0.0036001079999999908
phase_095,command_constrained,0.55,0.75,2026200011,90,0.83364994,0.902987053,0.89482767,0.06117772999999993,0.069337113,-0.008159383000000076
phase_095,command_constrained,0.55,0.75,2026200011,180,0.876958749,0.904210425,0.903514142,0.026555392999999983,0.027251676000000002,-0.0006962830000000197
phase_095,command_constrained,0.55,0.75,2026200011,360,0.866743668,0.823677356,0.823213953,-0.043529715000000024,-0.043066311999999995,-0.0004634030000000289
phase_096,command_constrained,0.55,1.0,2026200000,7,0.860388659,0.901012262,0.901016252,0.04062759300000007,0.04062360300000001,3.990000000064775e-06
phase_096,command_constrained,0.55,1.0,2026200000,30,0.85386287,0.846738366,0.854547288,0.0006844179999999644,-0.007124504000000087,0.007808922000000051
phase_096,command_constrained,0.55,1.0,2026200000,90,0.851572355,0.808596753,0.829024004,-0.022548350999999967,-0.042975601999999946,0.02042725099999998
phase_096,command_constrained,0.55,1.0,2026200000,180,0.819086261,0.823414914,0.849343224,0.030256962999999915,0.00432865299999996,0.025928309999999954
phase_096,command_constrained,0.55,1.0,2026200000,360,0.784972399,0.782314737,0.782878064,-0.0020943350000000027,-0.0026576620000000606,0.0005633270000000579
phase_096,command_constrained,0.55,1.0,2026200001,7,0.902784632,0.902783637,0.902787266,2.6340000000013575e-06,-9.95000000059143e-07,3.6290000000605005e-06
phase_096,command_constrained,0.55,1.0,2026200001,30,0.848006577,0.844617255,0.853166617,0.005160039999999921,-0.0033893220000000834,0.008549362000000005
phase_096,command_constrained,0.55,1.0,2026200001,90,0.83373154,0.854872388,0.866353002,0.032621461999999934,0.021140847999999934,0.011480614
phase_096,command_constrained,0.55,1.0,2026200001,180,0.807879514,0.830338239,0.835744718,0.027865204000000032,0.022458725000000013,0.00540647900000002
phase_096,command_constrained,0.55,1.0,2026200001,360,0.817920424,0.82038658,0.817501271,-0.0004191529999999499,0.002466155999999997,-0.002885308999999947
phase_096,command_constrained,0.55,1.0,2026200002,7,0.898497418,0.904447757,0.904451098,0.005953679999999961,0.005950338999999971,3.3409999999900464e-06
phase_096,command_constrained,0.55,1.0,2026200002,30,0.901728227,0.886569541,0.882564434,-0.01916379300000004,-0.015158686000000032,-0.004005107000000008
phase_096,command_constrained,0.55,1.0,2026200002,90,0.895244725,0.868252557,0.862062415,-0.03318230999999994,-0.026992167999999928,-0.00619014200000001
phase_096,command_constrained,0.55,1.0,2026200002,180,0.87832149,0.906954981,0.855007462,-0.023314028000000042,0.02863349100000001,-0.05194751900000005
phase_096,command_constrained,0.55,1.0,2026200002,360,0.621977959,0.839729544,0.793615104,0.17163714500000005,0.21775158500000003,-0.04611443999999998
phase_096,command_constrained,0.55,1.0,2026200003,7,0.873681111,0.873595273,0.875765948,0.0020848369999999505,-8.583800000006025e-05,0.002170675000000011
phase_096,command_constrained,0.55,1.0,2026200003,30,0.86213857,0.85370723,0.865109779,0.002971208999999919,-0.00843134000000001,0.011402548999999929
phase_096,command_constrained,0.55,1.0,2026200003,90,0.818417378,0.80795886,0.820346472,0.0019290939999999646,-0.010458518000000083,0.012387612000000048
phase_096,command_constrained,0.55,1.0,2026200003,180,0.836423345,0.824801942,0.614885513,-0.221537832,-0.01162140300000003,-0.20991642899999996
phase_096,command_constrained,0.55,1.0,2026200003,360,0.820989293,0.805450779,0.551422034,-0.269567259,-0.015538514000000059,-0.25402874499999994
phase_096,command_constrained,0.55,1.0,2026200004,7,0.900011021,0.887469085,0.888508352,-0.011502668999999965,-0.012541935999999976,0.0010392670000000104
phase_096,command_constrained,0.55,1.0,2026200004,30,0.85294456,0.829862672,0.834232265,-0.018712294999999934,-0.023081887999999995,0.0043695930000000605
phase_096,command_constrained,0.55,1.0,2026200004,90,0.821009921,0.721844368,0.731007993,-0.09000192800000006,-0.09916555300000007,0.009163625000000009
phase_096,command_constrained,0.55,1.0,2026200004,180,0.801079631,0.566805686,0.577001339,-0.22407829200000007,-0.23427394499999998,0.010195652999999916
phase_096,command_constrained,0.55,1.0,2026200004,360,0.676551975,0.496047188,0.512221823,-0.164330152,-0.180504787,0.016174634999999993
phase_096,command_constrained,0.55,1.0,2026200005,7,0.900283418,0.876605455,0.877853296,-0.022430122000000052,-0.023677963000000024,0.0012478409999999718
phase_096,command_constrained,0.55,1.0,2026200005,30,0.854092801,0.847195582,0.853902228,-0.00019057299999991617,-0.0068972189999999545,0.006706646000000038
phase_096,command_constrained,0.55,1.0,2026200005,90,0.784413837,0.832337733,0.828780512,0.04436667500000002,0.04792389600000002,-0.0035572209999999993
phase_096,command_constrained,0.55,1.0,2026200005,180,0.78105958,0.821295719,0.849204111,0.06814453100000006,0.040236139000000004,0.02790839200000006
phase_096,command_constrained,0.55,1.0,2026200005,360,0.741135772,0.83535089,0.861103521,0.11996774899999996,0.09421511799999993,0.025752631000000026
phase_096,command_constrained,0.55,1.0,2026200006,7,0.890240317,0.900070107,0.900072322,0.009832005000000033,0.00982979000000006,2.2149999999721004e-06
phase_096,command_constrained,0.55,1.0,2026200006,30,0.889760756,0.849139185,0.857584168,-0.032176588000000006,-0.04062157100000008,0.008444983000000073
phase_096,command_constrained,0.55,1.0,2026200006,90,0.847716028,0.818362883,0.868185195,0.02046916700000001,-0.02935314499999997,0.04982231199999998
phase_096,command_constrained,0.55,1.0,2026200006,180,0.836051942,0.814249358,0.84568519,0.009633247999999983,-0.021802584000000014,0.031435832
phase_096,command_constrained,0.55,1.0,2026200006,360,0.815603467,0.586426509,0.85719141,0.041587943000000016,-0.22917695799999993,0.27076490099999995
phase_096,command_constrained,0.55,1.0,2026200007,7,0.903278971,0.887768935,0.890163677,-0.013115294,-0.015510036000000005,0.0023947420000000053
phase_096,command_constrained,0.55,1.0,2026200007,30,0.8932153,0.903671112,0.890765823,-0.0024494770000000887,0.010455812000000009,-0.012905289000000097
phase_096,command_constrained,0.55,1.0,2026200007,90,0.841273372,0.87267203,0.894026588,0.05275321600000005,0.03139865800000008,0.021354557999999968
phase_096,command_constrained,0.55,1.0,2026200007,180,0.9010224,0.845564872,0.835804025,-0.06521837500000005,-0.055457528000000034,-0.009760847000000017
phase_096,command_constrained,0.55,1.0,2026200007,360,0.842954409,0.855596127,0.854834314,0.011879905000000024,0.012641718000000024,-0.0007618130000000001
phase_096,command_constrained,0.55,1.0,2026200008,7,0.8618293,0.861153334,0.86388133,0.0020520299999999825,-0.0006759659999999723,0.002727995999999955
phase_096,command_constrained,0.55,1.0,2026200008,30,0.8691508,0.837145714,0.844311365,-0.024839434999999965,-0.03200508599999996,0.007165650999999995
phase_096,command_constrained,0.55,1.0,2026200008,90,0.83609694,0.814922547,0.822404535,-0.013692405000000019,-0.021174393000000014,0.007481987999999995
phase_096,command_constrained,0.55,1.0,2026200008,180,0.808516517,0.782565607,0.783031893,-0.025484624000000067,-0.02595091000000005,0.00046628599999998244
phase_096,command_constrained,0.55,1.0,2026200008,360,0.863863888,0.763307068,0.753251839,-0.11061204899999999,-0.10055681999999999,-0.010055228999999999
phase_096,command_constrained,0.55,1.0,2026200009,7,0.897489209,0.852025985,0.855102733,-0.042386476000000006,-0.04546322399999991,0.003076747999999907
phase_096,command_constrained,0.55,1.0,2026200009,30,0.871029164,0.834275322,0.841211936,-0.029817227999999973,-0.03675384199999998,0.006936614000000008
phase_096,command_constrained,0.55,1.0,2026200009,90,0.881103898,0.843138928,0.848484639,-0.032619258999999956,-0.03796496999999999,0.005345711000000031
phase_096,command_constrained,0.55,1.0,2026200009,180,0.752583357,0.864351986,0.815015475,0.062432118000000036,0.11176862899999995,-0.049336510999999916
phase_096,command_constrained,0.55,1.0,2026200009,360,0.786438223,0.855982487,0.863319897,0.07688167400000001,0.06954426400000002,0.007337409999999989
phase_096,command_constrained,0.55,1.0,2026200010,7,0.87327941,0.901641878,0.901646585,0.028367174999999967,0.028362467999999974,4.706999999992689e-06
phase_096,command_constrained,0.55,1.0,2026200010,30,0.779154545,0.832315417,0.842116849,0.06296230399999991,0.05316087199999997,0.009801431999999943
phase_096,command_constrained,0.55,1.0,2026200010,90,0.699827994,0.666231132,0.840587342,0.140759348,-0.033596862000000005,0.17435621
phase_096,command_constrained,0.55,1.0,2026200010,180,0.67509931,0.624606108,0.816003486,0.14090417599999994,-0.05049320199999996,0.1913973779999999
phase_096,command_constrained,0.55,1.0,2026200010,360,0.62995984,0.580522343,0.585001502,-0.04495833800000004,-0.049437497,0.004479158999999955
phase_096,command_constrained,0.55,1.0,2026200011,7,0.884375464,0.90199173,0.901993907,0.01761844300000004,0.01761626599999999,2.177000000047613e-06
phase_096,command_constrained,0.55,1.0,2026200011,30,0.887142009,0.847372826,0.852602719,-0.03453929,-0.039769182999999986,0.0052298929999999855
phase_096,command_constrained,0.55,1.0,2026200011,90,0.83364994,0.778212183,0.788889432,-0.04476050800000009,-0.05543775700000009,0.010677249
phase_096,command_constrained,0.55,1.0,2026200011,180,0.876958749,0.753005571,0.804765423,-0.07219332600000006,-0.12395317800000005,0.051759851999999995
phase_096,command_constrained,0.55,1.0,2026200011,360,0.866743668,0.747912299,0.705160487,-0.16158318100000002,-0.11883136900000002,-0.042751812
phase_097,command_constrained,0.55,1.5,2026200000,7,0.860388659,0.901031362,0.90103784,0.040649181000000034,0.04064270300000006,6.477999999976447e-06
phase_097,command_constrained,0.55,1.5,2026200000,30,0.85386287,0.847186021,0.862217531,0.00835466099999993,-0.006676849000000096,0.015031510000000026
phase_097,command_constrained,0.55,1.5,2026200000,90,0.851572355,0.848363043,0.864915263,0.013342908000000042,-0.003209311999999964,0.016552220000000006
phase_097,command_constrained,0.55,1.5,2026200000,180,0.819086261,0.820297236,0.835262737,0.01617647599999994,0.001210975000000003,0.014965500999999937
phase_097,command_constrained,0.55,1.5,2026200000,360,0.784972399,0.811760755,0.801809696,0.016837296999999918,0.026788355999999958,-0.00995105900000004
phase_097,command_constrained,0.55,1.5,2026200001,7,0.902784632,0.863202272,0.866318792,-0.03646584000000008,-0.03958236000000004,0.003116519999999956
phase_097,command_constrained,0.55,1.5,2026200001,30,0.848006577,0.865656263,0.873483432,0.025476854999999965,0.017649685999999942,0.007827169000000023
phase_097,command_constrained,0.55,1.5,2026200001,90,0.83373154,0.830574659,0.844046783,0.010315242999999974,-0.0031568810000000003,0.013472123999999974
phase_097,command_constrained,0.55,1.5,2026200001,180,0.807879514,0.758873046,0.769618411,-0.038261103000000074,-0.04900646799999997,0.010745364999999896
phase_097,command_constrained,0.55,1.5,2026200001,360,0.817920424,0.50930716,0.736534385,-0.08138603899999997,-0.308613264,0.22722722500000003
phase_097,command_constrained,0.55,1.5,2026200002,7,0.898497418,0.890931242,0.894414683,-0.004082735000000004,-0.007566176000000091,0.003483441000000087
phase_097,command_constrained,0.55,1.5,2026200002,30,0.901728227,0.892896507,0.901441722,-0.00028650500000004797,-0.008831719999999987,0.00854521499999994
phase_097,command_constrained,0.55,1.5,2026200002,90,0.895244725,0.768548283,0.795265799,-0.09997892599999991,-0.12669644199999996,0.026717516000000052
phase_097,command_constrained,0.55,1.5,2026200002,180,0.87832149,0.818894423,0.596271683,-0.28204980700000004,-0.059427067,-0.22262274000000004
phase_097,command_constrained,0.55,1.5,2026200002,360,0.621977959,0.769864002,0.536722187,-0.08525577200000001,0.14788604300000008,-0.23314181500000009
phase_097,command_constrained,0.55,1.5,2026200003,7,0.873681111,0.852407759,0.855823259,-0.017857852000000007,-0.021273352000000023,0.0034155000000000157
phase_097,command_constrained,0.55,1.5,2026200003,30,0.86213857,0.843240085,0.889970125,0.027831554999999897,-0.01889848500000002,0.04673003999999992
phase_097,command_constrained,0.55,1.5,2026200003,90,0.818417378,0.814820251,0.803204082,-0.015213295999999987,-0.0035971270000000333,-0.011616168999999954
phase_097,command_constrained,0.55,1.5,2026200003,180,0.836423345,0.801330147,0.621444651,-0.21497869400000003,-0.03509319799999999,-0.17988549600000003
phase_097,command_constrained,0.55,1.5,2026200003,360,0.820989293,0.731753826,0.55205145,-0.268937843,-0.08923546699999996,-0.17970237600000005
phase_097,command_constrained,0.55,1.5,2026200004,7,0.900011021,0.889241626,0.890892984,-0.009118036999999912,-0.01076939499999996,0.0016513580000000472
phase_097,command_constrained,0.55,1.5,2026200004,30,0.85294456,0.85731581,0.86406522,0.011120660000000004,0.004371250000000049,0.006749409999999956
phase_097,command_constrained,0.55,1.5,2026200004,90,0.821009921,0.753561027,0.765306164,-0.055703757000000076,-0.06744889399999998,0.011745136999999906
phase_097,command_constrained,0.55,1.5,2026200004,180,0.801079631,0.695162723,0.700811526,-0.10026810500000005,-0.10591690799999998,0.0056488029999999245
phase_097,command_constrained,0.55,1.5,2026200004,360,0.676551975,0.7235324,0.741889081,0.06533710599999998,0.04698042499999999,0.018356680999999986
phase_097,command_constrained,0.55,1.5,2026200005,7,0.900283418,0.889386382,0.891057566,-0.009225852000000034,-0.010897036000000027,0.0016711839999999922
phase_097,command_constrained,0.55,1.5,2026200005,30,0.854092801,0.888587691,0.891547357,0.03745455600000003,0.034494890000000056,0.002959665999999972
phase_097,command_constrained,0.55,1.5,2026200005,90,0.784413837,0.815160147,0.807979165,0.023565327999999996,0.030746309999999943,-0.007180981999999947
phase_097,command_constrained,0.55,1.5,2026200005,180,0.78105958,0.815005592,0.794956254,0.013896674000000053,0.033946012000000025,-0.020049337999999972
phase_097,command_constrained,0.55,1.5,2026200005,360,0.741135772,0.833113991,0.748007693,0.006871921000000003,0.09197821900000003,-0.08510629800000002
phase_097,command_constrained,0.55,1.5,2026200006,7,0.890240317,0.897157706,0.899752283,0.009511966000000038,0.0069173890000000515,0.002594576999999987
phase_097,command_constrained,0.55,1.5,2026200006,30,0.889760756,0.850514975,0.862802243,-0.026958513000000073,-0.03924578100000009,0.012287268000000018
phase_097,command_constrained,0.55,1.5,2026200006,90,0.847716028,0.729487147,0.8235702,-0.02414582799999998,-0.11822888100000006,0.09408305300000008
phase_097,command_constrained,0.55,1.5,2026200006,180,0.836051942,0.735427162,0.79430894,-0.04174300200000003,-0.10062477999999997,0.05888177799999994
phase_097,command_constrained,0.55,1.5,2026200006,360,0.815603467,0.726981007,0.777680385,-0.03792308199999994,-0.08862245999999996,0.05069937800000002
phase_097,command_constrained,0.55,1.5,2026200007,7,0.903278971,0.871011248,0.874446657,-0.02883231399999997,-0.032267723000000026,0.003435409000000056
phase_097,command_constrained,0.55,1.5,2026200007,30,0.8932153,0.869165325,0.860287094,-0.032928206000000015,-0.024049975000000057,-0.008878230999999959
phase_097,command_constrained,0.55,1.5,2026200007,90,0.841273372,0.855673562,0.780789051,-0.06048432100000001,0.014400190000000035,-0.07488451100000004
phase_097,command_constrained,0.55,1.5,2026200007,180,0.9010224,0.826538402,0.702854778,-0.19816762200000004,-0.07448399800000005,-0.12368362399999999
phase_097,command_constrained,0.55,1.5,2026200007,360,0.842954409,0.827937938,0.440216917,-0.402737492,-0.01501647099999992,-0.38772102100000005
phase_097,command_constrained,0.55,1.5,2026200008,7,0.8618293,0.85908957,0.863068264,0.001238964000000009,-0.0027397300000000513,0.00397869400000006
phase_097,command_constrained,0.55,1.5,2026200008,30,0.8691508,0.816952341,0.827729356,-0.04142144400000003,-0.052198458999999975,0.010777014999999945
phase_097,command_constrained,0.55,1.5,2026200008,90,0.83609694,0.769064263,0.828061832,-0.008035107999999958,-0.06703267700000004,0.05899756900000008
phase_097,command_constrained,0.55,1.5,2026200008,180,0.808516517,0.780094944,0.672604202,-0.135912315,-0.028421573000000033,-0.10749074199999997
phase_097,command_constrained,0.55,1.5,2026200008,360,0.863863888,0.778065776,0.555923266,-0.30794062200000005,-0.08579811199999998,-0.22214251000000007
phase_097,command_constrained,0.55,1.5,2026200009,7,0.897489209,0.902914103,0.902916345,0.005427135999999999,0.005424894000000013,2.2419999999856444e-06
phase_097,command_constrained,0.55,1.5,2026200009,30,0.871029164,0.885592568,0.895421132,0.024391967999999986,0.014563404000000002,0.009828563999999984
phase_097,command_constrained,0.55,1.5,2026200009,90,0.881103898,0.88451429,0.885231057,0.004127159000000047,0.00341039200000004,0.000716767000000007
phase_097,command_constrained,0.55,1.5,2026200009,180,0.752583357,0.905220075,0.850347063,0.09776370599999995,0.152636718,-0.054873012000000054
phase_097,command_constrained,0.55,1.5,2026200009,360,0.786438223,0.85579506,0.892466336,0.10602811300000003,0.06935683700000006,0.036671275999999975
phase_097,command_constrained,0.55,1.5,2026200010,7,0.87327941,0.866627344,0.872594243,-0.0006851669999999865,-0.006652066000000012,0.0059668990000000255
phase_097,command_constrained,0.55,1.5,2026200010,30,0.779154545,0.865028143,0.87857886,0.09942431499999993,0.08587359799999994,0.01355071699999999
phase_097,command_constrained,0.55,1.5,2026200010,90,0.699827994,0.837447478,0.776888279,0.07706028500000006,0.13761948400000001,-0.06055919899999995
phase_097,command_constrained,0.55,1.5,2026200010,180,0.67509931,0.829955623,0.679267889,0.004168579000000006,0.15485631300000002,-0.15068773400000002
phase_097,command_constrained,0.55,1.5,2026200010,360,0.62995984,0.836389553,0.630677697,0.0007178569999999329,0.2064297129999999,-0.20571185599999997
phase_097,command_constrained,0.55,1.5,2026200011,7,0.884375464,0.901951857,0.901954737,0.01757927299999995,0.017576393000000023,2.879999999927385e-06
phase_097,command_constrained,0.55,1.5,2026200011,30,0.887142009,0.868332626,0.879698415,-0.007443593999999942,-0.018809382999999902,0.01136578899999996
phase_097,command_constrained,0.55,1.5,2026200011,90,0.83364994,0.813160664,0.829404764,-0.004245176000000073,-0.020489276000000056,0.016244099999999984
phase_097,command_constrained,0.55,1.5,2026200011,180,0.876958749,0.78006667,0.832045329,-0.04491342000000009,-0.09689207900000008,0.05197865899999998
phase_097,command_constrained,0.55,1.5,2026200011,360,0.866743668,0.785091147,0.811754753,-0.05498891500000003,-0.08165252099999998,0.02666360599999995
phase_098,command_constrained,0.55,2.0,2026200000,7,0.860388659,0.888078472,0.893899622,0.033510963000000005,0.027689813000000063,0.005821149999999942
phase_098,command_constrained,0.55,2.0,2026200000,30,0.85386287,0.831112785,0.850660943,-0.0032019270000001043,-0.022750085000000086,0.019548157999999982
phase_098,command_constrained,0.55,2.0,2026200000,90,0.851572355,0.715247995,0.762835808,-0.088736547,-0.13632435999999992,0.04758781299999992
phase_098,command_constrained,0.55,2.0,2026200000,180,0.819086261,0.654373834,0.716307043,-0.102779218,-0.164712427,0.06193320899999999
phase_098,command_constrained,0.55,2.0,2026200000,360,0.784972399,0.603286597,0.682548399,-0.10242400000000007,-0.18168580200000006,0.07926180199999999
phase_098,command_constrained,0.55,2.0,2026200001,7,0.902784632,0.854399345,0.859162491,-0.04362214100000006,-0.048385287,0.00476314599999994
phase_098,command_constrained,0.55,2.0,2026200001,30,0.848006577,0.846204404,0.859208339,0.011201762000000004,-0.0018021730000000735,0.013003935000000078
phase_098,command_constrained,0.55,2.0,2026200001,90,0.83373154,0.81158039,0.832135808,-0.0015957320000000719,-0.02215115000000001,0.020555417999999936
phase_098,command_constrained,0.55,2.0,2026200001,180,0.807879514,0.75006826,0.802926965,-0.004952548999999973,-0.05781125399999998,0.052858705000000006
phase_098,command_constrained,0.55,2.0,2026200001,360,0.817920424,0.754130061,0.802672448,-0.015247975999999941,-0.06379036299999996,0.04854238700000002
phase_098,command_constrained,0.55,2.0,2026200002,7,0.898497418,0.90446033,0.904466274,0.005968855999999967,0.005962911999999987,5.943999999979965e-06
phase_098,command_constrained,0.55,2.0,2026200002,30,0.901728227,0.899029826,0.90485238,0.0031241530000000184,-0.0026984009999999614,0.00582255399999998
phase_098,command_constrained,0.55,2.0,2026200002,90,0.895244725,0.775569138,0.813887858,-0.081356867,-0.11967558699999992,0.03831871999999992
phase_098,command_constrained,0.55,2.0,2026200002,180,0.87832149,0.760715321,0.810187433,-0.06813405700000008,-0.11760616899999998,0.0494721119999999
phase_098,command_constrained,0.55,2.0,2026200002,360,0.621977959,0.79188691,0.792903165,0.17092520600000005,0.16990895100000003,0.0010162550000000214
phase_098,command_constrained,0.55,2.0,2026200003,7,0.873681111,0.903030282,0.903035482,0.029354370999999935,0.029349171000000007,5.199999999927485e-06
phase_098,command_constrained,0.55,2.0,2026200003,30,0.86213857,0.883874228,0.903336628,0.04119805799999998,0.02173565799999999,0.01946239999999999
phase_098,command_constrained,0.55,2.0,2026200003,90,0.818417378,0.750013838,0.783834706,-0.03458267199999998,-0.06840354000000004,0.03382086800000006
phase_098,command_constrained,0.55,2.0,2026200003,180,0.836423345,0.635880968,0.693485721,-0.14293762399999999,-0.200542377,0.05760475300000001
phase_098,command_constrained,0.55,2.0,2026200003,360,0.820989293,0.584759301,0.662497234,-0.15849205899999996,-0.23622999200000006,0.07773793300000009
phase_098,command_constrained,0.55,2.0,2026200004,7,0.900011021,0.899913374,0.899918212,-9.28089999999715e-05,-9.764699999992299e-05,4.837999999951492e-06
phase_098,command_constrained,0.55,2.0,2026200004,30,0.85294456,0.857608349,0.86651051,0.013565950000000049,0.004663789000000085,0.008902160999999964
phase_098,command_constrained,0.55,2.0,2026200004,90,0.821009921,0.753023436,0.767024617,-0.05398530400000001,-0.06798648500000004,0.01400118100000003
phase_098,command_constrained,0.55,2.0,2026200004,180,0.801079631,0.695489096,0.7027004,-0.09837923100000001,-0.10559053500000004,0.0072113040000000295
phase_098,command_constrained,0.55,2.0,2026200004,360,0.676551975,0.735913021,0.749856885,0.07330491000000006,0.05936104600000003,0.013943864000000028
phase_098,command_constrained,0.55,2.0,2026200005,7,0.900283418,0.900417757,0.900418885,0.00013546700000000023,0.00013433900000003884,1.1279999999613821e-06
phase_098,command_constrained,0.55,2.0,2026200005,30,0.854092801,0.832968088,0.849317231,-0.004775569999999951,-0.02112471299999996,0.01634914300000001
phase_098,command_constrained,0.55,2.0,2026200005,90,0.784413837,0.807953068,0.830926626,0.046512789,0.023539230999999994,0.022973558000000005
phase_098,command_constrained,0.55,2.0,2026200005,180,0.78105958,0.793849117,0.741478044,-0.03958153600000003,0.012789537000000073,-0.0523710730000001
phase_098,command_constrained,0.55,2.0,2026200005,360,0.741135772,0.741374315,0.666825705,-0.07431006699999998,0.00023854299999992445,-0.0745486099999999
phase_098,command_constrained,0.55,2.0,2026200006,7,0.890240317,0.887511672,0.891190524,0.0009502070000000362,-0.0027286449999999185,0.0036788519999999547
phase_098,command_constrained,0.55,2.0,2026200006,30,0.889760756,0.882178486,0.89455206,0.004791303999999941,-0.007582270000000002,0.012373573999999943
phase_098,command_constrained,0.55,2.0,2026200006,90,0.847716028,0.837240749,0.8564315,0.008715472000000002,-0.010475279000000004,0.019190751000000006
phase_098,command_constrained,0.55,2.0,2026200006,180,0.836051942,0.744835854,0.786810806,-0.04924113600000002,-0.09121608800000003,0.04197495200000001
phase_098,command_constrained,0.55,2.0,2026200006,360,0.815603467,0.748875713,0.624863413,-0.19074005399999994,-0.06672775399999997,-0.12401229999999996
phase_098,command_constrained,0.55,2.0,2026200007,7,0.903278971,0.880518795,0.884311769,-0.018967202000000016,-0.02276017600000002,0.0037929740000000045
phase_098,command_constrained,0.55,2.0,2026200007,30,0.8932153,0.839314892,0.849102634,-0.04411266600000008,-0.053900408000000066,0.009787741999999988
phase_098,command_constrained,0.55,2.0,2026200007,90,0.841273372,0.787791691,0.793528797,-0.047744574999999956,-0.05348168099999995,0.005737105999999992
phase_098,command_constrained,0.55,2.0,2026200007,180,0.9010224,0.731432261,0.773910221,-0.12711217900000005,-0.16959013899999997,0.042477959999999926
phase_098,command_constrained,0.55,2.0,2026200007,360,0.842954409,0.680911916,0.715180712,-0.12777369699999996,-0.16204249299999995,0.03426879599999999
phase_098,command_constrained,0.55,2.0,2026200008,7,0.8618293,0.887905039,0.89121425,0.029384949999999965,0.02607573899999993,0.003309211000000034
phase_098,command_constrained,0.55,2.0,2026200008,30,0.8691508,0.847106677,0.856951287,-0.012199512999999995,-0.022044123000000027,0.009844610000000031
phase_098,command_constrained,0.55,2.0,2026200008,90,0.83609694,0.814020483,0.795418643,-0.04067829700000003,-0.02207645700000005,-0.01860183999999998
phase_098,command_constrained,0.55,2.0,2026200008,180,0.808516517,0.821325641,0.750014942,-0.05850157500000008,0.012809124000000005,-0.07131069900000009
phase_098,command_constrained,0.55,2.0,2026200008,360,0.863863888,0.823913155,0.735885244,-0.12797864400000003,-0.03995073300000007,-0.08802791099999996
phase_098,command_constrained,0.55,2.0,2026200009,7,0.897489209,0.903102502,0.903106012,0.0056168030000000035,0.005613293000000019,3.509999999984359e-06
phase_098,command_constrained,0.55,2.0,2026200009,30,0.871029164,0.903472413,0.903487292,0.03245812800000003,0.03244324900000006,1.4878999999967668e-05
phase_098,command_constrained,0.55,2.0,2026200009,90,0.881103898,0.824267862,0.86173975,-0.01936414799999997,-0.05683603599999998,0.03747188800000001
phase_098,command_constrained,0.55,2.0,2026200009,180,0.752583357,0.601440311,0.679650078,-0.07293327900000002,-0.15114304600000006,0.07820976700000004
phase_098,command_constrained,0.55,2.0,2026200009,360,0.786438223,0.565188107,0.616782698,-0.16965552500000003,-0.221250116,0.05159459099999997
phase_098,command_constrained,0.55,2.0,2026200010,7,0.87327941,0.901546683,0.901554987,0.02827557700000005,0.02826727299999998,8.304000000070033e-06
phase_098,command_constrained,0.55,2.0,2026200010,30,0.779154545,0.901099596,0.9019532,0.12279865499999998,0.12194505099999997,0.0008536040000000078
phase_098,command_constrained,0.55,2.0,2026200010,90,0.699827994,0.871580157,0.809973609,0.11014561500000009,0.17175216300000007,-0.06160654799999998
phase_098,command_constrained,0.55,2.0,2026200010,180,0.67509931,0.80052839,0.727801813,0.05270250300000001,0.12542907999999997,-0.07272657699999996
phase_098,command_constrained,0.55,2.0,2026200010,360,0.62995984,0.649589088,0.69977103,0.06981118999999991,0.019629247999999988,0.050181941999999924
phase_098,command_constrained,0.55,2.0,2026200011,7,0.884375464,0.894428019,0.897723196,0.013347731999999946,0.010052555000000019,0.003295176999999927
phase_098,command_constrained,0.55,2.0,2026200011,30,0.887142009,0.883465354,0.892445791,0.005303782000000035,-0.0036766549999999176,0.008980436999999952
phase_098,command_constrained,0.55,2.0,2026200011,90,0.83364994,0.863667288,0.884787019,0.051137078999999974,0.030017348,0.021119730999999975
phase_098,command_constrained,0.55,2.0,2026200011,180,0.876958749,0.862975701,0.873861834,-0.003096915000000089,-0.013983048000000053,0.010886132999999965
phase_098,command_constrained,0.55,2.0,2026200011,360,0.866743668,0.863384209,0.847849528,-0.018894140000000004,-0.003359459000000009,-0.015534680999999995
phase_100,command_constrained,0.7,0.25,2026200000,7,0.901042903,0.901043205,0.901044226,1.3229999999975206e-06,3.02000000007574e-07,1.0209999999899466e-06
phase_100,command_constrained,0.7,0.25,2026200000,30,0.870613355,0.855118965,0.85760764,-0.013005715000000029,-0.01549439000000008,0.0024886750000000513
phase_100,command_constrained,0.7,0.25,2026200000,90,0.895853103,0.866727687,0.86845749,-0.02739561299999993,-0.02912541599999996,0.0017298030000000297
phase_100,command_constrained,0.7,0.25,2026200000,180,0.836212599,0.882047706,0.819271731,-0.016940868000000053,0.04583510700000004,-0.0627759750000001
phase_100,command_constrained,0.7,0.25,2026200000,360,0.628721058,0.850817388,0.642030879,0.013309821,0.22209632999999995,-0.20878650899999995
phase_100,command_constrained,0.7,0.25,2026200001,7,0.90063668,0.900073043,0.900458664,-0.00017801600000000306,-0.0005636369999999502,0.00038562099999994714
phase_100,command_constrained,0.7,0.25,2026200001,30,0.886730752,0.890341463,0.89129028,0.004559528000000035,0.0036107110000000997,0.0009488169999999352
phase_100,command_constrained,0.7,0.25,2026200001,90,0.851604069,0.81829976,0.820677239,-0.03092682999999996,-0.03330430899999992,0.00237747899999996
phase_100,command_constrained,0.7,0.25,2026200001,180,0.806133843,0.824183934,0.824182806,0.01804896300000003,0.01805009099999999,-1.1279999999613821e-06
phase_100,command_constrained,0.7,0.25,2026200001,360,0.714147775,0.802111485,0.830047973,0.11590019799999995,0.08796370999999992,0.027936488000000037
phase_100,command_constrained,0.7,0.25,2026200002,7,0.886544845,0.904379255,0.904380063,0.017835217999999986,0.017834410000000078,8.079999999077714e-07
phase_100,command_constrained,0.7,0.25,2026200002,30,0.897176723,0.904783067,0.904785126,0.007608403000000097,0.007606344000000043,2.059000000054212e-06
phase_100,command_constrained,0.7,0.25,2026200002,90,0.898423691,0.883831409,0.905756541,0.007332850000000057,-0.014592281999999956,0.021925132000000014
phase_100,command_constrained,0.7,0.25,2026200002,180,0.805102783,0.807607455,0.787913257,-0.01718952600000001,0.00250467199999993,-0.01969419799999994
phase_100,command_constrained,0.7,0.25,2026200002,360,0.765402421,0.818824283,0.763549647,-0.001852773999999946,0.05342186199999999,-0.05527463599999993
phase_100,command_constrained,0.7,0.25,2026200003,7,0.902968842,0.902960425,0.902961086,-7.75600000002541e-06,-8.417000000093822e-06,6.610000000684124e-07
phase_100,command_constrained,0.7,0.25,2026200003,30,0.903337959,0.869675347,0.871587002,-0.03175095699999997,-0.03366261199999998,0.001911655000000012
phase_100,command_constrained,0.7,0.25,2026200003,90,0.901119574,0.904149535,0.904152362,0.003032788000000064,0.00302996099999997,2.82700000009406e-06
phase_100,command_constrained,0.7,0.25,2026200003,180,0.893273907,0.905354367,0.904214521,0.010940614000000015,0.01208046000000007,-0.0011398460000000554
phase_100,command_constrained,0.7,0.25,2026200003,360,0.874506538,0.875109255,0.871460634,-0.0030459040000000437,0.0006027170000000304,-0.003648621000000074
phase_100,command_constrained,0.7,0.25,2026200004,7,0.892942216,0.874102985,0.874452104,-0.01849011200000006,-0.018839230999999956,0.0003491189999998978
phase_100,command_constrained,0.7,0.25,2026200004,30,0.869692119,0.87272588,0.864413906,-0.005278212999999976,0.003033760999999968,-0.008311973999999944
phase_100,command_constrained,0.7,0.25,2026200004,90,0.879187398,0.86224559,0.872182097,-0.007005300999999964,-0.016941808000000003,0.009936507000000039
phase_100,command_constrained,0.7,0.25,2026200004,180,0.83666706,0.739253502,0.748143927,-0.08852313300000003,-0.09741355800000007,0.008890425000000035
phase_100,command_constrained,0.7,0.25,2026200004,360,0.787727625,0.506782337,0.5089813,-0.2787463250000001,-0.28094528800000007,0.0021989629999999982
phase_100,command_constrained,0.7,0.25,2026200005,7,0.900334361,0.88865416,0.889131135,-0.01120322600000001,-0.011680201000000001,0.0004769749999999906
phase_100,command_constrained,0.7,0.25,2026200005,30,0.881153384,0.876293191,0.873894658,-0.007258725999999993,-0.004860192999999957,-0.002398533000000036
phase_100,command_constrained,0.7,0.25,2026200005,90,0.842624803,0.826996149,0.830211038,-0.012413765000000021,-0.01562865400000002,0.0032148889999999986
phase_100,command_constrained,0.7,0.25,2026200005,180,0.799569214,0.771980521,0.752690139,-0.04687907499999999,-0.027588692999999997,-0.019290381999999995
phase_100,command_constrained,0.7,0.25,2026200005,360,0.52660487,0.521698195,0.513887698,-0.012717171999999999,-0.0049066749999999715,-0.007810497000000027
phase_100,command_constrained,0.7,0.25,2026200006,7,0.891519183,0.900127598,0.900128154,0.00860897100000002,0.00860841499999998,5.560000000404131e-07
phase_100,command_constrained,0.7,0.25,2026200006,30,0.795100929,0.875368713,0.876807447,0.08170651800000006,0.08026778400000001,0.0014387340000000526
phase_100,command_constrained,0.7,0.25,2026200006,90,0.645752943,0.791506563,0.794670681,0.14891773800000008,0.14575362000000003,0.003164118000000049
phase_100,command_constrained,0.7,0.25,2026200006,180,0.582827775,0.782516149,0.782379354,0.19955157899999998,0.19968837399999995,-0.00013679499999996736
phase_100,command_constrained,0.7,0.25,2026200006,360,0.525161598,0.795768437,0.788720948,0.2635593500000001,0.27060683900000004,-0.007047488999999962
phase_100,command_constrained,0.7,0.25,2026200007,7,0.90328493,0.903299703,0.903299832,1.4901999999983317e-05,1.477299999996795e-05,1.2900000001536682e-07
phase_100,command_constrained,0.7,0.25,2026200007,30,0.903688823,0.90188613,0.902744909,-0.0009439139999999346,-0.0018026930000000219,0.0008587790000000872
phase_100,command_constrained,0.7,0.25,2026200007,90,0.894593913,0.904451346,0.903513806,0.008919892999999957,0.009857432999999971,-0.0009375400000000145
phase_100,command_constrained,0.7,0.25,2026200007,180,0.875663029,0.891982737,0.789399888,-0.08626314099999999,0.016319707999999933,-0.10258284899999992
phase_100,command_constrained,0.7,0.25,2026200007,360,0.836001674,0.77229504,0.816281935,-0.019719739000000014,-0.06370663399999998,0.04398689499999997
phase_100,command_constrained,0.7,0.25,2026200008,7,0.866307194,0.894480169,0.89497312,0.028665925999999953,0.028172975000000045,0.0004929509999999082
phase_100,command_constrained,0.7,0.25,2026200008,30,0.828059834,0.867852975,0.869032091,0.040972256999999956,0.039793140999999976,0.00117911599999998
phase_100,command_constrained,0.7,0.25,2026200008,90,0.73375372,0.828581728,0.828805543,0.09505182299999992,0.09482800799999991,0.00022381500000001608
phase_100,command_constrained,0.7,0.25,2026200008,180,0.510952269,0.864134695,0.828028461,0.31707619200000003,0.35318242599999994,-0.036106233999999904
phase_100,command_constrained,0.7,0.25,2026200008,360,0.449751918,0.840025817,0.799370953,0.3496190350000001,0.39027389900000004,-0.04065486399999996
phase_100,command_constrained,0.7,0.25,2026200009,7,0.896667499,0.897667812,0.898188094,0.0015205950000000135,0.0010003130000000304,0.000520281999999983
phase_100,command_constrained,0.7,0.25,2026200009,30,0.831688087,0.828498601,0.829612396,-0.002075690999999935,-0.003189486000000019,0.001113795000000084
phase_100,command_constrained,0.7,0.25,2026200009,90,0.825569491,0.820760888,0.821701486,-0.003868004999999952,-0.004808602999999967,0.0009405980000000147
phase_100,command_constrained,0.7,0.25,2026200009,180,0.837843143,0.832571677,0.83248249,-0.005360652999999993,-0.005271465999999947,-8.918700000004609e-05
phase_100,command_constrained,0.7,0.25,2026200009,360,0.801016636,0.796132353,0.796311342,-0.004705293999999971,-0.004884282999999989,0.00017898900000001827
phase_100,command_constrained,0.7,0.25,2026200010,7,0.901450088,0.90152377,0.901524728,7.46400000000147e-05,7.368199999990832e-05,9.580000001063738e-07
phase_100,command_constrained,0.7,0.25,2026200010,30,0.859611903,0.825096361,0.827649403,-0.031962500000000005,-0.034515542000000066,0.002553042000000061
phase_100,command_constrained,0.7,0.25,2026200010,90,0.826840743,0.679145163,0.684623607,-0.14221713599999997,-0.14769557999999994,0.005478443999999971
phase_100,command_constrained,0.7,0.25,2026200010,180,0.848366673,0.64393362,0.649139179,-0.19922749400000006,-0.20443305300000003,0.005205558999999971
phase_100,command_constrained,0.7,0.25,2026200010,360,0.839357948,0.588639548,0.593205325,-0.24615262299999996,-0.2507184,0.004565777000000049
phase_100,command_constrained,0.7,0.25,2026200011,7,0.872468104,0.884516269,0.884928455,0.01246035099999998,0.012048165000000055,0.00041218599999992556
phase_100,command_constrained,0.7,0.25,2026200011,30,0.815364089,0.895532718,0.890340337,0.07497624800000002,0.08016862899999999,-0.005192380999999968
phase_100,command_constrained,0.7,0.25,2026200011,90,0.77816119,0.851890304,0.858085732,0.0799245420000001,0.07372911400000004,0.006195428000000058
phase_100,command_constrained,0.7,0.25,2026200011,180,0.528678191,0.819674676,0.897312036,0.36863384499999996,0.29099648499999997,0.07763735999999999
phase_100,command_constrained,0.7,0.25,2026200011,360,0.428022511,0.818610676,0.774599872,0.34657736100000003,0.39058816500000004,-0.044010804000000014
phase_101,command_constrained,0.7,0.5,2026200000,7,0.901042903,0.859071783,0.861240327,-0.039802576000000034,-0.04197112000000003,0.0021685439999999945
phase_101,command_constrained,0.7,0.5,2026200000,30,0.870613355,0.864289052,0.867079026,-0.0035343290000000582,-0.006324303000000087,0.0027899740000000284
phase_101,command_constrained,0.7,0.5,2026200000,90,0.895853103,0.827735009,0.829418207,-0.06643489599999997,-0.06811809400000002,0.0016831980000000524
phase_101,command_constrained,0.7,0.5,2026200000,180,0.836212599,0.83748489,0.818373304,-0.017839295000000033,0.0012722910000000365,-0.01911158600000007
phase_101,command_constrained,0.7,0.5,2026200000,360,0.628721058,0.792484965,0.576686097,-0.052034961000000046,0.163763907,-0.21579886800000003
phase_101,command_constrained,0.7,0.5,2026200001,7,0.90063668,0.90284453,0.902846583,0.002209903000000013,0.002207850000000011,2.053000000001859e-06
phase_101,command_constrained,0.7,0.5,2026200001,30,0.886730752,0.890321862,0.892324181,0.005593429000000039,0.0035911100000000085,0.00200231900000003
phase_101,command_constrained,0.7,0.5,2026200001,90,0.851604069,0.870059084,0.869588701,0.017984632,0.01845501500000002,-0.00047038300000001865
phase_101,command_constrained,0.7,0.5,2026200001,180,0.806133843,0.876596078,0.868847244,0.062713401,0.07046223499999993,-0.007748833999999927
phase_101,command_constrained,0.7,0.5,2026200001,360,0.714147775,0.869917379,0.867156734,0.153008959,0.15576960399999995,-0.0027606449999999505
phase_101,command_constrained,0.7,0.5,2026200002,7,0.886544845,0.904382943,0.904384561,0.017839716000000005,0.017838098000000024,1.6179999999810235e-06
phase_101,command_constrained,0.7,0.5,2026200002,30,0.897176723,0.902187184,0.90478859,0.00761186700000005,0.005010461000000022,0.0026014060000000283
phase_101,command_constrained,0.7,0.5,2026200002,90,0.898423691,0.880896309,0.905756521,0.007332830000000068,-0.017527381999999925,0.024860211999999993
phase_101,command_constrained,0.7,0.5,2026200002,180,0.805102783,0.804864008,0.827335676,0.022232892999999976,-0.00023877500000002438,0.022471668
phase_101,command_constrained,0.7,0.5,2026200002,360,0.765402421,0.815936499,0.554289441,-0.21111298,0.05053407799999998,-0.261647058
phase_101,command_constrained,0.7,0.5,2026200003,7,0.902968842,0.902951069,0.902952389,-1.6453000000082874e-05,-1.7773000000054218e-05,1.319999999971344e-06
phase_101,command_constrained,0.7,0.5,2026200003,30,0.903337959,0.86229974,0.866213074,-0.037124884999999996,-0.04103821900000004,0.003913334000000046
phase_101,command_constrained,0.7,0.5,2026200003,90,0.901119574,0.904067794,0.904148633,0.003029059000000056,0.002948220000000057,8.083899999999922e-05
phase_101,command_constrained,0.7,0.5,2026200003,180,0.893273907,0.892148559,0.835375737,-0.05789816999999997,-0.0011253479999999705,-0.056772822
phase_101,command_constrained,0.7,0.5,2026200003,360,0.874506538,0.863537609,0.814333589,-0.06017294900000003,-0.010968929000000016,-0.049204020000000015
phase_101,command_constrained,0.7,0.5,2026200004,7,0.892942216,0.899845735,0.899846565,0.006904349000000032,0.006903518999999969,8.30000000062725e-07
phase_101,command_constrained,0.7,0.5,2026200004,30,0.869692119,0.890389318,0.892542344,0.022850225000000002,0.020697199,0.0021530260000000023
phase_101,command_constrained,0.7,0.5,2026200004,90,0.879187398,0.890431293,0.901052515,0.021865117000000045,0.011243895000000004,0.010621222000000041
phase_101,command_constrained,0.7,0.5,2026200004,180,0.83666706,0.810824851,0.799003513,-0.037663546999999964,-0.025842209000000005,-0.011821337999999959
phase_101,command_constrained,0.7,0.5,2026200004,360,0.787727625,0.808332083,0.746587149,-0.04114047600000004,0.020604457999999992,-0.06174493400000003
phase_101,command_constrained,0.7,0.5,2026200005,7,0.900334361,0.888316906,0.888913128,-0.011421232999999975,-0.012017454999999955,0.0005962219999999796
phase_101,command_constrained,0.7,0.5,2026200005,30,0.881153384,0.880104702,0.88193948,0.0007860960000000139,-0.0010486819999999675,0.0018347779999999814
phase_101,command_constrained,0.7,0.5,2026200005,90,0.842624803,0.777543641,0.780779808,-0.06184499499999996,-0.06508116200000003,0.0032361670000000675
phase_101,command_constrained,0.7,0.5,2026200005,180,0.799569214,0.738830451,0.740860512,-0.058708702,-0.06073876300000003,0.0020300610000000274
phase_101,command_constrained,0.7,0.5,2026200005,360,0.52660487,0.758695757,0.7068754,0.18027053000000004,0.23209088700000002,-0.051820356999999984
phase_101,command_constrained,0.7,0.5,2026200006,7,0.891519183,0.895091546,0.89587129,0.004352106999999994,0.0035723629999999673,0.0007797440000000266
phase_101,command_constrained,0.7,0.5,2026200006,30,0.795100929,0.811860261,0.815570124,0.020469194999999996,0.016759332000000016,0.00370986299999998
phase_101,command_constrained,0.7,0.5,2026200006,90,0.645752943,0.790328804,0.794954025,0.14920108200000004,0.14457586100000008,0.004625220999999957
phase_101,command_constrained,0.7,0.5,2026200006,180,0.582827775,0.789259349,0.792701802,0.2098740269999999,0.206431574,0.003442452999999901
phase_101,command_constrained,0.7,0.5,2026200006,360,0.525161598,0.732555451,0.589639643,0.0644780450000001,0.20739385300000002,-0.14291580799999992
phase_101,command_constrained,0.7,0.5,2026200007,7,0.90328493,0.866363166,0.86761527,-0.035669659999999936,-0.036921764000000024,0.0012521040000000871
phase_101,command_constrained,0.7,0.5,2026200007,30,0.903688823,0.825100767,0.829092697,-0.07459612599999998,-0.07858805599999996,0.003991929999999977
phase_101,command_constrained,0.7,0.5,2026200007,90,0.894593913,0.805846059,0.808834855,-0.08575905800000005,-0.08874785400000007,0.0029887960000000158
phase_101,command_constrained,0.7,0.5,2026200007,180,0.875663029,0.80512555,0.803123981,-0.072539048,-0.07053747900000007,-0.0020015689999999253
phase_101,command_constrained,0.7,0.5,2026200007,360,0.836001674,0.788739705,0.741116885,-0.09488478900000008,-0.047261969000000015,-0.047622820000000066
phase_101,command_constrained,0.7,0.5,2026200008,7,0.866307194,0.880337608,0.881402045,0.015094850999999965,0.014030414000000047,0.0010644369999999181
phase_101,command_constrained,0.7,0.5,2026200008,30,0.828059834,0.853365911,0.856117993,0.02805815899999997,0.025306076999999982,0.002752081999999989
phase_101,command_constrained,0.7,0.5,2026200008,90,0.73375372,0.849552157,0.839241084,0.10548736399999992,0.11579843699999992,-0.010311073000000004
phase_101,command_constrained,0.7,0.5,2026200008,180,0.510952269,0.830709616,0.830149234,0.31919696499999994,0.319757347,-0.0005603820000000814
phase_101,command_constrained,0.7,0.5,2026200008,360,0.449751918,0.826251457,0.820541893,0.37078997500000005,0.37649953900000005,-0.005709564
phase_101,command_constrained,0.7,0.5,2026200009,7,0.896667499,0.897199366,0.89819251,0.0015250110000000205,0.0005318670000000747,0.0009931439999999458
phase_101,command_constrained,0.7,0.5,2026200009,30,0.831688087,0.836813619,0.840234087,0.008546000000000054,0.005125531999999988,0.0034204680000000653
phase_101,command_constrained,0.7,0.5,2026200009,90,0.825569491,0.788355189,0.795527029,-0.030042461999999936,-0.03721430199999998,0.00717184000000004
phase_101,command_constrained,0.7,0.5,2026200009,180,0.837843143,0.785023212,0.797230847,-0.04061229599999994,-0.05281993099999993,0.012207634999999994
phase_101,command_constrained,0.7,0.5,2026200009,360,0.801016636,0.777136314,0.824482517,0.023465881000000022,-0.0238803219999999,0.04734620299999992
phase_101,command_constrained,0.7,0.5,2026200010,7,0.901450088,0.864160977,0.866739449,-0.03471063900000004,-0.037289110999999986,0.002578471999999943
phase_101,command_constrained,0.7,0.5,2026200010,30,0.859611903,0.772646046,0.780964858,-0.07864704499999997,-0.08696585700000004,0.008318812000000064
phase_101,command_constrained,0.7,0.5,2026200010,90,0.826840743,0.701563556,0.712951724,-0.11388901900000004,-0.125277187,0.011388167999999976
phase_101,command_constrained,0.7,0.5,2026200010,180,0.848366673,0.656411012,0.666913833,-0.18145284000000006,-0.19195566100000006,0.010502820999999996
phase_101,command_constrained,0.7,0.5,2026200010,360,0.839357948,0.575499251,0.584241273,-0.255116675,-0.263858697,0.00874202199999996
phase_101,command_constrained,0.7,0.5,2026200011,7,0.872468104,0.868582356,0.869855698,-0.0026124060000000116,-0.0038857479999999667,0.0012733419999999551
phase_101,command_constrained,0.7,0.5,2026200011,30,0.815364089,0.705577881,0.713835064,-0.10152902500000005,-0.10978620800000005,0.008257183000000001
phase_101,command_constrained,0.7,0.5,2026200011,90,0.77816119,0.594017717,0.604600837,-0.17356035299999995,-0.184143473,0.010583120000000057
phase_101,command_constrained,0.7,0.5,2026200011,180,0.528678191,0.558977703,0.569042378,0.040364186999999996,0.03029951200000003,0.010064674999999967
phase_101,command_constrained,0.7,0.5,2026200011,360,0.428022511,0.499222389,0.505759591,0.07773708000000001,0.071199878,0.00653720200000002
phase_102,command_constrained,0.7,0.75,2026200000,7,0.901042903,0.858497013,0.860587962,-0.04045494100000002,-0.042545889999999975,0.002090948999999953
phase_102,command_constrained,0.7,0.75,2026200000,30,0.870613355,0.861100923,0.865976202,-0.004637153000000005,-0.00951243200000007,0.004875279000000066
phase_102,command_constrained,0.7,0.75,2026200000,90,0.895853103,0.867394944,0.871319426,-0.024533676999999976,-0.02845815900000004,0.003924482000000062
phase_102,command_constrained,0.7,0.75,2026200000,180,0.836212599,0.810766496,0.808570146,-0.02764245300000001,-0.025446103000000053,-0.002196349999999958
phase_102,command_constrained,0.7,0.75,2026200000,360,0.628721058,0.814076746,0.801670733,0.17294967500000002,0.18535568800000002,-0.012406012999999994
phase_102,command_constrained,0.7,0.75,2026200001,7,0.90063668,0.892810366,0.89416962,-0.006467059999999969,-0.007826314000000001,0.001359254000000032
phase_102,command_constrained,0.7,0.75,2026200001,30,0.886730752,0.882542077,0.885280552,-0.001450199999999957,-0.004188674999999975,0.002738475000000018
phase_102,command_constrained,0.7,0.75,2026200001,90,0.851604069,0.869783129,0.845379252,-0.006224816999999994,0.018179060000000025,-0.024403877000000018
phase_102,command_constrained,0.7,0.75,2026200001,180,0.806133843,0.769111351,0.875130206,0.068996363,-0.03702249199999996,0.10601885499999997
phase_102,command_constrained,0.7,0.75,2026200001,360,0.714147775,0.695740043,0.861212957,0.14706518199999996,-0.01840773200000001,0.16547291399999997
phase_102,command_constrained,0.7,0.75,2026200002,7,0.886544845,0.904385782,0.904388232,0.01784338699999999,0.017840937,2.4499999999871847e-06
phase_102,command_constrained,0.7,0.75,2026200002,30,0.897176723,0.898550107,0.902824662,0.005647939000000046,0.0013733840000000885,0.004274554999999958
phase_102,command_constrained,0.7,0.75,2026200002,90,0.898423691,0.887448657,0.905867528,0.007443837000000064,-0.010975033999999995,0.01841887100000006
phase_102,command_constrained,0.7,0.75,2026200002,180,0.805102783,0.803369519,0.864962191,0.059859408,-0.0017332640000000676,0.06159267200000007
phase_102,command_constrained,0.7,0.75,2026200002,360,0.765402421,0.814422625,0.807278213,0.04187579200000002,0.049020203999999956,-0.007144411999999933
phase_102,command_constrained,0.7,0.75,2026200003,7,0.902968842,0.865517727,0.868047329,-0.034921513000000015,-0.03745111500000009,0.002529602000000075
phase_102,command_constrained,0.7,0.75,2026200003,30,0.903337959,0.866656572,0.872043274,-0.03129468499999999,-0.03668138700000001,0.005386702000000021
phase_102,command_constrained,0.7,0.75,2026200003,90,0.901119574,0.840248762,0.845755021,-0.05536455299999998,-0.060870811999999996,0.005506259000000013
phase_102,command_constrained,0.7,0.75,2026200003,180,0.893273907,0.84712507,0.846520581,-0.04675332599999993,-0.04614883699999994,-0.0006044889999999858
phase_102,command_constrained,0.7,0.75,2026200003,360,0.874506538,0.838881289,0.82767012,-0.046836418000000046,-0.03562524899999997,-0.011211169000000076
phase_102,command_constrained,0.7,0.75,2026200004,7,0.892942216,0.898790717,0.899596196,0.006653979999999948,0.005848501000000006,0.0008054789999999423
phase_102,command_constrained,0.7,0.75,2026200004,30,0.869692119,0.887810944,0.889706803,0.02001468400000006,0.01811882500000006,0.0018958589999999997
phase_102,command_constrained,0.7,0.75,2026200004,90,0.879187398,0.772736831,0.77969839,-0.09948900800000005,-0.106450567,0.0069615589999999505
phase_102,command_constrained,0.7,0.75,2026200004,180,0.83666706,0.782367445,0.757106682,-0.07956037800000004,-0.05429961500000002,-0.02526076300000002
phase_102,command_constrained,0.7,0.75,2026200004,360,0.787727625,0.719012179,0.751106111,-0.03662151400000002,-0.06871544600000001,0.03209393199999999
phase_102,command_constrained,0.7,0.75,2026200005,7,0.900334361,0.896466188,0.897309616,-0.00302474499999994,-0.0038681729999999748,0.0008434280000000349
phase_102,command_constrained,0.7,0.75,2026200005,30,0.881153384,0.877497836,0.880876592,-0.0002767919999999702,-0.0036555480000000085,0.0033787560000000383
phase_102,command_constrained,0.7,0.75,2026200005,90,0.842624803,0.821461551,0.837912359,-0.004712443999999927,-0.02116325200000002,0.016450808000000094
phase_102,command_constrained,0.7,0.75,2026200005,180,0.799569214,0.787868357,0.788646384,-0.01092283000000005,-0.011700857000000009,0.000778026999999959
phase_102,command_constrained,0.7,0.75,2026200005,360,0.52660487,0.760804788,0.732956558,0.20635168800000003,0.23419991799999995,-0.02784822999999992
phase_102,command_constrained,0.7,0.75,2026200006,7,0.891519183,0.891878375,0.892839037,0.0013198540000000092,0.00035919200000000817,0.000960662000000001
phase_102,command_constrained,0.7,0.75,2026200006,30,0.795100929,0.801313737,0.806991757,0.011890828000000075,0.006212808000000014,0.005678020000000061
phase_102,command_constrained,0.7,0.75,2026200006,90,0.645752943,0.773222007,0.779831656,0.13407871300000007,0.12746906400000002,0.006609649000000051
phase_102,command_constrained,0.7,0.75,2026200006,180,0.582827775,0.748594536,0.759091602,0.17626382699999998,0.16576676099999998,0.010497066
phase_102,command_constrained,0.7,0.75,2026200006,360,0.525161598,0.753617683,0.764089843,0.2389282450000001,0.22845608500000003,0.010472160000000064
phase_102,command_constrained,0.7,0.75,2026200007,7,0.90328493,0.852851633,0.854948984,-0.04833594600000002,-0.05043329699999999,0.0020973509999999695
phase_102,command_constrained,0.7,0.75,2026200007,30,0.903688823,0.838133979,0.842778322,-0.06091050099999995,-0.065554844,0.004644343000000051
phase_102,command_constrained,0.7,0.75,2026200007,90,0.894593913,0.790679842,0.796334368,-0.098259545,-0.10391407100000005,0.005654526000000049
phase_102,command_constrained,0.7,0.75,2026200007,180,0.875663029,0.843206811,0.842737863,-0.03292516600000006,-0.03245621800000009,-0.00046894799999996906
phase_102,command_constrained,0.7,0.75,2026200007,360,0.836001674,0.806234208,0.79495986,-0.041041814000000065,-0.02976746600000002,-0.011274348000000045
phase_102,command_constrained,0.7,0.75,2026200008,7,0.866307194,0.903015353,0.903018227,0.036711033000000004,0.03670815900000002,2.8739999999860544e-06
phase_102,command_constrained,0.7,0.75,2026200008,30,0.828059834,0.886271173,0.891012249,0.06295241499999993,0.05821133899999997,0.004741075999999955
phase_102,command_constrained,0.7,0.75,2026200008,90,0.73375372,0.866169667,0.894981136,0.1612274159999999,0.13241594699999992,0.02881146899999998
phase_102,command_constrained,0.7,0.75,2026200008,180,0.510952269,0.890119853,0.814415639,0.30346337,0.37916758399999995,-0.07570421399999994
phase_102,command_constrained,0.7,0.75,2026200008,360,0.449751918,0.867913932,0.768408109,0.31865619100000003,0.418162014,-0.099505823
phase_102,command_constrained,0.7,0.75,2026200009,7,0.896667499,0.897635573,0.899087444,0.002419944999999979,0.0009680739999999854,0.0014518709999999935
phase_102,command_constrained,0.7,0.75,2026200009,30,0.831688087,0.836089838,0.841987671,0.010299584000000084,0.004401751000000065,0.005897833000000019
phase_102,command_constrained,0.7,0.75,2026200009,90,0.825569491,0.822089717,0.826454681,0.0008851899999999802,-0.003479773999999991,0.004364963999999971
phase_102,command_constrained,0.7,0.75,2026200009,180,0.837843143,0.767695597,0.770078033,-0.06776510999999996,-0.07014754599999995,0.002382435999999988
phase_102,command_constrained,0.7,0.75,2026200009,360,0.801016636,0.806012406,0.763866066,-0.037150569999999994,0.004995770000000066,-0.04214634000000006
phase_102,command_constrained,0.7,0.75,2026200010,7,0.901450088,0.863223614,0.866559686,-0.03489040200000004,-0.03822647400000001,0.0033360719999999677
phase_102,command_constrained,0.7,0.75,2026200010,30,0.859611903,0.768834468,0.782237752,-0.077374151,-0.09077743500000002,0.013403284000000015
phase_102,command_constrained,0.7,0.75,2026200010,90,0.826840743,0.69654964,0.713619707,-0.113221036,-0.13029110300000002,0.017070067000000022
phase_102,command_constrained,0.7,0.75,2026200010,180,0.848366673,0.650487704,0.666152849,-0.18221382399999997,-0.19787896900000002,0.015665145000000047
phase_102,command_constrained,0.7,0.75,2026200010,360,0.839357948,0.572549713,0.585482786,-0.25387516199999993,-0.26680823499999995,0.012933073000000017
phase_102,command_constrained,0.7,0.75,2026200011,7,0.872468104,0.859678262,0.861313162,-0.011154942000000001,-0.012789841999999996,0.0016348999999999947
phase_102,command_constrained,0.7,0.75,2026200011,30,0.815364089,0.869910085,0.8730324,0.05766831100000003,0.054545995999999985,0.003122315000000042
phase_102,command_constrained,0.7,0.75,2026200011,90,0.77816119,0.867141032,0.832344464,0.054183274000000003,0.08897984200000009,-0.03479656800000008
phase_102,command_constrained,0.7,0.75,2026200011,180,0.528678191,0.750422427,0.768471197,0.23979300599999998,0.22174423599999993,0.018048770000000047
phase_102,command_constrained,0.7,0.75,2026200011,360,0.428022511,0.663583881,0.639396671,0.21137415999999998,0.23556137,-0.024187210000000015
phase_103,command_constrained,0.7,1.0,2026200000,7,0.901042903,0.873250792,0.876473294,-0.024569609000000048,-0.027792111000000008,0.0032225019999999605
phase_103,command_constrained,0.7,1.0,2026200000,30,0.870613355,0.80744352,0.818431657,-0.052181698000000054,-0.06316983500000006,0.010988137000000009
phase_103,command_constrained,0.7,1.0,2026200000,90,0.895853103,0.694512806,0.716054909,-0.17979819399999997,-0.201340297,0.021542103000000035
phase_103,command_constrained,0.7,1.0,2026200000,180,0.836212599,0.657192166,0.676649689,-0.15956291,-0.17902043300000003,0.019457523000000032
phase_103,command_constrained,0.7,1.0,2026200000,360,0.628721058,0.597350801,0.613276825,-0.015444232999999974,-0.03137025699999996,0.015926023999999983
phase_103,command_constrained,0.7,1.0,2026200001,7,0.90063668,0.902790299,0.902794889,0.0021582090000000775,0.0021536189999999955,4.5900000000820285e-06
phase_103,command_constrained,0.7,1.0,2026200001,30,0.886730752,0.89747597,0.903228314,0.016497562000000077,0.010745218000000056,0.00575234400000002
phase_103,command_constrained,0.7,1.0,2026200001,90,0.851604069,0.798764511,0.82095441,-0.03064965899999994,-0.05283955799999995,0.022189899000000013
phase_103,command_constrained,0.7,1.0,2026200001,180,0.806133843,0.739910296,0.783210685,-0.022923158,-0.066223547,0.043300388999999995
phase_103,command_constrained,0.7,1.0,2026200001,360,0.714147775,0.787829945,0.749409786,0.035262010999999926,0.07368216999999999,-0.038420159000000065
phase_103,command_constrained,0.7,1.0,2026200002,7,0.886544845,0.890644517,0.892386034,0.00584118900000008,0.004099672000000054,0.0017415170000000257
phase_103,command_constrained,0.7,1.0,2026200002,30,0.897176723,0.87556603,0.875818841,-0.021357881999999995,-0.02161069299999996,0.0002528109999999639
phase_103,command_constrained,0.7,1.0,2026200002,90,0.898423691,0.890967259,0.868352521,-0.030071169999999925,-0.007456432000000013,-0.022614737999999912
phase_103,command_constrained,0.7,1.0,2026200002,180,0.805102783,0.833798394,0.83908883,0.033986046999999964,0.028695610999999954,0.0052904360000000095
phase_103,command_constrained,0.7,1.0,2026200002,360,0.765402421,0.759566208,0.753562715,-0.01183970599999995,-0.0058362130000000345,-0.006003492999999915
phase_103,command_constrained,0.7,1.0,2026200003,7,0.902968842,0.903021162,0.903027337,5.849499999999175e-05,5.231999999999459e-05,6.174999999997155e-06
phase_103,command_constrained,0.7,1.0,2026200003,30,0.903337959,0.865411341,0.872893439,-0.030444519999999975,-0.03792661800000008,0.007482098000000104
phase_103,command_constrained,0.7,1.0,2026200003,90,0.901119574,0.891503916,0.896578639,-0.004540934999999968,-0.009615657999999971,0.005074723000000003
phase_103,command_constrained,0.7,1.0,2026200003,180,0.893273907,0.897603177,0.897323678,0.004049771000000035,0.004329270000000052,-0.0002794990000000164
phase_103,command_constrained,0.7,1.0,2026200003,360,0.874506538,0.883805032,0.881664949,0.007158411000000031,0.009298494000000046,-0.002140083000000015
phase_103,command_constrained,0.7,1.0,2026200004,7,0.892942216,0.859079939,0.859972458,-0.032969758000000016,-0.033862276999999996,0.0008925189999999805
phase_103,command_constrained,0.7,1.0,2026200004,30,0.869692119,0.84672931,0.851678952,-0.018013166999999997,-0.02296280900000003,0.004949642000000032
phase_103,command_constrained,0.7,1.0,2026200004,90,0.879187398,0.744422767,0.846935786,-0.03225161200000004,-0.13476463100000002,0.10251301899999998
phase_103,command_constrained,0.7,1.0,2026200004,180,0.83666706,0.709321261,0.810146957,-0.026520103000000073,-0.12734579899999998,0.10082569599999991
phase_103,command_constrained,0.7,1.0,2026200004,360,0.787727625,0.672121915,0.745135404,-0.04259222100000004,-0.11560571000000008,0.07301348900000004
phase_103,command_constrained,0.7,1.0,2026200005,7,0.900334361,0.872529702,0.874172464,-0.026161896999999934,-0.027804658999999954,0.0016427620000000198
phase_103,command_constrained,0.7,1.0,2026200005,30,0.881153384,0.861310215,0.858332189,-0.022821195000000016,-0.01984316899999994,-0.002978026000000078
phase_103,command_constrained,0.7,1.0,2026200005,90,0.842624803,0.843253568,0.858761174,0.016136370999999983,0.0006287649999999756,0.015507606000000007
phase_103,command_constrained,0.7,1.0,2026200005,180,0.799569214,0.815096279,0.803258237,0.003689022999999958,0.015527065000000007,-0.011838042000000049
phase_103,command_constrained,0.7,1.0,2026200005,360,0.52660487,0.832667994,0.519522845,-0.007082024999999992,0.306063124,-0.313145149
phase_103,command_constrained,0.7,1.0,2026200006,7,0.891519183,0.900204007,0.900205935,0.00868675200000002,0.008684824000000035,1.9279999999843866e-06
phase_103,command_constrained,0.7,1.0,2026200006,30,0.795100929,0.84673971,0.85677264,0.06167171100000002,0.05163878100000008,0.01003292999999994
phase_103,command_constrained,0.7,1.0,2026200006,90,0.645752943,0.82844671,0.847705566,0.20195262300000005,0.18269376700000006,0.01925885599999999
phase_103,command_constrained,0.7,1.0,2026200006,180,0.582827775,0.824457402,0.865365864,0.282538089,0.2416296269999999,0.04090846200000009
phase_103,command_constrained,0.7,1.0,2026200006,360,0.525161598,0.807531821,0.8217969,0.2966353020000001,0.28237022300000003,0.01426507900000007
phase_103,command_constrained,0.7,1.0,2026200007,7,0.90328493,0.852123307,0.855125201,-0.048159728999999984,-0.051161622999999934,0.0030018939999999494
phase_103,command_constrained,0.7,1.0,2026200007,30,0.903688823,0.835153862,0.841438429,-0.06225039399999999,-0.068534961,0.006284567000000019
phase_103,command_constrained,0.7,1.0,2026200007,90,0.894593913,0.786885857,0.787530727,-0.10706318599999998,-0.107708056,0.0006448700000000196
phase_103,command_constrained,0.7,1.0,2026200007,180,0.875663029,0.839175905,0.803807516,-0.07185551300000004,-0.03648712399999998,-0.035368389000000056
phase_103,command_constrained,0.7,1.0,2026200007,360,0.836001674,0.802260026,0.824837069,-0.01116460500000005,-0.03374164800000001,0.022577042999999963
phase_103,command_constrained,0.7,1.0,2026200008,7,0.866307194,0.902858527,0.902859862,0.03655266800000001,0.03655133300000002,1.3349999999912043e-06
phase_103,command_constrained,0.7,1.0,2026200008,30,0.828059834,0.884965649,0.885221673,0.05716183899999994,0.056905814999999915,0.00025602400000002135
phase_103,command_constrained,0.7,1.0,2026200008,90,0.73375372,0.81972749,0.889120863,0.15536714299999999,0.08597376999999995,0.06939337300000004
phase_103,command_constrained,0.7,1.0,2026200008,180,0.510952269,0.825351359,0.884140281,0.37318801199999996,0.31439909,0.058788921999999966
phase_103,command_constrained,0.7,1.0,2026200008,360,0.449751918,0.760972712,0.78903401,0.339282092,0.3112207940000001,0.0280612979999999
phase_103,command_constrained,0.7,1.0,2026200009,7,0.896667499,0.903045307,0.903046909,0.006379409999999974,0.006377807999999985,1.6019999999894452e-06
phase_103,command_constrained,0.7,1.0,2026200009,30,0.831688087,0.898630969,0.903412764,0.07172467700000007,0.06694288199999998,0.004781795000000089
phase_103,command_constrained,0.7,1.0,2026200009,90,0.825569491,0.856418034,0.861616107,0.03604661600000003,0.03084854300000006,0.00519807299999997
phase_103,command_constrained,0.7,1.0,2026200009,180,0.837843143,0.868021822,0.630578636,-0.207264507,0.03017867900000004,-0.23744318600000003
phase_103,command_constrained,0.7,1.0,2026200009,360,0.801016636,0.812029383,0.545884434,-0.255132202,0.0110127470000001,-0.2661449490000001
phase_103,command_constrained,0.7,1.0,2026200010,7,0.901450088,0.864484052,0.867708136,-0.033741952000000075,-0.036966036000000035,0.0032240839999999604
phase_103,command_constrained,0.7,1.0,2026200010,30,0.859611903,0.845429588,0.853343348,-0.006268555000000009,-0.014182315000000001,0.007913759999999992
phase_103,command_constrained,0.7,1.0,2026200010,90,0.826840743,0.801274365,0.81150828,-0.015332463000000018,-0.025566377999999945,0.010233914999999927
phase_103,command_constrained,0.7,1.0,2026200010,180,0.848366673,0.808300402,0.803427189,-0.04493948400000003,-0.04006627100000004,-0.004873212999999987
phase_103,command_constrained,0.7,1.0,2026200010,360,0.839357948,0.83234346,0.579969066,-0.259388882,-0.00701448799999993,-0.25237439400000006
phase_103,command_constrained,0.7,1.0,2026200011,7,0.872468104,0.901787024,0.90178958,0.029321476000000013,0.029318920000000026,2.555999999986902e-06
phase_103,command_constrained,0.7,1.0,2026200011,30,0.815364089,0.902147922,0.902166509,0.08680241999999994,0.08678383300000003,1.858699999990332e-05
phase_103,command_constrained,0.7,1.0,2026200011,90,0.77816119,0.847693404,0.830550182,0.05238899200000002,0.06953221400000009,-0.01714322200000007
phase_103,command_constrained,0.7,1.0,2026200011,180,0.528678191,0.827977001,0.862994243,0.33431605200000003,0.29929881,0.035017242000000004
phase_103,command_constrained,0.7,1.0,2026200011,360,0.428022511,0.583917649,0.855835532,0.42781302099999996,0.155895138,0.27191788299999997
phase_104,command_constrained,0.7,1.5,2026200000,7,0.901042903,0.900985508,0.900990328,-5.257499999999915e-05,-5.739500000001563e-05,4.820000000016478e-06
phase_104,command_constrained,0.7,1.5,2026200000,30,0.870613355,0.844237118,0.856244431,-0.014368924000000005,-0.026376237000000025,0.01200731300000002
phase_104,command_constrained,0.7,1.5,2026200000,90,0.895853103,0.84849583,0.859820192,-0.036032910999999945,-0.04735727300000003,0.011324362000000088
phase_104,command_constrained,0.7,1.5,2026200000,180,0.836212599,0.863137823,0.870529774,0.03431717499999998,0.02692522399999997,0.007391951000000008
phase_104,command_constrained,0.7,1.5,2026200000,360,0.628721058,0.807541371,0.807223142,0.178502084,0.178820313,-0.0003182290000000032
phase_104,command_constrained,0.7,1.5,2026200001,7,0.90063668,0.899146459,0.902715285,0.002078605000000011,-0.0014902209999999583,0.0035688259999999694
phase_104,command_constrained,0.7,1.5,2026200001,30,0.886730752,0.822721209,0.831213493,-0.05551725899999993,-0.06400954299999995,0.008492284000000017
phase_104,command_constrained,0.7,1.5,2026200001,90,0.851604069,0.797606829,0.799206525,-0.05239754399999996,-0.053997239999999946,0.0015996959999999838
phase_104,command_constrained,0.7,1.5,2026200001,180,0.806133843,0.815364123,0.808745448,0.002611605000000017,0.009230280000000035,-0.006618675000000018
phase_104,command_constrained,0.7,1.5,2026200001,360,0.714147775,0.566285864,0.56521635,-0.148931425,-0.147861911,-0.0010695139999999936
phase_104,command_constrained,0.7,1.5,2026200002,7,0.886544845,0.892319477,0.895068014,0.008523169000000053,0.005774632000000057,0.0027485369999999953
phase_104,command_constrained,0.7,1.5,2026200002,30,0.897176723,0.868013437,0.87540154,-0.02177518299999992,-0.029163285999999955,0.007388103000000035
phase_104,command_constrained,0.7,1.5,2026200002,90,0.898423691,0.869371444,0.849543414,-0.04888027699999997,-0.029052246999999976,-0.019828029999999996
phase_104,command_constrained,0.7,1.5,2026200002,180,0.805102783,0.8472563,0.883006289,0.07790350599999996,0.04215351699999992,0.03574998900000004
phase_104,command_constrained,0.7,1.5,2026200002,360,0.765402421,0.788375308,0.768737158,0.0033347369999999765,0.022972886999999997,-0.01963815000000002
phase_104,command_constrained,0.7,1.5,2026200003,7,0.902968842,0.862265261,0.86454697,-0.038421872000000024,-0.040703581000000044,0.0022817090000000206
phase_104,command_constrained,0.7,1.5,2026200003,30,0.903337959,0.84174222,0.848376112,-0.054961847000000064,-0.06159573900000004,0.006633891999999975
phase_104,command_constrained,0.7,1.5,2026200003,90,0.901119574,0.806003269,0.82310564,-0.07801393400000001,-0.09511630500000001,0.017102371000000005
phase_104,command_constrained,0.7,1.5,2026200003,180,0.893273907,0.823673204,0.843110549,-0.050163357999999936,-0.06960070299999999,0.01943734500000005
phase_104,command_constrained,0.7,1.5,2026200003,360,0.874506538,0.670427786,0.823003567,-0.05150297100000001,-0.20407875200000003,0.15257578100000002
phase_104,command_constrained,0.7,1.5,2026200004,7,0.892942216,0.897173815,0.89894431,0.006002093999999958,0.00423159900000003,0.0017704949999999275
phase_104,command_constrained,0.7,1.5,2026200004,30,0.869692119,0.861086586,0.875682591,0.0059904720000000244,-0.008605532999999999,0.014596005000000023
phase_104,command_constrained,0.7,1.5,2026200004,90,0.879187398,0.852915532,0.866532116,-0.01265528199999999,-0.026271865999999977,0.013616583999999987
phase_104,command_constrained,0.7,1.5,2026200004,180,0.83666706,0.732485662,0.721631542,-0.115035518,-0.10418139800000004,-0.010854119999999967
phase_104,command_constrained,0.7,1.5,2026200004,360,0.787727625,0.714597139,0.578011725,-0.20971590000000007,-0.07313048600000005,-0.13658541400000002
phase_104,command_constrained,0.7,1.5,2026200005,7,0.900334361,0.892433356,0.894639483,-0.005694878000000014,-0.007901005000000016,0.002206127000000002
phase_104,command_constrained,0.7,1.5,2026200005,30,0.881153384,0.846242954,0.855198469,-0.025954915000000023,-0.03491042999999994,0.008955514999999914
phase_104,command_constrained,0.7,1.5,2026200005,90,0.842624803,0.839035603,0.853996904,0.011372100999999968,-0.003589199999999959,0.014961300999999927
phase_104,command_constrained,0.7,1.5,2026200005,180,0.799569214,0.794683231,0.840099892,0.04053067799999999,-0.004885982999999983,0.04541666099999997
phase_104,command_constrained,0.7,1.5,2026200005,360,0.52660487,0.789101803,0.830737023,0.30413215299999996,0.262496933,0.04163521999999997
phase_104,command_constrained,0.7,1.5,2026200006,7,0.891519183,0.900404692,0.900411762,0.008892578999999956,0.008885508999999958,7.069999999997911e-06
phase_104,command_constrained,0.7,1.5,2026200006,30,0.795100929,0.876490416,0.88133014,0.08622921100000003,0.08138948700000004,0.00483972399999999
phase_104,command_constrained,0.7,1.5,2026200006,90,0.645752943,0.830964848,0.840930337,0.195177394,0.18521190500000007,0.009965488999999939
phase_104,command_constrained,0.7,1.5,2026200006,180,0.582827775,0.835240439,0.766989074,0.184161299,0.25241266399999995,-0.06825136499999995
phase_104,command_constrained,0.7,1.5,2026200006,360,0.525161598,0.714899959,0.645352269,0.12019067100000003,0.18973836100000008,-0.06954769000000005
phase_104,command_constrained,0.7,1.5,2026200007,7,0.90328493,0.892514573,0.895047353,-0.00823757699999994,-0.010770356999999953,0.0025327800000000122
phase_104,command_constrained,0.7,1.5,2026200007,30,0.903688823,0.901370149,0.903732197,4.3373999999984925e-05,-0.002318673999999965,0.00236204799999995
phase_104,command_constrained,0.7,1.5,2026200007,90,0.894593913,0.80700085,0.820022084,-0.07457182900000003,-0.08759306300000003,0.013021233999999993
phase_104,command_constrained,0.7,1.5,2026200007,180,0.875663029,0.759128117,0.758022013,-0.11764101599999999,-0.11653491199999999,-0.0011061039999999966
phase_104,command_constrained,0.7,1.5,2026200007,360,0.836001674,0.759730156,0.804692037,-0.031309637,-0.07627151799999998,0.04496188099999998
phase_104,command_constrained,0.7,1.5,2026200008,7,0.866307194,0.892249257,0.896011164,0.029703970000000024,0.025942063000000015,0.0037619070000000088
phase_104,command_constrained,0.7,1.5,2026200008,30,0.828059834,0.820365982,0.880880796,0.05282096199999997,-0.0076938520000000565,0.06051481400000003
phase_104,command_constrained,0.7,1.5,2026200008,90,0.73375372,0.820559294,0.82488071,0.09112698999999991,0.086805574,0.004321415999999911
phase_104,command_constrained,0.7,1.5,2026200008,180,0.510952269,0.820412269,0.655051627,0.14409935799999996,0.30945999999999996,-0.165360642
phase_104,command_constrained,0.7,1.5,2026200008,360,0.449751918,0.782179759,0.577624694,0.12787277600000008,0.33242784100000006,-0.20455506499999998
phase_104,command_constrained,0.7,1.5,2026200009,7,0.896667499,0.903116122,0.903119922,0.00645242300000004,0.006448623000000042,3.7999999999982492e-06
phase_104,command_constrained,0.7,1.5,2026200009,30,0.831688087,0.846530366,0.855585056,0.023896969000000046,0.014842279000000014,0.009054690000000032
phase_104,command_constrained,0.7,1.5,2026200009,90,0.825569491,0.700290809,0.837386284,0.011816793000000048,-0.12527868200000003,0.13709547500000008
phase_104,command_constrained,0.7,1.5,2026200009,180,0.837843143,0.847103854,0.824261649,-0.013581493999999972,0.009260711000000033,-0.022842205000000004
phase_104,command_constrained,0.7,1.5,2026200009,360,0.801016636,0.736648525,0.790072748,-0.010943887999999902,-0.06436811099999995,0.05342422300000005
phase_104,command_constrained,0.7,1.5,2026200010,7,0.901450088,0.895400048,0.899248848,-0.002201239999999993,-0.00605004000000009,0.0038488000000000966
phase_104,command_constrained,0.7,1.5,2026200010,30,0.859611903,0.829584724,0.83332546,-0.026286443000000048,-0.03002717899999996,0.0037407359999999112
phase_104,command_constrained,0.7,1.5,2026200010,90,0.826840743,0.848213131,0.868096195,0.041255452000000026,0.021372387999999964,0.01988306400000006
phase_104,command_constrained,0.7,1.5,2026200010,180,0.848366673,0.801751021,0.833057407,-0.015309266000000044,-0.04661565200000006,0.03130638600000002
phase_104,command_constrained,0.7,1.5,2026200010,360,0.839357948,0.591219209,0.821686094,-0.01767185399999993,-0.24813873899999994,0.230466885
phase_104,command_constrained,0.7,1.5,2026200011,7,0.872468104,0.890891193,0.89413027,0.021662166000000038,0.018423089000000004,0.0032390770000000346
phase_104,command_constrained,0.7,1.5,2026200011,30,0.815364089,0.876566978,0.861133498,0.04576940900000004,0.06120288900000004,-0.01543348
phase_104,command_constrained,0.7,1.5,2026200011,90,0.77816119,0.874131224,0.863599871,0.08543868100000007,0.09597003400000004,-0.010531352999999966
phase_104,command_constrained,0.7,1.5,2026200011,180,0.528678191,0.866921303,0.866842452,0.33816426099999997,0.338243112,-7.885100000004641e-05
phase_104,command_constrained,0.7,1.5,2026200011,360,0.428022511,0.761418753,0.747001,0.31897848900000003,0.33339624199999995,-0.014417752999999922
phase_105,command_constrained,0.7,2.0,2026200000,7,0.901042903,0.900993704,0.900999915,-4.2988000000021565e-05,-4.919899999999977e-05,6.210999999978206e-06
phase_105,command_constrained,0.7,2.0,2026200000,30,0.870613355,0.836057295,0.853250573,-0.017362782000000077,-0.03455606,0.017193277999999923
phase_105,command_constrained,0.7,2.0,2026200000,90,0.895853103,0.838607879,0.861069276,-0.034783826999999934,-0.05724522399999998,0.02246139700000005
phase_105,command_constrained,0.7,2.0,2026200000,180,0.836212599,0.852838624,0.79154721,-0.044665389000000055,0.01662602499999999,-0.061291414000000044
phase_105,command_constrained,0.7,2.0,2026200000,360,0.628721058,0.784535521,0.691917986,0.06319692799999999,0.15581446300000001,-0.09261753500000003
phase_105,command_constrained,0.7,2.0,2026200001,7,0.90063668,0.858919167,0.866391074,-0.03424560599999993,-0.04171751299999993,0.007471907
phase_105,command_constrained,0.7,2.0,2026200001,30,0.886730752,0.771826312,0.797454644,-0.08927610799999997,-0.11490444,0.02562833200000003
phase_105,command_constrained,0.7,2.0,2026200001,90,0.851604069,0.684594428,0.72609103,-0.125513039,-0.16700964099999993,0.04149660199999994
phase_105,command_constrained,0.7,2.0,2026200001,180,0.806133843,0.644670032,0.706674216,-0.099459627,-0.16146381100000007,0.06200418400000007
phase_105,command_constrained,0.7,2.0,2026200001,360,0.714147775,0.576468792,0.666675134,-0.04747264100000004,-0.13767898300000003,0.090206342
phase_105,command_constrained,0.7,2.0,2026200002,7,0.886544845,0.899134122,0.903388464,0.016843618999999976,0.01258927700000001,0.0042543419999999665
phase_105,command_constrained,0.7,2.0,2026200002,30,0.897176723,0.841509235,0.855262625,-0.0419140979999999,-0.05566748799999999,0.013753390000000087
phase_105,command_constrained,0.7,2.0,2026200002,90,0.898423691,0.78047715,0.79978148,-0.09864221099999992,-0.11794654100000002,0.01930433000000009
phase_105,command_constrained,0.7,2.0,2026200002,180,0.805102783,0.743404532,0.767151381,-0.03795140200000002,-0.06169825100000004,0.023746849000000014
phase_105,command_constrained,0.7,2.0,2026200002,360,0.765402421,0.767034102,0.807259279,0.04185685800000005,0.001631680999999996,0.040225177000000056
phase_105,command_constrained,0.7,2.0,2026200003,7,0.902968842,0.857741919,0.864414434,-0.038554408000000095,-0.045226923000000085,0.00667251499999999
phase_105,command_constrained,0.7,2.0,2026200003,30,0.903337959,0.85715877,0.872317193,-0.031020766000000033,-0.046179189000000065,0.015158423000000032
phase_105,command_constrained,0.7,2.0,2026200003,90,0.901119574,0.742830634,0.792580752,-0.10853882199999998,-0.15828893999999993,0.049750117999999954
phase_105,command_constrained,0.7,2.0,2026200003,180,0.893273907,0.585614915,0.672984083,-0.22028982399999997,-0.307658992,0.08736916800000005
phase_105,command_constrained,0.7,2.0,2026200003,360,0.874506538,0.51514207,0.642200126,-0.23230641200000002,-0.359364468,0.12705805599999997
phase_105,command_constrained,0.7,2.0,2026200004,7,0.892942216,0.874637735,0.877356502,-0.015585713999999973,-0.01830448100000004,0.0027187670000000663
phase_105,command_constrained,0.7,2.0,2026200004,30,0.869692119,0.875013642,0.859333452,-0.010358666999999988,0.005321522999999995,-0.015680189999999983
phase_105,command_constrained,0.7,2.0,2026200004,90,0.879187398,0.826184774,0.848197498,-0.030989900000000015,-0.053002624,0.022012723999999984
phase_105,command_constrained,0.7,2.0,2026200004,180,0.83666706,0.793350532,0.806723766,-0.029943294000000065,-0.043316527999999965,0.0133732339999999
phase_105,command_constrained,0.7,2.0,2026200004,360,0.787727625,0.807871482,0.798782413,0.011054787999999927,0.020143856999999987,-0.00908906900000006
phase_105,command_constrained,0.7,2.0,2026200005,7,0.900334361,0.889999334,0.89258259,-0.007751771000000018,-0.010335026999999997,0.0025832559999999782
phase_105,command_constrained,0.7,2.0,2026200005,30,0.881153384,0.843103362,0.854034372,-0.027119011999999998,-0.03805002199999996,0.010931009999999963
phase_105,command_constrained,0.7,2.0,2026200005,90,0.842624803,0.667288488,0.78546085,-0.05716395299999999,-0.17533631500000002,0.11817236200000003
phase_105,command_constrained,0.7,2.0,2026200005,180,0.799569214,0.543752911,0.681465383,-0.11810383099999999,-0.255816303,0.13771247200000003
phase_105,command_constrained,0.7,2.0,2026200005,360,0.52660487,0.481420664,0.451312419,-0.07529245099999998,-0.045184206000000005,-0.030108244999999978
phase_105,command_constrained,0.7,2.0,2026200006,7,0.891519183,0.878025873,0.882296236,-0.009222947000000037,-0.01349330999999998,0.004270362999999944
phase_105,command_constrained,0.7,2.0,2026200006,30,0.795100929,0.827139184,0.847255678,0.052154749000000056,0.032038255000000015,0.02011649400000004
phase_105,command_constrained,0.7,2.0,2026200006,90,0.645752943,0.837959632,0.80552779,0.159774847,0.19220668900000004,-0.032431842000000044
phase_105,command_constrained,0.7,2.0,2026200006,180,0.582827775,0.824028155,0.833956937,0.2511291619999999,0.24120038,0.009928781999999914
phase_105,command_constrained,0.7,2.0,2026200006,360,0.525161598,0.569986173,0.817848714,0.2926871160000001,0.04482457500000003,0.24786254100000005
phase_105,command_constrained,0.7,2.0,2026200007,7,0.90328493,0.903409745,0.903416428,0.00013149800000000766,0.00012481500000005585,6.682999999951811e-06
phase_105,command_constrained,0.7,2.0,2026200007,30,0.903688823,0.856407277,0.868687469,-0.03500135399999993,-0.04728154600000001,0.012280192000000079
phase_105,command_constrained,0.7,2.0,2026200007,90,0.894593913,0.7693869,0.79845226,-0.096141653,-0.12520701300000003,0.02906536000000004
phase_105,command_constrained,0.7,2.0,2026200007,180,0.875663029,0.745249511,0.784210706,-0.09145232300000006,-0.130413518,0.03896119499999995
phase_105,command_constrained,0.7,2.0,2026200007,360,0.836001674,0.737344015,0.793581532,-0.042420141999999994,-0.09865765900000001,0.056237517000000015
phase_105,command_constrained,0.7,2.0,2026200008,7,0.866307194,0.860190354,0.864705399,-0.001601795000000017,-0.006116840000000012,0.004515044999999995
phase_105,command_constrained,0.7,2.0,2026200008,30,0.828059834,0.822930098,0.836473908,0.008414073999999938,-0.005129735999999996,0.013543809999999934
phase_105,command_constrained,0.7,2.0,2026200008,90,0.73375372,0.759578868,0.778900795,0.045147074999999925,0.02582514799999991,0.019321927000000017
phase_105,command_constrained,0.7,2.0,2026200008,180,0.510952269,0.793105748,0.623509915,0.11255764599999996,0.282153479,-0.16959583300000003
phase_105,command_constrained,0.7,2.0,2026200008,360,0.449751918,0.518075262,0.540646641,0.09089472300000007,0.06832334400000001,0.022571379000000058
phase_105,command_constrained,0.7,2.0,2026200009,7,0.896667499,0.903111881,0.903117113,0.006449613999999992,0.006444381999999971,5.232000000021664e-06
phase_105,command_constrained,0.7,2.0,2026200009,30,0.831688087,0.896370324,0.903458259,0.07177017200000002,0.06468223700000009,0.007087934999999934
phase_105,command_constrained,0.7,2.0,2026200009,90,0.825569491,0.675485277,0.815791868,-0.009777622999999958,-0.15008421399999994,0.14030659099999998
phase_105,command_constrained,0.7,2.0,2026200009,180,0.837843143,0.822854335,0.826319865,-0.01152327799999997,-0.014988807999999909,0.003465529999999939
phase_105,command_constrained,0.7,2.0,2026200009,360,0.801016636,0.798607333,0.813168674,0.012152038000000087,-0.0024093029999999738,0.014561341000000061
phase_105,command_constrained,0.7,2.0,2026200010,7,0.901450088,0.866842515,0.873194576,-0.028255512000000094,-0.03460757300000006,0.006352060999999964
phase_105,command_constrained,0.7,2.0,2026200010,30,0.859611903,0.835178295,0.852060179,-0.007551724000000037,-0.02443360800000005,0.016881884000000014
phase_105,command_constrained,0.7,2.0,2026200010,90,0.826840743,0.773653023,0.800436746,-0.026403996999999957,-0.05318771999999994,0.02678372299999998
phase_105,command_constrained,0.7,2.0,2026200010,180,0.848366673,0.788848833,0.827193254,-0.021173419000000027,-0.059517840000000044,0.03834442100000002
phase_105,command_constrained,0.7,2.0,2026200010,360,0.839357948,0.550848008,0.799506662,-0.039851285999999986,-0.28850993999999996,0.24865865399999998
phase_105,command_constrained,0.7,2.0,2026200011,7,0.872468104,0.901884493,0.901890004,0.0294219,0.029416388999999987,5.511000000013588e-06
phase_105,command_constrained,0.7,2.0,2026200011,30,0.815364089,0.889524805,0.902266492,0.08690240299999996,0.07416071599999996,0.012741687000000002
phase_105,command_constrained,0.7,2.0,2026200011,90,0.77816119,0.851428104,0.877340932,0.09917974200000002,0.07326691400000007,0.025912827999999943
phase_105,command_constrained,0.7,2.0,2026200011,180,0.528678191,0.85483895,0.886075279,0.35739708800000003,0.32616075899999997,0.031236329000000063
phase_105,command_constrained,0.7,2.0,2026200011,360,0.428022511,0.832586855,0.861789128,0.43376661699999997,0.40456434399999996,0.029202273
phase_107,balanced_capacity,0.4,0.25,2026200000,7,0.0,0.0,0.0,0.0,0.0,0.0
phase_107,balanced_capacity,0.4,0.25,2026200000,30,0.0,0.0,0.0,0.0,0.0,0.0
phase_107,balanced_capacity,0.4,0.25,2026200000,90,0.0,0.0,0.0,0.0,0.0,0.0
phase_107,balanced_capacity,0.4,0.25,2026200000,180,0.0,0.0,0.0,0.0,0.0,0.0
phase_107,balanced_capacity,0.4,0.25,2026200000,360,0.0,0.0,0.0,0.0,0.0,0.0
phase_107,balanced_capacity,0.4,0.25,2026200001,7,0.0,0.0,0.0,0.0,0.0,0.0
phase_107,balanced_capacity,0.4,0.25,2026200001,30,0.0,0.0,0.0,0.0,0.0,0.0
phase_107,balanced_capacity,0.4,0.25,2026200001,90,0.0,0.0,0.0,0.0,0.0,0.0
phase_107,balanced_capacity,0.4,0.25,2026200001,180,0.0,0.0,0.0,0.0,0.0,0.0
phase_107,balanced_capacity,0.4,0.25,2026200001,360,0.0,0.0,0.0,0.0,0.0,0.0
phase_107,balanced_capacity,0.4,0.25,2026200002,7,0.885115984,0.877184121,0.888045429,0.0029294450000000305,-0.007931863000000039,0.01086130800000007
phase_107,balanced_capacity,0.4,0.25,2026200002,30,0.85626858,0.836239679,0.86308248,0.006813900000000039,-0.020028900999999988,0.026842801000000027
phase_107,balanced_capacity,0.4,0.25,2026200002,90,0.832431738,0.809012237,0.840963766,0.00853202799999997,-0.02341950100000001,0.03195152899999998
phase_107,balanced_capacity,0.4,0.25,2026200002,180,0.804531556,0.779657804,0.813915515,0.009383958999999997,-0.024873752000000082,0.03425771100000008
phase_107,balanced_capacity,0.4,0.25,2026200002,360,0.735596317,0.711943501,0.753551203,0.017954885999999948,-0.02365281600000002,0.04160770199999997
phase_107,balanced_capacity,0.4,0.25,2026200003,7,0.873984914,0.867653377,0.878881154,0.004896239999999996,-0.006331536999999998,0.011227776999999994
phase_107,balanced_capacity,0.4,0.25,2026200003,30,0.827319194,0.815467851,0.844319489,0.017000295,-0.011851343000000014,0.028851638000000013
phase_107,balanced_capacity,0.4,0.25,2026200003,90,0.78253404,0.79220225,0.826351682,0.043817641999999934,0.009668209999999955,0.03414943199999998
phase_107,balanced_capacity,0.4,0.25,2026200003,180,0.717309447,0.776729044,0.81018527,0.09287582299999997,0.05941959699999999,0.03345622599999998
phase_107,balanced_capacity,0.4,0.25,2026200003,360,0.447809534,0.730921854,0.772773155,0.324963621,0.28311232,0.04185130100000001
phase_107,balanced_capacity,0.4,0.25,2026200004,7,0.891406252,0.877022064,0.892252,0.000845748000000035,-0.014384187999999964,0.015229936
phase_107,balanced_capacity,0.4,0.25,2026200004,30,0.876798846,0.843179924,0.87922014,0.0024212940000000183,-0.03361892200000005,0.03604021600000007
phase_107,balanced_capacity,0.4,0.25,2026200004,90,0.854513857,0.817589858,0.860268006,0.005754148999999931,-0.036923999000000096,0.04267814800000003
phase_107,balanced_capacity,0.4,0.25,2026200004,180,0.818874743,0.785098929,0.831725943,0.012851200000000063,-0.03377581399999996,0.04662701400000002
phase_107,balanced_capacity,0.4,0.25,2026200004,360,0.731424221,0.705558571,0.765676138,0.034251916999999965,-0.025865650000000073,0.06011756700000004
phase_107,balanced_capacity,0.4,0.25,2026200005,7,0.87760495,0.863414718,0.881784928,0.004179977999999918,-0.014190232000000025,0.018370209999999942
phase_107,balanced_capacity,0.4,0.25,2026200005,30,0.842364675,0.805826294,0.852826076,0.010461401000000037,-0.03653838099999995,0.04699978199999999
phase_107,balanced_capacity,0.4,0.25,2026200005,90,0.812673184,0.770825152,0.828505317,0.01583213299999997,-0.04184803199999998,0.05768016499999995
phase_107,balanced_capacity,0.4,0.25,2026200005,180,0.770450492,0.730077342,0.795892386,0.025441893999999965,-0.04037315000000008,0.06581504400000004
phase_107,balanced_capacity,0.4,0.25,2026200005,360,0.645452805,0.603724621,0.709222914,0.06377010900000002,-0.041728184,0.10549829300000002
phase_107,balanced_capacity,0.4,0.25,2026200006,7,0.0,0.0,0.0,0.0,0.0,0.0
phase_107,balanced_capacity,0.4,0.25,2026200006,30,0.0,0.0,0.0,0.0,0.0,0.0
phase_107,balanced_capacity,0.4,0.25,2026200006,90,0.0,0.0,0.0,0.0,0.0,0.0
phase_107,balanced_capacity,0.4,0.25,2026200006,180,0.0,0.0,0.0,0.0,0.0,0.0
phase_107,balanced_capacity,0.4,0.25,2026200006,360,0.0,0.0,0.0,0.0,0.0,0.0
phase_107,balanced_capacity,0.4,0.25,2026200007,7,0.883913654,0.871591832,0.885550026,0.001636371999999997,-0.012321821999999982,0.01395819399999998
phase_107,balanced_capacity,0.4,0.25,2026200007,30,0.84946635,0.817936724,0.853652818,0.004186467999999999,-0.03152962600000009,0.03571609400000009
phase_107,balanced_capacity,0.4,0.25,2026200007,90,0.804609,0.76604403,0.812029952,0.007420952000000036,-0.03856497000000003,0.04598592200000007
phase_107,balanced_capacity,0.4,0.25,2026200007,180,0.732210084,0.687053889,0.74657077,0.014360686000000067,-0.04515619500000001,0.05951688100000008
phase_107,balanced_capacity,0.4,0.25,2026200007,360,0.0,0.0,0.515249479,0.515249479,0.0,0.515249479
phase_107,balanced_capacity,0.4,0.25,2026200008,7,0.896162737,0.877127787,0.892256957,-0.003905780000000081,-0.019034949999999995,0.015129169999999914
phase_107,balanced_capacity,0.4,0.25,2026200008,30,0.883201247,0.837566832,0.874126654,-0.00907459300000002,-0.045634414999999984,0.036559821999999964
phase_107,balanced_capacity,0.4,0.25,2026200008,90,0.86027989,0.805482828,0.849613237,-0.010666653000000026,-0.05479706200000001,0.04413040899999998
phase_107,balanced_capacity,0.4,0.25,2026200008,180,0.825421057,0.764946606,0.814473079,-0.010947978000000025,-0.06047445100000004,0.049526473000000015
phase_107,balanced_capacity,0.4,0.25,2026200008,360,0.7423232,0.656326301,0.728443622,-0.013879577999999948,-0.08599689899999996,0.07211732100000001
phase_107,balanced_capacity,0.4,0.25,2026200009,7,0.0,0.0,0.0,0.0,0.0,0.0
phase_107,balanced_capacity,0.4,0.25,2026200009,30,0.0,0.0,0.0,0.0,0.0,0.0
phase_107,balanced_capacity,0.4,0.25,2026200009,90,0.0,0.0,0.0,0.0,0.0,0.0
phase_107,balanced_capacity,0.4,0.25,2026200009,180,0.0,0.0,0.0,0.0,0.0,0.0
phase_107,balanced_capacity,0.4,0.25,2026200009,360,0.0,0.0,0.0,0.0,0.0,0.0
phase_107,balanced_capacity,0.4,0.25,2026200010,7,0.0,0.0,0.0,0.0,0.0,0.0
phase_107,balanced_capacity,0.4,0.25,2026200010,30,0.0,0.0,0.0,0.0,0.0,0.0
phase_107,balanced_capacity,0.4,0.25,2026200010,90,0.0,0.0,0.0,0.0,0.0,0.0
phase_107,balanced_capacity,0.4,0.25,2026200010,180,0.0,0.0,0.0,0.0,0.0,0.0
phase_107,balanced_capacity,0.4,0.25,2026200010,360,0.0,0.0,0.0,0.0,0.0,0.0
phase_107,balanced_capacity,0.4,0.25,2026200011,7,0.893524131,0.883648157,0.895773897,0.002249765999999931,-0.009875974000000065,0.012125739999999996
phase_107,balanced_capacity,0.4,0.25,2026200011,30,0.878028361,0.856849038,0.885197922,0.007169560999999991,-0.021179323000000028,0.02834888400000002
phase_107,balanced_capacity,0.4,0.25,2026200011,90,0.861034473,0.837082167,0.870100194,0.009065721000000027,-0.02395230599999998,0.033018027000000005
phase_107,balanced_capacity,0.4,0.25,2026200011,180,0.834128145,0.812055527,0.847014438,0.012886292999999993,-0.022072617999999933,0.034958910999999926
phase_107,balanced_capacity,0.4,0.25,2026200011,360,0.776764514,0.756155684,0.796699708,0.01993519399999999,-0.020608830000000022,0.04054402400000001
phase_108,balanced_capacity,0.4,0.5,2026200000,7,0.0,0.873679949,0.888836128,0.888836128,0.873679949,0.015156178999999992
phase_108,balanced_capacity,0.4,0.5,2026200000,30,0.0,0.833288413,0.870708499,0.870708499,0.833288413,0.03742008600000002
phase_108,balanced_capacity,0.4,0.5,2026200000,90,0.0,0.81200856,0.85581118,0.85581118,0.81200856,0.043802620000000014
phase_108,balanced_capacity,0.4,0.5,2026200000,180,0.0,0.791158283,0.836380057,0.836380057,0.791158283,0.04522177399999994
phase_108,balanced_capacity,0.4,0.5,2026200000,360,0.0,0.749287325,0.798076277,0.798076277,0.749287325,0.048788952
phase_108,balanced_capacity,0.4,0.5,2026200001,7,0.0,0.0,0.0,0.0,0.0,0.0
phase_108,balanced_capacity,0.4,0.5,2026200001,30,0.0,0.0,0.0,0.0,0.0,0.0
phase_108,balanced_capacity,0.4,0.5,2026200001,90,0.0,0.0,0.0,0.0,0.0,0.0
phase_108,balanced_capacity,0.4,0.5,2026200001,180,0.0,0.0,0.0,0.0,0.0,0.0
phase_108,balanced_capacity,0.4,0.5,2026200001,360,0.0,0.0,0.0,0.0,0.0,0.0
phase_108,balanced_capacity,0.4,0.5,2026200002,7,0.885115984,0.870435144,0.890308923,0.005192938999999952,-0.014680840000000028,0.01987377899999998
phase_108,balanced_capacity,0.4,0.5,2026200002,30,0.85626858,0.818688665,0.86864415,0.012375570000000002,-0.03757991499999991,0.04995548499999991
phase_108,balanced_capacity,0.4,0.5,2026200002,90,0.832431738,0.788961768,0.848521504,0.016089766000000005,-0.04346997000000008,0.059559736000000085
phase_108,balanced_capacity,0.4,0.5,2026200002,180,0.804531556,0.759750001,0.823258974,0.018727417999999996,-0.04478155500000003,0.06350897300000002
phase_108,balanced_capacity,0.4,0.5,2026200002,360,0.735596317,0.692612997,0.768407259,0.0328109419999999,-0.04298332000000005,0.07579426199999995
phase_108,balanced_capacity,0.4,0.5,2026200003,7,0.873984914,0.826306257,0.866064846,-0.007920068000000002,-0.04767865699999996,0.039758588999999955
phase_108,balanced_capacity,0.4,0.5,2026200003,30,0.827319194,0.668069981,0.806210219,-0.021108974999999974,-0.15924921299999995,0.13814023799999997
phase_108,balanced_capacity,0.4,0.5,2026200003,90,0.78253404,0.499471631,0.754044723,-0.028489317000000014,-0.283062409,0.254573092
phase_108,balanced_capacity,0.4,0.5,2026200003,180,0.717309447,0.0,0.675746611,-0.04156283599999999,-0.717309447,0.675746611
phase_108,balanced_capacity,0.4,0.5,2026200003,360,0.447809534,0.0,0.0,-0.447809534,-0.447809534,0.0
phase_108,balanced_capacity,0.4,0.5,2026200004,7,0.891406252,0.866552126,0.89293586,0.0015296080000000156,-0.024854126000000032,0.026383734000000048
phase_108,balanced_capacity,0.4,0.5,2026200004,30,0.876798846,0.816549529,0.880999375,0.004200529000000008,-0.060249317000000024,0.06444984600000003
phase_108,balanced_capacity,0.4,0.5,2026200004,90,0.854513857,0.786779704,0.863482902,0.008969044999999953,-0.06773415300000007,0.07670319800000003
phase_108,balanced_capacity,0.4,0.5,2026200004,180,0.818874743,0.7547592,0.837866115,0.018991372000000006,-0.064115543,0.083106915
phase_108,balanced_capacity,0.4,0.5,2026200004,360,0.731424221,0.67728323,0.781270978,0.049846756999999964,-0.05414099100000003,0.10398774799999999
phase_108,balanced_capacity,0.4,0.5,2026200005,7,0.87760495,0.839357528,0.880356457,0.002751506999999931,-0.038247422000000086,0.04099892900000002
phase_108,balanced_capacity,0.4,0.5,2026200005,30,0.842364675,0.72509933,0.845605716,0.003241041,-0.11726534499999997,0.12050638599999997
phase_108,balanced_capacity,0.4,0.5,2026200005,90,0.812673184,0.610885888,0.797416177,-0.015257006999999989,-0.201787296,0.18653028900000002
phase_108,balanced_capacity,0.4,0.5,2026200005,180,0.770450492,0.0,0.708318522,-0.062131970000000036,-0.770450492,0.708318522
phase_108,balanced_capacity,0.4,0.5,2026200005,360,0.645452805,0.0,0.0,-0.645452805,-0.645452805,0.0
phase_108,balanced_capacity,0.4,0.5,2026200006,7,0.0,0.0,0.0,0.0,0.0,0.0
phase_108,balanced_capacity,0.4,0.5,2026200006,30,0.0,0.0,0.0,0.0,0.0,0.0
phase_108,balanced_capacity,0.4,0.5,2026200006,90,0.0,0.0,0.0,0.0,0.0,0.0
phase_108,balanced_capacity,0.4,0.5,2026200006,180,0.0,0.0,0.0,0.0,0.0,0.0
phase_108,balanced_capacity,0.4,0.5,2026200006,360,0.0,0.0,0.0,0.0,0.0,0.0
phase_108,balanced_capacity,0.4,0.5,2026200007,7,0.883913654,0.0,0.0,-0.883913654,-0.883913654,0.0
phase_108,balanced_capacity,0.4,0.5,2026200007,30,0.84946635,0.0,0.0,-0.84946635,-0.84946635,0.0
phase_108,balanced_capacity,0.4,0.5,2026200007,90,0.804609,0.0,0.0,-0.804609,-0.804609,0.0
phase_108,balanced_capacity,0.4,0.5,2026200007,180,0.732210084,0.0,0.0,-0.732210084,-0.732210084,0.0
phase_108,balanced_capacity,0.4,0.5,2026200007,360,0.0,0.0,0.0,0.0,0.0,0.0
phase_108,balanced_capacity,0.4,0.5,2026200008,7,0.896162737,0.866598333,0.89346133,-0.002701406999999989,-0.029564404000000044,0.026862997000000055
phase_108,balanced_capacity,0.4,0.5,2026200008,30,0.883201247,0.809441572,0.876607331,-0.006593916000000033,-0.07375967500000002,0.06716575899999999
phase_108,balanced_capacity,0.4,0.5,2026200008,90,0.86027989,0.772539092,0.854116459,-0.0061634310000000525,-0.08774079800000001,0.08157736699999996
phase_108,balanced_capacity,0.4,0.5,2026200008,180,0.825421057,0.729128683,0.82064911,-0.004771947000000054,-0.09629237400000001,0.09152042699999996
phase_108,balanced_capacity,0.4,0.5,2026200008,360,0.7423232,0.60899231,0.742785762,0.0004625620000000552,-0.13333088999999998,0.13379345200000003
phase_108,balanced_capacity,0.4,0.5,2026200009,7,0.0,0.0,0.0,0.0,0.0,0.0
phase_108,balanced_capacity,0.4,0.5,2026200009,30,0.0,0.0,0.0,0.0,0.0,0.0
phase_108,balanced_capacity,0.4,0.5,2026200009,90,0.0,0.0,0.0,0.0,0.0,0.0
phase_108,balanced_capacity,0.4,0.5,2026200009,180,0.0,0.0,0.0,0.0,0.0,0.0
phase_108,balanced_capacity,0.4,0.5,2026200009,360,0.0,0.0,0.0,0.0,0.0,0.0
phase_108,balanced_capacity,0.4,0.5,2026200010,7,0.0,0.0,0.0,0.0,0.0,0.0
phase_108,balanced_capacity,0.4,0.5,2026200010,30,0.0,0.0,0.0,0.0,0.0,0.0
phase_108,balanced_capacity,0.4,0.5,2026200010,90,0.0,0.0,0.0,0.0,0.0,0.0
phase_108,balanced_capacity,0.4,0.5,2026200010,180,0.0,0.0,0.0,0.0,0.0,0.0
phase_108,balanced_capacity,0.4,0.5,2026200010,360,0.0,0.0,0.0,0.0,0.0,0.0
phase_108,balanced_capacity,0.4,0.5,2026200011,7,0.893524131,0.874519765,0.896289356,0.0027652249999999823,-0.019004366000000106,0.021769591000000088
phase_108,balanced_capacity,0.4,0.5,2026200011,30,0.878028361,0.834293539,0.88655914,0.008530778999999988,-0.043734822000000007,0.052265600999999995
phase_108,balanced_capacity,0.4,0.5,2026200011,90,0.861034473,0.809363832,0.870747818,0.009713344999999984,-0.05167064100000007,0.06138398600000006
phase_108,balanced_capacity,0.4,0.5,2026200011,180,0.834128145,0.783222423,0.848141388,0.014013243000000064,-0.05090572199999999,0.06491896500000005
phase_108,balanced_capacity,0.4,0.5,2026200011,360,0.776764514,0.726531964,0.80130123,0.02453671599999996,-0.05023255000000004,0.074769266
phase_109,balanced_capacity,0.4,0.75,2026200000,7,0.0,0.867849337,0.88916368,0.88916368,0.867849337,0.021314343000000013
phase_109,balanced_capacity,0.4,0.75,2026200000,30,0.0,0.817217539,0.870912549,0.870912549,0.817217539,0.05369500999999999
phase_109,balanced_capacity,0.4,0.75,2026200000,90,0.0,0.791687519,0.854984533,0.854984533,0.791687519,0.06329701399999998
phase_109,balanced_capacity,0.4,0.75,2026200000,180,0.0,0.771354912,0.836590012,0.836590012,0.771354912,0.0652351000000001
phase_109,balanced_capacity,0.4,0.75,2026200000,360,0.0,0.728652895,0.798943449,0.798943449,0.728652895,0.07029055400000006
phase_109,balanced_capacity,0.4,0.75,2026200001,7,0.0,0.0,0.0,0.0,0.0,0.0
phase_109,balanced_capacity,0.4,0.75,2026200001,30,0.0,0.0,0.0,0.0,0.0,0.0
phase_109,balanced_capacity,0.4,0.75,2026200001,90,0.0,0.0,0.0,0.0,0.0,0.0
phase_109,balanced_capacity,0.4,0.75,2026200001,180,0.0,0.0,0.0,0.0,0.0,0.0
phase_109,balanced_capacity,0.4,0.75,2026200001,360,0.0,0.0,0.0,0.0,0.0,0.0
phase_109,balanced_capacity,0.4,0.75,2026200002,7,0.885115984,0.85932721,0.889502839,0.004386855000000023,-0.025788774000000014,0.030175629000000037
phase_109,balanced_capacity,0.4,0.75,2026200002,30,0.85626858,0.790489853,0.868688746,0.012420166000000066,-0.06577872699999998,0.07819889300000005
phase_109,balanced_capacity,0.4,0.75,2026200002,90,0.832431738,0.76254074,0.855191357,0.02275961900000001,-0.06989099799999998,0.09265061699999999
phase_109,balanced_capacity,0.4,0.75,2026200002,180,0.804531556,0.744431947,0.840886969,0.036355413,-0.060099609,0.096455022
phase_109,balanced_capacity,0.4,0.75,2026200002,360,0.735596317,0.704811681,0.810947853,0.075351536,-0.030784636000000032,0.10613617200000003
phase_109,balanced_capacity,0.4,0.75,2026200003,7,0.873984914,0.83753956,0.875689585,0.0017046710000000465,-0.03644535400000004,0.03815002500000009
phase_109,balanced_capacity,0.4,0.75,2026200003,30,0.827319194,0.717320484,0.832545514,0.0052263200000000065,-0.10999870999999994,0.11522502999999995
phase_109,balanced_capacity,0.4,0.75,2026200003,90,0.78253404,0.6560999,0.794523126,0.011989085999999927,-0.12643414000000008,0.138423226
phase_109,balanced_capacity,0.4,0.75,2026200003,180,0.717309447,0.517222877,0.746823145,0.029513698000000033,-0.20008656999999996,0.229600268
phase_109,balanced_capacity,0.4,0.75,2026200003,360,0.447809534,0.0,0.628348023,0.18053848900000002,-0.447809534,0.628348023
phase_109,balanced_capacity,0.4,0.75,2026200004,7,0.891406252,0.858525583,0.893612137,0.002205884999999963,-0.032880668999999974,0.035086553999999937
phase_109,balanced_capacity,0.4,0.75,2026200004,30,0.876798846,0.795440398,0.883355177,0.006556330999999971,-0.08135844800000003,0.087914779
phase_109,balanced_capacity,0.4,0.75,2026200004,90,0.854513857,0.762136306,0.867190181,0.012676323999999961,-0.092377551,0.10505387499999996
phase_109,balanced_capacity,0.4,0.75,2026200004,180,0.818874743,0.730605547,0.843660021,0.024785278000000077,-0.08826919599999994,0.11305447400000002
phase_109,balanced_capacity,0.4,0.75,2026200004,360,0.731424221,0.653314473,0.792282331,0.060858109999999965,-0.07810974800000003,0.138967858
phase_109,balanced_capacity,0.4,0.75,2026200005,7,0.87760495,0.83291426,0.883729316,0.006124365999999992,-0.04469069000000003,0.050815056000000025
phase_109,balanced_capacity,0.4,0.75,2026200005,30,0.842364675,0.699899725,0.853173345,0.010808669999999965,-0.14246495000000003,0.15327362
phase_109,balanced_capacity,0.4,0.75,2026200005,90,0.812673184,0.571898481,0.810764274,-0.0019089100000000414,-0.24077470300000003,0.238865793
phase_109,balanced_capacity,0.4,0.75,2026200005,180,0.770450492,0.0,0.743401085,-0.027049407000000025,-0.770450492,0.743401085
phase_109,balanced_capacity,0.4,0.75,2026200005,360,0.645452805,0.0,0.459950681,-0.18550212400000005,-0.645452805,0.459950681
phase_109,balanced_capacity,0.4,0.75,2026200006,7,0.0,0.0,0.0,0.0,0.0,0.0
phase_109,balanced_capacity,0.4,0.75,2026200006,30,0.0,0.0,0.0,0.0,0.0,0.0
phase_109,balanced_capacity,0.4,0.75,2026200006,90,0.0,0.0,0.0,0.0,0.0,0.0
phase_109,balanced_capacity,0.4,0.75,2026200006,180,0.0,0.0,0.0,0.0,0.0,0.0
phase_109,balanced_capacity,0.4,0.75,2026200006,360,0.0,0.0,0.0,0.0,0.0,0.0
phase_109,balanced_capacity,0.4,0.75,2026200007,7,0.883913654,0.866124168,0.894631007,0.010717352999999985,-0.017789485999999965,0.02850683899999995
phase_109,balanced_capacity,0.4,0.75,2026200007,30,0.84946635,0.807826673,0.87944454,0.029978190000000016,-0.04163967700000004,0.07161786700000006
phase_109,balanced_capacity,0.4,0.75,2026200007,90,0.804609,0.778843569,0.863789183,0.05918018299999994,-0.02576543100000006,0.084945614
phase_109,balanced_capacity,0.4,0.75,2026200007,180,0.732210084,0.747442125,0.83798713,0.10577704600000004,0.015232040999999974,0.09054500500000007
phase_109,balanced_capacity,0.4,0.75,2026200007,360,0.0,0.673625794,0.782190297,0.782190297,0.673625794,0.10856450299999998
phase_109,balanced_capacity,0.4,0.75,2026200008,7,0.896162737,0.858578742,0.894309303,-0.0018534340000000427,-0.03758399500000009,0.03573056100000005
phase_109,balanced_capacity,0.4,0.75,2026200008,30,0.883201247,0.787110941,0.878897376,-0.00430387100000007,-0.09609030600000001,0.09178643499999994
phase_109,balanced_capacity,0.4,0.75,2026200008,90,0.86027989,0.746389697,0.858305911,-0.00197397900000007,-0.11389019300000003,0.11191621399999996
phase_109,balanced_capacity,0.4,0.75,2026200008,180,0.825421057,0.703771264,0.828091889,0.0026708319999999564,-0.121649793,0.12432062499999996
phase_109,balanced_capacity,0.4,0.75,2026200008,360,0.7423232,0.584755542,0.760200722,0.017877522000000035,-0.15756765799999994,0.17544517999999998
phase_109,balanced_capacity,0.4,0.75,2026200009,7,0.0,0.0,0.0,0.0,0.0,0.0
phase_109,balanced_capacity,0.4,0.75,2026200009,30,0.0,0.0,0.0,0.0,0.0,0.0
phase_109,balanced_capacity,0.4,0.75,2026200009,90,0.0,0.0,0.0,0.0,0.0,0.0
phase_109,balanced_capacity,0.4,0.75,2026200009,180,0.0,0.0,0.0,0.0,0.0,0.0
phase_109,balanced_capacity,0.4,0.75,2026200009,360,0.0,0.0,0.0,0.0,0.0,0.0
phase_109,balanced_capacity,0.4,0.75,2026200010,7,0.0,0.0,0.0,0.0,0.0,0.0
phase_109,balanced_capacity,0.4,0.75,2026200010,30,0.0,0.0,0.0,0.0,0.0,0.0
phase_109,balanced_capacity,0.4,0.75,2026200010,90,0.0,0.0,0.0,0.0,0.0,0.0
phase_109,balanced_capacity,0.4,0.75,2026200010,180,0.0,0.0,0.0,0.0,0.0,0.0
phase_109,balanced_capacity,0.4,0.75,2026200010,360,0.0,0.0,0.0,0.0,0.0,0.0
phase_109,balanced_capacity,0.4,0.75,2026200011,7,0.893524131,0.865403046,0.894514031,0.000989899999999988,-0.0281210850000001,0.02911098500000009
phase_109,balanced_capacity,0.4,0.75,2026200011,30,0.878028361,0.811204861,0.883375326,0.005346964999999981,-0.06682350000000004,0.07217046500000002
phase_109,balanced_capacity,0.4,0.75,2026200011,90,0.861034473,0.78326348,0.868483887,0.0074494139999999875,-0.07777099300000001,0.085220407
phase_109,balanced_capacity,0.4,0.75,2026200011,180,0.834128145,0.756345855,0.846318748,0.012190602999999967,-0.07778229000000003,0.089972893
phase_109,balanced_capacity,0.4,0.75,2026200011,360,0.776764514,0.698438225,0.801554652,0.02479013799999996,-0.07832628900000005,0.10311642700000001
phase_110,balanced_capacity,0.4,1.0,2026200000,7,0.0,0.853514067,0.883264098,0.883264098,0.853514067,0.029750031000000066
phase_110,balanced_capacity,0.4,1.0,2026200000,30,0.0,0.776861429,0.856457924,0.856457924,0.776861429,0.07959649499999999
phase_110,balanced_capacity,0.4,1.0,2026200000,90,0.0,0.742808205,0.838437763,0.838437763,0.742808205,0.09562955799999995
phase_110,balanced_capacity,0.4,1.0,2026200000,180,0.0,0.720550497,0.820165797,0.820165797,0.720550497,0.09961530000000007
phase_110,balanced_capacity,0.4,1.0,2026200000,360,0.0,0.667449704,0.77904653,0.77904653,0.667449704,0.11159682599999998
phase_110,balanced_capacity,0.4,1.0,2026200001,7,0.0,0.0,0.0,0.0,0.0,0.0
phase_110,balanced_capacity,0.4,1.0,2026200001,30,0.0,0.0,0.0,0.0,0.0,0.0
phase_110,balanced_capacity,0.4,1.0,2026200001,90,0.0,0.0,0.0,0.0,0.0,0.0
phase_110,balanced_capacity,0.4,1.0,2026200001,180,0.0,0.0,0.0,0.0,0.0,0.0
phase_110,balanced_capacity,0.4,1.0,2026200001,360,0.0,0.0,0.0,0.0,0.0,0.0
phase_110,balanced_capacity,0.4,1.0,2026200002,7,0.885115984,0.853510954,0.890069314,0.004953329999999978,-0.031605030000000034,0.03655836000000001
phase_110,balanced_capacity,0.4,1.0,2026200002,30,0.85626858,0.772611203,0.869634164,0.013365584000000097,-0.08365737699999998,0.09702296100000007
phase_110,balanced_capacity,0.4,1.0,2026200002,90,0.832431738,0.741416254,0.857026272,0.024594534,-0.09101548400000004,0.11561001800000004
phase_110,balanced_capacity,0.4,1.0,2026200002,180,0.804531556,0.724323681,0.844174968,0.03964341199999999,-0.08020787500000004,0.11985128700000003
phase_110,balanced_capacity,0.4,1.0,2026200002,360,0.735596317,0.685296661,0.816248187,0.08065186999999996,-0.05029965600000008,0.13095152600000004
phase_110,balanced_capacity,0.4,1.0,2026200003,7,0.873984914,0.0,0.0,-0.873984914,-0.873984914,0.0
phase_110,balanced_capacity,0.4,1.0,2026200003,30,0.827319194,0.0,0.0,-0.827319194,-0.827319194,0.0
phase_110,balanced_capacity,0.4,1.0,2026200003,90,0.78253404,0.0,0.0,-0.78253404,-0.78253404,0.0
phase_110,balanced_capacity,0.4,1.0,2026200003,180,0.717309447,0.0,0.0,-0.717309447,-0.717309447,0.0
phase_110,balanced_capacity,0.4,1.0,2026200003,360,0.447809534,0.0,0.0,-0.447809534,-0.447809534,0.0
phase_110,balanced_capacity,0.4,1.0,2026200004,7,0.891406252,0.851811946,0.893977449,0.0025711969999999695,-0.039594306000000024,0.04216550299999999
phase_110,balanced_capacity,0.4,1.0,2026200004,30,0.876798846,0.775542198,0.88399817,0.007199324000000007,-0.101256648,0.10845597200000001
phase_110,balanced_capacity,0.4,1.0,2026200004,90,0.854513857,0.738331293,0.868725984,0.014212126999999963,-0.11618256400000004,0.130394691
phase_110,balanced_capacity,0.4,1.0,2026200004,180,0.818874743,0.70698734,0.846714487,0.027839744,-0.111887403,0.139727147
phase_110,balanced_capacity,0.4,1.0,2026200004,360,0.731424221,0.631224692,0.800262969,0.068838748,-0.10019952900000006,0.16903827700000007
phase_110,balanced_capacity,0.4,1.0,2026200005,7,0.87760495,0.825549272,0.884459085,0.0068541349999999834,-0.052055678000000105,0.05890981300000009
phase_110,balanced_capacity,0.4,1.0,2026200005,30,0.842364675,0.67158505,0.856181108,0.013816433000000017,-0.170779625,0.184596058
phase_110,balanced_capacity,0.4,1.0,2026200005,90,0.812673184,0.526400485,0.819817242,0.007144057999999953,-0.28627269899999996,0.2934167569999999
phase_110,balanced_capacity,0.4,1.0,2026200005,180,0.770450492,0.0,0.76371299,-0.006737502000000006,-0.770450492,0.76371299
phase_110,balanced_capacity,0.4,1.0,2026200005,360,0.645452805,0.0,0.585621751,-0.059831053999999995,-0.645452805,0.585621751
phase_110,balanced_capacity,0.4,1.0,2026200006,7,0.0,0.0,0.0,0.0,0.0,0.0
phase_110,balanced_capacity,0.4,1.0,2026200006,30,0.0,0.0,0.0,0.0,0.0,0.0
phase_110,balanced_capacity,0.4,1.0,2026200006,90,0.0,0.0,0.0,0.0,0.0,0.0
phase_110,balanced_capacity,0.4,1.0,2026200006,180,0.0,0.0,0.0,0.0,0.0,0.0
phase_110,balanced_capacity,0.4,1.0,2026200006,360,0.0,0.0,0.0,0.0,0.0,0.0
phase_110,balanced_capacity,0.4,1.0,2026200007,7,0.883913654,0.860477409,0.89575325,0.011839595999999952,-0.023436244999999967,0.03527584099999992
phase_110,balanced_capacity,0.4,1.0,2026200007,30,0.84946635,0.792103485,0.882367105,0.032900755000000004,-0.057362864999999985,0.09026361999999999
phase_110,balanced_capacity,0.4,1.0,2026200007,90,0.804609,0.757031838,0.865136962,0.06052796199999999,-0.04757716200000006,0.10810512400000005
phase_110,balanced_capacity,0.4,1.0,2026200007,180,0.732210084,0.725256288,0.840284516,0.108074432,-0.006953796000000012,0.11502822800000001
phase_110,balanced_capacity,0.4,1.0,2026200007,360,0.0,0.653383114,0.789549622,0.789549622,0.653383114,0.13616650799999996
phase_110,balanced_capacity,0.4,1.0,2026200008,7,0.896162737,0.852008031,0.89482163,-0.001341107000000008,-0.044154706000000044,0.042813599000000035
phase_110,balanced_capacity,0.4,1.0,2026200008,30,0.883201247,0.767433145,0.880206872,-0.0029943749999999936,-0.11576810199999998,0.11277372699999999
phase_110,balanced_capacity,0.4,1.0,2026200008,90,0.86027989,0.722216147,0.860598572,0.00031868199999995905,-0.13806374300000002,0.13838242499999998
phase_110,balanced_capacity,0.4,1.0,2026200008,180,0.825421057,0.681821455,0.833854327,0.008433269999999937,-0.143599602,0.15203287199999993
phase_110,balanced_capacity,0.4,1.0,2026200008,360,0.7423232,0.563168288,0.772566266,0.03024306600000004,-0.179154912,0.20939797800000004
phase_110,balanced_capacity,0.4,1.0,2026200009,7,0.0,0.0,0.0,0.0,0.0,0.0
phase_110,balanced_capacity,0.4,1.0,2026200009,30,0.0,0.0,0.0,0.0,0.0,0.0
phase_110,balanced_capacity,0.4,1.0,2026200009,90,0.0,0.0,0.0,0.0,0.0,0.0
phase_110,balanced_capacity,0.4,1.0,2026200009,180,0.0,0.0,0.0,0.0,0.0,0.0
phase_110,balanced_capacity,0.4,1.0,2026200009,360,0.0,0.0,0.0,0.0,0.0,0.0
phase_110,balanced_capacity,0.4,1.0,2026200010,7,0.0,0.0,0.0,0.0,0.0,0.0
phase_110,balanced_capacity,0.4,1.0,2026200010,30,0.0,0.0,0.0,0.0,0.0,0.0
phase_110,balanced_capacity,0.4,1.0,2026200010,90,0.0,0.0,0.0,0.0,0.0,0.0
phase_110,balanced_capacity,0.4,1.0,2026200010,180,0.0,0.0,0.0,0.0,0.0,0.0
phase_110,balanced_capacity,0.4,1.0,2026200010,360,0.0,0.0,0.0,0.0,0.0,0.0
phase_110,balanced_capacity,0.4,1.0,2026200011,7,0.893524131,0.859777567,0.895047658,0.0015235269999999135,-0.03374656400000009,0.035270091
phase_110,balanced_capacity,0.4,1.0,2026200011,30,0.878028361,0.795276051,0.884527857,0.0064994959999999935,-0.08275231000000005,0.08925180600000004
phase_110,balanced_capacity,0.4,1.0,2026200011,90,0.861034473,0.765493407,0.87114673,0.010112256999999958,-0.09554106600000001,0.10565332299999997
phase_110,balanced_capacity,0.4,1.0,2026200011,180,0.834128145,0.741723006,0.852212643,0.018084498000000004,-0.09240513900000003,0.11048963700000003
phase_110,balanced_capacity,0.4,1.0,2026200011,360,0.776764514,0.686148484,0.810780695,0.034016181000000034,-0.09061603000000007,0.1246322110000001
phase_111,balanced_capacity,0.4,1.5,2026200000,7,0.0,0.847679562,0.887640924,0.887640924,0.847679562,0.039961362
phase_111,balanced_capacity,0.4,1.5,2026200000,30,0.0,0.758678364,0.867111595,0.867111595,0.758678364,0.10843323100000002
phase_111,balanced_capacity,0.4,1.5,2026200000,90,0.0,0.720466069,0.851265829,0.851265829,0.720466069,0.13079976000000004
phase_111,balanced_capacity,0.4,1.5,2026200000,180,0.0,0.698597581,0.834147355,0.834147355,0.698597581,0.135549774
phase_111,balanced_capacity,0.4,1.5,2026200000,360,0.0,0.648067771,0.797260182,0.797260182,0.648067771,0.14919241100000002
phase_111,balanced_capacity,0.4,1.5,2026200001,7,0.0,0.0,0.0,0.0,0.0,0.0
phase_111,balanced_capacity,0.4,1.5,2026200001,30,0.0,0.0,0.0,0.0,0.0,0.0
phase_111,balanced_capacity,0.4,1.5,2026200001,90,0.0,0.0,0.0,0.0,0.0,0.0
phase_111,balanced_capacity,0.4,1.5,2026200001,180,0.0,0.0,0.0,0.0,0.0,0.0
phase_111,balanced_capacity,0.4,1.5,2026200001,360,0.0,0.0,0.0,0.0,0.0,0.0
phase_111,balanced_capacity,0.4,1.5,2026200002,7,0.885115984,0.845246248,0.891049152,0.005933167999999989,-0.03986973599999999,0.04580290399999998
phase_111,balanced_capacity,0.4,1.5,2026200002,30,0.85626858,0.746379276,0.872135522,0.01586694200000005,-0.10988930399999997,0.12575624600000002
phase_111,balanced_capacity,0.4,1.5,2026200002,90,0.832431738,0.708637635,0.860074699,0.027642960999999966,-0.12379410300000004,0.151437064
phase_111,balanced_capacity,0.4,1.5,2026200002,180,0.804531556,0.691521962,0.847904567,0.04337301100000002,-0.11300959399999999,0.156382605
phase_111,balanced_capacity,0.4,1.5,2026200002,360,0.735596317,0.655262309,0.823582948,0.08798663099999993,-0.08033400800000001,0.16832063899999994
phase_111,balanced_capacity,0.4,1.5,2026200003,7,0.873984914,0.825476117,0.875257218,0.0012723040000000019,-0.04850879699999999,0.049781100999999994
phase_111,balanced_capacity,0.4,1.5,2026200003,30,0.827319194,0.669315528,0.830922435,0.0036032409999999793,-0.15800366599999993,0.1616069069999999
phase_111,balanced_capacity,0.4,1.5,2026200003,90,0.78253404,0.573870422,0.800083172,0.017549131999999967,-0.208663618,0.22621274999999996
phase_111,balanced_capacity,0.4,1.5,2026200003,180,0.717309447,0.479552544,0.7665805,0.04927105300000001,-0.23775690299999996,0.287027956
phase_111,balanced_capacity,0.4,1.5,2026200003,360,0.447809534,0.0,0.691715715,0.24390618099999994,-0.447809534,0.691715715
phase_111,balanced_capacity,0.4,1.5,2026200004,7,0.891406252,0.841465132,0.894400445,0.002994193000000034,-0.04994112000000006,0.052935313000000095
phase_111,balanced_capacity,0.4,1.5,2026200004,30,0.876798846,0.743339837,0.885553229,0.008754382999999977,-0.13345900900000007,0.14221339200000005
phase_111,balanced_capacity,0.4,1.5,2026200004,90,0.854513857,0.698402075,0.871538614,0.017024756999999946,-0.1561117820000001,0.17313653900000003
phase_111,balanced_capacity,0.4,1.5,2026200004,180,0.818874743,0.667068092,0.851488599,0.032613856,-0.15180665100000001,0.184420507
phase_111,balanced_capacity,0.4,1.5,2026200004,360,0.731424221,0.593702103,0.811705752,0.0802815309999999,-0.137722118,0.2180036489999999
phase_111,balanced_capacity,0.4,1.5,2026200005,7,0.87760495,0.829077764,0.886311377,0.008706426999999906,-0.048527186000000055,0.05723361299999996
phase_111,balanced_capacity,0.4,1.5,2026200005,30,0.842364675,0.690151642,0.862230742,0.019866067000000043,-0.152213033,0.17207910000000004
phase_111,balanced_capacity,0.4,1.5,2026200005,90,0.812673184,0.595037373,0.832596227,0.01992304300000003,-0.21763581099999996,0.23755885399999999
phase_111,balanced_capacity,0.4,1.5,2026200005,180,0.770450492,0.467973462,0.791903695,0.021453202999999976,-0.30247703000000004,0.323930233
phase_111,balanced_capacity,0.4,1.5,2026200005,360,0.645452805,0.0,0.694237148,0.04878434300000001,-0.645452805,0.694237148
phase_111,balanced_capacity,0.4,1.5,2026200006,7,0.0,0.0,0.0,0.0,0.0,0.0
phase_111,balanced_capacity,0.4,1.5,2026200006,30,0.0,0.0,0.0,0.0,0.0,0.0
phase_111,balanced_capacity,0.4,1.5,2026200006,90,0.0,0.0,0.0,0.0,0.0,0.0
phase_111,balanced_capacity,0.4,1.5,2026200006,180,0.0,0.0,0.0,0.0,0.0,0.0
phase_111,balanced_capacity,0.4,1.5,2026200006,360,0.0,0.0,0.0,0.0,0.0,0.0
phase_111,balanced_capacity,0.4,1.5,2026200007,7,0.883913654,0.842645801,0.89432874,0.010415085999999962,-0.04126785300000002,0.05168293899999998
phase_111,balanced_capacity,0.4,1.5,2026200007,30,0.84946635,0.737844494,0.879881525,0.030415175000000017,-0.11162185600000007,0.1420370310000001
phase_111,balanced_capacity,0.4,1.5,2026200007,90,0.804609,0.687737562,0.8629353,0.05832629999999994,-0.116871438,0.17519773799999994
phase_111,balanced_capacity,0.4,1.5,2026200007,180,0.732210084,0.652865474,0.84118391,0.10897382600000005,-0.07934461000000004,0.1883184360000001
phase_111,balanced_capacity,0.4,1.5,2026200007,360,0.0,0.558318417,0.794054116,0.794054116,0.558318417,0.23573569900000002
phase_111,balanced_capacity,0.4,1.5,2026200008,7,0.896162737,0.849176045,0.895245417,-0.0009173199999999992,-0.04698669200000005,0.04606937200000005
phase_111,balanced_capacity,0.4,1.5,2026200008,30,0.883201247,0.759272877,0.882392687,-0.0008085600000000692,-0.12392837000000001,0.12311980999999994
phase_111,balanced_capacity,0.4,1.5,2026200008,90,0.86027989,0.715962486,0.865578276,0.005298385999999988,-0.14431740400000004,0.14961579000000003
phase_111,balanced_capacity,0.4,1.5,2026200008,180,0.825421057,0.68370922,0.842448771,0.017027714000000027,-0.141711837,0.15873955100000003
phase_111,balanced_capacity,0.4,1.5,2026200008,360,0.7423232,0.607899161,0.795360533,0.05303733300000002,-0.134424039,0.18746137200000001
phase_111,balanced_capacity,0.4,1.5,2026200009,7,0.0,0.0,0.0,0.0,0.0,0.0
phase_111,balanced_capacity,0.4,1.5,2026200009,30,0.0,0.0,0.0,0.0,0.0,0.0
phase_111,balanced_capacity,0.4,1.5,2026200009,90,0.0,0.0,0.0,0.0,0.0,0.0
phase_111,balanced_capacity,0.4,1.5,2026200009,180,0.0,0.0,0.0,0.0,0.0,0.0
phase_111,balanced_capacity,0.4,1.5,2026200009,360,0.0,0.0,0.0,0.0,0.0,0.0
phase_111,balanced_capacity,0.4,1.5,2026200010,7,0.0,0.0,0.0,0.0,0.0,0.0
phase_111,balanced_capacity,0.4,1.5,2026200010,30,0.0,0.0,0.0,0.0,0.0,0.0
phase_111,balanced_capacity,0.4,1.5,2026200010,90,0.0,0.0,0.0,0.0,0.0,0.0
phase_111,balanced_capacity,0.4,1.5,2026200010,180,0.0,0.0,0.0,0.0,0.0,0.0
phase_111,balanced_capacity,0.4,1.5,2026200010,360,0.0,0.0,0.0,0.0,0.0,0.0
phase_111,balanced_capacity,0.4,1.5,2026200011,7,0.893524131,0.842797512,0.895693132,0.0021690009999999482,-0.050726619000000084,0.05289562000000003
phase_111,balanced_capacity,0.4,1.5,2026200011,30,0.878028361,0.742198455,0.885427073,0.007398711999999974,-0.135829906,0.14322861799999997
phase_111,balanced_capacity,0.4,1.5,2026200011,90,0.861034473,0.698284259,0.872509263,0.011474789999999957,-0.162750214,0.17422500399999996
phase_111,balanced_capacity,0.4,1.5,2026200011,180,0.834128145,0.668219931,0.853356312,0.019228166999999963,-0.165908214,0.18513638099999996
phase_111,balanced_capacity,0.4,1.5,2026200011,360,0.776764514,0.597895846,0.815131916,0.038367401999999995,-0.178868668,0.21723607
phase_112,balanced_capacity,0.4,2.0,2026200000,7,0.0,0.844899145,0.880357076,0.880357076,0.844899145,0.035457931000000054
phase_112,balanced_capacity,0.4,2.0,2026200000,30,0.0,0.746356877,0.847802628,0.847802628,0.746356877,0.10144575099999997
phase_112,balanced_capacity,0.4,2.0,2026200000,90,0.0,0.703488569,0.827671734,0.827671734,0.703488569,0.12418316500000004
phase_112,balanced_capacity,0.4,2.0,2026200000,180,0.0,0.684124507,0.810732228,0.810732228,0.684124507,0.12660772099999995
phase_112,balanced_capacity,0.4,2.0,2026200000,360,0.0,0.642458457,0.77579157,0.77579157,0.642458457,0.13333311299999995
phase_112,balanced_capacity,0.4,2.0,2026200001,7,0.0,0.0,0.0,0.0,0.0,0.0
phase_112,balanced_capacity,0.4,2.0,2026200001,30,0.0,0.0,0.0,0.0,0.0,0.0
phase_112,balanced_capacity,0.4,2.0,2026200001,90,0.0,0.0,0.0,0.0,0.0,0.0
phase_112,balanced_capacity,0.4,2.0,2026200001,180,0.0,0.0,0.0,0.0,0.0,0.0
phase_112,balanced_capacity,0.4,2.0,2026200001,360,0.0,0.0,0.0,0.0,0.0,0.0
phase_112,balanced_capacity,0.4,2.0,2026200002,7,0.885115984,0.827934165,0.886962535,0.001846550999999974,-0.05718181899999997,0.05902836999999994
phase_112,balanced_capacity,0.4,2.0,2026200002,30,0.85626858,0.675276614,0.858800136,0.0025315560000001014,-0.1809919659999999,0.183523522
phase_112,balanced_capacity,0.4,2.0,2026200002,90,0.832431738,0.582155329,0.832125103,-0.00030663500000005506,-0.25027640900000003,0.24996977399999998
phase_112,balanced_capacity,0.4,2.0,2026200002,180,0.804531556,0.496341711,0.799707948,-0.004823608000000035,-0.308189845,0.303366237
phase_112,balanced_capacity,0.4,2.0,2026200002,360,0.735596317,0.0,0.726892684,-0.0087036330000001,-0.735596317,0.726892684
phase_112,balanced_capacity,0.4,2.0,2026200003,7,0.873984914,0.81886504,0.870985811,-0.0029991029999999474,-0.05511987399999996,0.05212077100000001
phase_112,balanced_capacity,0.4,2.0,2026200003,30,0.827319194,0.639224995,0.819535419,-0.007783774999999937,-0.18809419900000002,0.18031042400000008
phase_112,balanced_capacity,0.4,2.0,2026200003,90,0.78253404,0.524801726,0.788081453,0.0055474129999999455,-0.2577323140000001,0.263279727
phase_112,balanced_capacity,0.4,2.0,2026200003,180,0.717309447,0.460033189,0.758846754,0.04153730700000002,-0.257276258,0.298813565
phase_112,balanced_capacity,0.4,2.0,2026200003,360,0.447809534,0.0,0.691800081,0.243990547,-0.447809534,0.691800081
phase_112,balanced_capacity,0.4,2.0,2026200004,7,0.891406252,0.835004747,0.895167208,0.0037609560000000375,-0.05640150499999996,0.060162461
phase_112,balanced_capacity,0.4,2.0,2026200004,30,0.876798846,0.71996001,0.88697586,0.010177013999999929,-0.15683883600000004,0.16701584999999997
phase_112,balanced_capacity,0.4,2.0,2026200004,90,0.854513857,0.668991834,0.87427641,0.01976255299999996,-0.1855220230000001,0.20528457600000005
phase_112,balanced_capacity,0.4,2.0,2026200004,180,0.818874743,0.639118139,0.856018483,0.03714374000000009,-0.17975660399999993,0.21690034400000002
phase_112,balanced_capacity,0.4,2.0,2026200004,360,0.731424221,0.566973141,0.81922795,0.087803729,-0.16445108000000008,0.2522548090000001
phase_112,balanced_capacity,0.4,2.0,2026200005,7,0.87760495,0.0,0.0,-0.87760495,-0.87760495,0.0
phase_112,balanced_capacity,0.4,2.0,2026200005,30,0.842364675,0.0,0.0,-0.842364675,-0.842364675,0.0
phase_112,balanced_capacity,0.4,2.0,2026200005,90,0.812673184,0.0,0.0,-0.812673184,-0.812673184,0.0
phase_112,balanced_capacity,0.4,2.0,2026200005,180,0.770450492,0.0,0.0,-0.770450492,-0.770450492,0.0
phase_112,balanced_capacity,0.4,2.0,2026200005,360,0.645452805,0.0,0.0,-0.645452805,-0.645452805,0.0
phase_112,balanced_capacity,0.4,2.0,2026200006,7,0.0,0.840023731,0.895488135,0.895488135,0.840023731,0.05546440399999997
phase_112,balanced_capacity,0.4,2.0,2026200006,30,0.0,0.734871951,0.886483947,0.886483947,0.734871951,0.15161199599999997
phase_112,balanced_capacity,0.4,2.0,2026200006,90,0.0,0.686565569,0.872110423,0.872110423,0.686565569,0.18554485399999998
phase_112,balanced_capacity,0.4,2.0,2026200006,180,0.0,0.652874824,0.849432925,0.849432925,0.652874824,0.19655810100000004
phase_112,balanced_capacity,0.4,2.0,2026200006,360,0.0,0.573394618,0.804829952,0.804829952,0.573394618,0.23143533399999994
phase_112,balanced_capacity,0.4,2.0,2026200007,7,0.883913654,0.842492079,0.893086552,0.009172897999999985,-0.04142157499999999,0.05059447299999997
phase_112,balanced_capacity,0.4,2.0,2026200007,30,0.84946635,0.734325807,0.875758221,0.026291870999999967,-0.11514054299999998,0.14143241399999995
phase_112,balanced_capacity,0.4,2.0,2026200007,90,0.804609,0.68387559,0.858040168,0.05343116800000003,-0.12073341000000004,0.17416457800000007
phase_112,balanced_capacity,0.4,2.0,2026200007,180,0.732210084,0.653019818,0.836317352,0.10410726800000003,-0.07919026600000001,0.18329753400000004
phase_112,balanced_capacity,0.4,2.0,2026200007,360,0.0,0.580135348,0.792322918,0.792322918,0.580135348,0.21218757
phase_112,balanced_capacity,0.4,2.0,2026200008,7,0.896162737,0.84117577,0.894265231,-0.0018975060000000488,-0.05498696700000005,0.053089461000000004
phase_112,balanced_capacity,0.4,2.0,2026200008,30,0.883201247,0.732232482,0.880001708,-0.003199539000000029,-0.150968765,0.14776922599999998
phase_112,balanced_capacity,0.4,2.0,2026200008,90,0.86027989,0.68278192,0.8643678,0.004087909999999972,-0.17749797,0.18158587999999998
phase_112,balanced_capacity,0.4,2.0,2026200008,180,0.825421057,0.652330352,0.843603831,0.018182774000000013,-0.173090705,0.19127347900000002
phase_112,balanced_capacity,0.4,2.0,2026200008,360,0.7423232,0.57889765,0.800923062,0.058599862,-0.16342554999999992,0.22202541199999992
phase_112,balanced_capacity,0.4,2.0,2026200009,7,0.0,0.0,0.0,0.0,0.0,0.0
phase_112,balanced_capacity,0.4,2.0,2026200009,30,0.0,0.0,0.0,0.0,0.0,0.0
phase_112,balanced_capacity,0.4,2.0,2026200009,90,0.0,0.0,0.0,0.0,0.0,0.0
phase_112,balanced_capacity,0.4,2.0,2026200009,180,0.0,0.0,0.0,0.0,0.0,0.0
phase_112,balanced_capacity,0.4,2.0,2026200009,360,0.0,0.0,0.0,0.0,0.0,0.0
phase_112,balanced_capacity,0.4,2.0,2026200010,7,0.0,0.0,0.0,0.0,0.0,0.0
phase_112,balanced_capacity,0.4,2.0,2026200010,30,0.0,0.0,0.0,0.0,0.0,0.0
phase_112,balanced_capacity,0.4,2.0,2026200010,90,0.0,0.0,0.0,0.0,0.0,0.0
phase_112,balanced_capacity,0.4,2.0,2026200010,180,0.0,0.0,0.0,0.0,0.0,0.0
phase_112,balanced_capacity,0.4,2.0,2026200010,360,0.0,0.0,0.0,0.0,0.0,0.0
phase_112,balanced_capacity,0.4,2.0,2026200011,7,0.893524131,0.0,0.0,-0.893524131,-0.893524131,0.0
phase_112,balanced_capacity,0.4,2.0,2026200011,30,0.878028361,0.0,0.0,-0.878028361,-0.878028361,0.0
phase_112,balanced_capacity,0.4,2.0,2026200011,90,0.861034473,0.0,0.0,-0.861034473,-0.861034473,0.0
phase_112,balanced_capacity,0.4,2.0,2026200011,180,0.834128145,0.0,0.0,-0.834128145,-0.834128145,0.0
phase_112,balanced_capacity,0.4,2.0,2026200011,360,0.776764514,0.0,0.0,-0.776764514,-0.776764514,0.0
phase_114,balanced_capacity,0.55,0.25,2026200000,7,0.0,0.0,0.0,0.0,0.0,0.0
phase_114,balanced_capacity,0.55,0.25,2026200000,30,0.0,0.0,0.0,0.0,0.0,0.0
phase_114,balanced_capacity,0.55,0.25,2026200000,90,0.0,0.0,0.0,0.0,0.0,0.0
phase_114,balanced_capacity,0.55,0.25,2026200000,180,0.0,0.0,0.0,0.0,0.0,0.0
phase_114,balanced_capacity,0.55,0.25,2026200000,360,0.0,0.0,0.0,0.0,0.0,0.0
phase_114,balanced_capacity,0.55,0.25,2026200001,7,0.883052321,0.883657377,0.88582118,0.0027688590000000124,0.0006050560000000482,0.002163802999999964
phase_114,balanced_capacity,0.55,0.25,2026200001,30,0.84844667,0.849911934,0.855875799,0.007429129000000034,0.0014652640000000217,0.005963865000000013
phase_114,balanced_capacity,0.55,0.25,2026200001,90,0.824952633,0.826809585,0.834193281,0.009240648000000018,0.0018569520000000228,0.007383695999999995
phase_114,balanced_capacity,0.55,0.25,2026200001,180,0.808211913,0.809998742,0.817192187,0.00898027400000001,0.0017868290000000453,0.007193444999999965
phase_114,balanced_capacity,0.55,0.25,2026200001,360,0.776810425,0.778517704,0.78527698,0.008466555000000042,0.001707279000000006,0.006759276000000036
phase_114,balanced_capacity,0.55,0.25,2026200002,7,0.893491591,0.891832117,0.894232133,0.0007405420000000662,-0.0016594739999999941,0.0024000160000000603
phase_114,balanced_capacity,0.55,0.25,2026200002,30,0.871808917,0.867312275,0.87367158,0.0018626630000000421,-0.004496641999999995,0.006359305000000037
phase_114,balanced_capacity,0.55,0.25,2026200002,90,0.843022679,0.837531759,0.845250351,0.0022276719999999584,-0.005490920000000066,0.007718592000000024
phase_114,balanced_capacity,0.55,0.25,2026200002,180,0.807945899,0.803160222,0.810499127,0.0025532280000000185,-0.004785676999999988,0.007338905000000007
phase_114,balanced_capacity,0.55,0.25,2026200002,360,0.740555228,0.735790117,0.742402619,0.001847391000000087,-0.0047651109999999886,0.006612502000000076
phase_114,balanced_capacity,0.55,0.25,2026200003,7,0.881051039,0.884303474,0.886352973,0.005301934000000008,0.0032524349999999425,0.0020494990000000657
phase_114,balanced_capacity,0.55,0.25,2026200003,30,0.840520113,0.850404942,0.85607756,0.015557447000000058,0.009884829000000095,0.005672617999999963
phase_114,balanced_capacity,0.55,0.25,2026200003,90,0.808475018,0.823943831,0.830969467,0.022494448999999972,0.015468813000000026,0.007025635999999946
phase_114,balanced_capacity,0.55,0.25,2026200003,180,0.784261032,0.801868063,0.808639905,0.02437887300000008,0.01760703100000005,0.006771842000000028
phase_114,balanced_capacity,0.55,0.25,2026200003,360,0.736708323,0.761180617,0.767418224,0.03070990100000004,0.02447229399999995,0.006237607000000089
phase_114,balanced_capacity,0.55,0.25,2026200004,7,0.892102177,0.88956033,0.891841706,-0.00026047100000003987,-0.0025418470000000415,0.0022813760000000016
phase_114,balanced_capacity,0.55,0.25,2026200004,30,0.878088392,0.870996125,0.877010575,-0.001077816999999981,-0.0070922669999999854,0.0060144500000000045
phase_114,balanced_capacity,0.55,0.25,2026200004,90,0.861166884,0.852789751,0.860158485,-0.0010083989999999377,-0.008377132999999981,0.007368734000000043
phase_114,balanced_capacity,0.55,0.25,2026200004,180,0.841875736,0.833173188,0.840320969,-0.0015547670000000124,-0.008702548000000032,0.00714778100000002
phase_114,balanced_capacity,0.55,0.25,2026200004,360,0.804293414,0.796458838,0.803113803,-0.0011796109999999693,-0.007834576000000038,0.006654965000000068
phase_114,balanced_capacity,0.55,0.25,2026200005,7,0.893967401,0.888570828,0.891192758,-0.0027746430000000766,-0.005396573000000071,0.0026219299999999945
phase_114,balanced_capacity,0.55,0.25,2026200005,30,0.880338503,0.866801088,0.873672619,-0.006665884000000011,-0.013537415000000053,0.006871531000000042
phase_114,balanced_capacity,0.55,0.25,2026200005,90,0.86488038,0.84669694,0.855042845,-0.009837534999999953,-0.01818344000000005,0.008345905000000098
phase_114,balanced_capacity,0.55,0.25,2026200005,180,0.847576383,0.827185577,0.83531519,-0.012261193000000059,-0.020390806000000095,0.008129613000000036
phase_114,balanced_capacity,0.55,0.25,2026200005,360,0.811240192,0.788163778,0.795793379,-0.015446812999999948,-0.023076413999999934,0.007629600999999986
phase_114,balanced_capacity,0.55,0.25,2026200006,7,0.894015472,0.892027808,0.894596795,0.0005813230000000225,-0.0019876639999999446,0.002568986999999967
phase_114,balanced_capacity,0.55,0.25,2026200006,30,0.882581816,0.876214934,0.882853706,0.00027189000000005237,-0.006366882000000018,0.0066387720000000705
phase_114,balanced_capacity,0.55,0.25,2026200006,90,0.866539098,0.856304477,0.864344181,-0.002194916999999963,-0.010234620999999944,0.00803970399999998
phase_114,balanced_capacity,0.55,0.25,2026200006,180,0.842087016,0.833618136,0.84140578,-0.0006812360000000295,-0.008468880000000012,0.0077876439999999825
phase_114,balanced_capacity,0.55,0.25,2026200006,360,0.79735532,0.788601639,0.795826533,-0.0015287870000000314,-0.008753680999999958,0.007224893999999926
phase_114,balanced_capacity,0.55,0.25,2026200007,7,0.896566808,0.89276207,0.895191882,-0.0013749259999999985,-0.0038047380000000297,0.002429812000000031
phase_114,balanced_capacity,0.55,0.25,2026200007,30,0.884072604,0.873972094,0.880348935,-0.003723668999999985,-0.010100510000000007,0.006376841000000022
phase_114,balanced_capacity,0.55,0.25,2026200007,90,0.868891855,0.856583909,0.86436995,-0.004521904999999937,-0.012307945999999959,0.007786041000000021
phase_114,balanced_capacity,0.55,0.25,2026200007,180,0.850839169,0.838644132,0.846229469,-0.00460970000000005,-0.01219503700000002,0.00758533699999997
phase_114,balanced_capacity,0.55,0.25,2026200007,360,0.815837737,0.804587804,0.811711905,-0.0041258319999999404,-0.01124993299999999,0.007124101000000049
phase_114,balanced_capacity,0.55,0.25,2026200008,7,0.895078732,0.887660715,0.88982129,-0.005257442000000001,-0.007418016999999999,0.002160574999999998
phase_114,balanced_capacity,0.55,0.25,2026200008,30,0.881550784,0.858900992,0.864755667,-0.016795117000000026,-0.022649791999999946,0.00585467499999992
phase_114,balanced_capacity,0.55,0.25,2026200008,90,0.870208513,0.834718105,0.841929227,-0.02827928600000007,-0.03549040800000003,0.007211121999999959
phase_114,balanced_capacity,0.55,0.25,2026200008,180,0.860015943,0.81232741,0.819281779,-0.04073416399999996,-0.04768853299999998,0.006954369000000016
phase_114,balanced_capacity,0.55,0.25,2026200008,360,0.840299248,0.765876099,0.772228377,-0.06807087099999998,-0.07442314900000002,0.0063522780000000445
phase_114,balanced_capacity,0.55,0.25,2026200009,7,0.871713603,0.869641105,0.871321454,-0.0003921489999999528,-0.002072497999999978,0.0016803490000000254
phase_114,balanced_capacity,0.55,0.25,2026200009,30,0.810291482,0.803496863,0.80859656,-0.0016949219999999876,-0.006794619000000002,0.005099697000000014
phase_114,balanced_capacity,0.55,0.25,2026200009,90,0.760873469,0.752025129,0.75847073,-0.002402738999999987,-0.00884834000000001,0.006445601000000023
phase_114,balanced_capacity,0.55,0.25,2026200009,180,0.7223088,0.715282038,0.721304976,-0.0010038239999999865,-0.007026761999999964,0.006022937999999978
phase_114,balanced_capacity,0.55,0.25,2026200009,360,0.652319489,0.644389903,0.64964651,-0.0026729790000000753,-0.007929586000000044,0.005256606999999969
phase_114,balanced_capacity,0.55,0.25,2026200010,7,0.0,0.0,0.0,0.0,0.0,0.0
phase_114,balanced_capacity,0.55,0.25,2026200010,30,0.0,0.0,0.0,0.0,0.0,0.0
phase_114,balanced_capacity,0.55,0.25,2026200010,90,0.0,0.0,0.0,0.0,0.0,0.0
phase_114,balanced_capacity,0.55,0.25,2026200010,180,0.0,0.0,0.0,0.0,0.0,0.0
phase_114,balanced_capacity,0.55,0.25,2026200010,360,0.0,0.0,0.0,0.0,0.0,0.0
phase_114,balanced_capacity,0.55,0.25,2026200011,7,0.0,0.894550084,0.896786118,0.896786118,0.894550084,0.0022360339999999423
phase_114,balanced_capacity,0.55,0.25,2026200011,30,0.0,0.880165006,0.88598057,0.88598057,0.880165006,0.00581556399999994
phase_114,balanced_capacity,0.55,0.25,2026200011,90,0.0,0.862845027,0.869931637,0.869931637,0.862845027,0.007086609999999993
phase_114,balanced_capacity,0.55,0.25,2026200011,180,0.0,0.841253148,0.848085806,0.848085806,0.841253148,0.0068326580000001025
phase_114,balanced_capacity,0.55,0.25,2026200011,360,0.0,0.799246835,0.80551025,0.80551025,0.799246835,0.006263414999999939
phase_115,balanced_capacity,0.55,0.5,2026200000,7,0.0,0.0,0.0,0.0,0.0,0.0
phase_115,balanced_capacity,0.55,0.5,2026200000,30,0.0,0.0,0.0,0.0,0.0,0.0
phase_115,balanced_capacity,0.55,0.5,2026200000,90,0.0,0.0,0.0,0.0,0.0,0.0
phase_115,balanced_capacity,0.55,0.5,2026200000,180,0.0,0.0,0.0,0.0,0.0,0.0
phase_115,balanced_capacity,0.55,0.5,2026200000,360,0.0,0.0,0.0,0.0,0.0,0.0
phase_115,balanced_capacity,0.55,0.5,2026200001,7,0.883052321,0.0,0.0,-0.883052321,-0.883052321,0.0
phase_115,balanced_capacity,0.55,0.5,2026200001,30,0.84844667,0.0,0.0,-0.84844667,-0.84844667,0.0
phase_115,balanced_capacity,0.55,0.5,2026200001,90,0.824952633,0.0,0.0,-0.824952633,-0.824952633,0.0
phase_115,balanced_capacity,0.55,0.5,2026200001,180,0.808211913,0.0,0.0,-0.808211913,-0.808211913,0.0
phase_115,balanced_capacity,0.55,0.5,2026200001,360,0.776810425,0.0,0.0,-0.776810425,-0.776810425,0.0
phase_115,balanced_capacity,0.55,0.5,2026200002,7,0.893491591,0.888644536,0.893240866,-0.0002507250000000072,-0.0048470549999999335,0.004596329999999926
phase_115,balanced_capacity,0.55,0.5,2026200002,30,0.871808917,0.858467448,0.870808974,-0.0009999429999999476,-0.013341468999999995,0.012341526000000047
phase_115,balanced_capacity,0.55,0.5,2026200002,90,0.843022679,0.826348309,0.841389162,-0.0016335170000000288,-0.01667437000000005,0.01504085300000002
phase_115,balanced_capacity,0.55,0.5,2026200002,180,0.807945899,0.791999188,0.806268946,-0.0016769530000000366,-0.015946711000000002,0.014269757999999966
phase_115,balanced_capacity,0.55,0.5,2026200002,360,0.740555228,0.725871894,0.738683208,-0.0018720199999999743,-0.014683333999999992,0.012811314000000018
phase_115,balanced_capacity,0.55,0.5,2026200003,7,0.881051039,0.883218877,0.887306418,0.00625537899999995,0.0021678379999999775,0.004087540999999972
phase_115,balanced_capacity,0.55,0.5,2026200003,30,0.840520113,0.846582548,0.857904363,0.01738424999999999,0.006062435000000033,0.011321814999999957
phase_115,balanced_capacity,0.55,0.5,2026200003,90,0.808475018,0.816216064,0.830208038,0.021733019999999992,0.007741046000000029,0.013991973999999963
phase_115,balanced_capacity,0.55,0.5,2026200003,180,0.784261032,0.792049487,0.805486072,0.02122504000000003,0.0077884550000000274,0.013436585000000001
phase_115,balanced_capacity,0.55,0.5,2026200003,360,0.736708323,0.743995062,0.756205176,0.019496853000000036,0.0072867389999999865,0.01221011400000005
phase_115,balanced_capacity,0.55,0.5,2026200004,7,0.892102177,0.88740293,0.89186485,-0.0002373270000000094,-0.0046992470000000175,0.004461920000000008
phase_115,balanced_capacity,0.55,0.5,2026200004,30,0.878088392,0.864539911,0.876401629,-0.0016867630000000355,-0.013548480999999946,0.01186171799999991
phase_115,balanced_capacity,0.55,0.5,2026200004,90,0.861166884,0.844628201,0.859206288,-0.001960595999999981,-0.016538682999999943,0.014578086999999962
phase_115,balanced_capacity,0.55,0.5,2026200004,180,0.841875736,0.825047934,0.839183743,-0.0026919930000000036,-0.016827802000000003,0.014135809
phase_115,balanced_capacity,0.55,0.5,2026200004,360,0.804293414,0.78785631,0.800987809,-0.0033056049999999892,-0.01643710399999998,0.013131498999999991
phase_115,balanced_capacity,0.55,0.5,2026200005,7,0.893967401,0.88673984,0.891435746,-0.002531655000000077,-0.0072275610000001045,0.0046959060000000274
phase_115,balanced_capacity,0.55,0.5,2026200005,30,0.880338503,0.862386408,0.874862567,-0.00547593600000007,-0.017952095000000057,0.012476158999999987
phase_115,balanced_capacity,0.55,0.5,2026200005,90,0.86488038,0.842926801,0.858225528,-0.006654852000000044,-0.021953579000000056,0.015298727000000012
phase_115,balanced_capacity,0.55,0.5,2026200005,180,0.847576383,0.825290386,0.840192754,-0.007383629000000003,-0.022285997000000002,0.014902368
phase_115,balanced_capacity,0.55,0.5,2026200005,360,0.811240192,0.791774222,0.805759042,-0.005481149999999935,-0.019465969999999944,0.013984820000000009
phase_115,balanced_capacity,0.55,0.5,2026200006,7,0.894015472,0.0,0.0,-0.894015472,-0.894015472,0.0
phase_115,balanced_capacity,0.55,0.5,2026200006,30,0.882581816,0.0,0.0,-0.882581816,-0.882581816,0.0
phase_115,balanced_capacity,0.55,0.5,2026200006,90,0.866539098,0.0,0.0,-0.866539098,-0.866539098,0.0
phase_115,balanced_capacity,0.55,0.5,2026200006,180,0.842087016,0.0,0.0,-0.842087016,-0.842087016,0.0
phase_115,balanced_capacity,0.55,0.5,2026200006,360,0.79735532,0.0,0.0,-0.79735532,-0.79735532,0.0
phase_115,balanced_capacity,0.55,0.5,2026200007,7,0.896566808,0.889960276,0.894648169,-0.0019186389999999998,-0.006606531999999943,0.004687892999999943
phase_115,balanced_capacity,0.55,0.5,2026200007,30,0.884072604,0.866453025,0.878891063,-0.005181541000000012,-0.017619578999999996,0.012438037999999985
phase_115,balanced_capacity,0.55,0.5,2026200007,90,0.868891855,0.847083888,0.862326627,-0.006565228000000034,-0.021807966999999984,0.01524273899999995
phase_115,balanced_capacity,0.55,0.5,2026200007,180,0.850839169,0.829779614,0.844633508,-0.0062056609999999734,-0.021059555000000008,0.014853894000000034
phase_115,balanced_capacity,0.55,0.5,2026200007,360,0.815837737,0.795770708,0.809688662,-0.006149074999999948,-0.020067028999999903,0.013917953999999955
phase_115,balanced_capacity,0.55,0.5,2026200008,7,0.895078732,0.890243613,0.894765439,-0.00031329299999993676,-0.004835118999999999,0.004521826000000062
phase_115,balanced_capacity,0.55,0.5,2026200008,30,0.881550784,0.866652855,0.878675497,-0.0028752869999999486,-0.014897928999999976,0.012022642000000028
phase_115,balanced_capacity,0.55,0.5,2026200008,90,0.870208513,0.842578151,0.857273146,-0.012935366999999975,-0.02763036200000002,0.014694995000000044
phase_115,balanced_capacity,0.55,0.5,2026200008,180,0.860015943,0.819031852,0.833187921,-0.026828021999999896,-0.040984091,0.014156069000000104
phase_115,balanced_capacity,0.55,0.5,2026200008,360,0.840299248,0.775027951,0.788043286,-0.052255962000000045,-0.065271297,0.013015334999999961
phase_115,balanced_capacity,0.55,0.5,2026200009,7,0.871713603,0.867052574,0.870210795,-0.0015028080000000221,-0.004661028999999983,0.003158220999999961
phase_115,balanced_capacity,0.55,0.5,2026200009,30,0.810291482,0.793882762,0.803667426,-0.006624056000000045,-0.016408720000000043,0.009784663999999998
phase_115,balanced_capacity,0.55,0.5,2026200009,90,0.760873469,0.73721842,0.749673863,-0.011199605999999918,-0.023655048999999928,0.01245544300000001
phase_115,balanced_capacity,0.55,0.5,2026200009,180,0.7223088,0.701212202,0.712830659,-0.009478140999999995,-0.021096597999999966,0.011618456999999971
phase_115,balanced_capacity,0.55,0.5,2026200009,360,0.652319489,0.633182352,0.643294321,-0.009025168000000083,-0.019137137000000082,0.010111968999999998
phase_115,balanced_capacity,0.55,0.5,2026200010,7,0.0,0.0,0.0,0.0,0.0,0.0
phase_115,balanced_capacity,0.55,0.5,2026200010,30,0.0,0.0,0.0,0.0,0.0,0.0
phase_115,balanced_capacity,0.55,0.5,2026200010,90,0.0,0.0,0.0,0.0,0.0,0.0
phase_115,balanced_capacity,0.55,0.5,2026200010,180,0.0,0.0,0.0,0.0,0.0,0.0
phase_115,balanced_capacity,0.55,0.5,2026200010,360,0.0,0.0,0.0,0.0,0.0,0.0
phase_115,balanced_capacity,0.55,0.5,2026200011,7,0.0,0.0,0.0,0.0,0.0,0.0
phase_115,balanced_capacity,0.55,0.5,2026200011,30,0.0,0.0,0.0,0.0,0.0,0.0
phase_115,balanced_capacity,0.55,0.5,2026200011,90,0.0,0.0,0.0,0.0,0.0,0.0
phase_115,balanced_capacity,0.55,0.5,2026200011,180,0.0,0.0,0.0,0.0,0.0,0.0
phase_115,balanced_capacity,0.55,0.5,2026200011,360,0.0,0.0,0.0,0.0,0.0,0.0
phase_116,balanced_capacity,0.55,0.75,2026200000,7,0.0,0.0,0.0,0.0,0.0,0.0
phase_116,balanced_capacity,0.55,0.75,2026200000,30,0.0,0.0,0.0,0.0,0.0,0.0
phase_116,balanced_capacity,0.55,0.75,2026200000,90,0.0,0.0,0.0,0.0,0.0,0.0
phase_116,balanced_capacity,0.55,0.75,2026200000,180,0.0,0.0,0.0,0.0,0.0,0.0
phase_116,balanced_capacity,0.55,0.75,2026200000,360,0.0,0.0,0.0,0.0,0.0,0.0
phase_116,balanced_capacity,0.55,0.75,2026200001,7,0.883052321,0.0,0.0,-0.883052321,-0.883052321,0.0
phase_116,balanced_capacity,0.55,0.75,2026200001,30,0.84844667,0.0,0.0,-0.84844667,-0.84844667,0.0
phase_116,balanced_capacity,0.55,0.75,2026200001,90,0.824952633,0.0,0.0,-0.824952633,-0.824952633,0.0
phase_116,balanced_capacity,0.55,0.75,2026200001,180,0.808211913,0.0,0.0,-0.808211913,-0.808211913,0.0
phase_116,balanced_capacity,0.55,0.75,2026200001,360,0.776810425,0.0,0.0,-0.776810425,-0.776810425,0.0
phase_116,balanced_capacity,0.55,0.75,2026200002,7,0.893491591,0.886270685,0.892948554,-0.000543037000000024,-0.007220906000000027,0.006677869000000003
phase_116,balanced_capacity,0.55,0.75,2026200002,30,0.871808917,0.851704361,0.869801898,-0.0020070189999999988,-0.02010455599999994,0.01809753699999994
phase_116,balanced_capacity,0.55,0.75,2026200002,90,0.843022679,0.817531071,0.839689364,-0.0033333150000000034,-0.025491608000000054,0.02215829300000005
phase_116,balanced_capacity,0.55,0.75,2026200002,180,0.807945899,0.78303214,0.804013833,-0.003932066000000067,-0.024913759000000035,0.020981692999999968
phase_116,balanced_capacity,0.55,0.75,2026200002,360,0.740555228,0.717405646,0.736184441,-0.004370786999999932,-0.023149581999999946,0.018778795000000015
phase_116,balanced_capacity,0.55,0.75,2026200003,7,0.881051039,0.871417578,0.876371592,-0.004679447000000003,-0.009633461000000065,0.004954014000000062
phase_116,balanced_capacity,0.55,0.75,2026200003,30,0.840520113,0.810379445,0.825285596,-0.015234517000000003,-0.030140667999999926,0.014906150999999923
phase_116,balanced_capacity,0.55,0.75,2026200003,90,0.808475018,0.771228324,0.790284421,-0.01819059700000003,-0.037246694000000025,0.019056096999999994
phase_116,balanced_capacity,0.55,0.75,2026200003,180,0.784261032,0.751843891,0.770222133,-0.014038898999999994,-0.03241714099999993,0.018378241999999934
phase_116,balanced_capacity,0.55,0.75,2026200003,360,0.736708323,0.715888206,0.73278294,-0.0039253830000000045,-0.02082011699999997,0.016894733999999967
phase_116,balanced_capacity,0.55,0.75,2026200004,7,0.892102177,0.0,0.0,-0.892102177,-0.892102177,0.0
phase_116,balanced_capacity,0.55,0.75,2026200004,30,0.878088392,0.0,0.0,-0.878088392,-0.878088392,0.0
phase_116,balanced_capacity,0.55,0.75,2026200004,90,0.861166884,0.0,0.0,-0.861166884,-0.861166884,0.0
phase_116,balanced_capacity,0.55,0.75,2026200004,180,0.841875736,0.0,0.0,-0.841875736,-0.841875736,0.0
phase_116,balanced_capacity,0.55,0.75,2026200004,360,0.804293414,0.0,0.0,-0.804293414,-0.804293414,0.0
phase_116,balanced_capacity,0.55,0.75,2026200005,7,0.893967401,0.884112496,0.890969103,-0.002998298000000066,-0.00985490500000008,0.0068566070000000146
phase_116,balanced_capacity,0.55,0.75,2026200005,30,0.880338503,0.856458483,0.874828635,-0.005509868000000084,-0.023880020000000002,0.018370151999999917
phase_116,balanced_capacity,0.55,0.75,2026200005,90,0.86488038,0.832933123,0.855434152,-0.009446228000000056,-0.03194725700000001,0.02250102899999995
phase_116,balanced_capacity,0.55,0.75,2026200005,180,0.847576383,0.817170126,0.839156988,-0.008419394999999996,-0.030406256999999992,0.021986861999999996
phase_116,balanced_capacity,0.55,0.75,2026200005,360,0.811240192,0.779852558,0.800304026,-0.010936166000000025,-0.031387634,0.020451467999999973
phase_116,balanced_capacity,0.55,0.75,2026200006,7,0.894015472,0.0,0.0,-0.894015472,-0.894015472,0.0
phase_116,balanced_capacity,0.55,0.75,2026200006,30,0.882581816,0.0,0.0,-0.882581816,-0.882581816,0.0
phase_116,balanced_capacity,0.55,0.75,2026200006,90,0.866539098,0.0,0.0,-0.866539098,-0.866539098,0.0
phase_116,balanced_capacity,0.55,0.75,2026200006,180,0.842087016,0.0,0.0,-0.842087016,-0.842087016,0.0
phase_116,balanced_capacity,0.55,0.75,2026200006,360,0.79735532,0.0,0.0,-0.79735532,-0.79735532,0.0
phase_116,balanced_capacity,0.55,0.75,2026200007,7,0.896566808,0.88994739,0.897011531,0.0004447229999999802,-0.006619417999999988,0.007064140999999968
phase_116,balanced_capacity,0.55,0.75,2026200007,30,0.884072604,0.866523825,0.885190538,0.0011179340000000426,-0.01754877899999996,0.018666713
phase_116,balanced_capacity,0.55,0.75,2026200007,90,0.868891855,0.847179262,0.870055872,0.0011640170000000172,-0.021712592999999947,0.022876609999999964
phase_116,balanced_capacity,0.55,0.75,2026200007,180,0.850839169,0.829503266,0.851779625,0.0009404560000000339,-0.02133590299999999,0.022276359000000023
phase_116,balanced_capacity,0.55,0.75,2026200007,360,0.815837737,0.795434471,0.816294572,0.0004568350000000443,-0.020403265999999975,0.02086010100000002
phase_116,balanced_capacity,0.55,0.75,2026200008,7,0.895078732,0.88887236,0.895565332,0.0004866000000000037,-0.00620637199999996,0.006692971999999964
phase_116,balanced_capacity,0.55,0.75,2026200008,30,0.881550784,0.862311599,0.880161808,-0.0013889759999999862,-0.019239184999999992,0.017850209000000006
phase_116,balanced_capacity,0.55,0.75,2026200008,90,0.870208513,0.838590254,0.860514026,-0.009694486999999974,-0.03161825900000004,0.021923772000000064
phase_116,balanced_capacity,0.55,0.75,2026200008,180,0.860015943,0.814994082,0.836100639,-0.02391530399999997,-0.04502186099999994,0.02110655699999997
phase_116,balanced_capacity,0.55,0.75,2026200008,360,0.840299248,0.770070669,0.789414262,-0.05088498600000002,-0.07022857900000001,0.019343592999999992
phase_116,balanced_capacity,0.55,0.75,2026200009,7,0.871713603,0.868156963,0.873050718,0.0013371149999999998,-0.00355664,0.004893755
phase_116,balanced_capacity,0.55,0.75,2026200009,30,0.810291482,0.797602433,0.81252661,0.0022351280000000306,-0.012689049000000008,0.014924177000000038
phase_116,balanced_capacity,0.55,0.75,2026200009,90,0.760873469,0.742918637,0.761836954,0.0009634849999999862,-0.01795483199999992,0.018918316999999907
phase_116,balanced_capacity,0.55,0.75,2026200009,180,0.7223088,0.706370708,0.724014498,0.0017056979999999777,-0.01593809199999996,0.017643789999999937
phase_116,balanced_capacity,0.55,0.75,2026200009,360,0.652319489,0.637055509,0.652400703,8.121399999994061e-05,-0.015263980000000066,0.015345194000000006
phase_116,balanced_capacity,0.55,0.75,2026200010,7,0.0,0.0,0.0,0.0,0.0,0.0
phase_116,balanced_capacity,0.55,0.75,2026200010,30,0.0,0.0,0.0,0.0,0.0,0.0
phase_116,balanced_capacity,0.55,0.75,2026200010,90,0.0,0.0,0.0,0.0,0.0,0.0
phase_116,balanced_capacity,0.55,0.75,2026200010,180,0.0,0.0,0.0,0.0,0.0,0.0
phase_116,balanced_capacity,0.55,0.75,2026200010,360,0.0,0.0,0.0,0.0,0.0,0.0
phase_116,balanced_capacity,0.55,0.75,2026200011,7,0.0,0.0,0.0,0.0,0.0,0.0
phase_116,balanced_capacity,0.55,0.75,2026200011,30,0.0,0.0,0.0,0.0,0.0,0.0
phase_116,balanced_capacity,0.55,0.75,2026200011,90,0.0,0.0,0.0,0.0,0.0,0.0
phase_116,balanced_capacity,0.55,0.75,2026200011,180,0.0,0.0,0.0,0.0,0.0,0.0
phase_116,balanced_capacity,0.55,0.75,2026200011,360,0.0,0.0,0.0,0.0,0.0,0.0
phase_117,balanced_capacity,0.55,1.0,2026200000,7,0.0,0.867387106,0.872163481,0.872163481,0.867387106,0.004776374999999944
phase_117,balanced_capacity,0.55,1.0,2026200000,30,0.0,0.790517092,0.806070534,0.806070534,0.790517092,0.015553441999999973
phase_117,balanced_capacity,0.55,1.0,2026200000,90,0.0,0.737824556,0.758749321,0.758749321,0.737824556,0.020924765000000067
phase_117,balanced_capacity,0.55,1.0,2026200000,180,0.0,0.719112227,0.739192674,0.739192674,0.719112227,0.020080447
phase_117,balanced_capacity,0.55,1.0,2026200000,360,0.0,0.687282607,0.705527084,0.705527084,0.687282607,0.01824447699999998
phase_117,balanced_capacity,0.55,1.0,2026200001,7,0.883052321,0.0,0.0,-0.883052321,-0.883052321,0.0
phase_117,balanced_capacity,0.55,1.0,2026200001,30,0.84844667,0.0,0.0,-0.84844667,-0.84844667,0.0
phase_117,balanced_capacity,0.55,1.0,2026200001,90,0.824952633,0.0,0.0,-0.824952633,-0.824952633,0.0
phase_117,balanced_capacity,0.55,1.0,2026200001,180,0.808211913,0.0,0.0,-0.808211913,-0.808211913,0.0
phase_117,balanced_capacity,0.55,1.0,2026200001,360,0.776810425,0.0,0.0,-0.776810425,-0.776810425,0.0
phase_117,balanced_capacity,0.55,1.0,2026200002,7,0.893491591,0.88737569,0.896512983,0.003021392000000067,-0.006115900999999924,0.00913729299999999
phase_117,balanced_capacity,0.55,1.0,2026200002,30,0.871808917,0.857118971,0.881595117,0.009786200000000078,-0.014689945999999954,0.024476146000000032
phase_117,balanced_capacity,0.55,1.0,2026200002,90,0.843022679,0.832587054,0.862643712,0.019621032999999954,-0.01043562500000006,0.030056658000000014
phase_117,balanced_capacity,0.55,1.0,2026200002,180,0.807945899,0.811566249,0.84064562,0.03269972099999996,0.003620349999999939,0.02907937100000002
phase_117,balanced_capacity,0.55,1.0,2026200002,360,0.740555228,0.771320292,0.798225088,0.05766986000000007,0.03076506400000001,0.026904796000000064
phase_117,balanced_capacity,0.55,1.0,2026200003,7,0.881051039,0.879934143,0.887596834,0.006545794999999965,-0.0011168960000000894,0.007662691000000055
phase_117,balanced_capacity,0.55,1.0,2026200003,30,0.840520113,0.837657553,0.859220344,0.018700231000000067,-0.0028625599999999585,0.021562791000000026
phase_117,balanced_capacity,0.55,1.0,2026200003,90,0.808475018,0.807882389,0.834835669,0.026360650999999957,-0.0005926290000000112,0.02695327999999997
phase_117,balanced_capacity,0.55,1.0,2026200003,180,0.784261032,0.787496644,0.813501605,0.029240573000000047,0.003235611999999999,0.02600496100000005
phase_117,balanced_capacity,0.55,1.0,2026200003,360,0.736708323,0.749654436,0.773579234,0.03687091099999995,0.012946113000000037,0.023924797999999914
phase_117,balanced_capacity,0.55,1.0,2026200004,7,0.892102177,0.0,0.0,-0.892102177,-0.892102177,0.0
phase_117,balanced_capacity,0.55,1.0,2026200004,30,0.878088392,0.0,0.0,-0.878088392,-0.878088392,0.0
phase_117,balanced_capacity,0.55,1.0,2026200004,90,0.861166884,0.0,0.0,-0.861166884,-0.861166884,0.0
phase_117,balanced_capacity,0.55,1.0,2026200004,180,0.841875736,0.0,0.0,-0.841875736,-0.841875736,0.0
phase_117,balanced_capacity,0.55,1.0,2026200004,360,0.804293414,0.0,0.0,-0.804293414,-0.804293414,0.0
phase_117,balanced_capacity,0.55,1.0,2026200005,7,0.893967401,0.883502161,0.892490242,-0.0014771590000000057,-0.010465240000000042,0.008988081000000037
phase_117,balanced_capacity,0.55,1.0,2026200005,30,0.880338503,0.853342938,0.877438759,-0.0028997440000000374,-0.026995565,0.024095820999999962
phase_117,balanced_capacity,0.55,1.0,2026200005,90,0.86488038,0.830004205,0.859616033,-0.0052643470000000026,-0.034876174999999954,0.02961182799999995
phase_117,balanced_capacity,0.55,1.0,2026200005,180,0.847576383,0.809131912,0.837759179,-0.00981720400000008,-0.038444471000000036,0.028627266999999956
phase_117,balanced_capacity,0.55,1.0,2026200005,360,0.811240192,0.775286983,0.802046938,-0.009193253999999929,-0.035953208999999986,0.026759955000000057
phase_117,balanced_capacity,0.55,1.0,2026200006,7,0.894015472,0.0,0.0,-0.894015472,-0.894015472,0.0
phase_117,balanced_capacity,0.55,1.0,2026200006,30,0.882581816,0.0,0.0,-0.882581816,-0.882581816,0.0
phase_117,balanced_capacity,0.55,1.0,2026200006,90,0.866539098,0.0,0.0,-0.866539098,-0.866539098,0.0
phase_117,balanced_capacity,0.55,1.0,2026200006,180,0.842087016,0.0,0.0,-0.842087016,-0.842087016,0.0
phase_117,balanced_capacity,0.55,1.0,2026200006,360,0.79735532,0.0,0.0,-0.79735532,-0.79735532,0.0
phase_117,balanced_capacity,0.55,1.0,2026200007,7,0.896566808,0.889175043,0.897869532,0.0013027239999999773,-0.007391764999999939,0.008694488999999916
phase_117,balanced_capacity,0.55,1.0,2026200007,30,0.884072604,0.863985089,0.88716381,0.003091206000000013,-0.020087514999999945,0.023178720999999958
phase_117,balanced_capacity,0.55,1.0,2026200007,90,0.868891855,0.843582248,0.87218354,0.0032916849999999886,-0.025309606999999956,0.028601291999999945
phase_117,balanced_capacity,0.55,1.0,2026200007,180,0.850839169,0.825928998,0.853739831,0.002900661999999943,-0.024910171000000036,0.02781083299999998
phase_117,balanced_capacity,0.55,1.0,2026200007,360,0.815837737,0.791726961,0.817621114,0.001783377000000086,-0.024110776,0.025894153000000086
phase_117,balanced_capacity,0.55,1.0,2026200008,7,0.895078732,0.880917918,0.888729518,-0.006349213999999992,-0.014160814000000022,0.00781160000000003
phase_117,balanced_capacity,0.55,1.0,2026200008,30,0.881550784,0.840438308,0.862252992,-0.019297791999999925,-0.04111247600000001,0.021814684000000084
phase_117,balanced_capacity,0.55,1.0,2026200008,90,0.870208513,0.81013635,0.837276729,-0.032931783999999964,-0.06007216300000007,0.027140379000000103
phase_117,balanced_capacity,0.55,1.0,2026200008,180,0.860015943,0.787305505,0.813363849,-0.04665209399999992,-0.07271043799999999,0.026058344000000067
phase_117,balanced_capacity,0.55,1.0,2026200008,360,0.840299248,0.746033655,0.769856237,-0.07044301099999994,-0.09426559300000004,0.023822582000000092
phase_117,balanced_capacity,0.55,1.0,2026200009,7,0.871713603,0.86930384,0.876046902,0.004333299000000013,-0.0024097629999999537,0.006743061999999966
phase_117,balanced_capacity,0.55,1.0,2026200009,30,0.810291482,0.80195174,0.822209614,0.011918132000000026,-0.008339741999999983,0.02025787400000001
phase_117,balanced_capacity,0.55,1.0,2026200009,90,0.760873469,0.748229258,0.773725414,0.012851944999999976,-0.012644211000000016,0.025496155999999992
phase_117,balanced_capacity,0.55,1.0,2026200009,180,0.7223088,0.711407687,0.735181652,0.01287285199999999,-0.010901112999999962,0.023773964999999952
phase_117,balanced_capacity,0.55,1.0,2026200009,360,0.652319489,0.640636341,0.661267076,0.008947586999999979,-0.011683148000000032,0.02063073500000001
phase_117,balanced_capacity,0.55,1.0,2026200010,7,0.0,0.0,0.0,0.0,0.0,0.0
phase_117,balanced_capacity,0.55,1.0,2026200010,30,0.0,0.0,0.0,0.0,0.0,0.0
phase_117,balanced_capacity,0.55,1.0,2026200010,90,0.0,0.0,0.0,0.0,0.0,0.0
phase_117,balanced_capacity,0.55,1.0,2026200010,180,0.0,0.0,0.0,0.0,0.0,0.0
phase_117,balanced_capacity,0.55,1.0,2026200010,360,0.0,0.0,0.0,0.0,0.0,0.0
phase_117,balanced_capacity,0.55,1.0,2026200011,7,0.0,0.0,0.0,0.0,0.0,0.0
phase_117,balanced_capacity,0.55,1.0,2026200011,30,0.0,0.0,0.0,0.0,0.0,0.0
phase_117,balanced_capacity,0.55,1.0,2026200011,90,0.0,0.0,0.0,0.0,0.0,0.0
phase_117,balanced_capacity,0.55,1.0,2026200011,180,0.0,0.0,0.0,0.0,0.0,0.0
phase_117,balanced_capacity,0.55,1.0,2026200011,360,0.0,0.0,0.0,0.0,0.0,0.0
phase_118,balanced_capacity,0.55,1.5,2026200000,7,0.0,0.870569434,0.878659475,0.878659475,0.870569434,0.008090040999999992
phase_118,balanced_capacity,0.55,1.5,2026200000,30,0.0,0.81050317,0.835428074,0.835428074,0.81050317,0.024924903999999914
phase_118,balanced_capacity,0.55,1.5,2026200000,90,0.0,0.773969738,0.806979444,0.806979444,0.773969738,0.03300970599999997
phase_118,balanced_capacity,0.55,1.5,2026200000,180,0.0,0.763260959,0.795681382,0.795681382,0.763260959,0.03242042300000003
phase_118,balanced_capacity,0.55,1.5,2026200000,360,0.0,0.744497318,0.77516054,0.77516054,0.744497318,0.030663222000000045
phase_118,balanced_capacity,0.55,1.5,2026200001,7,0.883052321,0.0,0.0,-0.883052321,-0.883052321,0.0
phase_118,balanced_capacity,0.55,1.5,2026200001,30,0.84844667,0.0,0.0,-0.84844667,-0.84844667,0.0
phase_118,balanced_capacity,0.55,1.5,2026200001,90,0.824952633,0.0,0.0,-0.824952633,-0.824952633,0.0
phase_118,balanced_capacity,0.55,1.5,2026200001,180,0.808211913,0.0,0.0,-0.808211913,-0.808211913,0.0
phase_118,balanced_capacity,0.55,1.5,2026200001,360,0.776810425,0.0,0.0,-0.776810425,-0.776810425,0.0
phase_118,balanced_capacity,0.55,1.5,2026200002,7,0.893491591,0.885715091,0.898158635,0.004667044000000065,-0.007776499999999964,0.012443544000000029
phase_118,balanced_capacity,0.55,1.5,2026200002,30,0.871808917,0.851374198,0.88514048,0.013331563000000046,-0.020434718999999935,0.03376628199999998
phase_118,balanced_capacity,0.55,1.5,2026200002,90,0.843022679,0.824965658,0.866806253,0.023783573999999974,-0.018057021000000062,0.041840595000000036
phase_118,balanced_capacity,0.55,1.5,2026200002,180,0.807945899,0.803542831,0.843883978,0.03593807900000001,-0.00440306800000001,0.04034114700000002
phase_118,balanced_capacity,0.55,1.5,2026200002,360,0.740555228,0.762644756,0.799601024,0.05904579600000004,0.02208952800000008,0.03695626799999996
phase_118,balanced_capacity,0.55,1.5,2026200003,7,0.881051039,0.871485818,0.88134419,0.000293150999999936,-0.009565221000000013,0.009858371999999949
phase_118,balanced_capacity,0.55,1.5,2026200003,30,0.840520113,0.811045839,0.840380994,-0.00013911899999996535,-0.02947427399999991,0.029335154999999946
phase_118,balanced_capacity,0.55,1.5,2026200003,90,0.808475018,0.771434191,0.808810072,0.0003350540000000013,-0.037040827,0.037375881
phase_118,balanced_capacity,0.55,1.5,2026200003,180,0.784261032,0.75202315,0.788018306,0.0037572740000000326,-0.032237881999999995,0.03599515600000003
phase_118,balanced_capacity,0.55,1.5,2026200003,360,0.736708323,0.71613241,0.749072941,0.012364617999999994,-0.020575912999999946,0.03294053099999994
phase_118,balanced_capacity,0.55,1.5,2026200004,7,0.892102177,0.0,0.0,-0.892102177,-0.892102177,0.0
phase_118,balanced_capacity,0.55,1.5,2026200004,30,0.878088392,0.0,0.0,-0.878088392,-0.878088392,0.0
phase_118,balanced_capacity,0.55,1.5,2026200004,90,0.861166884,0.0,0.0,-0.861166884,-0.861166884,0.0
phase_118,balanced_capacity,0.55,1.5,2026200004,180,0.841875736,0.0,0.0,-0.841875736,-0.841875736,0.0
phase_118,balanced_capacity,0.55,1.5,2026200004,360,0.804293414,0.0,0.0,-0.804293414,-0.804293414,0.0
phase_118,balanced_capacity,0.55,1.5,2026200005,7,0.893967401,0.878437058,0.890908292,-0.00305910900000006,-0.015530343000000002,0.012471233999999942
phase_118,balanced_capacity,0.55,1.5,2026200005,30,0.880338503,0.83805308,0.872431404,-0.007907099000000084,-0.042285423000000044,0.03437832399999996
phase_118,balanced_capacity,0.55,1.5,2026200005,90,0.86488038,0.8106581,0.853340215,-0.011540164999999991,-0.054222279999999956,0.042682114999999965
phase_118,balanced_capacity,0.55,1.5,2026200005,180,0.847576383,0.792389433,0.83378618,-0.013790203000000001,-0.05518695000000007,0.04139674700000007
phase_118,balanced_capacity,0.55,1.5,2026200005,360,0.811240192,0.757212153,0.795605218,-0.015634974000000024,-0.05402803899999997,0.03839306499999995
phase_118,balanced_capacity,0.55,1.5,2026200006,7,0.894015472,0.0,0.0,-0.894015472,-0.894015472,0.0
phase_118,balanced_capacity,0.55,1.5,2026200006,30,0.882581816,0.0,0.0,-0.882581816,-0.882581816,0.0
phase_118,balanced_capacity,0.55,1.5,2026200006,90,0.866539098,0.0,0.0,-0.866539098,-0.866539098,0.0
phase_118,balanced_capacity,0.55,1.5,2026200006,180,0.842087016,0.0,0.0,-0.842087016,-0.842087016,0.0
phase_118,balanced_capacity,0.55,1.5,2026200006,360,0.79735532,0.0,0.0,-0.79735532,-0.79735532,0.0
phase_118,balanced_capacity,0.55,1.5,2026200007,7,0.896566808,0.885721387,0.898186303,0.0016194950000000263,-0.010845420999999966,0.012464915999999993
phase_118,balanced_capacity,0.55,1.5,2026200007,30,0.884072604,0.854102839,0.887765408,0.0036928040000000495,-0.029969765000000037,0.03366256900000009
phase_118,balanced_capacity,0.55,1.5,2026200007,90,0.868891855,0.830985724,0.872772798,0.00388094299999997,-0.037906130999999954,0.041787073999999924
phase_118,balanced_capacity,0.55,1.5,2026200007,180,0.850839169,0.813394696,0.853988401,0.0031492319999999463,-0.03744447299999998,0.040593704999999924
phase_118,balanced_capacity,0.55,1.5,2026200007,360,0.815837737,0.779847333,0.817564433,0.001726696000000083,-0.035990403999999976,0.03771710000000006
phase_118,balanced_capacity,0.55,1.5,2026200008,7,0.895078732,0.87723944,0.888347349,-0.00673138299999998,-0.017839292000000007,0.011107909000000027
phase_118,balanced_capacity,0.55,1.5,2026200008,30,0.881550784,0.829261696,0.860777592,-0.02077319199999994,-0.052289087999999984,0.03151589600000004
phase_118,balanced_capacity,0.55,1.5,2026200008,90,0.870208513,0.795411013,0.834903974,-0.03530453899999997,-0.07479750000000007,0.039492961000000104
phase_118,balanced_capacity,0.55,1.5,2026200008,180,0.860015943,0.772804899,0.810673973,-0.04934196999999996,-0.0872110439999999,0.03786907399999995
phase_118,balanced_capacity,0.55,1.5,2026200008,360,0.840299248,0.731127991,0.765551105,-0.07474814299999999,-0.10917125699999997,0.03442311399999998
phase_118,balanced_capacity,0.55,1.5,2026200009,7,0.871713603,0.840760722,0.862999058,-0.008714545000000018,-0.030952881000000043,0.022238336000000025
phase_118,balanced_capacity,0.55,1.5,2026200009,30,0.810291482,0.686278081,0.775415168,-0.03487631400000002,-0.12401340100000002,0.089137087
phase_118,balanced_capacity,0.55,1.5,2026200009,90,0.760873469,0.496107167,0.685986858,-0.07488661099999994,-0.26476630199999995,0.18987969100000002
phase_118,balanced_capacity,0.55,1.5,2026200009,180,0.7223088,0.0,0.602728929,-0.119579871,-0.7223088,0.602728929
phase_118,balanced_capacity,0.55,1.5,2026200009,360,0.652319489,0.0,0.0,-0.652319489,-0.652319489,0.0
phase_118,balanced_capacity,0.55,1.5,2026200010,7,0.0,0.0,0.0,0.0,0.0,0.0
phase_118,balanced_capacity,0.55,1.5,2026200010,30,0.0,0.0,0.0,0.0,0.0,0.0
phase_118,balanced_capacity,0.55,1.5,2026200010,90,0.0,0.0,0.0,0.0,0.0,0.0
phase_118,balanced_capacity,0.55,1.5,2026200010,180,0.0,0.0,0.0,0.0,0.0,0.0
phase_118,balanced_capacity,0.55,1.5,2026200010,360,0.0,0.0,0.0,0.0,0.0,0.0
phase_118,balanced_capacity,0.55,1.5,2026200011,7,0.0,0.0,0.0,0.0,0.0,0.0
phase_118,balanced_capacity,0.55,1.5,2026200011,30,0.0,0.0,0.0,0.0,0.0,0.0
phase_118,balanced_capacity,0.55,1.5,2026200011,90,0.0,0.0,0.0,0.0,0.0,0.0
phase_118,balanced_capacity,0.55,1.5,2026200011,180,0.0,0.0,0.0,0.0,0.0,0.0
phase_118,balanced_capacity,0.55,1.5,2026200011,360,0.0,0.0,0.0,0.0,0.0,0.0
phase_119,balanced_capacity,0.55,2.0,2026200000,7,0.0,0.870891877,0.883492221,0.883492221,0.870891877,0.012600343999999986
phase_119,balanced_capacity,0.55,2.0,2026200000,30,0.0,0.812091622,0.849242469,0.849242469,0.812091622,0.03715084700000004
phase_119,balanced_capacity,0.55,2.0,2026200000,90,0.0,0.768069736,0.815372222,0.815372222,0.768069736,0.04730248600000009
phase_119,balanced_capacity,0.55,2.0,2026200000,180,0.0,0.740307416,0.784911892,0.784911892,0.740307416,0.04460447599999995
phase_119,balanced_capacity,0.55,2.0,2026200000,360,0.0,0.688789029,0.727811612,0.727811612,0.688789029,0.039022582999999944
phase_119,balanced_capacity,0.55,2.0,2026200001,7,0.883052321,0.867361171,0.879939994,-0.0031123269999999703,-0.015691149999999987,0.012578823000000017
phase_119,balanced_capacity,0.55,2.0,2026200001,30,0.84844667,0.79715777,0.83520389,-0.01324278000000001,-0.05128889999999997,0.03804611999999996
phase_119,balanced_capacity,0.55,2.0,2026200001,90,0.824952633,0.746611981,0.795109334,-0.029843299000000045,-0.07834065199999996,0.04849735299999991
phase_119,balanced_capacity,0.55,2.0,2026200001,180,0.808211913,0.718521174,0.764272115,-0.04393979799999992,-0.08969073899999991,0.04575094099999999
phase_119,balanced_capacity,0.55,2.0,2026200001,360,0.776810425,0.664909175,0.705046266,-0.071764159,-0.11190124999999995,0.04013709099999996
phase_119,balanced_capacity,0.55,2.0,2026200002,7,0.893491591,0.882414934,0.898369977,0.004878386000000012,-0.011076656999999934,0.015955042999999947
phase_119,balanced_capacity,0.55,2.0,2026200002,30,0.871808917,0.842055781,0.885871372,0.01406245500000003,-0.029753135999999958,0.04381559099999999
phase_119,balanced_capacity,0.55,2.0,2026200002,90,0.843022679,0.812934675,0.867492918,0.024470238999999894,-0.030088004,0.054558242999999895
phase_119,balanced_capacity,0.55,2.0,2026200002,180,0.807945899,0.792854593,0.845263953,0.03731805399999999,-0.015091305999999971,0.05240935999999996
phase_119,balanced_capacity,0.55,2.0,2026200002,360,0.740555228,0.753591456,0.801567717,0.061012489,0.013036228000000039,0.047976260999999965
phase_119,balanced_capacity,0.55,2.0,2026200003,7,0.881051039,0.871823691,0.885103901,0.00405286199999999,-0.009227348000000024,0.013280210000000015
phase_119,balanced_capacity,0.55,2.0,2026200003,30,0.840520113,0.811416563,0.850518871,0.009998758000000052,-0.029103549999999978,0.03910230800000003
phase_119,balanced_capacity,0.55,2.0,2026200003,90,0.808475018,0.772750531,0.822598815,0.014123796999999993,-0.03572448699999997,0.049848283999999965
phase_119,balanced_capacity,0.55,2.0,2026200003,180,0.784261032,0.753462539,0.801478634,0.017217602,-0.030798492999999927,0.048016094999999925
phase_119,balanced_capacity,0.55,2.0,2026200003,360,0.736708323,0.717553917,0.761433201,0.024724878000000006,-0.019154405999999957,0.04387928399999996
phase_119,balanced_capacity,0.55,2.0,2026200004,7,0.892102177,0.0,0.0,-0.892102177,-0.892102177,0.0
phase_119,balanced_capacity,0.55,2.0,2026200004,30,0.878088392,0.0,0.0,-0.878088392,-0.878088392,0.0
phase_119,balanced_capacity,0.55,2.0,2026200004,90,0.861166884,0.0,0.0,-0.861166884,-0.861166884,0.0
phase_119,balanced_capacity,0.55,2.0,2026200004,180,0.841875736,0.0,0.0,-0.841875736,-0.841875736,0.0
phase_119,balanced_capacity,0.55,2.0,2026200004,360,0.804293414,0.0,0.0,-0.804293414,-0.804293414,0.0
phase_119,balanced_capacity,0.55,2.0,2026200005,7,0.893967401,0.0,0.0,-0.893967401,-0.893967401,0.0
phase_119,balanced_capacity,0.55,2.0,2026200005,30,0.880338503,0.0,0.0,-0.880338503,-0.880338503,0.0
phase_119,balanced_capacity,0.55,2.0,2026200005,90,0.86488038,0.0,0.0,-0.86488038,-0.86488038,0.0
phase_119,balanced_capacity,0.55,2.0,2026200005,180,0.847576383,0.0,0.0,-0.847576383,-0.847576383,0.0
phase_119,balanced_capacity,0.55,2.0,2026200005,360,0.811240192,0.0,0.0,-0.811240192,-0.811240192,0.0
phase_119,balanced_capacity,0.55,2.0,2026200006,7,0.894015472,0.874595924,0.889747804,-0.004267668000000002,-0.01941954800000001,0.015151880000000006
phase_119,balanced_capacity,0.55,2.0,2026200006,30,0.882581816,0.826940258,0.869508379,-0.013073436999999966,-0.055641557999999924,0.04256812099999996
phase_119,balanced_capacity,0.55,2.0,2026200006,90,0.866539098,0.793296371,0.84654794,-0.019991157999999953,-0.07324272700000001,0.053251569000000054
phase_119,balanced_capacity,0.55,2.0,2026200006,180,0.842087016,0.770023626,0.821040821,-0.021046195000000045,-0.07206339000000006,0.051017195000000015
phase_119,balanced_capacity,0.55,2.0,2026200006,360,0.79735532,0.727961698,0.774327843,-0.023027476999999963,-0.06939362199999999,0.046366145000000025
phase_119,balanced_capacity,0.55,2.0,2026200007,7,0.896566808,0.88210707,0.89811272,0.0015459119999999826,-0.014459738,0.016005649999999982
phase_119,balanced_capacity,0.55,2.0,2026200007,30,0.884072604,0.843557301,0.88734324,0.0032706359999999934,-0.04051530299999995,0.04378593899999994
phase_119,balanced_capacity,0.55,2.0,2026200007,90,0.868891855,0.81506993,0.869613657,0.0007218020000000491,-0.05382192499999994,0.054543726999999986
phase_119,balanced_capacity,0.55,2.0,2026200007,180,0.850839169,0.793149187,0.845632591,-0.005206578000000017,-0.05768998199999997,0.052483403999999956
phase_119,balanced_capacity,0.55,2.0,2026200007,360,0.815837737,0.751300105,0.799118244,-0.016719492999999974,-0.06453763199999996,0.04781813899999998
phase_119,balanced_capacity,0.55,2.0,2026200008,7,0.895078732,0.877774812,0.892368209,-0.0027105229999999647,-0.017303920000000028,0.014593397000000063
phase_119,balanced_capacity,0.55,2.0,2026200008,30,0.881550784,0.831723771,0.872927424,-0.008623359999999969,-0.04982701300000003,0.04120365300000006
phase_119,balanced_capacity,0.55,2.0,2026200008,90,0.870208513,0.803638975,0.855675719,-0.014532794000000071,-0.06656953799999998,0.05203674399999991
phase_119,balanced_capacity,0.55,2.0,2026200008,180,0.860015943,0.789681763,0.840480892,-0.01953505099999997,-0.07033417999999991,0.05079912899999994
phase_119,balanced_capacity,0.55,2.0,2026200008,360,0.840299248,0.763472994,0.811081937,-0.029217311000000024,-0.07682625399999998,0.04760894299999996
phase_119,balanced_capacity,0.55,2.0,2026200009,7,0.871713603,0.0,0.0,-0.871713603,-0.871713603,0.0
phase_119,balanced_capacity,0.55,2.0,2026200009,30,0.810291482,0.0,0.0,-0.810291482,-0.810291482,0.0
phase_119,balanced_capacity,0.55,2.0,2026200009,90,0.760873469,0.0,0.0,-0.760873469,-0.760873469,0.0
phase_119,balanced_capacity,0.55,2.0,2026200009,180,0.7223088,0.0,0.0,-0.7223088,-0.7223088,0.0
phase_119,balanced_capacity,0.55,2.0,2026200009,360,0.652319489,0.0,0.0,-0.652319489,-0.652319489,0.0
phase_119,balanced_capacity,0.55,2.0,2026200010,7,0.0,0.0,0.0,0.0,0.0,0.0
phase_119,balanced_capacity,0.55,2.0,2026200010,30,0.0,0.0,0.0,0.0,0.0,0.0
phase_119,balanced_capacity,0.55,2.0,2026200010,90,0.0,0.0,0.0,0.0,0.0,0.0
phase_119,balanced_capacity,0.55,2.0,2026200010,180,0.0,0.0,0.0,0.0,0.0,0.0
phase_119,balanced_capacity,0.55,2.0,2026200010,360,0.0,0.0,0.0,0.0,0.0,0.0
phase_119,balanced_capacity,0.55,2.0,2026200011,7,0.0,0.877686814,0.894607282,0.894607282,0.877686814,0.01692046799999991
phase_119,balanced_capacity,0.55,2.0,2026200011,30,0.0,0.830339549,0.876521888,0.876521888,0.830339549,0.04618233900000002
phase_119,balanced_capacity,0.55,2.0,2026200011,90,0.0,0.786570445,0.843108526,0.843108526,0.786570445,0.05653808100000002
phase_119,balanced_capacity,0.55,2.0,2026200011,180,0.0,0.744458365,0.797119264,0.797119264,0.744458365,0.05266089900000004
phase_119,balanced_capacity,0.55,2.0,2026200011,360,0.0,0.661599696,0.707411063,0.707411063,0.661599696,0.04581136699999999
phase_121,balanced_capacity,0.7,0.25,2026200000,7,0.889092328,0.900892164,0.900892288,0.011799959999999943,0.011799836000000008,1.2399999993473187e-07
phase_121,balanced_capacity,0.7,0.25,2026200000,30,0.871996581,0.896936268,0.878771894,0.006775313000000005,0.024939687000000044,-0.01816437400000004
phase_121,balanced_capacity,0.7,0.25,2026200000,90,0.776358925,0.829634183,0.832684226,0.056325300999999994,0.05327525799999999,0.0030500430000000023
phase_121,balanced_capacity,0.7,0.25,2026200000,180,0.723694224,0.722986485,0.724037248,0.0003430239999999696,-0.000707739000000096,0.0010507630000000656
phase_121,balanced_capacity,0.7,0.25,2026200000,360,0.725643813,0.720799621,0.720893793,-0.0047500200000000214,-0.00484419200000008,9.417200000005899e-05
phase_121,balanced_capacity,0.7,0.25,2026200001,7,0.0,0.86895426,0.869166035,0.869166035,0.86895426,0.00021177500000002514
phase_121,balanced_capacity,0.7,0.25,2026200001,30,0.0,0.776837653,0.778546864,0.778546864,0.776837653,0.0017092109999999883
phase_121,balanced_capacity,0.7,0.25,2026200001,90,0.0,0.696738217,0.699459459,0.699459459,0.696738217,0.0027212419999999016
phase_121,balanced_capacity,0.7,0.25,2026200001,180,0.0,0.652842987,0.656028344,0.656028344,0.652842987,0.0031853569999999998
phase_121,balanced_capacity,0.7,0.25,2026200001,360,0.0,0.581163515,0.583400579,0.583400579,0.581163515,0.002237064000000011
phase_121,balanced_capacity,0.7,0.25,2026200002,7,0.897036657,0.898716423,0.899978291,0.0029416340000000263,0.0016797659999999714,0.0012618680000000548
phase_121,balanced_capacity,0.7,0.25,2026200002,30,0.879030999,0.886401984,0.889951236,0.010920237,0.007370984999999997,0.0035492520000000027
phase_121,balanced_capacity,0.7,0.25,2026200002,90,0.84661464,0.86135291,0.86594996,0.019335320000000045,0.014738270000000053,0.004597049999999991
phase_121,balanced_capacity,0.7,0.25,2026200002,180,0.805213193,0.830025114,0.834280582,0.029067388999999944,0.02481192099999996,0.0042554679999999845
phase_121,balanced_capacity,0.7,0.25,2026200002,360,0.729047005,0.767471469,0.770853179,0.041806174000000085,0.03842446399999999,0.0033817100000000933
phase_121,balanced_capacity,0.7,0.25,2026200003,7,0.869471767,0.90287463,0.902874703,0.033402935999999994,0.03340286300000006,7.299999993382045e-08
phase_121,balanced_capacity,0.7,0.25,2026200003,30,0.824215198,0.797791363,0.799154022,-0.02506117600000002,-0.026423835000000007,0.0013626589999999883
phase_121,balanced_capacity,0.7,0.25,2026200003,90,0.726060662,0.0,0.0,-0.726060662,-0.726060662,0.0
phase_121,balanced_capacity,0.7,0.25,2026200003,180,0.701651304,0.0,0.0,-0.701651304,-0.701651304,0.0
phase_121,balanced_capacity,0.7,0.25,2026200003,360,0.6614406,0.0,0.0,-0.6614406,-0.6614406,0.0
phase_121,balanced_capacity,0.7,0.25,2026200004,7,0.0,0.0,0.0,0.0,0.0,0.0
phase_121,balanced_capacity,0.7,0.25,2026200004,30,0.0,0.0,0.0,0.0,0.0,0.0
phase_121,balanced_capacity,0.7,0.25,2026200004,90,0.0,0.0,0.0,0.0,0.0,0.0
phase_121,balanced_capacity,0.7,0.25,2026200004,180,0.0,0.0,0.0,0.0,0.0,0.0
phase_121,balanced_capacity,0.7,0.25,2026200004,360,0.0,0.0,0.0,0.0,0.0,0.0
phase_121,balanced_capacity,0.7,0.25,2026200005,7,0.892209769,0.891959431,0.893125174,0.0009154049999999803,-0.0002503380000000721,0.0011657430000000524
phase_121,balanced_capacity,0.7,0.25,2026200005,30,0.876046382,0.874703541,0.878024735,0.0019783530000000438,-0.001342840999999928,0.0033211939999999718
phase_121,balanced_capacity,0.7,0.25,2026200005,90,0.851698221,0.849602908,0.853960147,0.0022619259999999697,-0.0020953129999999875,0.004357238999999957
phase_121,balanced_capacity,0.7,0.25,2026200005,180,0.82372441,0.821292505,0.825348461,0.0016240510000000707,-0.002431905000000012,0.004055956000000083
phase_121,balanced_capacity,0.7,0.25,2026200005,360,0.770935122,0.767831698,0.771135759,0.000200636999999948,-0.003103424000000077,0.003304061000000025
phase_121,balanced_capacity,0.7,0.25,2026200006,7,0.866486285,0.0,0.0,-0.866486285,-0.866486285,0.0
phase_121,balanced_capacity,0.7,0.25,2026200006,30,0.842721903,0.0,0.0,-0.842721903,-0.842721903,0.0
phase_121,balanced_capacity,0.7,0.25,2026200006,90,0.810997135,0.0,0.0,-0.810997135,-0.810997135,0.0
phase_121,balanced_capacity,0.7,0.25,2026200006,180,0.775980155,0.0,0.0,-0.775980155,-0.775980155,0.0
phase_121,balanced_capacity,0.7,0.25,2026200006,360,0.71270943,0.0,0.0,-0.71270943,-0.71270943,0.0
phase_121,balanced_capacity,0.7,0.25,2026200007,7,0.898668331,0.898278348,0.899520428,0.0008520969999999961,-0.00038998300000003816,0.0012420800000000343
phase_121,balanced_capacity,0.7,0.25,2026200007,30,0.885941931,0.883631486,0.887114145,0.0011722140000000048,-0.0023104449999999943,0.003482658999999999
phase_121,balanced_capacity,0.7,0.25,2026200007,90,0.860604886,0.857517442,0.86203919,0.0014343039999999974,-0.0030874439999999392,0.004521747999999937
phase_121,balanced_capacity,0.7,0.25,2026200007,180,0.82093007,0.821243678,0.825365013,0.0044349430000000245,0.00031360800000002076,0.004121335000000004
phase_121,balanced_capacity,0.7,0.25,2026200007,360,0.75247647,0.752192479,0.755373124,0.002896654000000054,-0.00028399099999998345,0.0031806450000000375
phase_121,balanced_capacity,0.7,0.25,2026200008,7,0.894655183,0.894272164,0.895454172,0.0007989889999999722,-0.00038301900000003997,0.0011820080000000122
phase_121,balanced_capacity,0.7,0.25,2026200008,30,0.874181232,0.873155007,0.876495838,0.002314605999999997,-0.0010262249999999362,0.003340830999999933
phase_121,balanced_capacity,0.7,0.25,2026200008,90,0.836961238,0.835944253,0.840196286,0.0032350479999999626,-0.0010169850000000258,0.004252032999999988
phase_121,balanced_capacity,0.7,0.25,2026200008,180,0.79075564,0.789625812,0.79334443,0.0025887900000000075,-0.0011298279999999439,0.0037186179999999514
phase_121,balanced_capacity,0.7,0.25,2026200008,360,0.704706404,0.704329494,0.706928615,0.002222211000000085,-0.00037690999999995256,0.0025991210000000375
phase_121,balanced_capacity,0.7,0.25,2026200009,7,0.0,0.894269344,0.894481984,0.894481984,0.894269344,0.00021263999999998617
phase_121,balanced_capacity,0.7,0.25,2026200009,30,0.0,0.857843216,0.859029486,0.859029486,0.857843216,0.0011862699999999338
phase_121,balanced_capacity,0.7,0.25,2026200009,90,0.0,0.722140426,0.724138986,0.724138986,0.722140426,0.0019985600000000936
phase_121,balanced_capacity,0.7,0.25,2026200009,180,0.0,0.675028347,0.678460119,0.678460119,0.675028347,0.0034317719999999996
phase_121,balanced_capacity,0.7,0.25,2026200009,360,0.0,0.609097903,0.611647498,0.611647498,0.609097903,0.00254959499999996
phase_121,balanced_capacity,0.7,0.25,2026200010,7,0.0,0.0,0.0,0.0,0.0,0.0
phase_121,balanced_capacity,0.7,0.25,2026200010,30,0.0,0.0,0.0,0.0,0.0,0.0
phase_121,balanced_capacity,0.7,0.25,2026200010,90,0.0,0.0,0.0,0.0,0.0,0.0
phase_121,balanced_capacity,0.7,0.25,2026200010,180,0.0,0.0,0.0,0.0,0.0,0.0
phase_121,balanced_capacity,0.7,0.25,2026200010,360,0.0,0.0,0.0,0.0,0.0,0.0
phase_121,balanced_capacity,0.7,0.25,2026200011,7,0.897190553,0.89632073,0.897575921,0.00038536800000010807,-0.0008698229999999363,0.0012551910000000444
phase_121,balanced_capacity,0.7,0.25,2026200011,30,0.883797755,0.884813882,0.888341538,0.0045437830000000234,0.0010161269999999778,0.0035276560000000456
phase_121,balanced_capacity,0.7,0.25,2026200011,90,0.858147406,0.861272664,0.865856299,0.0077088930000001055,0.003125258000000075,0.00458363500000003
phase_121,balanced_capacity,0.7,0.25,2026200011,180,0.82427455,0.832121747,0.836395341,0.012120790999999964,0.007847196999999917,0.004273594000000047
phase_121,balanced_capacity,0.7,0.25,2026200011,360,0.758858516,0.779441374,0.782972628,0.02411411200000002,0.020582858000000037,0.0035312539999999837
phase_122,balanced_capacity,0.7,0.5,2026200000,7,0.889092328,0.900875196,0.900875369,0.011783040999999939,0.011782867999999946,1.7299999999220717e-07
phase_122,balanced_capacity,0.7,0.5,2026200000,30,0.871996581,0.873733281,0.875224913,0.003228332000000056,0.0017367000000000354,0.0014916320000000205
phase_122,balanced_capacity,0.7,0.5,2026200000,90,0.776358925,0.0,0.0,-0.776358925,-0.776358925,0.0
phase_122,balanced_capacity,0.7,0.5,2026200000,180,0.723694224,0.0,0.0,-0.723694224,-0.723694224,0.0
phase_122,balanced_capacity,0.7,0.5,2026200000,360,0.725643813,0.0,0.0,-0.725643813,-0.725643813,0.0
phase_122,balanced_capacity,0.7,0.5,2026200001,7,0.0,0.870728998,0.871174515,0.871174515,0.870728998,0.00044551699999995087
phase_122,balanced_capacity,0.7,0.5,2026200001,30,0.0,0.828542769,0.83115925,0.83115925,0.828542769,0.002616481000000004
phase_122,balanced_capacity,0.7,0.5,2026200001,90,0.0,0.707890539,0.713570283,0.713570283,0.707890539,0.005679744000000042
phase_122,balanced_capacity,0.7,0.5,2026200001,180,0.0,0.662863313,0.669727671,0.669727671,0.662863313,0.006864357999999959
phase_122,balanced_capacity,0.7,0.5,2026200001,360,0.0,0.5925849,0.597538527,0.597538527,0.5925849,0.004953627000000016
phase_122,balanced_capacity,0.7,0.5,2026200002,7,0.897036657,0.897722122,0.900220424,0.003183767000000004,0.0006854649999999962,0.002498302000000008
phase_122,balanced_capacity,0.7,0.5,2026200002,30,0.879030999,0.883424371,0.890468627,0.011437627999999922,0.0043933720000000065,0.0070442559999999155
phase_122,balanced_capacity,0.7,0.5,2026200002,90,0.84661464,0.857776506,0.866932364,0.02031772399999998,0.01116186600000002,0.009155857999999961
phase_122,balanced_capacity,0.7,0.5,2026200002,180,0.805213193,0.825403388,0.833846109,0.028632915999999953,0.020190194999999966,0.008442720999999986
phase_122,balanced_capacity,0.7,0.5,2026200002,360,0.729047005,0.763733954,0.770446302,0.041399297,0.03468694900000002,0.006712347999999979
phase_122,balanced_capacity,0.7,0.5,2026200003,7,0.869471767,0.890004068,0.890441711,0.020969944000000074,0.02053230100000003,0.0004376430000000431
phase_122,balanced_capacity,0.7,0.5,2026200003,30,0.824215198,0.727473419,0.735140586,-0.089074612,-0.09674177900000003,0.00766716700000003
phase_122,balanced_capacity,0.7,0.5,2026200003,90,0.726060662,0.0,0.0,-0.726060662,-0.726060662,0.0
phase_122,balanced_capacity,0.7,0.5,2026200003,180,0.701651304,0.0,0.0,-0.701651304,-0.701651304,0.0
phase_122,balanced_capacity,0.7,0.5,2026200003,360,0.6614406,0.0,0.0,-0.6614406,-0.6614406,0.0
phase_122,balanced_capacity,0.7,0.5,2026200004,7,0.0,0.856800038,0.857340249,0.857340249,0.856800038,0.0005402110000000127
phase_122,balanced_capacity,0.7,0.5,2026200004,30,0.0,0.578070573,0.583456853,0.583456853,0.578070573,0.0053862800000000766
phase_122,balanced_capacity,0.7,0.5,2026200004,90,0.0,0.0,0.0,0.0,0.0,0.0
phase_122,balanced_capacity,0.7,0.5,2026200004,180,0.0,0.0,0.0,0.0,0.0,0.0
phase_122,balanced_capacity,0.7,0.5,2026200004,360,0.0,0.0,0.0,0.0,0.0,0.0
phase_122,balanced_capacity,0.7,0.5,2026200005,7,0.892209769,0.890476151,0.892926297,0.0007165279999999941,-0.0017336180000000478,0.002450146000000042
phase_122,balanced_capacity,0.7,0.5,2026200005,30,0.876046382,0.863885882,0.87075341,-0.005292972000000007,-0.012160499999999907,0.006867527999999901
phase_122,balanced_capacity,0.7,0.5,2026200005,90,0.851698221,0.814440089,0.822949787,-0.028748434000000045,-0.037258132000000055,0.00850969800000001
phase_122,balanced_capacity,0.7,0.5,2026200005,180,0.82372441,0.745934862,0.752814009,-0.07091040100000001,-0.07778954799999993,0.006879146999999919
phase_122,balanced_capacity,0.7,0.5,2026200005,360,0.770935122,0.632092261,0.636182932,-0.13475219000000005,-0.13884286099999998,0.004090670999999935
phase_122,balanced_capacity,0.7,0.5,2026200006,7,0.866486285,0.0,0.0,-0.866486285,-0.866486285,0.0
phase_122,balanced_capacity,0.7,0.5,2026200006,30,0.842721903,0.0,0.0,-0.842721903,-0.842721903,0.0
phase_122,balanced_capacity,0.7,0.5,2026200006,90,0.810997135,0.0,0.0,-0.810997135,-0.810997135,0.0
phase_122,balanced_capacity,0.7,0.5,2026200006,180,0.775980155,0.0,0.0,-0.775980155,-0.775980155,0.0
phase_122,balanced_capacity,0.7,0.5,2026200006,360,0.71270943,0.0,0.0,-0.71270943,-0.71270943,0.0
phase_122,balanced_capacity,0.7,0.5,2026200007,7,0.898668331,0.894818441,0.897216344,-0.0014519869999999324,-0.0038498900000000225,0.00239790300000009
phase_122,balanced_capacity,0.7,0.5,2026200007,30,0.885941931,0.873987986,0.880739165,-0.005202765999999914,-0.01195394499999991,0.006751178999999996
phase_122,balanced_capacity,0.7,0.5,2026200007,90,0.860604886,0.837083133,0.845679232,-0.01492565400000001,-0.023521752999999923,0.008596098999999913
phase_122,balanced_capacity,0.7,0.5,2026200007,180,0.82093007,0.790765032,0.798294977,-0.022635092999999995,-0.030165037999999922,0.007529944999999927
phase_122,balanced_capacity,0.7,0.5,2026200007,360,0.75247647,0.706599874,0.71190995,-0.04056651999999994,-0.045876595999999936,0.005310075999999997
phase_122,balanced_capacity,0.7,0.5,2026200008,7,0.894655183,0.894818074,0.897346697,0.002691514000000006,0.00016289099999999834,0.0025286230000000076
phase_122,balanced_capacity,0.7,0.5,2026200008,30,0.874181232,0.875760222,0.882860341,0.008679109000000018,0.0015789900000000578,0.00710011899999996
phase_122,balanced_capacity,0.7,0.5,2026200008,90,0.836961238,0.842242204,0.851332943,0.014371704999999957,0.0052809660000000536,0.009090738999999903
phase_122,balanced_capacity,0.7,0.5,2026200008,180,0.79075564,0.799037761,0.807128001,0.016372361000000057,0.008282121000000031,0.008090240000000026
phase_122,balanced_capacity,0.7,0.5,2026200008,360,0.704706404,0.719100593,0.725038929,0.020332525000000046,0.014394189000000002,0.005938336000000044
phase_122,balanced_capacity,0.7,0.5,2026200009,7,0.0,0.0,0.0,0.0,0.0,0.0
phase_122,balanced_capacity,0.7,0.5,2026200009,30,0.0,0.0,0.0,0.0,0.0,0.0
phase_122,balanced_capacity,0.7,0.5,2026200009,90,0.0,0.0,0.0,0.0,0.0,0.0
phase_122,balanced_capacity,0.7,0.5,2026200009,180,0.0,0.0,0.0,0.0,0.0,0.0
phase_122,balanced_capacity,0.7,0.5,2026200009,360,0.0,0.0,0.0,0.0,0.0,0.0
phase_122,balanced_capacity,0.7,0.5,2026200010,7,0.0,0.0,0.0,0.0,0.0,0.0
phase_122,balanced_capacity,0.7,0.5,2026200010,30,0.0,0.0,0.0,0.0,0.0,0.0
phase_122,balanced_capacity,0.7,0.5,2026200010,90,0.0,0.0,0.0,0.0,0.0,0.0
phase_122,balanced_capacity,0.7,0.5,2026200010,180,0.0,0.0,0.0,0.0,0.0,0.0
phase_122,balanced_capacity,0.7,0.5,2026200010,360,0.0,0.0,0.0,0.0,0.0,0.0
phase_122,balanced_capacity,0.7,0.5,2026200011,7,0.897190553,0.895492102,0.897953897,0.0007633439999999991,-0.0016984509999999897,0.002461794999999989
phase_122,balanced_capacity,0.7,0.5,2026200011,30,0.883797755,0.880295427,0.887230249,0.003432494000000008,-0.0035023280000000545,0.006934822000000063
phase_122,balanced_capacity,0.7,0.5,2026200011,90,0.858147406,0.855785823,0.864848409,0.006701003000000094,-0.0023615830000000004,0.009062586000000095
phase_122,balanced_capacity,0.7,0.5,2026200011,180,0.82427455,0.827587084,0.836054496,0.011779945999999986,0.003312533999999978,0.008467412000000007
phase_122,balanced_capacity,0.7,0.5,2026200011,360,0.758858516,0.773348007,0.780279866,0.021421350000000006,0.014489490999999965,0.00693185900000004
phase_123,balanced_capacity,0.7,0.75,2026200000,7,0.889092328,0.900895708,0.900896033,0.011803704999999942,0.011803379999999919,3.250000000232234e-07
phase_123,balanced_capacity,0.7,0.75,2026200000,30,0.871996581,0.828267955,0.830256408,-0.04174017299999999,-0.04372862600000005,0.0019884530000000566
phase_123,balanced_capacity,0.7,0.75,2026200000,90,0.776358925,0.0,0.0,-0.776358925,-0.776358925,0.0
phase_123,balanced_capacity,0.7,0.75,2026200000,180,0.723694224,0.0,0.0,-0.723694224,-0.723694224,0.0
phase_123,balanced_capacity,0.7,0.75,2026200000,360,0.725643813,0.0,0.0,-0.725643813,-0.725643813,0.0
phase_123,balanced_capacity,0.7,0.75,2026200001,7,0.0,0.0,0.0,0.0,0.0,0.0
phase_123,balanced_capacity,0.7,0.75,2026200001,30,0.0,0.0,0.0,0.0,0.0,0.0
phase_123,balanced_capacity,0.7,0.75,2026200001,90,0.0,0.0,0.0,0.0,0.0,0.0
phase_123,balanced_capacity,0.7,0.75,2026200001,180,0.0,0.0,0.0,0.0,0.0,0.0
phase_123,balanced_capacity,0.7,0.75,2026200001,360,0.0,0.0,0.0,0.0,0.0,0.0
phase_123,balanced_capacity,0.7,0.75,2026200002,7,0.897036657,0.896145797,0.89994846,0.002911802999999935,-0.0008908600000000488,0.003802662999999984
phase_123,balanced_capacity,0.7,0.75,2026200002,30,0.879030999,0.876788823,0.88749936,0.008468360999999924,-0.0022421759999999846,0.010710536999999909
phase_123,balanced_capacity,0.7,0.75,2026200002,90,0.84661464,0.84351514,0.857294047,0.01067940700000003,-0.0030994999999999218,0.013778906999999951
phase_123,balanced_capacity,0.7,0.75,2026200002,180,0.805213193,0.802387827,0.814754383,0.009541189999999977,-0.0028253660000000513,0.012366556000000029
phase_123,balanced_capacity,0.7,0.75,2026200002,360,0.729047005,0.726058452,0.735305034,0.006258029000000054,-0.002988553000000005,0.009246582000000059
phase_123,balanced_capacity,0.7,0.75,2026200003,7,0.869471767,0.828167643,0.829201886,-0.04026988099999995,-0.04130412399999994,0.0010342429999999903
phase_123,balanced_capacity,0.7,0.75,2026200003,30,0.824215198,0.532238487,0.548398229,-0.27581696899999997,-0.291976711,0.016159742000000032
phase_123,balanced_capacity,0.7,0.75,2026200003,90,0.726060662,0.0,0.0,-0.726060662,-0.726060662,0.0
phase_123,balanced_capacity,0.7,0.75,2026200003,180,0.701651304,0.0,0.0,-0.701651304,-0.701651304,0.0
phase_123,balanced_capacity,0.7,0.75,2026200003,360,0.6614406,0.0,0.0,-0.6614406,-0.6614406,0.0
phase_123,balanced_capacity,0.7,0.75,2026200004,7,0.0,0.881911711,0.882909909,0.882909909,0.881911711,0.0009981980000000057
phase_123,balanced_capacity,0.7,0.75,2026200004,30,0.0,0.840803326,0.846349796,0.846349796,0.840803326,0.005546470000000081
phase_123,balanced_capacity,0.7,0.75,2026200004,90,0.0,0.759649527,0.773776935,0.773776935,0.759649527,0.014127408000000008
phase_123,balanced_capacity,0.7,0.75,2026200004,180,0.0,0.728196231,0.774633374,0.774633374,0.728196231,0.046437143000000014
phase_123,balanced_capacity,0.7,0.75,2026200004,360,0.0,0.671991805,0.776969026,0.776969026,0.671991805,0.10497722099999995
phase_123,balanced_capacity,0.7,0.75,2026200005,7,0.892209769,0.885816935,0.889752638,-0.0024571310000000013,-0.006392834000000014,0.003935703000000013
phase_123,balanced_capacity,0.7,0.75,2026200005,30,0.876046382,0.848641819,0.859700401,-0.016345980999999954,-0.027404562999999937,0.011058581999999983
phase_123,balanced_capacity,0.7,0.75,2026200005,90,0.851698221,0.787109129,0.800634083,-0.05106413799999998,-0.06458909200000007,0.013524954000000089
phase_123,balanced_capacity,0.7,0.75,2026200005,180,0.82372441,0.710200143,0.721012724,-0.10271168599999991,-0.11352426699999996,0.010812581000000043
phase_123,balanced_capacity,0.7,0.75,2026200005,360,0.770935122,0.572155216,0.578319531,-0.19261559100000003,-0.19877990600000006,0.006164315000000031
phase_123,balanced_capacity,0.7,0.75,2026200006,7,0.866486285,0.0,0.0,-0.866486285,-0.866486285,0.0
phase_123,balanced_capacity,0.7,0.75,2026200006,30,0.842721903,0.0,0.0,-0.842721903,-0.842721903,0.0
phase_123,balanced_capacity,0.7,0.75,2026200006,90,0.810997135,0.0,0.0,-0.810997135,-0.810997135,0.0
phase_123,balanced_capacity,0.7,0.75,2026200006,180,0.775980155,0.0,0.0,-0.775980155,-0.775980155,0.0
phase_123,balanced_capacity,0.7,0.75,2026200006,360,0.71270943,0.0,0.0,-0.71270943,-0.71270943,0.0
phase_123,balanced_capacity,0.7,0.75,2026200007,7,0.898668331,0.896162722,0.899684546,0.0010162150000000425,-0.0025056089999999642,0.0035218240000000067
phase_123,balanced_capacity,0.7,0.75,2026200007,30,0.885941931,0.880307427,0.89030399,0.004362059000000085,-0.005634503999999985,0.00999656300000007
phase_123,balanced_capacity,0.7,0.75,2026200007,90,0.860604886,0.857115084,0.87026658,0.009661694000000054,-0.003489801999999931,0.013151495999999985
phase_123,balanced_capacity,0.7,0.75,2026200007,180,0.82093007,0.831048999,0.843395231,0.022465161000000067,0.010118928999999999,0.012346232000000068
phase_123,balanced_capacity,0.7,0.75,2026200007,360,0.75247647,0.781875151,0.792114539,0.039638069,0.029398681000000093,0.010239387999999905
phase_123,balanced_capacity,0.7,0.75,2026200008,7,0.894655183,0.893386572,0.897005803,0.00235061999999997,-0.001268610999999975,0.003619230999999945
phase_123,balanced_capacity,0.7,0.75,2026200008,30,0.874181232,0.870886509,0.881109036,0.006927804000000037,-0.0032947229999999994,0.010222527000000037
phase_123,balanced_capacity,0.7,0.75,2026200008,90,0.836961238,0.83490443,0.847987562,0.011026324000000032,-0.0020568079999999656,0.013083131999999997
phase_123,balanced_capacity,0.7,0.75,2026200008,180,0.79075564,0.793537601,0.805191906,0.014436266000000031,0.002781961000000055,0.011654304999999976
phase_123,balanced_capacity,0.7,0.75,2026200008,360,0.704706404,0.713660504,0.722074429,0.01736802500000001,0.008954100000000076,0.008413924999999933
phase_123,balanced_capacity,0.7,0.75,2026200009,7,0.0,0.896310729,0.896824902,0.896824902,0.896310729,0.0005141730000000067
phase_123,balanced_capacity,0.7,0.75,2026200009,30,0.0,0.887681541,0.877372055,0.877372055,0.887681541,-0.010309485999999923
phase_123,balanced_capacity,0.7,0.75,2026200009,90,0.0,0.7292186,0.745496784,0.745496784,0.7292186,0.016278183999999918
phase_123,balanced_capacity,0.7,0.75,2026200009,180,0.0,0.657780901,0.669577499,0.669577499,0.657780901,0.011796597999999991
phase_123,balanced_capacity,0.7,0.75,2026200009,360,0.0,0.564420354,0.572409774,0.572409774,0.564420354,0.007989420000000025
phase_123,balanced_capacity,0.7,0.75,2026200010,7,0.0,0.0,0.0,0.0,0.0,0.0
phase_123,balanced_capacity,0.7,0.75,2026200010,30,0.0,0.0,0.0,0.0,0.0,0.0
phase_123,balanced_capacity,0.7,0.75,2026200010,90,0.0,0.0,0.0,0.0,0.0,0.0
phase_123,balanced_capacity,0.7,0.75,2026200010,180,0.0,0.0,0.0,0.0,0.0,0.0
phase_123,balanced_capacity,0.7,0.75,2026200010,360,0.0,0.0,0.0,0.0,0.0,0.0
phase_123,balanced_capacity,0.7,0.75,2026200011,7,0.897190553,0.890964923,0.894930646,-0.0022599069999998944,-0.006225629999999982,0.003965723000000088
phase_123,balanced_capacity,0.7,0.75,2026200011,30,0.883797755,0.863695802,0.874820718,-0.008977036999999966,-0.02010195300000006,0.011124916000000096
phase_123,balanced_capacity,0.7,0.75,2026200011,90,0.858147406,0.812545252,0.826448132,-0.031699273999999944,-0.045602153999999895,0.01390287999999995
phase_123,balanced_capacity,0.7,0.75,2026200011,180,0.82427455,0.745876696,0.757454104,-0.06682044600000003,-0.0783978540000001,0.011577408000000067
phase_123,balanced_capacity,0.7,0.75,2026200011,360,0.758858516,0.625848191,0.633111907,-0.125746609,-0.13301032499999998,0.007263715999999976
phase_124,balanced_capacity,0.7,1.0,2026200000,7,0.889092328,0.900893283,0.90089359,0.011801261999999979,0.011800955000000002,3.0699999997718663e-07
phase_124,balanced_capacity,0.7,1.0,2026200000,30,0.871996581,0.79866628,0.802465391,-0.06953118999999996,-0.07333030100000004,0.003799111000000077
phase_124,balanced_capacity,0.7,1.0,2026200000,90,0.776358925,0.0,0.0,-0.776358925,-0.776358925,0.0
phase_124,balanced_capacity,0.7,1.0,2026200000,180,0.723694224,0.0,0.0,-0.723694224,-0.723694224,0.0
phase_124,balanced_capacity,0.7,1.0,2026200000,360,0.725643813,0.0,0.0,-0.725643813,-0.725643813,0.0
phase_124,balanced_capacity,0.7,1.0,2026200001,7,0.0,0.0,0.0,0.0,0.0,0.0
phase_124,balanced_capacity,0.7,1.0,2026200001,30,0.0,0.0,0.0,0.0,0.0,0.0
phase_124,balanced_capacity,0.7,1.0,2026200001,90,0.0,0.0,0.0,0.0,0.0,0.0
phase_124,balanced_capacity,0.7,1.0,2026200001,180,0.0,0.0,0.0,0.0,0.0,0.0
phase_124,balanced_capacity,0.7,1.0,2026200001,360,0.0,0.0,0.0,0.0,0.0,0.0
phase_124,balanced_capacity,0.7,1.0,2026200002,7,0.897036657,0.895162974,0.900157277,0.0031206200000000184,-0.0018736830000000149,0.004994303000000033
phase_124,balanced_capacity,0.7,1.0,2026200002,30,0.879030999,0.873595937,0.88771105,0.008680050999999911,-0.0054350619999999905,0.014115112999999901
phase_124,balanced_capacity,0.7,1.0,2026200002,90,0.84661464,0.839138162,0.857334597,0.010719957000000058,-0.007476477999999953,0.01819643500000001
phase_124,balanced_capacity,0.7,1.0,2026200002,180,0.805213193,0.798384495,0.8147167,0.009503506999999911,-0.006828698000000077,0.01633220499999999
phase_124,balanced_capacity,0.7,1.0,2026200002,360,0.729047005,0.722408025,0.73457951,0.005532505000000021,-0.006638979999999961,0.012171484999999982
phase_124,balanced_capacity,0.7,1.0,2026200003,7,0.869471767,0.853667624,0.854857749,-0.014614017999999951,-0.015804142999999993,0.0011901250000000418
phase_124,balanced_capacity,0.7,1.0,2026200003,30,0.824215198,0.544926417,0.565878735,-0.258336463,-0.279288781,0.02095231799999997
phase_124,balanced_capacity,0.7,1.0,2026200003,90,0.726060662,0.0,0.0,-0.726060662,-0.726060662,0.0
phase_124,balanced_capacity,0.7,1.0,2026200003,180,0.701651304,0.0,0.0,-0.701651304,-0.701651304,0.0
phase_124,balanced_capacity,0.7,1.0,2026200003,360,0.6614406,0.0,0.0,-0.6614406,-0.6614406,0.0
phase_124,balanced_capacity,0.7,1.0,2026200004,7,0.0,0.835913164,0.838053145,0.838053145,0.835913164,0.002139981000000013
phase_124,balanced_capacity,0.7,1.0,2026200004,30,0.0,0.372201001,0.900120638,0.900120638,0.372201001,0.527919637
phase_124,balanced_capacity,0.7,1.0,2026200004,90,0.0,0.0,0.900772988,0.900772988,0.0,0.900772988
phase_124,balanced_capacity,0.7,1.0,2026200004,180,0.0,0.0,0.742473404,0.742473404,0.0,0.742473404
phase_124,balanced_capacity,0.7,1.0,2026200004,360,0.0,0.0,0.579949999,0.579949999,0.0,0.579949999
phase_124,balanced_capacity,0.7,1.0,2026200005,7,0.892209769,0.885919099,0.890630492,-0.0015792770000000456,-0.006290670000000054,0.004711393000000008
phase_124,balanced_capacity,0.7,1.0,2026200005,30,0.876046382,0.852784621,0.866134087,-0.009912294999999904,-0.023261760999999992,0.013349466000000088
phase_124,balanced_capacity,0.7,1.0,2026200005,90,0.851698221,0.795233984,0.81159954,-0.040098681000000025,-0.05646423700000003,0.016365556000000003
phase_124,balanced_capacity,0.7,1.0,2026200005,180,0.82372441,0.728442013,0.741611239,-0.08211317099999993,-0.09528239699999996,0.013169226000000034
phase_124,balanced_capacity,0.7,1.0,2026200005,360,0.770935122,0.605084887,0.612220215,-0.15871490700000002,-0.16585023500000007,0.007135328000000052
phase_124,balanced_capacity,0.7,1.0,2026200006,7,0.866486285,0.0,0.0,-0.866486285,-0.866486285,0.0
phase_124,balanced_capacity,0.7,1.0,2026200006,30,0.842721903,0.0,0.0,-0.842721903,-0.842721903,0.0
phase_124,balanced_capacity,0.7,1.0,2026200006,90,0.810997135,0.0,0.0,-0.810997135,-0.810997135,0.0
phase_124,balanced_capacity,0.7,1.0,2026200006,180,0.775980155,0.0,0.0,-0.775980155,-0.775980155,0.0
phase_124,balanced_capacity,0.7,1.0,2026200006,360,0.71270943,0.0,0.0,-0.71270943,-0.71270943,0.0
phase_124,balanced_capacity,0.7,1.0,2026200007,7,0.898668331,0.895500276,0.900153491,0.0014851599999999854,-0.0031680549999999474,0.004653214999999933
phase_124,balanced_capacity,0.7,1.0,2026200007,30,0.885941931,0.878250032,0.891476023,0.0055340919999999905,-0.007691899000000002,0.013225990999999993
phase_124,balanced_capacity,0.7,1.0,2026200007,90,0.860604886,0.853896377,0.871303605,0.010698719000000079,-0.006708508999999974,0.017407228000000052
phase_124,balanced_capacity,0.7,1.0,2026200007,180,0.82093007,0.827950776,0.844240525,0.023310455000000063,0.007020706000000043,0.01628974900000002
phase_124,balanced_capacity,0.7,1.0,2026200007,360,0.75247647,0.778958138,0.792441025,0.03996455500000007,0.02648166800000007,0.013482886999999999
phase_124,balanced_capacity,0.7,1.0,2026200008,7,0.894655183,0.893909983,0.898507847,0.00385266399999995,-0.0007452000000000014,0.0045978639999999515
phase_124,balanced_capacity,0.7,1.0,2026200008,30,0.874181232,0.873358455,0.886407008,0.012225776000000077,-0.0008227769999999968,0.013048553000000074
phase_124,balanced_capacity,0.7,1.0,2026200008,90,0.836961238,0.842819452,0.859771966,0.022810728000000058,0.005858213999999973,0.016952514000000085
phase_124,balanced_capacity,0.7,1.0,2026200008,180,0.79075564,0.807393969,0.822764664,0.03200902400000005,0.016638329000000063,0.01537069499999999
phase_124,balanced_capacity,0.7,1.0,2026200008,360,0.704706404,0.742146834,0.753863126,0.0491567220000001,0.03744043000000008,0.011716292000000017
phase_124,balanced_capacity,0.7,1.0,2026200009,7,0.0,0.0,0.0,0.0,0.0,0.0
phase_124,balanced_capacity,0.7,1.0,2026200009,30,0.0,0.0,0.0,0.0,0.0,0.0
phase_124,balanced_capacity,0.7,1.0,2026200009,90,0.0,0.0,0.0,0.0,0.0,0.0
phase_124,balanced_capacity,0.7,1.0,2026200009,180,0.0,0.0,0.0,0.0,0.0,0.0
phase_124,balanced_capacity,0.7,1.0,2026200009,360,0.0,0.0,0.0,0.0,0.0,0.0
phase_124,balanced_capacity,0.7,1.0,2026200010,7,0.0,0.0,0.0,0.0,0.0,0.0
phase_124,balanced_capacity,0.7,1.0,2026200010,30,0.0,0.0,0.0,0.0,0.0,0.0
phase_124,balanced_capacity,0.7,1.0,2026200010,90,0.0,0.0,0.0,0.0,0.0,0.0
phase_124,balanced_capacity,0.7,1.0,2026200010,180,0.0,0.0,0.0,0.0,0.0,0.0
phase_124,balanced_capacity,0.7,1.0,2026200010,360,0.0,0.0,0.0,0.0,0.0,0.0
phase_124,balanced_capacity,0.7,1.0,2026200011,7,0.897190553,0.889960501,0.895045548,-0.002145004999999922,-0.007230051999999931,0.005085047000000009
phase_124,balanced_capacity,0.7,1.0,2026200011,30,0.883797755,0.860371082,0.874677638,-0.009120117000000039,-0.02342667300000001,0.01430655599999997
phase_124,balanced_capacity,0.7,1.0,2026200011,90,0.858147406,0.806414809,0.824224676,-0.0339227299999999,-0.05173259699999999,0.01780986700000009
phase_124,balanced_capacity,0.7,1.0,2026200011,180,0.82427455,0.740474169,0.755213354,-0.06906119600000005,-0.08380038100000009,0.014739185000000044
phase_124,balanced_capacity,0.7,1.0,2026200011,360,0.758858516,0.620058226,0.628985617,-0.12987289899999999,-0.13880028999999994,0.008927390999999951
phase_125,balanced_capacity,0.7,1.5,2026200000,7,0.889092328,0.859814888,0.86025471,-0.028837618000000065,-0.029277439999999988,0.0004398219999999231
phase_125,balanced_capacity,0.7,1.5,2026200000,30,0.871996581,0.866658714,0.869172352,-0.0028242290000000114,-0.005337866999999941,0.002513637999999929
phase_125,balanced_capacity,0.7,1.5,2026200000,90,0.776358925,0.836010583,0.851059697,0.07470077199999992,0.05965165799999994,0.015049113999999975
phase_125,balanced_capacity,0.7,1.5,2026200000,180,0.723694224,0.674484033,0.683208802,-0.04048542200000005,-0.049210191000000014,0.008724768999999966
phase_125,balanced_capacity,0.7,1.5,2026200000,360,0.725643813,0.676239548,0.685530875,-0.04011293800000004,-0.04940426500000006,0.009291327000000016
phase_125,balanced_capacity,0.7,1.5,2026200001,7,0.0,0.0,0.0,0.0,0.0,0.0
phase_125,balanced_capacity,0.7,1.5,2026200001,30,0.0,0.0,0.0,0.0,0.0,0.0
phase_125,balanced_capacity,0.7,1.5,2026200001,90,0.0,0.0,0.0,0.0,0.0,0.0
phase_125,balanced_capacity,0.7,1.5,2026200001,180,0.0,0.0,0.0,0.0,0.0,0.0
phase_125,balanced_capacity,0.7,1.5,2026200001,360,0.0,0.0,0.0,0.0,0.0,0.0
phase_125,balanced_capacity,0.7,1.5,2026200002,7,0.897036657,0.893217256,0.900168363,0.003131706000000012,-0.003819401,0.006951107000000012
phase_125,balanced_capacity,0.7,1.5,2026200002,30,0.879030999,0.868599844,0.888005809,0.00897481,-0.010431155000000025,0.019405965000000025
phase_125,balanced_capacity,0.7,1.5,2026200002,90,0.84661464,0.832582315,0.857428287,0.010813646999999982,-0.014032324999999957,0.02484597199999994
phase_125,balanced_capacity,0.7,1.5,2026200002,180,0.805213193,0.791808346,0.813573307,0.008360113999999919,-0.013404846999999998,0.021764960999999916
phase_125,balanced_capacity,0.7,1.5,2026200002,360,0.729047005,0.716967707,0.732570429,0.0035234240000000527,-0.01207929799999996,0.015602722000000013
phase_125,balanced_capacity,0.7,1.5,2026200003,7,0.869471767,0.874657243,0.875749902,0.0062781350000000735,0.005185476000000078,0.0010926589999999958
phase_125,balanced_capacity,0.7,1.5,2026200003,30,0.824215198,0.685887437,0.688910337,-0.13530486099999994,-0.138327761,0.0030229000000000505
phase_125,balanced_capacity,0.7,1.5,2026200003,90,0.726060662,0.0,0.0,-0.726060662,-0.726060662,0.0
phase_125,balanced_capacity,0.7,1.5,2026200003,180,0.701651304,0.0,0.0,-0.701651304,-0.701651304,0.0
phase_125,balanced_capacity,0.7,1.5,2026200003,360,0.6614406,0.0,0.0,-0.6614406,-0.6614406,0.0
phase_125,balanced_capacity,0.7,1.5,2026200004,7,0.0,0.888532335,0.895845226,0.895845226,0.888532335,0.007312891000000099
phase_125,balanced_capacity,0.7,1.5,2026200004,30,0.0,0.8653669,0.886252224,0.886252224,0.8653669,0.020885323999999983
phase_125,balanced_capacity,0.7,1.5,2026200004,90,0.0,0.83637111,0.863698494,0.863698494,0.83637111,0.02732738400000001
phase_125,balanced_capacity,0.7,1.5,2026200004,180,0.0,0.807338462,0.832706187,0.832706187,0.807338462,0.025367724999999952
phase_125,balanced_capacity,0.7,1.5,2026200004,360,0.0,0.753441385,0.773978806,0.773978806,0.753441385,0.020537421
phase_125,balanced_capacity,0.7,1.5,2026200005,7,0.892209769,0.88920932,0.8967504,0.004540630999999906,-0.0030004490000000716,0.007541079999999978
phase_125,balanced_capacity,0.7,1.5,2026200005,30,0.876046382,0.866889104,0.888421935,0.012375553000000039,-0.009157277999999991,0.02153283100000003
phase_125,balanced_capacity,0.7,1.5,2026200005,90,0.851698221,0.83472881,0.862527147,0.010828925999999961,-0.016969411000000045,0.027798337000000006
phase_125,balanced_capacity,0.7,1.5,2026200005,180,0.82372441,0.806043967,0.831855714,0.008131304000000061,-0.017680442999999935,0.025811746999999996
phase_125,balanced_capacity,0.7,1.5,2026200005,360,0.770935122,0.754065744,0.775178076,0.0042429539999999655,-0.01686937799999999,0.021112331999999956
phase_125,balanced_capacity,0.7,1.5,2026200006,7,0.866486285,0.862631582,0.869521916,0.0030356309999999276,-0.003854703000000015,0.0068903339999999424
phase_125,balanced_capacity,0.7,1.5,2026200006,30,0.842721903,0.840019478,0.870095375,0.027373471999999954,-0.002702425000000064,0.030075897000000018
phase_125,balanced_capacity,0.7,1.5,2026200006,90,0.810997135,0.807969992,0.870689046,0.05969191099999993,-0.0030271430000000654,0.062719054
phase_125,balanced_capacity,0.7,1.5,2026200006,180,0.775980155,0.773276735,0.871830297,0.09585014200000008,-0.002703419999999901,0.09855356199999998
phase_125,balanced_capacity,0.7,1.5,2026200006,360,0.71270943,0.709399858,0.87403943,0.16132999999999997,-0.0033095719999999273,0.1646395719999999
phase_125,balanced_capacity,0.7,1.5,2026200007,7,0.898668331,0.0,0.0,-0.898668331,-0.898668331,0.0
phase_125,balanced_capacity,0.7,1.5,2026200007,30,0.885941931,0.0,0.0,-0.885941931,-0.885941931,0.0
phase_125,balanced_capacity,0.7,1.5,2026200007,90,0.860604886,0.0,0.0,-0.860604886,-0.860604886,0.0
phase_125,balanced_capacity,0.7,1.5,2026200007,180,0.82093007,0.0,0.0,-0.82093007,-0.82093007,0.0
phase_125,balanced_capacity,0.7,1.5,2026200007,360,0.75247647,0.0,0.0,-0.75247647,-0.75247647,0.0
phase_125,balanced_capacity,0.7,1.5,2026200008,7,0.894655183,0.900269937,0.902668202,0.008013018999999955,0.005614754,0.002398264999999955
phase_125,balanced_capacity,0.7,1.5,2026200008,30,0.874181232,0.818881941,0.834336288,-0.03984494399999994,-0.05529929099999997,0.015454347000000035
phase_125,balanced_capacity,0.7,1.5,2026200008,90,0.836961238,0.766037211,0.804441934,-0.03251930400000003,-0.070924027,0.038404722999999974
phase_125,balanced_capacity,0.7,1.5,2026200008,180,0.79075564,0.734838339,0.805557245,0.014801605000000051,-0.05591730100000003,0.07071890600000008
phase_125,balanced_capacity,0.7,1.5,2026200008,360,0.704706404,0.68173262,0.807404457,0.10269805300000001,-0.02297378399999994,0.12567183699999995
phase_125,balanced_capacity,0.7,1.5,2026200009,7,0.0,0.893940757,0.895284386,0.895284386,0.893940757,0.0013436290000000684
phase_125,balanced_capacity,0.7,1.5,2026200009,30,0.0,0.838356837,0.775745388,0.775745388,0.838356837,-0.06261144899999993
phase_125,balanced_capacity,0.7,1.5,2026200009,90,0.0,0.706691595,0.603023725,0.603023725,0.706691595,-0.10366787
phase_125,balanced_capacity,0.7,1.5,2026200009,180,0.0,0.650229422,0.541587291,0.541587291,0.650229422,-0.10864213099999998
phase_125,balanced_capacity,0.7,1.5,2026200009,360,0.0,0.558085717,0.424673195,0.424673195,0.558085717,-0.13341252199999998
phase_125,balanced_capacity,0.7,1.5,2026200010,7,0.0,0.0,0.0,0.0,0.0,0.0
phase_125,balanced_capacity,0.7,1.5,2026200010,30,0.0,0.0,0.0,0.0,0.0,0.0
phase_125,balanced_capacity,0.7,1.5,2026200010,90,0.0,0.0,0.0,0.0,0.0,0.0
phase_125,balanced_capacity,0.7,1.5,2026200010,180,0.0,0.0,0.0,0.0,0.0,0.0
phase_125,balanced_capacity,0.7,1.5,2026200010,360,0.0,0.0,0.0,0.0,0.0,0.0
phase_125,balanced_capacity,0.7,1.5,2026200011,7,0.897190553,0.890336351,0.901696332,0.004505779000000043,-0.006854201999999976,0.011359981000000019
phase_125,balanced_capacity,0.7,1.5,2026200011,30,0.883797755,0.858734536,0.902135924,0.01833816899999996,-0.02506321899999997,0.04340138799999993
phase_125,balanced_capacity,0.7,1.5,2026200011,90,0.858147406,0.805291994,0.902870582,0.04472317600000009,-0.05285541199999999,0.09757858800000008
phase_125,balanced_capacity,0.7,1.5,2026200011,180,0.82427455,0.74164985,0.90405772,0.0797831699999999,-0.0826247,0.1624078699999999
phase_125,balanced_capacity,0.7,1.5,2026200011,360,0.758858516,0.625958866,0.906371931,0.14751341500000004,-0.13289965000000004,0.2804130650000001
phase_126,balanced_capacity,0.7,2.0,2026200000,7,0.889092328,0.744379364,0.762741668,-0.12635066000000006,-0.144712964,0.01836230399999994
phase_126,balanced_capacity,0.7,2.0,2026200000,30,0.871996581,0.0,0.0,-0.871996581,-0.871996581,0.0
phase_126,balanced_capacity,0.7,2.0,2026200000,90,0.776358925,0.0,0.0,-0.776358925,-0.776358925,0.0
phase_126,balanced_capacity,0.7,2.0,2026200000,180,0.723694224,0.0,0.0,-0.723694224,-0.723694224,0.0
phase_126,balanced_capacity,0.7,2.0,2026200000,360,0.725643813,0.0,0.0,-0.725643813,-0.725643813,0.0
phase_126,balanced_capacity,0.7,2.0,2026200001,7,0.0,0.0,0.845861405,0.845861405,0.0,0.845861405
phase_126,balanced_capacity,0.7,2.0,2026200001,30,0.0,0.0,0.67414558,0.67414558,0.0,0.67414558
phase_126,balanced_capacity,0.7,2.0,2026200001,90,0.0,0.0,0.0,0.0,0.0,0.0
phase_126,balanced_capacity,0.7,2.0,2026200001,180,0.0,0.0,0.0,0.0,0.0,0.0
phase_126,balanced_capacity,0.7,2.0,2026200001,360,0.0,0.0,0.0,0.0,0.0,0.0
phase_126,balanced_capacity,0.7,2.0,2026200002,7,0.897036657,0.893541943,0.90432427,0.007287613000000026,-0.00349471400000001,0.010782327000000036
phase_126,balanced_capacity,0.7,2.0,2026200002,30,0.879030999,0.872148121,0.904092529,0.02506153,-0.006882877999999981,0.03194440799999998
phase_126,balanced_capacity,0.7,2.0,2026200002,90,0.84661464,0.843588792,0.905556608,0.05894196800000007,-0.003025847999999942,0.06196781600000001
phase_126,balanced_capacity,0.7,2.0,2026200002,180,0.805213193,0.814420227,0.906596169,0.1013829759999999,0.009207034000000003,0.0921759419999999
phase_126,balanced_capacity,0.7,2.0,2026200002,360,0.729047005,0.758753166,0.907837819,0.17879081400000008,0.02970616100000001,0.14908465300000007
phase_126,balanced_capacity,0.7,2.0,2026200003,7,0.869471767,0.869241449,0.872635707,0.0031639400000000872,-0.00023031799999995162,0.003394258000000039
phase_126,balanced_capacity,0.7,2.0,2026200003,30,0.824215198,0.815060322,0.834566155,0.010350956999999994,-0.009154875999999978,0.019505832999999972
phase_126,balanced_capacity,0.7,2.0,2026200003,90,0.726060662,0.734593046,0.766512499,0.04045183699999999,0.008532384000000004,0.03191945299999999
phase_126,balanced_capacity,0.7,2.0,2026200003,180,0.701651304,0.707413091,0.739194725,0.03754342100000008,0.005761787000000074,0.031781634
phase_126,balanced_capacity,0.7,2.0,2026200003,360,0.6614406,0.663039667,0.689652935,0.028212334999999977,0.0015990670000000096,0.026613267999999968
phase_126,balanced_capacity,0.7,2.0,2026200004,7,0.0,0.890098348,0.899598915,0.899598915,0.890098348,0.009500567000000015
phase_126,balanced_capacity,0.7,2.0,2026200004,30,0.0,0.8685536,0.900000087,0.900000087,0.8685536,0.03144648699999997
phase_126,balanced_capacity,0.7,2.0,2026200004,90,0.0,0.840430396,0.900769069,0.900769069,0.840430396,0.060338672999999954
phase_126,balanced_capacity,0.7,2.0,2026200004,180,0.0,0.809946172,0.901901256,0.901901256,0.809946172,0.09195508400000008
phase_126,balanced_capacity,0.7,2.0,2026200004,360,0.0,0.754457076,0.904107066,0.904107066,0.754457076,0.14964999
phase_126,balanced_capacity,0.7,2.0,2026200005,7,0.892209769,0.887068142,0.888971107,-0.0032386620000000033,-0.005141627000000093,0.0019029650000000897
phase_126,balanced_capacity,0.7,2.0,2026200005,30,0.876046382,0.867792718,0.874880196,-0.001166185999999958,-0.008253663999999938,0.00708747799999998
phase_126,balanced_capacity,0.7,2.0,2026200005,90,0.851698221,0.0,0.0,-0.851698221,-0.851698221,0.0
phase_126,balanced_capacity,0.7,2.0,2026200005,180,0.82372441,0.0,0.0,-0.82372441,-0.82372441,0.0
phase_126,balanced_capacity,0.7,2.0,2026200005,360,0.770935122,0.0,0.0,-0.770935122,-0.770935122,0.0
phase_126,balanced_capacity,0.7,2.0,2026200006,7,0.866486285,0.0,0.0,-0.866486285,-0.866486285,0.0
phase_126,balanced_capacity,0.7,2.0,2026200006,30,0.842721903,0.0,0.0,-0.842721903,-0.842721903,0.0
phase_126,balanced_capacity,0.7,2.0,2026200006,90,0.810997135,0.0,0.0,-0.810997135,-0.810997135,0.0
phase_126,balanced_capacity,0.7,2.0,2026200006,180,0.775980155,0.0,0.0,-0.775980155,-0.775980155,0.0
phase_126,balanced_capacity,0.7,2.0,2026200006,360,0.71270943,0.0,0.0,-0.71270943,-0.71270943,0.0
phase_126,balanced_capacity,0.7,2.0,2026200007,7,0.898668331,0.894543409,0.903141478,0.004473147000000011,-0.004124922000000031,0.008598069000000041
phase_126,balanced_capacity,0.7,2.0,2026200007,30,0.885941931,0.87611641,0.903206415,0.017264484000000024,-0.009825521000000004,0.027090005000000028
phase_126,balanced_capacity,0.7,2.0,2026200007,90,0.860604886,0.851211056,0.90400524,0.043400354000000085,-0.009393829999999936,0.05279418400000002
phase_126,balanced_capacity,0.7,2.0,2026200007,180,0.82093007,0.823249245,0.905525633,0.08459556300000004,0.0023191750000000066,0.08227638800000003
phase_126,balanced_capacity,0.7,2.0,2026200007,360,0.75247647,0.771722739,0.90785169,0.15537522000000004,0.019246269000000038,0.136128951
phase_126,balanced_capacity,0.7,2.0,2026200008,7,0.894655183,0.884829999,0.887206221,-0.007448962000000003,-0.009825183999999987,0.0023762219999999834
phase_126,balanced_capacity,0.7,2.0,2026200008,30,0.874181232,0.794932609,0.811615407,-0.06256582499999996,-0.07924862300000002,0.016682798000000054
phase_126,balanced_capacity,0.7,2.0,2026200008,90,0.836961238,0.7293809,0.766308245,-0.07065299299999994,-0.107580338,0.036927345000000056
phase_126,balanced_capacity,0.7,2.0,2026200008,180,0.79075564,0.70080937,0.76761416,-0.023141479999999937,-0.08994627,0.06680479000000006
phase_126,balanced_capacity,0.7,2.0,2026200008,360,0.704706404,0.648382435,0.769549718,0.0648433140000001,-0.05632396899999992,0.12116728300000001
phase_126,balanced_capacity,0.7,2.0,2026200009,7,0.0,0.0,0.0,0.0,0.0,0.0
phase_126,balanced_capacity,0.7,2.0,2026200009,30,0.0,0.0,0.0,0.0,0.0,0.0
phase_126,balanced_capacity,0.7,2.0,2026200009,90,0.0,0.0,0.0,0.0,0.0,0.0
phase_126,balanced_capacity,0.7,2.0,2026200009,180,0.0,0.0,0.0,0.0,0.0,0.0
phase_126,balanced_capacity,0.7,2.0,2026200009,360,0.0,0.0,0.0,0.0,0.0,0.0
phase_126,balanced_capacity,0.7,2.0,2026200010,7,0.0,0.0,0.0,0.0,0.0,0.0
phase_126,balanced_capacity,0.7,2.0,2026200010,30,0.0,0.0,0.0,0.0,0.0,0.0
phase_126,balanced_capacity,0.7,2.0,2026200010,90,0.0,0.0,0.0,0.0,0.0,0.0
phase_126,balanced_capacity,0.7,2.0,2026200010,180,0.0,0.0,0.0,0.0,0.0,0.0
phase_126,balanced_capacity,0.7,2.0,2026200010,360,0.0,0.0,0.0,0.0,0.0,0.0
phase_126,balanced_capacity,0.7,2.0,2026200011,7,0.897190553,0.893408094,0.901661087,0.0044705340000000815,-0.0037824589999999603,0.008252993000000042
phase_126,balanced_capacity,0.7,2.0,2026200011,30,0.883797755,0.873294971,0.902080098,0.01828234299999998,-0.010502784000000043,0.02878512700000002
phase_126,balanced_capacity,0.7,2.0,2026200011,90,0.858147406,0.847659904,0.901897118,0.04374971200000011,-0.010487501999999926,0.054237214000000034
phase_126,balanced_capacity,0.7,2.0,2026200011,180,0.82427455,0.818770963,0.904035956,0.07976140599999992,-0.0055035870000000875,0.08526499300000001
phase_126,balanced_capacity,0.7,2.0,2026200011,360,0.758858516,0.763211923,0.905691187,0.14683267099999997,0.004353406999999976,0.142479264
phase_128,balanced_capacity,0.85,0.25,2026200000,7,0.892865322,0.886889506,0.888040038,-0.004825284000000041,-0.005975815999999967,0.0011505319999999264
phase_128,balanced_capacity,0.85,0.25,2026200000,30,0.882458545,0.875608977,0.876769937,-0.005688607999999928,-0.006849568000000028,0.0011609600000000997
phase_128,balanced_capacity,0.85,0.25,2026200000,90,0.878968662,0.872017795,0.873109311,-0.005859351000000013,-0.006950867000000027,0.0010915160000000146
phase_128,balanced_capacity,0.85,0.25,2026200000,180,0.8925032,0.885428508,0.883568319,-0.008934881000000061,-0.0070746920000001046,-0.0018601889999999566
phase_128,balanced_capacity,0.85,0.25,2026200000,360,0.884627517,0.877597597,0.874375378,-0.010252138999999993,-0.007029920000000023,-0.0032222189999999706
phase_128,balanced_capacity,0.85,0.25,2026200001,7,0.891320873,0.863081143,0.864053652,-0.027267221000000008,-0.028239729999999907,0.0009725089999998993
phase_128,balanced_capacity,0.85,0.25,2026200001,30,0.852411225,0.852401274,0.852402075,-9.150000000013314e-06,-9.951000000008037e-06,8.009999999947226e-07
phase_128,balanced_capacity,0.85,0.25,2026200001,90,0.410953275,0.41648475,0.441959969,0.031006694,0.005531475000000008,0.025475218999999993
phase_128,balanced_capacity,0.85,0.25,2026200001,180,0.361537054,0.366373653,0.401066344,0.039529289999999995,0.004836598999999997,0.034692691
phase_128,balanced_capacity,0.85,0.25,2026200001,360,0.0,0.0,0.166088181,0.166088181,0.0,0.166088181
phase_128,balanced_capacity,0.85,0.25,2026200002,7,0.897137459,0.825232657,0.82622326,-0.07091419899999996,-0.07190480199999993,0.0009906029999999788
phase_128,balanced_capacity,0.85,0.25,2026200002,30,0.904400278,0.637028812,0.640514179,-0.26388609900000004,-0.26737146599999995,0.003485366999999906
phase_128,balanced_capacity,0.85,0.25,2026200002,90,0.904369464,0.727828818,0.729307171,-0.17506229299999998,-0.17654064599999997,0.0014783529999999878
phase_128,balanced_capacity,0.85,0.25,2026200002,180,0.798162664,0.80466018,0.802411677,0.004249013000000024,0.0064975159999999255,-0.0022485029999999018
phase_128,balanced_capacity,0.85,0.25,2026200002,360,0.784767397,0.83653225,0.0,-0.784767397,0.051764853,-0.83653225
phase_128,balanced_capacity,0.85,0.25,2026200003,7,0.902933501,0.864662092,0.864960865,-0.037972636000000004,-0.038271409000000034,0.00029877300000002993
phase_128,balanced_capacity,0.85,0.25,2026200003,30,0.903318359,0.896645395,0.902046696,-0.001271663000000034,-0.006672964000000059,0.005401301000000025
phase_128,balanced_capacity,0.85,0.25,2026200003,90,0.904022062,0.804544359,0.809586921,-0.09443514100000006,-0.09947770300000003,0.005042561999999973
phase_128,balanced_capacity,0.85,0.25,2026200003,180,0.905181751,0.710526019,0.708981446,-0.19620030499999996,-0.19465573199999997,-0.0015445729999999935
phase_128,balanced_capacity,0.85,0.25,2026200003,360,0.759065475,0.721653538,0.708814233,-0.050251241999999974,-0.037411937000000006,-0.012839304999999968
phase_128,balanced_capacity,0.85,0.25,2026200004,7,0.8837568,0.835988383,0.836531875,-0.04722492499999997,-0.04776841700000001,0.0005434920000000343
phase_128,balanced_capacity,0.85,0.25,2026200004,30,0.875020911,0.565044457,0.570956623,-0.30406428799999996,-0.30997645399999996,0.0059121659999999965
phase_128,balanced_capacity,0.85,0.25,2026200004,90,0.900801613,0.0,0.0,-0.900801613,-0.900801613,0.0
phase_128,balanced_capacity,0.85,0.25,2026200004,180,0.804423371,0.0,0.0,-0.804423371,-0.804423371,0.0
phase_128,balanced_capacity,0.85,0.25,2026200004,360,0.787969296,0.0,0.0,-0.787969296,-0.787969296,0.0
phase_128,balanced_capacity,0.85,0.25,2026200005,7,0.887598294,0.867064356,0.86803784,-0.01956045400000006,-0.02053393800000003,0.0009734839999999689
phase_128,balanced_capacity,0.85,0.25,2026200005,30,0.791747197,0.800640485,0.801759926,0.010012729000000054,0.008893288,0.0011194410000000543
phase_128,balanced_capacity,0.85,0.25,2026200005,90,0.793774486,0.794856851,0.795815745,0.002041258999999962,0.0010823650000000296,0.0009588939999999324
phase_128,balanced_capacity,0.85,0.25,2026200005,180,0.671572901,0.794405054,0.793319481,0.12174658000000005,0.12283215300000005,-0.0010855730000000063
phase_128,balanced_capacity,0.85,0.25,2026200005,360,0.667607017,0.817450454,0.798926772,0.13131975499999993,0.14984343700000002,-0.018523682000000097
phase_128,balanced_capacity,0.85,0.25,2026200006,7,0.0,0.730528631,0.733900409,0.733900409,0.730528631,0.003371777999999992
phase_128,balanced_capacity,0.85,0.25,2026200006,30,0.0,0.0,0.0,0.0,0.0,0.0
phase_128,balanced_capacity,0.85,0.25,2026200006,90,0.0,0.0,0.0,0.0,0.0,0.0
phase_128,balanced_capacity,0.85,0.25,2026200006,180,0.0,0.0,0.0,0.0,0.0,0.0
phase_128,balanced_capacity,0.85,0.25,2026200006,360,0.0,0.0,0.0,0.0,0.0,0.0
phase_128,balanced_capacity,0.85,0.25,2026200007,7,0.903196289,0.903210135,0.903210293,1.4003999999956385e-05,1.3845999999984038e-05,1.5799999997234693e-07
phase_128,balanced_capacity,0.85,0.25,2026200007,30,0.903600539,0.869066204,0.870838862,-0.03276167699999999,-0.03453433500000003,0.001772658000000038
phase_128,balanced_capacity,0.85,0.25,2026200007,90,0.904358074,0.557696443,0.564800841,-0.33955723299999996,-0.346661631,0.007104398000000067
phase_128,balanced_capacity,0.85,0.25,2026200007,180,0.584018386,0.811038398,0.813028925,0.229010539,0.227020012,0.0019905270000000197
phase_128,balanced_capacity,0.85,0.25,2026200007,360,0.853705635,0.0,0.0,-0.853705635,-0.853705635,0.0
phase_128,balanced_capacity,0.85,0.25,2026200008,7,0.864058335,0.899547453,0.899997238,0.03593890300000002,0.0354891180000001,0.00044978499999992483
phase_128,balanced_capacity,0.85,0.25,2026200008,30,0.891170766,0.895560905,0.896938295,0.0057675289999999935,0.00439013899999996,0.0013773900000000339
phase_128,balanced_capacity,0.85,0.25,2026200008,90,0.838433032,0.903953807,0.903954129,0.06552109700000008,0.06552077500000009,3.2199999999704687e-07
phase_128,balanced_capacity,0.85,0.25,2026200008,180,0.847778818,0.856872649,0.865349342,0.017570524000000032,0.009093831000000052,0.00847669299999998
phase_128,balanced_capacity,0.85,0.25,2026200008,360,0.866381357,0.765122107,0.776881551,-0.08949980599999996,-0.10125924999999991,0.011759443999999952
phase_128,balanced_capacity,0.85,0.25,2026200009,7,0.0,0.0,0.0,0.0,0.0,0.0
phase_128,balanced_capacity,0.85,0.25,2026200009,30,0.0,0.0,0.0,0.0,0.0,0.0
phase_128,balanced_capacity,0.85,0.25,2026200009,90,0.0,0.0,0.0,0.0,0.0,0.0
phase_128,balanced_capacity,0.85,0.25,2026200009,180,0.0,0.0,0.0,0.0,0.0,0.0
phase_128,balanced_capacity,0.85,0.25,2026200009,360,0.0,0.0,0.0,0.0,0.0,0.0
phase_128,balanced_capacity,0.85,0.25,2026200010,7,0.883986575,0.869808038,0.883501603,-0.0004849719999999724,-0.014178537000000047,0.013693565000000074
phase_128,balanced_capacity,0.85,0.25,2026200010,30,0.845943588,0.809370928,0.845563522,-0.00038006600000006774,-0.036572660000000035,0.03619259399999997
phase_128,balanced_capacity,0.85,0.25,2026200010,90,0.771304569,0.730710122,0.780131035,0.008826466000000033,-0.040594447000000033,0.049420913000000066
phase_128,balanced_capacity,0.85,0.25,2026200010,180,0.63106633,0.579711855,0.661853965,0.030787635000000035,-0.05135447500000001,0.08214211000000005
phase_128,balanced_capacity,0.85,0.25,2026200010,360,0.0,0.0,0.0,0.0,0.0,0.0
phase_128,balanced_capacity,0.85,0.25,2026200011,7,0.788380898,0.811954395,0.81359969,0.02521879199999999,0.023573497,0.001645294999999991
phase_128,balanced_capacity,0.85,0.25,2026200011,30,0.632445579,0.613739378,0.618643754,-0.013801824999999934,-0.018706200999999978,0.004904376000000044
phase_128,balanced_capacity,0.85,0.25,2026200011,90,0.775747638,0.765051951,0.767542284,-0.008205353999999998,-0.01069568700000001,0.0024903330000000112
phase_128,balanced_capacity,0.85,0.25,2026200011,180,0.873048534,0.818244262,0.81657606,-0.056472473999999995,-0.05480427200000004,-0.001668201999999952
phase_128,balanced_capacity,0.85,0.25,2026200011,360,0.878708632,0.816559492,0.816284938,-0.06242369400000003,-0.06214914000000005,-0.0002745539999999824
phase_129,balanced_capacity,0.85,0.5,2026200000,7,0.892865322,0.886900212,0.889111867,-0.0037534550000000166,-0.005965109999999996,0.002211654999999979
phase_129,balanced_capacity,0.85,0.5,2026200000,30,0.882458545,0.868984976,0.871311655,-0.01114689000000002,-0.013473568999999963,0.0023266789999999427
phase_129,balanced_capacity,0.85,0.5,2026200000,90,0.878968662,0.86523334,0.870188663,-0.008779999000000038,-0.01373532200000005,0.0049553230000000115
phase_129,balanced_capacity,0.85,0.5,2026200000,180,0.8925032,0.878585234,0.878165004,-0.01433819600000008,-0.01391796600000006,-0.0004202300000000214
phase_129,balanced_capacity,0.85,0.5,2026200000,360,0.884627517,0.870834604,0.869453212,-0.015174304999999944,-0.013792912999999962,-0.0013813919999999813
phase_129,balanced_capacity,0.85,0.5,2026200001,7,0.891320873,0.740415185,0.752936576,-0.138384297,-0.15090568799999993,0.012521390999999937
phase_129,balanced_capacity,0.85,0.5,2026200001,30,0.852411225,0.52338123,0.566930821,-0.28548040399999997,-0.32902999499999996,0.043549591
phase_129,balanced_capacity,0.85,0.5,2026200001,90,0.410953275,0.472698925,0.53245617,0.121502895,0.061745649999999985,0.059757245000000014
phase_129,balanced_capacity,0.85,0.5,2026200001,180,0.361537054,0.406730232,0.483987198,0.12245014399999998,0.045193178,0.07725696599999998
phase_129,balanced_capacity,0.85,0.5,2026200001,360,0.0,0.0,0.309465865,0.309465865,0.0,0.309465865
phase_129,balanced_capacity,0.85,0.5,2026200002,7,0.897137459,0.827612866,0.829513868,-0.06762359099999993,-0.06952459300000002,0.001901002000000096
phase_129,balanced_capacity,0.85,0.5,2026200002,30,0.904400278,0.633355639,0.642127329,-0.262272949,-0.271044639,0.008771689999999999
phase_129,balanced_capacity,0.85,0.5,2026200002,90,0.904369464,0.723698926,0.369291824,-0.5350776399999999,-0.180670538,-0.354407102
phase_129,balanced_capacity,0.85,0.5,2026200002,180,0.798162664,0.799850163,0.345012013,-0.453150651,0.0016874989999999812,-0.45483815
phase_129,balanced_capacity,0.85,0.5,2026200002,360,0.784767397,0.838542574,0.291205428,-0.493561969,0.05377517700000001,-0.547337146
phase_129,balanced_capacity,0.85,0.5,2026200003,7,0.902933501,0.861089326,0.861716757,-0.04121674399999997,-0.04184417500000004,0.0006274310000000671
phase_129,balanced_capacity,0.85,0.5,2026200003,30,0.903318359,0.891698298,0.892424275,-0.010894084000000026,-0.011620061000000015,0.0007259769999999888
phase_129,balanced_capacity,0.85,0.5,2026200003,90,0.904022062,0.860638893,0.860463025,-0.04355903699999997,-0.043383169000000055,-0.00017586799999991243
phase_129,balanced_capacity,0.85,0.5,2026200003,180,0.905181751,0.479771003,0.491168268,-0.41401348299999996,-0.425410748,0.011397265000000045
phase_129,balanced_capacity,0.85,0.5,2026200003,360,0.759065475,0.0,0.0,-0.759065475,-0.759065475,0.0
phase_129,balanced_capacity,0.85,0.5,2026200004,7,0.8837568,0.887777025,0.889015698,0.005258898000000012,0.004020224999999988,0.0012386730000000234
phase_129,balanced_capacity,0.85,0.5,2026200004,30,0.875020911,0.858313463,0.861601546,-0.013419364999999961,-0.016707448000000014,0.0032880830000000527
phase_129,balanced_capacity,0.85,0.5,2026200004,90,0.900801613,0.850927721,0.900847786,4.617300000009372e-05,-0.04987389199999992,0.04992006500000001
phase_129,balanced_capacity,0.85,0.5,2026200004,180,0.804423371,0.814771033,0.755298832,-0.04912453900000002,0.010347661999999924,-0.05947220099999995
phase_129,balanced_capacity,0.85,0.5,2026200004,360,0.787969296,0.744943142,0.757104552,-0.030864743999999944,-0.04302615399999998,0.01216141000000004
phase_129,balanced_capacity,0.85,0.5,2026200005,7,0.887598294,0.857833024,0.858544579,-0.02905371499999998,-0.029765269999999955,0.0007115549999999748
phase_129,balanced_capacity,0.85,0.5,2026200005,30,0.791747197,0.681267495,0.689314507,-0.10243268999999999,-0.11047970200000001,0.00804701200000002
phase_129,balanced_capacity,0.85,0.5,2026200005,90,0.793774486,0.358213769,0.379716359,-0.414058127,-0.435560717,0.021502589999999988
phase_129,balanced_capacity,0.85,0.5,2026200005,180,0.671572901,0.345636044,0.367552322,-0.304020579,-0.325936857,0.02191627800000001
phase_129,balanced_capacity,0.85,0.5,2026200005,360,0.667607017,0.318858492,0.342501541,-0.325105476,-0.34874852500000003,0.023643049000000027
phase_129,balanced_capacity,0.85,0.5,2026200006,7,0.0,0.0,0.725959533,0.725959533,0.0,0.725959533
phase_129,balanced_capacity,0.85,0.5,2026200006,30,0.0,0.0,0.0,0.0,0.0,0.0
phase_129,balanced_capacity,0.85,0.5,2026200006,90,0.0,0.0,0.0,0.0,0.0,0.0
phase_129,balanced_capacity,0.85,0.5,2026200006,180,0.0,0.0,0.0,0.0,0.0,0.0
phase_129,balanced_capacity,0.85,0.5,2026200006,360,0.0,0.0,0.0,0.0,0.0,0.0
phase_129,balanced_capacity,0.85,0.5,2026200007,7,0.903196289,0.903197575,0.903197747,1.4579999999542181e-06,1.285999999933729e-06,1.720000000204891e-07
phase_129,balanced_capacity,0.85,0.5,2026200007,30,0.903600539,0.710932359,0.712747182,-0.19085335700000006,-0.19266818000000008,0.001814823000000021
phase_129,balanced_capacity,0.85,0.5,2026200007,90,0.904358074,0.764050059,0.76589451,-0.13846356400000004,-0.140308015,0.0018444509999999692
phase_129,balanced_capacity,0.85,0.5,2026200007,180,0.584018386,0.774665325,0.776349344,0.192330958,0.19064693899999996,0.0016840190000000366
phase_129,balanced_capacity,0.85,0.5,2026200007,360,0.853705635,0.766984009,0.765013752,-0.08869188299999997,-0.086721626,-0.0019702569999999753
phase_129,balanced_capacity,0.85,0.5,2026200008,7,0.864058335,0.891923211,0.892892128,0.028833792999999996,0.027864876000000094,0.0009689169999999026
phase_129,balanced_capacity,0.85,0.5,2026200008,30,0.891170766,0.861666575,0.864614096,-0.02655666999999995,-0.029504191000000013,0.002947521000000064
phase_129,balanced_capacity,0.85,0.5,2026200008,90,0.838433032,0.837654386,0.848653186,0.010220153999999981,-0.000778645999999994,0.010998799999999975
phase_129,balanced_capacity,0.85,0.5,2026200008,180,0.847778818,0.768343688,0.771613657,-0.07616516100000004,-0.07943513000000002,0.0032699689999999837
phase_129,balanced_capacity,0.85,0.5,2026200008,360,0.866381357,0.767982161,0.771198834,-0.09518252299999996,-0.09839919599999991,0.0032166729999999477
phase_129,balanced_capacity,0.85,0.5,2026200009,7,0.0,0.0,0.0,0.0,0.0,0.0
phase_129,balanced_capacity,0.85,0.5,2026200009,30,0.0,0.0,0.0,0.0,0.0,0.0
phase_129,balanced_capacity,0.85,0.5,2026200009,90,0.0,0.0,0.0,0.0,0.0,0.0
phase_129,balanced_capacity,0.85,0.5,2026200009,180,0.0,0.0,0.0,0.0,0.0,0.0
phase_129,balanced_capacity,0.85,0.5,2026200009,360,0.0,0.0,0.0,0.0,0.0,0.0
phase_129,balanced_capacity,0.85,0.5,2026200010,7,0.883986575,0.837872223,0.873380183,-0.01060639200000002,-0.046114352000000025,0.035507960000000005
phase_129,balanced_capacity,0.85,0.5,2026200010,30,0.845943588,0.729375432,0.823754713,-0.022188874999999997,-0.11656815600000003,0.09437928100000004
phase_129,balanced_capacity,0.85,0.5,2026200010,90,0.771304569,0.644812268,0.762742737,-0.008561832000000047,-0.12649230099999997,0.11793046899999993
phase_129,balanced_capacity,0.85,0.5,2026200010,180,0.63106633,0.484583683,0.658041285,0.026974955000000023,-0.14648264700000002,0.17345760200000004
phase_129,balanced_capacity,0.85,0.5,2026200010,360,0.0,0.0,0.0,0.0,0.0,0.0
phase_129,balanced_capacity,0.85,0.5,2026200011,7,0.788380898,0.891870928,0.89322599,0.10484509200000003,0.10349003000000001,0.001355062000000018
phase_129,balanced_capacity,0.85,0.5,2026200011,30,0.632445579,0.828016496,0.834462564,0.20201698499999998,0.19557091700000007,0.006446067999999916
phase_129,balanced_capacity,0.85,0.5,2026200011,90,0.775747638,0.803008586,0.804349726,0.02860208799999997,0.027260948000000007,0.001341139999999963
phase_129,balanced_capacity,0.85,0.5,2026200011,180,0.873048534,0.812175489,0.801701785,-0.07134674900000004,-0.060873045000000015,-0.010473704000000028
phase_129,balanced_capacity,0.85,0.5,2026200011,360,0.878708632,0.81050658,0.777761585,-0.10094704700000001,-0.06820205200000007,-0.03274499499999994
phase_130,balanced_capacity,0.85,0.75,2026200000,7,0.892865322,0.886809564,0.890004422,-0.002860900000000055,-0.006055758000000022,0.003194857999999967
phase_130,balanced_capacity,0.85,0.75,2026200000,30,0.882458545,0.862455652,0.86595782,-0.016500724999999994,-0.02000289300000002,0.0035021680000000277
phase_130,balanced_capacity,0.85,0.75,2026200000,90,0.878968662,0.858539744,0.869217353,-0.009751308999999986,-0.020428918000000018,0.010677609000000032
phase_130,balanced_capacity,0.85,0.75,2026200000,180,0.8925032,0.8718033,0.872785482,-0.019717718000000106,-0.020699900000000104,0.0009821819999999981
phase_130,balanced_capacity,0.85,0.75,2026200000,360,0.884627517,0.868877575,0.883013995,-0.0016135219999999784,-0.015749942000000017,0.014136420000000038
phase_130,balanced_capacity,0.85,0.75,2026200001,7,0.891320873,0.88316683,0.885030117,-0.006290755999999953,-0.008154043,0.0018632870000000468
phase_130,balanced_capacity,0.85,0.75,2026200001,30,0.852411225,0.902992127,0.902979732,0.05056850700000004,0.05058090199999998,-1.2394999999942868e-05
phase_130,balanced_capacity,0.85,0.75,2026200001,90,0.410953275,0.903707709,0.903711999,0.492758724,0.49275443399999996,4.290000000017891e-06
phase_130,balanced_capacity,0.85,0.75,2026200001,180,0.361537054,0.904921955,0.901510179,0.5399731249999999,0.5433849009999999,-0.0034117759999999775
phase_130,balanced_capacity,0.85,0.75,2026200001,360,0.0,0.881826193,0.886030645,0.886030645,0.881826193,0.00420445199999997
phase_130,balanced_capacity,0.85,0.75,2026200002,7,0.897137459,0.904279952,0.904280825,0.007143365999999984,0.0071424930000000275,8.72999999956825e-07
phase_130,balanced_capacity,0.85,0.75,2026200002,30,0.904400278,0.904709347,0.904711553,0.00031127499999994424,0.00030906900000005066,2.205999999893571e-06
phase_130,balanced_capacity,0.85,0.75,2026200002,90,0.904369464,0.905535046,0.905536586,0.0011671220000000204,0.0011655820000000539,1.5399999999665681e-06
phase_130,balanced_capacity,0.85,0.75,2026200002,180,0.798162664,0.843780934,0.8537966,0.055633935999999995,0.04561826999999996,0.010015666000000034
phase_130,balanced_capacity,0.85,0.75,2026200002,360,0.784767397,0.770836792,0.800817056,0.016049658999999994,-0.013930604999999985,0.02998026399999998
phase_130,balanced_capacity,0.85,0.75,2026200003,7,0.902933501,0.862035555,0.862743327,-0.04019017400000002,-0.040897946000000074,0.0007077720000000509
phase_130,balanced_capacity,0.85,0.75,2026200003,30,0.903318359,0.871758818,0.872888801,-0.030429558000000023,-0.031559541000000024,0.001129983000000001
phase_130,balanced_capacity,0.85,0.75,2026200003,90,0.904022062,0.839358785,0.840136835,-0.06388522699999999,-0.06466327699999996,0.0007780499999999746
phase_130,balanced_capacity,0.85,0.75,2026200003,180,0.905181751,0.871789393,0.877969897,-0.027211853999999924,-0.033392357999999955,0.006180504000000031
phase_130,balanced_capacity,0.85,0.75,2026200003,360,0.759065475,0.0,0.0,-0.759065475,-0.759065475,0.0
phase_130,balanced_capacity,0.85,0.75,2026200004,7,0.8837568,0.899607462,0.899608047,0.015851246999999957,0.01585066199999996,5.849999999973932e-07
phase_130,balanced_capacity,0.85,0.75,2026200004,30,0.875020911,0.899972215,0.893054925,0.018034014000000043,0.024951304000000007,-0.006917289999999965
phase_130,balanced_capacity,0.85,0.75,2026200004,90,0.900801613,0.900736435,0.895604537,-0.005197075999999967,-6.517799999994356e-05,-0.005131898000000024
phase_130,balanced_capacity,0.85,0.75,2026200004,180,0.804423371,0.860501985,0.876417447,0.07199407599999996,0.056078613999999916,0.015915462000000047
phase_130,balanced_capacity,0.85,0.75,2026200004,360,0.787969296,0.342987484,0.299799973,-0.488169323,-0.444981812,-0.04318751100000001
phase_130,balanced_capacity,0.85,0.75,2026200005,7,0.887598294,0.885986184,0.888995575,0.001397281000000028,-0.0016121100000000554,0.0030093910000000834
phase_130,balanced_capacity,0.85,0.75,2026200005,30,0.791747197,0.86077717,0.869369559,0.07762236200000006,0.06902997300000002,0.008592389000000034
phase_130,balanced_capacity,0.85,0.75,2026200005,90,0.793774486,0.831374111,0.838203297,0.04442881099999996,0.037599625000000025,0.006829185999999932
phase_130,balanced_capacity,0.85,0.75,2026200005,180,0.671572901,0.82353965,0.825757816,0.15418491499999998,0.15196674899999996,0.0022181660000000214
phase_130,balanced_capacity,0.85,0.75,2026200005,360,0.667607017,0.81715068,0.818076995,0.15046997799999995,0.149543663,0.0009263149999999554
phase_130,balanced_capacity,0.85,0.75,2026200006,7,0.0,0.900034537,0.90003494,0.90003494,0.900034537,4.0299999992665647e-07
phase_130,balanced_capacity,0.85,0.75,2026200006,30,0.0,0.894812013,0.898599465,0.898599465,0.894812013,0.003787451999999969
phase_130,balanced_capacity,0.85,0.75,2026200006,90,0.0,0.901214257,0.901215554,0.901215554,0.901214257,1.2969999999556947e-06
phase_130,balanced_capacity,0.85,0.75,2026200006,180,0.0,0.656139248,0.693147043,0.693147043,0.656139248,0.037007794999999954
phase_130,balanced_capacity,0.85,0.75,2026200006,360,0.0,0.0,0.0,0.0,0.0,0.0
phase_130,balanced_capacity,0.85,0.75,2026200007,7,0.903196289,0.903199924,0.903200177,3.88799999995193e-06,3.635000000001831e-06,2.529999999500987e-07
phase_130,balanced_capacity,0.85,0.75,2026200007,30,0.903600539,0.707330954,0.710025775,-0.19357476400000007,-0.19626958500000002,0.0026948209999999584
phase_130,balanced_capacity,0.85,0.75,2026200007,90,0.904358074,0.759494868,0.756551728,-0.14780634599999998,-0.14486320600000002,-0.0029431399999999552
phase_130,balanced_capacity,0.85,0.75,2026200007,180,0.584018386,0.77004045,0.809220235,0.22520184899999995,0.186022064,0.03917978499999997
phase_130,balanced_capacity,0.85,0.75,2026200007,360,0.853705635,0.762431438,0.799630959,-0.05407467599999993,-0.09127419699999995,0.03719952100000001
phase_130,balanced_capacity,0.85,0.75,2026200008,7,0.864058335,0.889971703,0.891479718,0.027421383000000077,0.025913367999999992,0.0015080150000000847
phase_130,balanced_capacity,0.85,0.75,2026200008,30,0.891170766,0.891693809,0.895429651,0.0042588850000000456,0.0005230429999999453,0.0037358420000001002
phase_130,balanced_capacity,0.85,0.75,2026200008,90,0.838433032,0.843303193,0.857686896,0.019253864000000065,0.0048701610000000395,0.014383703000000025
phase_130,balanced_capacity,0.85,0.75,2026200008,180,0.847778818,0.744433643,0.806287588,-0.04149122999999999,-0.10334517499999996,0.061853944999999966
phase_130,balanced_capacity,0.85,0.75,2026200008,360,0.866381357,0.77641118,0.772766071,-0.09361528599999991,-0.08997017699999998,-0.003645108999999924
phase_130,balanced_capacity,0.85,0.75,2026200009,7,0.0,0.859386553,0.861585432,0.861585432,0.859386553,0.0021988790000000424
phase_130,balanced_capacity,0.85,0.75,2026200009,30,0.0,0.870951528,0.870957736,0.870957736,0.870951528,6.208000000063052e-06
phase_130,balanced_capacity,0.85,0.75,2026200009,90,0.0,0.871667146,0.871668942,0.871668942,0.871667146,1.7960000000538656e-06
phase_130,balanced_capacity,0.85,0.75,2026200009,180,0.0,0.7545119,0.755365557,0.755365557,0.7545119,0.0008536569999999521
phase_130,balanced_capacity,0.85,0.75,2026200009,360,0.0,0.78965245,0.795974809,0.795974809,0.78965245,0.006322359
phase_130,balanced_capacity,0.85,0.75,2026200010,7,0.883986575,0.0,0.0,-0.883986575,-0.883986575,0.0
phase_130,balanced_capacity,0.85,0.75,2026200010,30,0.845943588,0.0,0.0,-0.845943588,-0.845943588,0.0
phase_130,balanced_capacity,0.85,0.75,2026200010,90,0.771304569,0.0,0.0,-0.771304569,-0.771304569,0.0
phase_130,balanced_capacity,0.85,0.75,2026200010,180,0.63106633,0.0,0.0,-0.63106633,-0.63106633,0.0
phase_130,balanced_capacity,0.85,0.75,2026200010,360,0.0,0.0,0.0,0.0,0.0,0.0
phase_130,balanced_capacity,0.85,0.75,2026200011,7,0.788380898,0.841954036,0.844366385,0.055985487000000056,0.053573137999999965,0.0024123490000000913
phase_130,balanced_capacity,0.85,0.75,2026200011,30,0.632445579,0.621067854,0.638804502,0.006358923000000072,-0.011377725000000005,0.017736648000000077
phase_130,balanced_capacity,0.85,0.75,2026200011,90,0.775747638,0.753810071,0.755363904,-0.020383734000000042,-0.021937567000000047,0.0015538330000000045
phase_130,balanced_capacity,0.85,0.75,2026200011,180,0.873048534,0.764191927,0.765829237,-0.10721929699999999,-0.108856607,0.001637310000000003
phase_130,balanced_capacity,0.85,0.75,2026200011,360,0.878708632,0.760657051,0.761629359,-0.1170792730000001,-0.11805158100000002,0.0009723079999999218
phase_131,balanced_capacity,0.85,1.0,2026200000,7,0.892865322,0.886683214,0.890793276,-0.002072045999999994,-0.006182107999999964,0.00411006199999997
phase_131,balanced_capacity,0.85,1.0,2026200000,30,0.882458545,0.856199195,0.860946964,-0.021511580999999946,-0.026259350000000015,0.004747769000000068
phase_131,balanced_capacity,0.85,1.0,2026200000,90,0.878968662,0.852104604,0.879145109,0.0001764469999999685,-0.026864058000000024,0.027040504999999992
phase_131,balanced_capacity,0.85,1.0,2026200000,180,0.8925032,0.865298581,0.705560136,-0.18694306400000005,-0.02720461900000004,-0.159738445
phase_131,balanced_capacity,0.85,1.0,2026200000,360,0.884627517,0.862420777,0.586929444,-0.29769807299999995,-0.022206740000000003,-0.27549133299999995
phase_131,balanced_capacity,0.85,1.0,2026200001,7,0.891320873,0.868302573,0.869733529,-0.021587343999999953,-0.023018299999999936,0.0014309559999999832
phase_131,balanced_capacity,0.85,1.0,2026200001,30,0.852411225,0.895204088,0.897021993,0.04461076799999997,0.04279286299999996,0.0018179050000000085
phase_131,balanced_capacity,0.85,1.0,2026200001,90,0.410953275,0.862095711,0.862822561,0.451869286,0.45114243600000004,0.0007268499999999456
phase_131,balanced_capacity,0.85,1.0,2026200001,180,0.361537054,0.887168694,0.891098641,0.529561587,0.52563164,0.003929947000000045
phase_131,balanced_capacity,0.85,1.0,2026200001,360,0.0,0.301265928,0.813526673,0.813526673,0.301265928,0.5122607450000001
phase_131,balanced_capacity,0.85,1.0,2026200002,7,0.897137459,0.904362142,0.904363798,0.007226339000000026,0.0072246830000000095,1.6560000000165331e-06
phase_131,balanced_capacity,0.85,1.0,2026200002,30,0.904400278,0.883551209,0.892193332,-0.012206946000000052,-0.020849069000000053,0.008642123000000002
phase_131,balanced_capacity,0.85,1.0,2026200002,90,0.904369464,0.830001863,0.857406418,-0.04696304600000001,-0.07436760099999995,0.02740455499999994
phase_131,balanced_capacity,0.85,1.0,2026200002,180,0.798162664,0.826953519,0.838417967,0.04025530300000002,0.028790855000000004,0.011464448000000016
phase_131,balanced_capacity,0.85,1.0,2026200002,360,0.784767397,0.797134205,0.793796554,0.009029157000000065,0.012366808000000007,-0.0033376509999999415
phase_131,balanced_capacity,0.85,1.0,2026200003,7,0.902933501,0.843530986,0.845231224,-0.05770227700000008,-0.059402515000000045,0.001700237999999965
phase_131,balanced_capacity,0.85,1.0,2026200003,30,0.903318359,0.870190869,0.88226733,-0.021051029,-0.03312749000000004,0.012076461000000038
phase_131,balanced_capacity,0.85,1.0,2026200003,90,0.904022062,0.886939827,0.860560582,-0.04346148000000005,-0.017082235000000057,-0.026379244999999996
phase_131,balanced_capacity,0.85,1.0,2026200003,180,0.905181751,0.741854232,0.252316794,-0.652864957,-0.16332751899999998,-0.489537438
phase_131,balanced_capacity,0.85,1.0,2026200003,360,0.759065475,0.695730393,0.0,-0.759065475,-0.06333508200000004,-0.695730393
phase_131,balanced_capacity,0.85,1.0,2026200004,7,0.8837568,0.885408137,0.893574356,0.009817556000000005,0.001651336999999975,0.00816621900000003
phase_131,balanced_capacity,0.85,1.0,2026200004,30,0.875020911,0.855874225,0.888178125,0.013157214000000028,-0.019146686000000024,0.03230390000000005
phase_131,balanced_capacity,0.85,1.0,2026200004,90,0.900801613,0.868012419,0.871030461,-0.029771151999999912,-0.03278919399999991,0.0030180419999999986
phase_131,balanced_capacity,0.85,1.0,2026200004,180,0.804423371,0.836114095,0.85582986,0.051406489,0.03169072399999995,0.01971576500000005
phase_131,balanced_capacity,0.85,1.0,2026200004,360,0.787969296,0.32951632,0.305751101,-0.48221819499999996,-0.458452976,-0.02376521899999995
phase_131,balanced_capacity,0.85,1.0,2026200005,7,0.887598294,0.900114978,0.900115241,0.012516946999999945,0.012516683999999945,2.630000000003463e-07
phase_131,balanced_capacity,0.85,1.0,2026200005,30,0.791747197,0.900505992,0.900506169,0.10875897200000006,0.10875879500000007,1.7699999999010174e-07
phase_131,balanced_capacity,0.85,1.0,2026200005,90,0.793774486,0.90127127,0.901274402,0.10749991599999997,0.10749678399999996,3.132000000016788e-06
phase_131,balanced_capacity,0.85,1.0,2026200005,180,0.671572901,0.902456052,0.902449812,0.23087691099999996,0.230883151,-6.240000000046209e-06
phase_131,balanced_capacity,0.85,1.0,2026200005,360,0.667607017,0.0,0.0,-0.667607017,-0.667607017,0.0
phase_131,balanced_capacity,0.85,1.0,2026200006,7,0.0,0.865457385,0.867758242,0.867758242,0.865457385,0.002300856999999934
phase_131,balanced_capacity,0.85,1.0,2026200006,30,0.0,0.810246458,0.819174878,0.819174878,0.810246458,0.008928420000000048
phase_131,balanced_capacity,0.85,1.0,2026200006,90,0.0,0.734574533,0.761457634,0.761457634,0.734574533,0.02688310100000002
phase_131,balanced_capacity,0.85,1.0,2026200006,180,0.0,0.361059754,0.360549165,0.360549165,0.361059754,-0.0005105890000000057
phase_131,balanced_capacity,0.85,1.0,2026200006,360,0.0,0.326791788,0.325627206,0.325627206,0.326791788,-0.001164582000000025
phase_131,balanced_capacity,0.85,1.0,2026200007,7,0.903196289,0.884065764,0.893052625,-0.010143663999999997,-0.01913052500000001,0.008986861000000013
phase_131,balanced_capacity,0.85,1.0,2026200007,30,0.903600539,0.903502038,0.903502629,-9.791000000003436e-05,-9.85010000000841e-05,5.910000000497462e-07
phase_131,balanced_capacity,0.85,1.0,2026200007,90,0.904358074,0.904313348,0.904313512,-4.456200000002575e-05,-4.472600000005045e-05,1.6400000002469994e-07
phase_131,balanced_capacity,0.85,1.0,2026200007,180,0.584018386,0.905496578,0.90550027,0.321481884,0.32147819200000005,3.6919999999440734e-06
phase_131,balanced_capacity,0.85,1.0,2026200007,360,0.853705635,0.907815584,0.90782731,0.05412167500000009,0.05410994899999999,1.1726000000100711e-05
phase_131,balanced_capacity,0.85,1.0,2026200008,7,0.864058335,0.897287366,0.899675686,0.035617351000000075,0.033229031000000075,0.0023883199999999993
phase_131,balanced_capacity,0.85,1.0,2026200008,30,0.891170766,0.883732883,0.888847846,-0.002322920000000006,-0.007437883000000034,0.005114963000000028
phase_131,balanced_capacity,0.85,1.0,2026200008,90,0.838433032,0.833735286,0.853100659,0.014667627000000016,-0.004697745999999947,0.019365372999999964
phase_131,balanced_capacity,0.85,1.0,2026200008,180,0.847778818,0.765386697,0.825567692,-0.02221112599999997,-0.08239212100000004,0.06018099500000007
phase_131,balanced_capacity,0.85,1.0,2026200008,360,0.866381357,0.791576454,0.0,-0.866381357,-0.07480490299999998,-0.791576454
phase_131,balanced_capacity,0.85,1.0,2026200009,7,0.0,0.902995011,0.902990846,0.902990846,0.902995011,-4.165000000000418e-06
phase_131,balanced_capacity,0.85,1.0,2026200009,30,0.0,0.903380303,0.903382449,0.903382449,0.903380303,2.1459999999251522e-06
phase_131,balanced_capacity,0.85,1.0,2026200009,90,0.0,0.904145467,0.904126433,0.904126433,0.904145467,-1.903400000002886e-05
phase_131,balanced_capacity,0.85,1.0,2026200009,180,0.0,0.885106251,0.905283603,0.905283603,0.885106251,0.020177352000000037
phase_131,balanced_capacity,0.85,1.0,2026200009,360,0.0,0.4779384,0.904080477,0.904080477,0.4779384,0.42614207700000006
phase_131,balanced_capacity,0.85,1.0,2026200010,7,0.883986575,0.84148996,0.883972827,-1.374799999998011e-05,-0.042496615000000015,0.042482867000000035
phase_131,balanced_capacity,0.85,1.0,2026200010,30,0.845943588,0.742339933,0.855053098,0.009109509999999932,-0.10360365500000002,0.11271316499999995
phase_131,balanced_capacity,0.85,1.0,2026200010,90,0.771304569,0.699605535,0.824159904,0.05285533500000006,-0.071699034,0.12455436900000005
phase_131,balanced_capacity,0.85,1.0,2026200010,180,0.63106633,0.657757798,0.784392664,0.15332633399999995,0.026691467999999996,0.12663486599999996
phase_131,balanced_capacity,0.85,1.0,2026200010,360,0.0,0.553055169,0.694558203,0.694558203,0.553055169,0.14150303400000008
phase_131,balanced_capacity,0.85,1.0,2026200011,7,0.788380898,0.895064743,0.89695106,0.10857016200000003,0.10668384500000005,0.0018863169999999707
phase_131,balanced_capacity,0.85,1.0,2026200011,30,0.632445579,0.902226142,0.902229518,0.269783939,0.269780563,3.3759999999993795e-06
phase_131,balanced_capacity,0.85,1.0,2026200011,90,0.775747638,0.646192338,0.663204231,-0.11254340699999998,-0.12955530000000004,0.017011893000000056
phase_131,balanced_capacity,0.85,1.0,2026200011,180,0.873048534,0.872269647,0.0,-0.873048534,-0.0007788870000000614,-0.872269647
phase_131,balanced_capacity,0.85,1.0,2026200011,360,0.878708632,0.906445222,0.0,-0.878708632,0.02773658999999995,-0.906445222
phase_132,balanced_capacity,0.85,1.5,2026200000,7,0.892865322,0.796017068,0.806958665,-0.085906657,-0.09684825399999997,0.01094159699999997
phase_132,balanced_capacity,0.85,1.5,2026200000,30,0.882458545,0.539031536,0.604666407,-0.277792138,-0.343427009,0.06563487099999998
phase_132,balanced_capacity,0.85,1.5,2026200000,90,0.878968662,0.450690723,0.515678961,-0.363289701,-0.428277939,0.06498823799999998
phase_132,balanced_capacity,0.85,1.5,2026200000,180,0.8925032,0.432709593,0.498693436,-0.39380976400000006,-0.45979360700000005,0.06598384299999999
phase_132,balanced_capacity,0.85,1.5,2026200000,360,0.884627517,0.395810639,0.465002937,-0.41962457999999997,-0.48881687799999995,0.06919229799999999
phase_132,balanced_capacity,0.85,1.5,2026200001,7,0.891320873,0.863946383,0.866106001,-0.025214871999999944,-0.027374489999999918,0.0021596179999999743
phase_132,balanced_capacity,0.85,1.5,2026200001,30,0.852411225,0.876320979,0.879457614,0.027046389000000004,0.02390975400000006,0.0031366349999999432
phase_132,balanced_capacity,0.85,1.5,2026200001,90,0.410953275,0.840788848,0.489925196,0.078971921,0.42983557299999997,-0.35086365199999997
phase_132,balanced_capacity,0.85,1.5,2026200001,180,0.361537054,0.88029257,0.374548902,0.013011847999999993,0.518755516,-0.505743668
phase_132,balanced_capacity,0.85,1.5,2026200001,360,0.0,0.27432329,0.339561325,0.339561325,0.27432329,0.06523803500000003
phase_132,balanced_capacity,0.85,1.5,2026200002,7,0.897137459,0.87987001,0.88326603,-0.013871428999999935,-0.01726744899999999,0.003396020000000055
phase_132,balanced_capacity,0.85,1.5,2026200002,30,0.904400278,0.839162916,0.853110514,-0.05128976399999996,-0.06523736199999997,0.013947598000000005
phase_132,balanced_capacity,0.85,1.5,2026200002,90,0.904369464,0.794505261,0.834836552,-0.069532912,-0.109864203,0.04033129099999999
phase_132,balanced_capacity,0.85,1.5,2026200002,180,0.798162664,0.773095422,0.770479645,-0.02768301900000003,-0.02506724199999999,-0.0026157770000000413
phase_132,balanced_capacity,0.85,1.5,2026200002,360,0.784767397,0.683860524,0.769333767,-0.015433629999999976,-0.10090687300000001,0.08547324300000003
phase_132,balanced_capacity,0.85,1.5,2026200003,7,0.902933501,0.487743409,0.86890331,-0.03403019100000004,-0.415190092,0.38115990099999997
phase_132,balanced_capacity,0.85,1.5,2026200003,30,0.903318359,0.0,0.809973604,-0.09334475500000006,-0.903318359,0.809973604
phase_132,balanced_capacity,0.85,1.5,2026200003,90,0.904022062,0.0,0.730576772,-0.17344528999999997,-0.904022062,0.730576772
phase_132,balanced_capacity,0.85,1.5,2026200003,180,0.905181751,0.0,0.539442701,-0.36573904999999995,-0.905181751,0.539442701
phase_132,balanced_capacity,0.85,1.5,2026200003,360,0.759065475,0.0,0.0,-0.759065475,-0.759065475,0.0
phase_132,balanced_capacity,0.85,1.5,2026200004,7,0.8837568,0.874704084,0.879590338,-0.004166462000000037,-0.009052716000000016,0.004886253999999979
phase_132,balanced_capacity,0.85,1.5,2026200004,30,0.875020911,0.807251611,0.821485799,-0.05353511200000005,-0.06776930000000003,0.014234187999999981
phase_132,balanced_capacity,0.85,1.5,2026200004,90,0.900801613,0.820043723,0.841457163,-0.05934444999999999,-0.08075789,0.021413440000000006
phase_132,balanced_capacity,0.85,1.5,2026200004,180,0.804423371,0.800495081,0.853172913,0.048749541999999924,-0.0039282900000000565,0.05267783199999998
phase_132,balanced_capacity,0.85,1.5,2026200004,360,0.787969296,0.710196448,0.0,-0.787969296,-0.07777284799999995,-0.710196448
phase_132,balanced_capacity,0.85,1.5,2026200005,7,0.887598294,0.900127475,0.90012783,0.012529535999999952,0.012529181,3.5499999995192155e-07
phase_132,balanced_capacity,0.85,1.5,2026200005,30,0.791747197,0.900536758,0.900537344,0.108790147,0.10878956100000003,5.859999999691112e-07
phase_132,balanced_capacity,0.85,1.5,2026200005,90,0.793774486,0.901271902,0.901272578,0.10749809200000005,0.10749741599999996,6.760000000882727e-07
phase_132,balanced_capacity,0.85,1.5,2026200005,180,0.671572901,0.88740879,0.888518191,0.21694528999999996,0.21583588899999995,0.0011094010000000099
phase_132,balanced_capacity,0.85,1.5,2026200005,360,0.667607017,0.90466429,0.666803964,-0.0008030530000000535,0.237057273,-0.23786032600000007
phase_132,balanced_capacity,0.85,1.5,2026200006,7,0.0,0.900101842,0.900104422,0.900104422,0.900101842,2.5799999999742695e-06
phase_132,balanced_capacity,0.85,1.5,2026200006,30,0.0,0.736416788,0.756088864,0.756088864,0.736416788,0.019672075999999983
phase_132,balanced_capacity,0.85,1.5,2026200006,90,0.0,0.380078541,0.455774053,0.455774053,0.380078541,0.07569551200000002
phase_132,balanced_capacity,0.85,1.5,2026200006,180,0.0,0.36355613,0.438011563,0.438011563,0.36355613,0.07445543300000002
phase_132,balanced_capacity,0.85,1.5,2026200006,360,0.0,0.330207303,0.40213619,0.40213619,0.330207303,0.071928887
phase_132,balanced_capacity,0.85,1.5,2026200007,7,0.903196289,0.903220083,0.903221834,2.5544999999960183e-05,2.3793999999965898e-05,1.750999999994285e-06
phase_132,balanced_capacity,0.85,1.5,2026200007,30,0.903600539,0.88996454,0.896358191,-0.0072423480000000096,-0.01363599900000001,0.006393651
phase_132,balanced_capacity,0.85,1.5,2026200007,90,0.904358074,0.813311952,0.841886985,-0.06247108899999998,-0.09104612200000006,0.028575033000000083
phase_132,balanced_capacity,0.85,1.5,2026200007,180,0.584018386,0.762057963,0.76326001,0.179241624,0.17803957699999995,0.0012020470000000394
phase_132,balanced_capacity,0.85,1.5,2026200007,360,0.853705635,0.74337472,0.74508611,-0.10861952499999994,-0.11033091499999992,0.0017113899999999793
phase_132,balanced_capacity,0.85,1.5,2026200008,7,0.864058335,0.88048695,0.885511893,0.02145355800000004,0.016428615000000035,0.005024943000000004
phase_132,balanced_capacity,0.85,1.5,2026200008,30,0.891170766,0.835904518,0.84939838,-0.041772385999999995,-0.05526624800000002,0.013493862000000023
phase_132,balanced_capacity,0.85,1.5,2026200008,90,0.838433032,0.790893335,0.810857767,-0.02757526499999996,-0.047539696999999936,0.019964431999999976
phase_132,balanced_capacity,0.85,1.5,2026200008,180,0.847778818,0.812728448,0.758122477,-0.08965634099999997,-0.03505037,-0.054605970999999975
phase_132,balanced_capacity,0.85,1.5,2026200008,360,0.866381357,0.756346313,0.79154905,-0.07483230699999999,-0.11003504399999997,0.035202736999999984
phase_132,balanced_capacity,0.85,1.5,2026200009,7,0.0,0.902989004,0.90298949,0.90298949,0.902989004,4.859999999107245e-07
phase_132,balanced_capacity,0.85,1.5,2026200009,30,0.0,0.903270647,0.883936388,0.883936388,0.903270647,-0.019334259000000076
phase_132,balanced_capacity,0.85,1.5,2026200009,90,0.0,0.904121428,0.858650665,0.858650665,0.904121428,-0.04547076299999997
phase_132,balanced_capacity,0.85,1.5,2026200009,180,0.0,0.905274808,0.8062577,0.8062577,0.905274808,-0.09901710800000008
phase_132,balanced_capacity,0.85,1.5,2026200009,360,0.0,0.0,0.778193044,0.778193044,0.0,0.778193044
phase_132,balanced_capacity,0.85,1.5,2026200010,7,0.883986575,0.832818361,0.887210613,0.00322403800000004,-0.051168214000000045,0.054392252000000085
phase_132,balanced_capacity,0.85,1.5,2026200010,30,0.845943588,0.709833415,0.863762705,0.01781911699999994,-0.13611017300000006,0.15392929
phase_132,balanced_capacity,0.85,1.5,2026200010,90,0.771304569,0.662493293,0.835259886,0.06395531700000001,-0.10881127599999996,0.17276659299999997
phase_132,balanced_capacity,0.85,1.5,2026200010,180,0.63106633,0.620826294,0.798732819,0.16766648900000003,-0.010240036000000008,0.17790652500000004
phase_132,balanced_capacity,0.85,1.5,2026200010,360,0.0,0.515942292,0.720872647,0.720872647,0.515942292,0.204930355
phase_132,balanced_capacity,0.85,1.5,2026200011,7,0.788380898,0.844559056,0.849067743,0.06068684499999999,0.056178158000000034,0.004508686999999956
phase_132,balanced_capacity,0.85,1.5,2026200011,30,0.632445579,0.795201421,0.814534956,0.18208937700000005,0.16275584200000004,0.019333535000000013
phase_132,balanced_capacity,0.85,1.5,2026200011,90,0.775747638,0.792545789,0.802625628,0.026877990000000018,0.016798150999999928,0.01007983900000009
phase_132,balanced_capacity,0.85,1.5,2026200011,180,0.873048534,0.791217329,0.797898969,-0.07514956500000003,-0.08183120500000007,0.006681640000000044
phase_132,balanced_capacity,0.85,1.5,2026200011,360,0.878708632,0.782442825,0.680824437,-0.1978841950000001,-0.09626580700000009,-0.101618388
phase_133,balanced_capacity,0.85,2.0,2026200000,7,0.892865322,0.792691822,0.80581959,-0.08704573199999999,-0.10017350000000003,0.01312776800000004
phase_133,balanced_capacity,0.85,2.0,2026200000,30,0.882458545,0.537197722,0.618488425,-0.26397012,-0.34526082299999994,0.08129070299999996
phase_133,balanced_capacity,0.85,2.0,2026200000,90,0.878968662,0.442717607,0.525658645,-0.353310017,-0.436251055,0.08294103800000002
phase_133,balanced_capacity,0.85,2.0,2026200000,180,0.8925032,0.425270608,0.508768066,-0.38373513400000003,-0.46723259200000006,0.08349745800000002
phase_133,balanced_capacity,0.85,2.0,2026200000,360,0.884627517,0.38829806,0.474677221,-0.409950296,-0.496329457,0.08637916099999998
phase_133,balanced_capacity,0.85,2.0,2026200001,7,0.891320873,0.902629161,0.902632373,0.01131150000000003,0.011308288000000055,3.2119999999746796e-06
phase_133,balanced_capacity,0.85,2.0,2026200001,30,0.852411225,0.90300148,0.894169959,0.041758733999999964,0.05059025500000003,-0.008831521000000064
phase_133,balanced_capacity,0.85,2.0,2026200001,90,0.410953275,0.90369516,0.903697139,0.49274386400000003,0.49274188500000005,1.978999999985298e-06
phase_133,balanced_capacity,0.85,2.0,2026200001,180,0.361537054,0.904848101,0.90484699,0.543309936,0.543311047,-1.1109999999980857e-06
phase_133,balanced_capacity,0.85,2.0,2026200001,360,0.0,0.372268698,0.777995247,0.777995247,0.372268698,0.405726549
phase_133,balanced_capacity,0.85,2.0,2026200002,7,0.897137459,0.898852377,0.901728934,0.0045914750000000115,0.0017149180000000097,0.002876557000000002
phase_133,balanced_capacity,0.85,2.0,2026200002,30,0.904400278,0.89038877,0.892436132,-0.011964145999999953,-0.01401150799999995,0.002047361999999997
phase_133,balanced_capacity,0.85,2.0,2026200002,90,0.904369464,0.803499676,0.829454027,-0.07491543699999992,-0.1008697879999999,0.025954350999999987
phase_133,balanced_capacity,0.85,2.0,2026200002,180,0.798162664,0.708873835,0.710824505,-0.08733815899999997,-0.08928882900000001,0.0019506700000000432
phase_133,balanced_capacity,0.85,2.0,2026200002,360,0.784767397,0.764903428,0.7813533,-0.0034140969999999493,-0.01986396899999998,0.016449872000000032
phase_133,balanced_capacity,0.85,2.0,2026200003,7,0.902933501,0.847486249,0.849822294,-0.05311120700000005,-0.055447252,0.0023360449999999533
phase_133,balanced_capacity,0.85,2.0,2026200003,30,0.903318359,0.8524482,0.855711585,-0.04760677400000002,-0.050870159000000026,0.0032633850000000075
phase_133,balanced_capacity,0.85,2.0,2026200003,90,0.904022062,0.853309371,0.879643258,-0.02437880400000003,-0.050712690999999976,0.026333886999999945
phase_133,balanced_capacity,0.85,2.0,2026200003,180,0.905181751,0.844365268,0.848359069,-0.05682268199999996,-0.06081648299999998,0.003993801000000019
phase_133,balanced_capacity,0.85,2.0,2026200003,360,0.759065475,0.597092686,0.894033362,0.13496788700000006,-0.161972789,0.29694067600000007
phase_133,balanced_capacity,0.85,2.0,2026200004,7,0.8837568,0.888893829,0.894086621,0.010329821000000017,0.005137029000000015,0.005192792000000002
phase_133,balanced_capacity,0.85,2.0,2026200004,30,0.875020911,0.896527053,0.900034989,0.025014077999999995,0.021506142000000006,0.0035079359999999893
phase_133,balanced_capacity,0.85,2.0,2026200004,90,0.900801613,0.774839574,0.808813484,-0.09198812899999997,-0.12596203899999991,0.03397390999999994
phase_133,balanced_capacity,0.85,2.0,2026200004,180,0.804423371,0.758087561,0.409510679,-0.39491269200000007,-0.04633581000000009,-0.348576882
phase_133,balanced_capacity,0.85,2.0,2026200004,360,0.787969296,0.756165116,0.284189759,-0.503779537,-0.03180417999999996,-0.47197535700000004
phase_133,balanced_capacity,0.85,2.0,2026200005,7,0.887598294,0.900253479,0.900254154,0.012655859999999963,0.012655184999999958,6.750000000055323e-07
phase_133,balanced_capacity,0.85,2.0,2026200005,30,0.791747197,0.883654709,0.887276992,0.09552979500000003,0.09190751200000002,0.003622283000000004
phase_133,balanced_capacity,0.85,2.0,2026200005,90,0.793774486,0.814979549,0.819355729,0.025581242999999976,0.021205063000000024,0.004376179999999952
phase_133,balanced_capacity,0.85,2.0,2026200005,180,0.671572901,0.65154451,0.680269749,0.008696848000000035,-0.02002839099999998,0.028725239000000014
phase_133,balanced_capacity,0.85,2.0,2026200005,360,0.667607017,0.688937823,0.689674995,0.022067977999999933,0.021330805999999924,0.0007371720000000082
phase_133,balanced_capacity,0.85,2.0,2026200006,7,0.0,0.881415224,0.882280407,0.882280407,0.881415224,0.0008651829999999361
phase_133,balanced_capacity,0.85,2.0,2026200006,30,0.0,0.823574743,0.826748461,0.826748461,0.823574743,0.003173717999999992
phase_133,balanced_capacity,0.85,2.0,2026200006,90,0.0,0.726635643,0.737793917,0.737793917,0.726635643,0.011158273999999913
phase_133,balanced_capacity,0.85,2.0,2026200006,180,0.0,0.676925551,0.666036145,0.666036145,0.676925551,-0.01088940599999999
phase_133,balanced_capacity,0.85,2.0,2026200006,360,0.0,0.70805463,0.66481175,0.66481175,0.70805463,-0.043242879999999984
phase_133,balanced_capacity,0.85,2.0,2026200007,7,0.903196289,0.886308921,0.892014599,-0.011181690000000022,-0.016887368000000014,0.005705677999999992
phase_133,balanced_capacity,0.85,2.0,2026200007,30,0.903600539,0.709527809,0.748361238,-0.15523930100000005,-0.19407273000000003,0.038833428999999975
phase_133,balanced_capacity,0.85,2.0,2026200007,90,0.904358074,0.613906174,0.681602899,-0.22275517499999997,-0.2904519,0.06769672500000001
phase_133,balanced_capacity,0.85,2.0,2026200007,180,0.584018386,0.686290186,0.802986532,0.21896814600000003,0.10227180000000002,0.116696346
phase_133,balanced_capacity,0.85,2.0,2026200007,360,0.853705635,0.764154796,0.786179892,-0.06752574299999992,-0.08955083899999994,0.022025096000000022
phase_133,balanced_capacity,0.85,2.0,2026200008,7,0.864058335,0.879693797,0.886252241,0.02219390600000004,0.0156354620000001,0.006558443999999941
phase_133,balanced_capacity,0.85,2.0,2026200008,30,0.891170766,0.866916583,0.882407555,-0.008763210999999993,-0.02425418300000004,0.015490972000000047
phase_133,balanced_capacity,0.85,2.0,2026200008,90,0.838433032,0.791850656,0.798413763,-0.04001926899999997,-0.046582375999999925,0.006563106999999957
phase_133,balanced_capacity,0.85,2.0,2026200008,180,0.847778818,0.656562032,0.816391037,-0.03138778099999995,-0.19121678600000003,0.15982900500000008
phase_133,balanced_capacity,0.85,2.0,2026200008,360,0.866381357,0.784768155,0.815460492,-0.050920864999999926,-0.081613202,0.03069233700000007
phase_133,balanced_capacity,0.85,2.0,2026200009,7,0.0,0.9029528,0.902953414,0.902953414,0.9029528,6.139999999543733e-07
phase_133,balanced_capacity,0.85,2.0,2026200009,30,0.0,0.903256489,0.903256136,0.903256136,0.903256489,-3.530000000084854e-07
phase_133,balanced_capacity,0.85,2.0,2026200009,90,0.0,0.904110436,0.90410741,0.90410741,0.904110436,-3.0260000000170706e-06
phase_133,balanced_capacity,0.85,2.0,2026200009,180,0.0,0.905139772,0.853305587,0.853305587,0.905139772,-0.05183418499999992
phase_133,balanced_capacity,0.85,2.0,2026200009,360,0.0,0.0,0.0,0.0,0.0,0.0
phase_133,balanced_capacity,0.85,2.0,2026200010,7,0.883986575,0.829281496,0.888460663,0.004474088000000043,-0.05470507899999999,0.05917916700000003
phase_133,balanced_capacity,0.85,2.0,2026200010,30,0.845943588,0.688041437,0.865850334,0.019906745999999975,-0.15790215100000005,0.17780889700000002
phase_133,balanced_capacity,0.85,2.0,2026200010,90,0.771304569,0.633997715,0.839236116,0.06793154700000004,-0.13730685399999998,0.20523840100000001
phase_133,balanced_capacity,0.85,2.0,2026200010,180,0.63106633,0.594145123,0.805019218,0.17395288799999997,-0.03692120700000001,0.21087409499999998
phase_133,balanced_capacity,0.85,2.0,2026200010,360,0.0,0.496426635,0.73487816,0.73487816,0.496426635,0.23845152499999994
phase_133,balanced_capacity,0.85,2.0,2026200011,7,0.788380898,0.901774526,0.901826257,0.11344535899999997,0.11339362799999997,5.1730999999999305e-05
phase_133,balanced_capacity,0.85,2.0,2026200011,30,0.632445579,0.900148756,0.902140029,0.26969445000000003,0.267703177,0.0019912730000000156
phase_133,balanced_capacity,0.85,2.0,2026200011,90,0.775747638,0.898681876,0.902987658,0.12724002,0.12293423800000003,0.00430578199999998
phase_133,balanced_capacity,0.85,2.0,2026200011,180,0.873048534,0.859197109,0.904183533,0.03113499899999994,-0.013851425000000028,0.04498642399999997
phase_133,balanced_capacity,0.85,2.0,2026200011,360,0.878708632,0.894885365,0.718970052,-0.15973858000000007,0.016176733,-0.17591531300000007
phase_135,balanced_capacity,1.0,0.25,2026200000,7,0.852487695,0.84903623,0.852709132,0.000221436999999991,-0.0034514650000000424,0.0036729020000000334
phase_135,balanced_capacity,1.0,0.25,2026200000,30,0.770030147,0.761147946,0.772369382,0.002339234999999995,-0.008882201000000034,0.011221436000000029
phase_135,balanced_capacity,1.0,0.25,2026200000,90,0.722541717,0.711963603,0.725897014,0.003355296999999924,-0.010578114000000083,0.013933411000000007
phase_135,balanced_capacity,1.0,0.25,2026200000,180,0.685743801,0.675426738,0.68942721,0.003683408999999971,-0.010317063000000015,0.014000471999999986
phase_135,balanced_capacity,1.0,0.25,2026200000,360,0.609671671,0.600390299,0.615354241,0.005682570000000053,-0.00928137200000001,0.014963942000000063
phase_135,balanced_capacity,1.0,0.25,2026200001,7,0.830627768,0.83300736,0.835058609,0.004430840999999908,0.0023795919999999304,0.0020512489999999772
phase_135,balanced_capacity,1.0,0.25,2026200001,30,0.603103125,0.604599925,0.615965588,0.012862463000000046,0.0014968000000000758,0.01136566299999997
phase_135,balanced_capacity,1.0,0.25,2026200001,90,0.569697755,0.565689662,0.577778601,0.00808084600000003,-0.004008092999999935,0.012088938999999965
phase_135,balanced_capacity,1.0,0.25,2026200001,180,0.539110751,0.536345206,0.548340104,0.00922935299999994,-0.002765545000000036,0.011994897999999976
phase_135,balanced_capacity,1.0,0.25,2026200001,360,0.478761992,0.475891332,0.486803038,0.008041045999999996,-0.002870660000000025,0.010911706000000021
phase_135,balanced_capacity,1.0,0.25,2026200002,7,0.904466134,0.904464442,0.904464798,-1.3359999999629224e-06,-1.6919999999975843e-06,3.560000000346619e-07
phase_135,balanced_capacity,1.0,0.25,2026200002,30,0.905000245,0.904991921,0.904987823,-1.2421999999956412e-05,-8.323999999948484e-06,-4.098000000007929e-06
phase_135,balanced_capacity,1.0,0.25,2026200002,90,0.860128106,0.864760126,0.866976898,0.0068487919999999924,0.004632019999999959,0.0022167720000000335
phase_135,balanced_capacity,1.0,0.25,2026200002,180,0.860420253,0.844217511,0.874080974,0.013660720999999931,-0.016202742000000048,0.02986346299999998
phase_135,balanced_capacity,1.0,0.25,2026200002,360,0.836631551,0.877701137,0.879916082,0.04328453100000007,0.04106958599999999,0.002214945000000079
phase_135,balanced_capacity,1.0,0.25,2026200003,7,0.900590552,0.903038794,0.903039528,0.002448975999999936,0.002448241999999934,7.340000000022329e-07
phase_135,balanced_capacity,1.0,0.25,2026200003,30,0.829571709,0.868980509,0.870010929,0.04043922,0.03940880000000002,0.0010304199999999764
phase_135,balanced_capacity,1.0,0.25,2026200003,90,0.701254182,0.83160563,0.831581397,0.130327215,0.13035144799999998,-2.4232999999984628e-05
phase_135,balanced_capacity,1.0,0.25,2026200003,180,0.785803143,0.874713529,0.873137408,0.08733426499999997,0.08891038600000001,-0.0015761210000000414
phase_135,balanced_capacity,1.0,0.25,2026200003,360,0.787411878,0.902847316,0.854064127,0.066652249,0.115435438,-0.048783189000000005
phase_135,balanced_capacity,1.0,0.25,2026200004,7,0.825387835,0.819988486,0.82189031,-0.0034975250000000013,-0.005399349000000053,0.001901824000000052
phase_135,balanced_capacity,1.0,0.25,2026200004,30,0.626998312,0.622036192,0.632117666,0.005119353999999965,-0.004962119999999959,0.010081473999999924
phase_135,balanced_capacity,1.0,0.25,2026200004,90,0.547288639,0.541584136,0.551181769,0.0038931300000000224,-0.005704503000000027,0.00959763300000005
phase_135,balanced_capacity,1.0,0.25,2026200004,180,0.526416135,0.520739874,0.529931827,0.0035156920000000147,-0.00567626099999996,0.009191952999999975
phase_135,balanced_capacity,1.0,0.25,2026200004,360,0.483758845,0.478634911,0.486936661,0.003177816,-0.005123933999999997,0.008301749999999997
phase_135,balanced_capacity,1.0,0.25,2026200005,7,0.900182878,0.900168807,0.900169285,-1.3592999999922917e-05,-1.4070999999948874e-05,4.780000000259577e-07
phase_135,balanced_capacity,1.0,0.25,2026200005,30,0.900578945,0.900565456,0.900566537,-1.2408000000019292e-05,-1.3488999999977658e-05,1.0809999999583653e-06
phase_135,balanced_capacity,1.0,0.25,2026200005,90,0.888745882,0.898006215,0.900010302,0.011264419999999942,0.009260332999999954,0.0020040869999999877
phase_135,balanced_capacity,1.0,0.25,2026200005,180,0.892038642,0.902497247,0.902489772,0.010451129999999975,0.010458604999999954,-7.474999999979026e-06
phase_135,balanced_capacity,1.0,0.25,2026200005,360,0.904687738,0.890437936,0.887278332,-0.01740940600000007,-0.014249802000000034,-0.003159604000000038
phase_135,balanced_capacity,1.0,0.25,2026200006,7,0.867819293,0.900170625,0.900171367,0.03235207399999995,0.032351331999999955,7.41999999998022e-07
phase_135,balanced_capacity,1.0,0.25,2026200006,30,0.853963479,0.897817583,0.900197289,0.04623380999999993,0.043854104000000005,0.002379705999999926
phase_135,balanced_capacity,1.0,0.25,2026200006,90,0.834286667,0.834302176,0.838957107,0.0046704400000000534,1.5509000000024642e-05,0.004654931000000029
phase_135,balanced_capacity,1.0,0.25,2026200006,180,0.809033979,0.865028879,0.868754136,0.059720156999999996,0.05599490000000007,0.0037252569999999263
phase_135,balanced_capacity,1.0,0.25,2026200006,360,0.711623946,0.848994251,0.863891019,0.15226707299999998,0.13737030500000003,0.01489676799999995
phase_135,balanced_capacity,1.0,0.25,2026200007,7,0.902218597,0.853374054,0.854417564,-0.04780103299999994,-0.04884454299999996,0.0010435100000000253
phase_135,balanced_capacity,1.0,0.25,2026200007,30,0.90356849,0.807538863,0.810104544,-0.09346394599999996,-0.09602962699999995,0.0025656809999999863
phase_135,balanced_capacity,1.0,0.25,2026200007,90,0.9044707,0.813913953,0.793962521,-0.11050817899999998,-0.09055674699999994,-0.019951432000000047
phase_135,balanced_capacity,1.0,0.25,2026200007,180,0.90016013,0.821033669,0.7294514,-0.17070872999999998,-0.07912646099999998,-0.091582269
phase_135,balanced_capacity,1.0,0.25,2026200007,360,0.891028837,0.907958423,0.791145121,-0.09988371600000001,0.01692958599999994,-0.11681330199999995
phase_135,balanced_capacity,1.0,0.25,2026200008,7,0.870241942,0.892549379,0.892929661,0.022687718999999995,0.02230743699999993,0.00038028200000006507
phase_135,balanced_capacity,1.0,0.25,2026200008,30,0.829837872,0.830262511,0.831592857,0.0017549849999999312,0.00042463900000000443,0.0013303459999999268
phase_135,balanced_capacity,1.0,0.25,2026200008,90,0.879692129,0.772159186,0.777159804,-0.10253232500000009,-0.10753294300000005,0.005000617999999957
phase_135,balanced_capacity,1.0,0.25,2026200008,180,0.823500736,0.866577883,0.854293253,0.030792517000000075,0.04307714700000009,-0.012284630000000019
phase_135,balanced_capacity,1.0,0.25,2026200008,360,0.835641,0.907597931,0.902364973,0.06672397299999999,0.071956931,-0.00523295800000001
phase_135,balanced_capacity,1.0,0.25,2026200009,7,0.876550045,0.887949644,0.888628569,0.01207852399999998,0.011399598999999982,0.0006789249999999969
phase_135,balanced_capacity,1.0,0.25,2026200009,30,0.857139074,0.810733774,0.812903653,-0.044235421,-0.04640529999999998,0.0021698789999999857
phase_135,balanced_capacity,1.0,0.25,2026200009,90,0.495705497,0.521410953,0.530743929,0.03503843200000001,0.02570545599999996,0.009332976000000048
phase_135,balanced_capacity,1.0,0.25,2026200009,180,0.414436342,0.421260296,0.430484033,0.016047690999999975,0.0068239539999999654,0.00922373700000001
phase_135,balanced_capacity,1.0,0.25,2026200009,360,0.365293641,0.370892457,0.377187573,0.011893931999999996,0.0055988160000000065,0.0062951159999999895
phase_135,balanced_capacity,1.0,0.25,2026200010,7,0.855304355,0.841119929,0.84640444,-0.00889991499999998,-0.014184426000000028,0.005284511000000047
phase_135,balanced_capacity,1.0,0.25,2026200010,30,0.890044002,0.798358774,0.808799361,-0.08124464099999995,-0.09168522800000001,0.010440587000000057
phase_135,balanced_capacity,1.0,0.25,2026200010,90,0.902655506,0.769409497,0.781885242,-0.12077026400000002,-0.13324600899999994,0.012475744999999927
phase_135,balanced_capacity,1.0,0.25,2026200010,180,0.903825436,0.736883832,0.749151987,-0.15467344900000002,-0.16694160400000002,0.012268155000000003
phase_135,balanced_capacity,1.0,0.25,2026200010,360,0.906090466,0.671598326,0.684664272,-0.22142619399999997,-0.23449213999999996,0.013065945999999995
phase_135,balanced_capacity,1.0,0.25,2026200011,7,0.893456347,0.870381696,0.871299676,-0.02215667099999996,-0.023074650999999946,0.0009179799999999849
phase_135,balanced_capacity,1.0,0.25,2026200011,30,0.894676862,0.812207168,0.814703627,-0.07997323499999998,-0.08246969399999993,0.002496458999999951
phase_135,balanced_capacity,1.0,0.25,2026200011,90,0.898644617,0.779074393,0.768508061,-0.13013655599999996,-0.11957022399999995,-0.010566332000000012
phase_135,balanced_capacity,1.0,0.25,2026200011,180,0.875465086,0.84536098,0.848747475,-0.02671761099999992,-0.03010410599999991,0.0033864949999999894
phase_135,balanced_capacity,1.0,0.25,2026200011,360,0.893763349,0.843491192,0.370013895,-0.5237494540000001,-0.050272156999999984,-0.473477297
phase_136,balanced_capacity,1.0,0.5,2026200000,7,0.852487695,0.845535338,0.85260457,0.00011687500000001627,-0.006952356999999965,0.007069231999999981
phase_136,balanced_capacity,1.0,0.5,2026200000,30,0.770030147,0.752480033,0.774255055,0.004224907999999972,-0.01755011400000006,0.021775022000000033
phase_136,balanced_capacity,1.0,0.5,2026200000,90,0.722541717,0.70068937,0.727841128,0.005299410999999976,-0.02185234700000005,0.027151758000000026
phase_136,balanced_capacity,1.0,0.5,2026200000,180,0.685743801,0.665298159,0.692533505,0.0067897040000000075,-0.020445641999999986,0.027235345999999994
phase_136,balanced_capacity,1.0,0.5,2026200000,360,0.609671671,0.592273737,0.621116412,0.011444741000000036,-0.017397934000000004,0.02884267500000004
phase_136,balanced_capacity,1.0,0.5,2026200001,7,0.830627768,0.84039796,0.843877911,0.013250142999999936,0.009770191999999955,0.003479950999999981
phase_136,balanced_capacity,1.0,0.5,2026200001,30,0.603103125,0.603566477,0.625091758,0.02198863300000009,0.00046335200000002796,0.021525281000000063
phase_136,balanced_capacity,1.0,0.5,2026200001,90,0.569697755,0.55631753,0.57744588,0.007748124999999995,-0.013380225000000023,0.021128350000000018
phase_136,balanced_capacity,1.0,0.5,2026200001,180,0.539110751,0.527528778,0.548564796,0.009454044999999911,-0.011581973000000079,0.02103601799999999
phase_136,balanced_capacity,1.0,0.5,2026200001,360,0.478761992,0.468901831,0.490486108,0.011724115999999951,-0.009860161000000034,0.021584276999999985
phase_136,balanced_capacity,1.0,0.5,2026200002,7,0.904466134,0.898385762,0.899568413,-0.004897720999999966,-0.0060803720000000006,0.0011826510000000345
phase_136,balanced_capacity,1.0,0.5,2026200002,30,0.905000245,0.855564412,0.86063237,-0.044367874999999946,-0.049435832999999985,0.005067958000000039
phase_136,balanced_capacity,1.0,0.5,2026200002,90,0.860128106,0.851483571,0.852076458,-0.008051648000000022,-0.008644534999999953,0.0005928869999999309
phase_136,balanced_capacity,1.0,0.5,2026200002,180,0.860420253,0.902375343,0.89039239,0.02997213700000001,0.04195508999999997,-0.011982952999999963
phase_136,balanced_capacity,1.0,0.5,2026200002,360,0.836631551,0.893164496,0.909232599,0.072601048,0.05653294500000006,0.016068102999999945
phase_136,balanced_capacity,1.0,0.5,2026200003,7,0.900590552,0.903020123,0.903021521,0.0024309689999999495,0.0024295709999999637,1.3979999999857995e-06
phase_136,balanced_capacity,1.0,0.5,2026200003,30,0.829571709,0.903393049,0.903395401,0.07382369200000005,0.07382133999999996,2.3520000000942787e-06
phase_136,balanced_capacity,1.0,0.5,2026200003,90,0.701254182,0.858371579,0.870232689,0.16897850699999994,0.15711739700000005,0.011861109999999897
phase_136,balanced_capacity,1.0,0.5,2026200003,180,0.785803143,0.870892132,0.90519328,0.11939013700000001,0.08508898900000006,0.03430114799999995
phase_136,balanced_capacity,1.0,0.5,2026200003,360,0.787411878,0.852621605,0.907556029,0.12014415099999998,0.06520972699999994,0.05493442400000004
phase_136,balanced_capacity,1.0,0.5,2026200004,7,0.825387835,0.857893568,0.859144133,0.03375629800000002,0.03250573300000004,0.0012505649999999813
phase_136,balanced_capacity,1.0,0.5,2026200004,30,0.626998312,0.867048909,0.869285687,0.24228737499999997,0.24005059699999998,0.002236777999999995
phase_136,balanced_capacity,1.0,0.5,2026200004,90,0.547288639,0.900862612,0.900867177,0.35357853799999994,0.35357397299999993,4.565000000011921e-06
phase_136,balanced_capacity,1.0,0.5,2026200004,180,0.526416135,0.859423789,0.848156858,0.321740723,0.3330076540000001,-0.011266931000000091
phase_136,balanced_capacity,1.0,0.5,2026200004,360,0.483758845,0.892992512,0.866524972,0.382766127,0.40923366699999997,-0.026467539999999956
phase_136,balanced_capacity,1.0,0.5,2026200005,7,0.900182878,0.900135971,0.900137161,-4.5717000000000674e-05,-4.690699999998493e-05,1.1899999999842592e-06
phase_136,balanced_capacity,1.0,0.5,2026200005,30,0.900578945,0.900638534,0.900641184,6.223900000001947e-05,5.958900000002654e-05,2.6499999999929358e-06
phase_136,balanced_capacity,1.0,0.5,2026200005,90,0.888745882,0.901365971,0.90136548,0.01261959800000001,0.012620089000000001,-4.909999999913595e-07
phase_136,balanced_capacity,1.0,0.5,2026200005,180,0.892038642,0.902539321,0.902525667,0.010487024999999983,0.010500678999999957,-1.3653999999974076e-05
phase_136,balanced_capacity,1.0,0.5,2026200005,360,0.904687738,0.904596676,0.904589238,-9.850000000000136e-05,-9.106199999997511e-05,-7.438000000026257e-06
phase_136,balanced_capacity,1.0,0.5,2026200006,7,0.867819293,0.888356663,0.889972314,0.02215302099999994,0.02053737,0.0016156509999999402
phase_136,balanced_capacity,1.0,0.5,2026200006,30,0.853963479,0.900577144,0.900580074,0.04661659499999993,0.04661366499999997,2.9299999999565784e-06
phase_136,balanced_capacity,1.0,0.5,2026200006,90,0.834286667,0.90128083,0.901286553,0.06699988600000006,0.06699416300000005,5.723000000013023e-06
phase_136,balanced_capacity,1.0,0.5,2026200006,180,0.809033979,0.902395908,0.902357878,0.09332389900000004,0.09336192900000007,-3.803000000002221e-05
phase_136,balanced_capacity,1.0,0.5,2026200006,360,0.711623946,0.904627961,0.397930531,-0.31369341500000003,0.19300401499999997,-0.50669743
phase_136,balanced_capacity,1.0,0.5,2026200007,7,0.902218597,0.903289756,0.903284738,0.0010661410000000204,0.0010711590000000992,-5.018000000078793e-06
phase_136,balanced_capacity,1.0,0.5,2026200007,30,0.90356849,0.903045063,0.903689434,0.00012094400000006722,-0.0005234269999999652,0.0006443710000000324
phase_136,balanced_capacity,1.0,0.5,2026200007,90,0.9044707,0.798076257,0.885861593,-0.018609106999999958,-0.106394443,0.08778533600000005
phase_136,balanced_capacity,1.0,0.5,2026200007,180,0.90016013,0.897055057,0.0,-0.90016013,-0.0031050729999999582,-0.897055057
phase_136,balanced_capacity,1.0,0.5,2026200007,360,0.891028837,0.0,0.0,-0.891028837,-0.891028837,0.0
phase_136,balanced_capacity,1.0,0.5,2026200008,7,0.870241942,0.888039063,0.889527576,0.01928563399999994,0.01779712099999997,0.0014885129999999691
phase_136,balanced_capacity,1.0,0.5,2026200008,30,0.829837872,0.86775113,0.871340628,0.041502755999999974,0.037913258000000005,0.0035894979999999688
phase_136,balanced_capacity,1.0,0.5,2026200008,90,0.879692129,0.866207676,0.864297086,-0.015395043000000053,-0.013484453000000007,-0.0019105900000000453
phase_136,balanced_capacity,1.0,0.5,2026200008,180,0.823500736,0.861249556,0.861046258,0.03754552200000005,0.037748820000000016,-0.0002032979999999629
phase_136,balanced_capacity,1.0,0.5,2026200008,360,0.835641,0.778650326,0.863169503,0.027528502999999982,-0.05699067400000002,0.084519177
phase_136,balanced_capacity,1.0,0.5,2026200009,7,0.876550045,0.879744646,0.881390101,0.004840056000000037,0.003194601000000019,0.0016454550000000179
phase_136,balanced_capacity,1.0,0.5,2026200009,30,0.857139074,0.820276807,0.824317802,-0.03282127199999996,-0.03686226699999995,0.004040994999999992
phase_136,balanced_capacity,1.0,0.5,2026200009,90,0.495705497,0.542431409,0.562883923,0.06717842600000001,0.04672591199999998,0.020452514000000033
phase_136,balanced_capacity,1.0,0.5,2026200009,180,0.414436342,0.426031711,0.445617562,0.03118122000000001,0.011595368999999967,0.019585851000000043
phase_136,balanced_capacity,1.0,0.5,2026200009,360,0.365293641,0.373853599,0.387752693,0.02245905199999998,0.008559957999999979,0.013899094
phase_136,balanced_capacity,1.0,0.5,2026200010,7,0.855304355,0.837036114,0.848441595,-0.006862759999999968,-0.01826824100000002,0.01140548100000005
phase_136,balanced_capacity,1.0,0.5,2026200010,30,0.890044002,0.787652182,0.807757337,-0.08228666500000004,-0.10239182000000002,0.020105154999999986
phase_136,balanced_capacity,1.0,0.5,2026200010,90,0.902655506,0.756402749,0.7806331,-0.12202240600000003,-0.14625275699999996,0.024230350999999928
phase_136,balanced_capacity,1.0,0.5,2026200010,180,0.903825436,0.723832303,0.747839686,-0.15598575000000003,-0.17999313299999997,0.024007382999999938
phase_136,balanced_capacity,1.0,0.5,2026200010,360,0.906090466,0.65953534,0.683746046,-0.22234442,-0.24655512599999996,0.02421070599999997
phase_136,balanced_capacity,1.0,0.5,2026200011,7,0.893456347,0.895875209,0.896601443,0.003145096000000014,0.002418861999999966,0.0007262340000000478
phase_136,balanced_capacity,1.0,0.5,2026200011,30,0.894676862,0.816502971,0.820189445,-0.07448741699999994,-0.07817389099999994,0.003686473999999995
phase_136,balanced_capacity,1.0,0.5,2026200011,90,0.898644617,0.82113379,0.82821447,-0.07043014699999994,-0.077510827,0.007080680000000061
phase_136,balanced_capacity,1.0,0.5,2026200011,180,0.875465086,0.854380001,0.877049988,0.0015849020000000547,-0.021085084999999948,0.022669987000000003
phase_136,balanced_capacity,1.0,0.5,2026200011,360,0.893763349,0.906460883,0.906022194,0.012258844999999963,0.012697534000000066,-0.00043868900000010314
phase_137,balanced_capacity,1.0,0.75,2026200000,7,0.852487695,0.842322645,0.852425086,-6.260899999999125e-05,-0.010165050000000009,0.010102441000000018
phase_137,balanced_capacity,1.0,0.75,2026200000,30,0.770030147,0.744611361,0.776040049,0.006009901999999956,-0.025418786000000027,0.03142868799999998
phase_137,balanced_capacity,1.0,0.75,2026200000,90,0.722541717,0.691010688,0.729488868,0.006947150999999985,-0.031531029000000044,0.03847818000000003
phase_137,balanced_capacity,1.0,0.75,2026200000,180,0.685743801,0.655832578,0.69447863,0.008734829,-0.02991122299999993,0.03864605199999993
phase_137,balanced_capacity,1.0,0.75,2026200000,360,0.609671671,0.585320396,0.624076842,0.01440517100000005,-0.024351275000000006,0.038756446000000055
phase_137,balanced_capacity,1.0,0.75,2026200001,7,0.830627768,0.840093974,0.845628066,0.015000297999999912,0.009466205999999922,0.0055340919999999905
phase_137,balanced_capacity,1.0,0.75,2026200001,30,0.603103125,0.603796603,0.635181668,0.032078543000000015,0.0006934780000000806,0.031385064999999934
phase_137,balanced_capacity,1.0,0.75,2026200001,90,0.569697755,0.550922012,0.583378786,0.013681031000000066,-0.018775742999999956,0.03245677400000002
phase_137,balanced_capacity,1.0,0.75,2026200001,180,0.539110751,0.521840696,0.554334706,0.015223954999999956,-0.017270055000000006,0.03249400999999996
phase_137,balanced_capacity,1.0,0.75,2026200001,360,0.478761992,0.463158685,0.495129653,0.016367660999999978,-0.01560330700000001,0.03197096799999999
phase_137,balanced_capacity,1.0,0.75,2026200002,7,0.904466134,0.895163195,0.89719677,-0.007269364,-0.00930293900000001,0.0020335750000000097
phase_137,balanced_capacity,1.0,0.75,2026200002,30,0.905000245,0.872321325,0.86918051,-0.03581973500000002,-0.032678919999999945,-0.0031408150000000745
phase_137,balanced_capacity,1.0,0.75,2026200002,90,0.860128106,0.860880289,0.861578212,0.001450105999999951,0.0007521830000000174,0.0006979229999999337
phase_137,balanced_capacity,1.0,0.75,2026200002,180,0.860420253,0.791863638,0.787035158,-0.07338509500000001,-0.06855661499999999,-0.004828480000000024
phase_137,balanced_capacity,1.0,0.75,2026200002,360,0.836631551,0.885366815,0.909217491,0.07258594000000007,0.048735264000000056,0.023850676000000015
phase_137,balanced_capacity,1.0,0.75,2026200003,7,0.900590552,0.862466133,0.865012085,-0.035578467,-0.038124419000000076,0.0025459520000000735
phase_137,balanced_capacity,1.0,0.75,2026200003,30,0.829571709,0.870715171,0.875971024,0.04639931500000005,0.041143461999999964,0.005255853000000088
phase_137,balanced_capacity,1.0,0.75,2026200003,90,0.701254182,0.904063371,0.904070485,0.20281630299999998,0.202809189,7.113999999974752e-06
phase_137,balanced_capacity,1.0,0.75,2026200003,180,0.785803143,0.879214999,0.886099383,0.10029624000000004,0.09341185600000002,0.006884384000000021
phase_137,balanced_capacity,1.0,0.75,2026200003,360,0.787411878,0.899248732,0.895846551,0.10843467299999998,0.11183685399999999,-0.003402181000000004
phase_137,balanced_capacity,1.0,0.75,2026200004,7,0.825387835,0.85947503,0.86124047,0.03585263500000002,0.034087195000000015,0.001765440000000007
phase_137,balanced_capacity,1.0,0.75,2026200004,30,0.626998312,0.862461658,0.865761398,0.23876308599999996,0.23546334599999996,0.0032997399999999955
phase_137,balanced_capacity,1.0,0.75,2026200004,90,0.547288639,0.895799623,0.885112763,0.33782412399999995,0.348510984,-0.010686860000000076
phase_137,balanced_capacity,1.0,0.75,2026200004,180,0.526416135,0.839849371,0.452789763,-0.07362637199999994,0.31343323600000006,-0.387059608
phase_137,balanced_capacity,1.0,0.75,2026200004,360,0.483758845,0.859778679,0.415479946,-0.068278899,0.37601983400000005,-0.44429873300000006
phase_137,balanced_capacity,1.0,0.75,2026200005,7,0.900182878,0.900149525,0.900151294,-3.15839999999179e-05,-3.335299999995822e-05,1.7690000000403217e-06
phase_137,balanced_capacity,1.0,0.75,2026200005,30,0.900578945,0.900645014,0.900649082,7.013700000002565e-05,6.606899999994642e-05,4.0680000000792305e-06
phase_137,balanced_capacity,1.0,0.75,2026200005,90,0.888745882,0.901363271,0.901368691,0.012622809000000013,0.012617388999999979,5.420000000033731e-06
phase_137,balanced_capacity,1.0,0.75,2026200005,180,0.892038642,0.902502843,0.902503188,0.010464545999999908,0.010464201000000006,3.4499999990167396e-07
phase_137,balanced_capacity,1.0,0.75,2026200005,360,0.904687738,0.423658235,0.357766658,-0.54692108,-0.481029503,-0.06589157699999998
phase_137,balanced_capacity,1.0,0.75,2026200006,7,0.867819293,0.898690827,0.900180599,0.03236130599999998,0.03087153399999998,0.0014897720000000003
phase_137,balanced_capacity,1.0,0.75,2026200006,30,0.853963479,0.900591778,0.900596158,0.04663267900000001,0.046628298999999984,4.38000000002603e-06
phase_137,balanced_capacity,1.0,0.75,2026200006,90,0.834286667,0.901308901,0.901314682,0.067028015,0.06702223400000007,5.7809999999269834e-06
phase_137,balanced_capacity,1.0,0.75,2026200006,180,0.809033979,0.90239742,0.902428344,0.09339436500000009,0.09336344100000005,3.092400000004325e-05
phase_137,balanced_capacity,1.0,0.75,2026200006,360,0.711623946,0.776837929,0.904489072,0.19286512599999994,0.06521398300000003,0.1276511429999999
phase_137,balanced_capacity,1.0,0.75,2026200007,7,0.902218597,0.902897427,0.903242411,0.0010238140000000673,0.0006788300000000191,0.00034498400000004814
phase_137,balanced_capacity,1.0,0.75,2026200007,30,0.90356849,0.828339517,0.833483192,-0.07008529799999996,-0.07522897299999998,0.005143675000000014
phase_137,balanced_capacity,1.0,0.75,2026200007,90,0.9044707,0.632143462,0.642512504,-0.2619581959999999,-0.2723272379999999,0.010369041999999995
phase_137,balanced_capacity,1.0,0.75,2026200007,180,0.90016013,0.89550778,0.905579396,0.005419266000000089,-0.004652349999999972,0.010071616000000061
phase_137,balanced_capacity,1.0,0.75,2026200007,360,0.891028837,0.81458313,0.801404302,-0.089624535,-0.07644570699999997,-0.013178828000000031
phase_137,balanced_capacity,1.0,0.75,2026200008,7,0.870241942,0.888816844,0.892468777,0.022226835,0.018574902000000004,0.003651932999999996
phase_137,balanced_capacity,1.0,0.75,2026200008,30,0.829837872,0.867205924,0.871844966,0.04200709400000002,0.03736805199999993,0.004639042000000093
phase_137,balanced_capacity,1.0,0.75,2026200008,90,0.879692129,0.862172401,0.865931427,-0.013760702000000014,-0.017519728000000012,0.0037590259999999986
phase_137,balanced_capacity,1.0,0.75,2026200008,180,0.823500736,0.858660679,0.868061895,0.04456115900000002,0.03515994300000003,0.00940121599999999
phase_137,balanced_capacity,1.0,0.75,2026200008,360,0.835641,0.711129978,0.860524746,0.024883745999999984,-0.12451102199999997,0.14939476799999996
phase_137,balanced_capacity,1.0,0.75,2026200009,7,0.876550045,0.883990306,0.88602704,0.009476994999999988,0.007440260999999948,0.00203673400000004
phase_137,balanced_capacity,1.0,0.75,2026200009,30,0.857139074,0.768805508,0.778122204,-0.07901687000000002,-0.08833356599999997,0.009316695999999958
phase_137,balanced_capacity,1.0,0.75,2026200009,90,0.495705497,0.799765849,0.809665665,0.31396016800000004,0.30406035200000003,0.009899816000000006
phase_137,balanced_capacity,1.0,0.75,2026200009,180,0.414436342,0.822561218,0.811809403,0.397373061,0.408124876,-0.010751814999999998
phase_137,balanced_capacity,1.0,0.75,2026200009,360,0.365293641,0.859999712,0.80807568,0.44278203899999996,0.494706071,-0.051924032000000064
phase_137,balanced_capacity,1.0,0.75,2026200010,7,0.855304355,0.834255722,0.851670089,-0.0036342660000000526,-0.02104863300000004,0.017414366999999986
phase_137,balanced_capacity,1.0,0.75,2026200010,30,0.890044002,0.777307047,0.808445666,-0.081598336,-0.11273695500000003,0.031138619000000034
phase_137,balanced_capacity,1.0,0.75,2026200010,90,0.902655506,0.744315592,0.779417035,-0.12323847099999996,-0.15833991400000003,0.035101443000000065
phase_137,balanced_capacity,1.0,0.75,2026200010,180,0.903825436,0.712201186,0.746551058,-0.157274378,-0.19162424999999994,0.03434987199999995
phase_137,balanced_capacity,1.0,0.75,2026200010,360,0.906090466,0.650931786,0.683867594,-0.22222287200000002,-0.25515867999999997,0.032935807999999955
phase_137,balanced_capacity,1.0,0.75,2026200011,7,0.893456347,0.876061221,0.877583729,-0.01587261799999995,-0.01739512600000004,0.001522508000000089
phase_137,balanced_capacity,1.0,0.75,2026200011,30,0.894676862,0.76398877,0.771030723,-0.12364613899999999,-0.13068809199999998,0.00704195299999999
phase_137,balanced_capacity,1.0,0.75,2026200011,90,0.898644617,0.727096971,0.769752611,-0.12889200599999995,-0.17154764599999994,0.042655639999999995
phase_137,balanced_capacity,1.0,0.75,2026200011,180,0.875465086,0.771216764,0.820123915,-0.05534117099999991,-0.1042483219999999,0.04890715099999998
phase_137,balanced_capacity,1.0,0.75,2026200011,360,0.893763349,0.360050761,0.846293772,-0.047469576999999985,-0.533712588,0.486243011
phase_138,balanced_capacity,1.0,1.0,2026200000,7,0.852487695,0.838458647,0.852177457,-0.0003102379999999627,-0.014029048000000044,0.013718810000000081
phase_138,balanced_capacity,1.0,1.0,2026200000,30,0.770030147,0.734621401,0.775575802,0.005545654999999927,-0.0354087460000001,0.04095440100000003
phase_138,balanced_capacity,1.0,1.0,2026200000,90,0.722541717,0.678078473,0.729420419,0.006878701999999959,-0.04446324400000001,0.05134194599999997
phase_138,balanced_capacity,1.0,1.0,2026200000,180,0.685743801,0.642965879,0.694539565,0.00879576400000004,-0.04277792199999997,0.05157368600000001
phase_138,balanced_capacity,1.0,1.0,2026200000,360,0.609671671,0.571271328,0.625103738,0.015432066999999994,-0.03840034299999995,0.05383240999999994
phase_138,balanced_capacity,1.0,1.0,2026200001,7,0.830627768,0.856884191,0.86176094,0.031133171999999987,0.026256422999999973,0.0048767490000000135
phase_138,balanced_capacity,1.0,1.0,2026200001,30,0.603103125,0.711418376,0.734897998,0.13179487300000003,0.10831525100000006,0.023479621999999978
phase_138,balanced_capacity,1.0,1.0,2026200001,90,0.569697755,0.545566161,0.585174946,0.015477191000000001,-0.02413159399999998,0.03960878499999998
phase_138,balanced_capacity,1.0,1.0,2026200001,180,0.539110751,0.517868238,0.555320648,0.016209896999999973,-0.02124251300000002,0.03745240999999999
phase_138,balanced_capacity,1.0,1.0,2026200001,360,0.478761992,0.473238354,0.506608846,0.027846853999999976,-0.005523637999999997,0.033370491999999974
phase_138,balanced_capacity,1.0,1.0,2026200002,7,0.904466134,0.893085204,0.895990559,-0.008475574999999957,-0.011380929999999956,0.0029053549999999984
phase_138,balanced_capacity,1.0,1.0,2026200002,30,0.905000245,0.864155759,0.870590107,-0.034410138000000035,-0.04084448600000001,0.006434347999999979
phase_138,balanced_capacity,1.0,1.0,2026200002,90,0.860128106,0.852369596,0.856165168,-0.003962938000000027,-0.007758510000000052,0.003795572000000025
phase_138,balanced_capacity,1.0,1.0,2026200002,180,0.860420253,0.906859978,0.784778813,-0.07564144000000006,0.04643972499999993,-0.12208116499999999
phase_138,balanced_capacity,1.0,1.0,2026200002,360,0.836631551,0.872642104,0.909251402,0.07261985100000001,0.036010553,0.03660929800000001
phase_138,balanced_capacity,1.0,1.0,2026200003,7,0.900590552,0.895962239,0.897298252,-0.0032923000000000258,-0.004628312999999995,0.0013360129999999693
phase_138,balanced_capacity,1.0,1.0,2026200003,30,0.829571709,0.866522537,0.871874589,0.04230288000000004,0.03695082800000005,0.005352051999999996
phase_138,balanced_capacity,1.0,1.0,2026200003,90,0.701254182,0.488124069,0.521257741,-0.179996441,-0.213130113,0.033133672
phase_138,balanced_capacity,1.0,1.0,2026200003,180,0.785803143,0.413544692,0.441003183,-0.34479995999999996,-0.372258451,0.02745849100000003
phase_138,balanced_capacity,1.0,1.0,2026200003,360,0.787411878,0.375092466,0.402684554,-0.38472732400000004,-0.412319412,0.02759208799999996
phase_138,balanced_capacity,1.0,1.0,2026200004,7,0.825387835,0.85855495,0.860984402,0.03559656700000002,0.033167115000000025,0.0024294519999999986
phase_138,balanced_capacity,1.0,1.0,2026200004,30,0.626998312,0.815559967,0.822995936,0.19599762399999998,0.188561655,0.007435968999999987
phase_138,balanced_capacity,1.0,1.0,2026200004,90,0.547288639,0.477599555,0.521237564,-0.026051075000000035,-0.06968908400000001,0.04363800899999998
phase_138,balanced_capacity,1.0,1.0,2026200004,180,0.526416135,0.449352657,0.480146957,-0.046269177999999966,-0.07706347799999996,0.030794299999999997
phase_138,balanced_capacity,1.0,1.0,2026200004,360,0.483758845,0.412733767,0.442099934,-0.041658910999999965,-0.07102507800000002,0.029366167000000054
phase_138,balanced_capacity,1.0,1.0,2026200005,7,0.900182878,0.900150834,0.900153348,-2.9529999999944323e-05,-3.204400000000884e-05,2.51400000006452e-06
phase_138,balanced_capacity,1.0,1.0,2026200005,30,0.900578945,0.900639619,0.900643642,6.469700000000245e-05,6.06739999999828e-05,4.02300000001965e-06
phase_138,balanced_capacity,1.0,1.0,2026200005,90,0.888745882,0.901370254,0.901369627,0.012623744999999964,0.012624371999999995,-6.270000000307974e-07
phase_138,balanced_capacity,1.0,1.0,2026200005,180,0.892038642,0.90249226,0.86504468,-0.026993962000000038,0.010453617999999998,-0.037447580000000036
phase_138,balanced_capacity,1.0,1.0,2026200005,360,0.904687738,0.419508056,0.884369109,-0.020318629000000032,-0.485179682,0.46486105299999997
phase_138,balanced_capacity,1.0,1.0,2026200006,7,0.867819293,0.896796325,0.899088771,0.031269477999999906,0.028977031999999903,0.0022924460000000035
phase_138,balanced_capacity,1.0,1.0,2026200006,30,0.853963479,0.900458652,0.900462323,0.04649884399999993,0.046495172999999945,3.6709999999828824e-06
phase_138,balanced_capacity,1.0,1.0,2026200006,90,0.834286667,0.901254935,0.901258328,0.06697166100000007,0.066968268,3.393000000073698e-06
phase_138,balanced_capacity,1.0,1.0,2026200006,180,0.809033979,0.902293639,0.90228977,0.09325579100000003,0.09325966000000008,-3.869000000045197e-06
phase_138,balanced_capacity,1.0,1.0,2026200006,360,0.711623946,0.904478195,0.67720165,-0.03442229600000002,0.19285424900000003,-0.22727654500000005
phase_138,balanced_capacity,1.0,1.0,2026200007,7,0.902218597,0.903243451,0.903242562,0.0010239650000000156,0.001024854000000075,-8.890000000594256e-07
phase_138,balanced_capacity,1.0,1.0,2026200007,30,0.90356849,0.903631867,0.903636679,6.818900000005179e-05,6.33770000000311e-05,4.812000000020689e-06
phase_138,balanced_capacity,1.0,1.0,2026200007,90,0.9044707,0.89748272,0.904444611,-2.6089000000006912e-05,-0.006987980000000005,0.006961890999999998
phase_138,balanced_capacity,1.0,1.0,2026200007,180,0.90016013,0.905622051,0.904077495,0.0039173650000000615,0.005461921000000092,-0.0015445560000000302
phase_138,balanced_capacity,1.0,1.0,2026200007,360,0.891028837,0.907944468,0.907870079,0.016841242000000034,0.01691563099999993,-7.438899999989701e-05
phase_138,balanced_capacity,1.0,1.0,2026200008,7,0.870241942,0.892151986,0.89506333,0.024821388,0.021910043999999962,0.002911344000000038
phase_138,balanced_capacity,1.0,1.0,2026200008,30,0.829837872,0.864902704,0.872470645,0.04263277300000001,0.03506483199999999,0.0075679410000000225
phase_138,balanced_capacity,1.0,1.0,2026200008,90,0.879692129,0.860327594,0.858529562,-0.021162567000000077,-0.019364535000000016,-0.0017980320000000605
phase_138,balanced_capacity,1.0,1.0,2026200008,180,0.823500736,0.850945639,0.853915901,0.030415165000000077,0.02744490300000002,0.002970262000000057
phase_138,balanced_capacity,1.0,1.0,2026200008,360,0.835641,0.81292196,0.849095691,0.013454691000000074,-0.022719039999999913,0.03617373099999999
phase_138,balanced_capacity,1.0,1.0,2026200009,7,0.876550045,0.88257579,0.886145937,0.009595891999999995,0.006025744999999971,0.0035701470000000235
phase_138,balanced_capacity,1.0,1.0,2026200009,30,0.857139074,0.850445128,0.857022792,-0.00011628200000002309,-0.006693945999999951,0.006577663999999928
phase_138,balanced_capacity,1.0,1.0,2026200009,90,0.495705497,0.855140041,0.860011455,0.364305958,0.35943454399999997,0.004871414000000018
phase_138,balanced_capacity,1.0,1.0,2026200009,180,0.414436342,0.857077879,0.905285878,0.49084953600000003,0.442641537,0.04820799900000006
phase_138,balanced_capacity,1.0,1.0,2026200009,360,0.365293641,0.340129932,0.894321217,0.529027576,-0.02516370899999998,0.5541912849999999
phase_138,balanced_capacity,1.0,1.0,2026200010,7,0.855304355,0.838732396,0.877092621,0.021788265999999945,-0.01657195899999997,0.038360224999999915
phase_138,balanced_capacity,1.0,1.0,2026200010,30,0.890044002,0.744808507,0.83471566,-0.05532834200000003,-0.145235495,0.08990715299999996
phase_138,balanced_capacity,1.0,1.0,2026200010,90,0.902655506,0.686070463,0.792066147,-0.110589359,-0.21658504300000003,0.10599568400000003
phase_138,balanced_capacity,1.0,1.0,2026200010,180,0.903825436,0.6262773,0.738073964,-0.16575147199999996,-0.27754813599999995,0.11179666399999999
phase_138,balanced_capacity,1.0,1.0,2026200010,360,0.906090466,0.52531743,0.626283943,-0.279806523,-0.380773036,0.10096651300000004
phase_138,balanced_capacity,1.0,1.0,2026200011,7,0.893456347,0.87773845,0.879781874,-0.01367447300000002,-0.015717897000000036,0.002043424000000016
phase_138,balanced_capacity,1.0,1.0,2026200011,30,0.894676862,0.766690111,0.77600673,-0.11867013199999998,-0.127986751,0.009316619000000026
phase_138,balanced_capacity,1.0,1.0,2026200011,90,0.898644617,0.700551,0.77728899,-0.12135562700000002,-0.19809361699999994,0.07673798999999992
phase_138,balanced_capacity,1.0,1.0,2026200011,180,0.875465086,0.780349543,0.825543113,-0.0499219729999999,-0.09511554299999991,0.045193570000000016
phase_138,balanced_capacity,1.0,1.0,2026200011,360,0.893763349,0.359496997,0.882386773,-0.011376575999999972,-0.5342663519999999,0.522889776
phase_139,balanced_capacity,1.0,1.5,2026200000,7,0.852487695,0.829430516,0.850565891,-0.0019218039999999714,-0.02305717900000004,0.021135375000000067
phase_139,balanced_capacity,1.0,1.5,2026200000,30,0.770030147,0.717824876,0.777515931,0.007485783999999995,-0.05220527100000005,0.05969105500000005
phase_139,balanced_capacity,1.0,1.5,2026200000,90,0.722541717,0.65698506,0.731819013,0.009277295999999935,-0.06555665700000002,0.07483395299999995
phase_139,balanced_capacity,1.0,1.5,2026200000,180,0.685743801,0.62224105,0.696017199,0.010273398000000045,-0.06350275100000002,0.07377614900000007
phase_139,balanced_capacity,1.0,1.5,2026200000,360,0.609671671,0.552265044,0.626709948,0.017038277000000046,-0.05740662699999999,0.07444490400000003
phase_139,balanced_capacity,1.0,1.5,2026200001,7,0.830627768,0.902579261,0.902584875,0.07195710699999991,0.07195149299999992,5.613999999987129e-06
phase_139,balanced_capacity,1.0,1.5,2026200001,30,0.603103125,0.872113287,0.881204804,0.27810167900000005,0.26901016200000005,0.009091516999999993
phase_139,balanced_capacity,1.0,1.5,2026200001,90,0.569697755,0.868442947,0.862807138,0.293109383,0.29874519200000005,-0.005635809000000047
phase_139,balanced_capacity,1.0,1.5,2026200001,180,0.539110751,0.449170007,0.892754078,0.3536433269999999,-0.08994074400000007,0.44358407099999997
phase_139,balanced_capacity,1.0,1.5,2026200001,360,0.478761992,0.396790086,0.8907203,0.411958308,-0.08197190600000004,0.49393021400000003
phase_139,balanced_capacity,1.0,1.5,2026200002,7,0.904466134,0.886969674,0.89133852,-0.013127613999999954,-0.017496459999999936,0.004368845999999982
phase_139,balanced_capacity,1.0,1.5,2026200002,30,0.905000245,0.894274317,0.865238601,-0.03976164399999993,-0.01072592799999994,-0.02903571599999999
phase_139,balanced_capacity,1.0,1.5,2026200002,90,0.860128106,0.896674909,0.905563768,0.04543566200000004,0.03654680300000002,0.008888859000000027
phase_139,balanced_capacity,1.0,1.5,2026200002,180,0.860420253,0.901069266,0.906938187,0.04651793399999993,0.04064901300000001,0.005868920999999916
phase_139,balanced_capacity,1.0,1.5,2026200002,360,0.836631551,0.909235638,0.893866989,0.05723543799999997,0.07260408699999998,-0.015368649000000012
phase_139,balanced_capacity,1.0,1.5,2026200003,7,0.900590552,0.902930522,0.902933311,0.0023427589999999165,0.002339969999999969,2.788999999947528e-06
phase_139,balanced_capacity,1.0,1.5,2026200003,30,0.829571709,0.841511699,0.850586046,0.021014336999999994,0.011939990000000011,0.009074346999999983
phase_139,balanced_capacity,1.0,1.5,2026200003,90,0.701254182,0.84467847,0.854665852,0.15341167,0.14342428799999996,0.009987382000000045
phase_139,balanced_capacity,1.0,1.5,2026200003,180,0.785803143,0.620958962,0.61262931,-0.173173833,-0.16484418099999998,-0.00832965200000002
phase_139,balanced_capacity,1.0,1.5,2026200003,360,0.787411878,0.439976149,0.420180919,-0.367230959,-0.347435729,-0.019795229999999997
phase_139,balanced_capacity,1.0,1.5,2026200004,7,0.825387835,0.893344194,0.897791224,0.07240338899999998,0.06795635899999997,0.0044470300000000185
phase_139,balanced_capacity,1.0,1.5,2026200004,30,0.626998312,0.877098485,0.895748501,0.26875018900000003,0.250100173,0.018650016000000047
phase_139,balanced_capacity,1.0,1.5,2026200004,90,0.547288639,0.900860057,0.900859488,0.353570849,0.353571418,-5.690000000058149e-07
phase_139,balanced_capacity,1.0,1.5,2026200004,180,0.526416135,0.901922842,0.901926802,0.375510667,0.375506707,3.960000000025055e-06
phase_139,balanced_capacity,1.0,1.5,2026200004,360,0.483758845,0.896859525,0.904098039,0.42033919399999997,0.41310068,0.007238513999999974
phase_139,balanced_capacity,1.0,1.5,2026200005,7,0.900182878,0.857174643,0.861399752,-0.038783126,-0.04300823499999995,0.004225108999999949
phase_139,balanced_capacity,1.0,1.5,2026200005,30,0.900578945,0.881596916,0.88819035,-0.012388595000000002,-0.01898202900000001,0.006593434000000009
phase_139,balanced_capacity,1.0,1.5,2026200005,90,0.888745882,0.84948936,0.854233705,-0.03451217700000009,-0.03925652200000007,0.004744344999999983
phase_139,balanced_capacity,1.0,1.5,2026200005,180,0.892038642,0.899652755,0.826320916,-0.06571772600000003,0.007614112999999922,-0.07333183899999995
phase_139,balanced_capacity,1.0,1.5,2026200005,360,0.904687738,0.842233892,0.829993925,-0.074693813,-0.062453846000000035,-0.012239966999999963
phase_139,balanced_capacity,1.0,1.5,2026200006,7,0.867819293,0.89175708,0.895999731,0.02818043799999992,0.023937786999999933,0.004242650999999986
phase_139,balanced_capacity,1.0,1.5,2026200006,30,0.853963479,0.900457278,0.900460152,0.04649667299999993,0.04649379899999995,2.8739999999860544e-06
phase_139,balanced_capacity,1.0,1.5,2026200006,90,0.834286667,0.901259461,0.901257393,0.06697072599999998,0.066972794,-2.068000000021719e-06
phase_139,balanced_capacity,1.0,1.5,2026200006,180,0.809033979,0.902315416,0.902316861,0.09328288200000001,0.09328143700000002,1.4449999999888163e-06
phase_139,balanced_capacity,1.0,1.5,2026200006,360,0.711623946,0.859012738,0.680656504,-0.03096744200000001,0.147388792,-0.178356234
phase_139,balanced_capacity,1.0,1.5,2026200007,7,0.902218597,0.903272952,0.903277843,0.0010592460000000692,0.0010543550000000623,4.891000000006862e-06
phase_139,balanced_capacity,1.0,1.5,2026200007,30,0.90356849,0.875504208,0.882576462,-0.020992027999999996,-0.028064281999999996,0.007072254
phase_139,balanced_capacity,1.0,1.5,2026200007,90,0.9044707,0.904393101,0.904394846,-7.585399999998632e-05,-7.759899999992825e-05,1.7449999999419319e-06
phase_139,balanced_capacity,1.0,1.5,2026200007,180,0.90016013,0.878018244,0.878018892,-0.022141237999999897,-0.022141886,6.480000001030106e-07
phase_139,balanced_capacity,1.0,1.5,2026200007,360,0.891028837,0.907906225,0.890347661,-0.0006811760000000611,0.016877387999999938,-0.017558564
phase_139,balanced_capacity,1.0,1.5,2026200008,7,0.870241942,0.884098229,0.887653819,0.01741187699999991,0.013856286999999967,0.003555589999999942
phase_139,balanced_capacity,1.0,1.5,2026200008,30,0.829837872,0.89549935,0.903376651,0.07353877899999994,0.065661478,0.007877300999999948
phase_139,balanced_capacity,1.0,1.5,2026200008,90,0.879692129,0.804742446,0.810815359,-0.06887677000000003,-0.07494968300000004,0.006072913000000013
phase_139,balanced_capacity,1.0,1.5,2026200008,180,0.823500736,0.791562742,0.795468635,-0.028032100999999976,-0.03193799399999997,0.0039058929999999936
phase_139,balanced_capacity,1.0,1.5,2026200008,360,0.835641,0.797042552,0.794535807,-0.04110519299999993,-0.03859844800000001,-0.0025067449999999214
phase_139,balanced_capacity,1.0,1.5,2026200009,7,0.876550045,0.902867009,0.902871973,0.026321927999999994,0.026316964000000054,4.9639999999406825e-06
phase_139,balanced_capacity,1.0,1.5,2026200009,30,0.857139074,0.878921265,0.8850012,0.027862126000000043,0.021782191000000006,0.006079935000000036
phase_139,balanced_capacity,1.0,1.5,2026200009,90,0.495705497,0.871733961,0.871738384,0.37603288700000004,0.376028464,4.423000000031152e-06
phase_139,balanced_capacity,1.0,1.5,2026200009,180,0.414436342,0.858512649,0.858004732,0.44356839000000003,0.444076307,-0.0005079169999999689
phase_139,balanced_capacity,1.0,1.5,2026200009,360,0.365293641,0.907501608,0.889159111,0.52386547,0.542207967,-0.018342497000000013
phase_139,balanced_capacity,1.0,1.5,2026200010,7,0.855304355,0.828771642,0.858238202,0.0029338469999999894,-0.02653271300000004,0.02946656000000003
phase_139,balanced_capacity,1.0,1.5,2026200010,30,0.890044002,0.749455817,0.810890783,-0.07915321900000005,-0.14058818500000003,0.06143496599999998
phase_139,balanced_capacity,1.0,1.5,2026200010,90,0.902655506,0.710179918,0.78143549,-0.12122001599999999,-0.19247558799999998,0.07125557199999999
phase_139,balanced_capacity,1.0,1.5,2026200010,180,0.903825436,0.67904827,0.746424143,-0.15740129299999994,-0.22477716599999997,0.06737587300000003
phase_139,balanced_capacity,1.0,1.5,2026200010,360,0.906090466,0.619186839,0.679908713,-0.22618175299999999,-0.28690362699999994,0.060721873999999953
phase_139,balanced_capacity,1.0,1.5,2026200011,7,0.893456347,0.870406345,0.873834968,-0.01962137899999994,-0.02305000199999996,0.0034286230000000195
phase_139,balanced_capacity,1.0,1.5,2026200011,30,0.894676862,0.814864239,0.829890862,-0.06478600000000001,-0.07981262299999992,0.015026622999999906
phase_139,balanced_capacity,1.0,1.5,2026200011,90,0.898644617,0.773596995,0.799986123,-0.09865849399999993,-0.12504762199999997,0.02638912800000004
phase_139,balanced_capacity,1.0,1.5,2026200011,180,0.875465086,0.817830586,0.860171896,-0.015293189999999957,-0.05763449999999992,0.042341309999999965
phase_139,balanced_capacity,1.0,1.5,2026200011,360,0.893763349,0.356332817,0.822319423,-0.07144392599999994,-0.5374305319999999,0.465986606
phase_140,balanced_capacity,1.0,2.0,2026200000,7,0.852487695,0.829329187,0.858525027,0.006037332000000006,-0.023158507999999967,0.029195839999999973
phase_140,balanced_capacity,1.0,2.0,2026200000,30,0.770030147,0.712587823,0.793570683,0.023540535999999945,-0.057442324000000045,0.08098285999999999
phase_140,balanced_capacity,1.0,2.0,2026200000,90,0.722541717,0.647949006,0.74906078,0.026519062999999954,-0.07459271099999998,0.10111177399999993
phase_140,balanced_capacity,1.0,2.0,2026200000,180,0.685743801,0.610774071,0.710667454,0.02492365299999999,-0.07496972999999996,0.09989338299999995
phase_140,balanced_capacity,1.0,2.0,2026200000,360,0.609671671,0.5371558,0.637914608,0.028242937000000023,-0.07251587100000001,0.10075880800000003
phase_140,balanced_capacity,1.0,2.0,2026200001,7,0.830627768,0.902705012,0.902710443,0.07208267499999998,0.07207724399999993,5.431000000055697e-06
phase_140,balanced_capacity,1.0,2.0,2026200001,30,0.603103125,0.902930898,0.90294285,0.299839725,0.2998277730000001,1.1951999999926244e-05
phase_140,balanced_capacity,1.0,2.0,2026200001,90,0.569697755,0.903800435,0.903807704,0.334109949,0.33410268,7.269000000031944e-06
phase_140,balanced_capacity,1.0,2.0,2026200001,180,0.539110751,0.904963471,0.904970262,0.3658595109999999,0.3658527199999999,6.791000000005987e-06
phase_140,balanced_capacity,1.0,2.0,2026200001,360,0.478761992,0.872912622,0.893744153,0.41498216099999996,0.39415062999999995,0.020831531000000014
phase_140,balanced_capacity,1.0,2.0,2026200002,7,0.904466134,0.899441471,0.904338765,-0.0001273689999999883,-0.005024662999999929,0.004897293999999941
phase_140,balanced_capacity,1.0,2.0,2026200002,30,0.905000245,0.859639247,0.873430048,-0.03157019699999997,-0.04536099799999993,0.013790800999999964
phase_140,balanced_capacity,1.0,2.0,2026200002,90,0.860128106,0.905564656,0.900981915,0.04085380900000002,0.04543655000000002,-0.004582741000000001
phase_140,balanced_capacity,1.0,2.0,2026200002,180,0.860420253,0.898068404,0.898071462,0.03765120899999996,0.03764815099999996,3.058000000000227e-06
phase_140,balanced_capacity,1.0,2.0,2026200002,360,0.836631551,0.908746599,0.81139943,-0.02523212099999994,0.07211504800000001,-0.09734716899999996
phase_140,balanced_capacity,1.0,2.0,2026200003,7,0.900590552,0.878277004,0.884118057,-0.01647249500000003,-0.022313548000000072,0.0058410530000000405
phase_140,balanced_capacity,1.0,2.0,2026200003,30,0.829571709,0.811094336,0.830731086,0.001159377000000017,-0.018477372999999964,0.01963674999999998
phase_140,balanced_capacity,1.0,2.0,2026200003,90,0.701254182,0.757228948,0.813682121,0.11242793900000003,0.055974765999999954,0.05645317300000008
phase_140,balanced_capacity,1.0,2.0,2026200003,180,0.785803143,0.816952913,0.829383613,0.04358046999999998,0.031149769999999966,0.012430700000000017
phase_140,balanced_capacity,1.0,2.0,2026200003,360,0.787411878,0.840208702,0.841704653,0.05429277499999996,0.052796823999999964,0.0014959509999999954
phase_140,balanced_capacity,1.0,2.0,2026200004,7,0.825387835,0.899755139,0.899760107,0.07437227199999996,0.07436730400000002,4.967999999938577e-06
phase_140,balanced_capacity,1.0,2.0,2026200004,30,0.626998312,0.900133031,0.900147899,0.273149587,0.27313471899999997,1.4868000000056725e-05
phase_140,balanced_capacity,1.0,2.0,2026200004,90,0.547288639,0.900791664,0.890923581,0.343634942,0.35350302499999997,-0.009868082999999972
phase_140,balanced_capacity,1.0,2.0,2026200004,180,0.526416135,0.902013384,0.90204933,0.37563319500000003,0.375597249,3.5946000000008915e-05
phase_140,balanced_capacity,1.0,2.0,2026200004,360,0.483758845,0.90419759,0.280579332,-0.20317951299999998,0.420438745,-0.623618258
phase_140,balanced_capacity,1.0,2.0,2026200005,7,0.900182878,0.85179177,0.85741313,-0.042769747999999996,-0.048391108000000016,0.00562136000000002
phase_140,balanced_capacity,1.0,2.0,2026200005,30,0.900578945,0.867745298,0.877969653,-0.02260929200000006,-0.03283364700000002,0.010224354999999963
phase_140,balanced_capacity,1.0,2.0,2026200005,90,0.888745882,0.901342798,0.90134955,0.012603668000000012,0.012596915999999903,6.752000000109781e-06
phase_140,balanced_capacity,1.0,2.0,2026200005,180,0.892038642,0.859618842,0.862147679,-0.029890963000000048,-0.0324198,0.0025288369999999505
phase_140,balanced_capacity,1.0,2.0,2026200005,360,0.904687738,0.452733136,0.432057132,-0.472630606,-0.45195460200000004,-0.02067600399999997
phase_140,balanced_capacity,1.0,2.0,2026200006,7,0.867819293,0.869364258,0.875399133,0.007579840000000004,0.0015449649999998982,0.006034875000000106
phase_140,balanced_capacity,1.0,2.0,2026200006,30,0.853963479,0.844663877,0.858218986,0.004255506999999992,-0.009299602000000018,0.01355510900000001
phase_140,balanced_capacity,1.0,2.0,2026200006,90,0.834286667,0.8191072,0.826228645,-0.008058021999999943,-0.015179466999999947,0.007121445000000004
phase_140,balanced_capacity,1.0,2.0,2026200006,180,0.809033979,0.777419105,0.790496597,-0.01853738199999999,-0.03161487399999996,0.013077491999999968
phase_140,balanced_capacity,1.0,2.0,2026200006,360,0.711623946,0.82625202,0.826289222,0.11466527599999998,0.11462807399999997,3.7202000000013946e-05
phase_140,balanced_capacity,1.0,2.0,2026200007,7,0.902218597,0.811744686,0.842945009,-0.05927358799999993,-0.0904739109999999,0.031200322999999974
phase_140,balanced_capacity,1.0,2.0,2026200007,30,0.90356849,0.681355568,0.74819584,-0.15537265,-0.22221292199999998,0.06684027199999998
phase_140,balanced_capacity,1.0,2.0,2026200007,90,0.9044707,0.617193438,0.69815283,-0.20631787000000001,-0.2872772619999999,0.08095939199999991
phase_140,balanced_capacity,1.0,2.0,2026200007,180,0.90016013,0.579839655,0.656441561,-0.243718569,-0.32032047499999994,0.07660190599999994
phase_140,balanced_capacity,1.0,2.0,2026200007,360,0.891028837,0.519128822,0.575357716,-0.31567112100000005,-0.37190001500000003,0.056228893999999974
phase_140,balanced_capacity,1.0,2.0,2026200008,7,0.870241942,0.89023383,0.895897849,0.025655906999999978,0.019991887999999958,0.00566401900000002
phase_140,balanced_capacity,1.0,2.0,2026200008,30,0.829837872,0.83878081,0.850144273,0.02030640099999992,0.008942938000000011,0.011363462999999907
phase_140,balanced_capacity,1.0,2.0,2026200008,90,0.879692129,0.817749027,0.833487853,-0.0462042760000001,-0.06194310200000008,0.015738825999999984
phase_140,balanced_capacity,1.0,2.0,2026200008,180,0.823500736,0.828405597,0.834223995,0.01072325900000004,0.004904861000000094,0.005818397999999947
phase_140,balanced_capacity,1.0,2.0,2026200008,360,0.835641,0.824511712,0.824363187,-0.01127781299999997,-0.011129288000000015,-0.00014852499999995494
phase_140,balanced_capacity,1.0,2.0,2026200009,7,0.876550045,0.851096263,0.857248607,-0.01930143799999995,-0.025453782000000036,0.006152344000000087
phase_140,balanced_capacity,1.0,2.0,2026200009,30,0.857139074,0.879225339,0.886256952,0.029117877999999986,0.022086264999999994,0.007031612999999992
phase_140,balanced_capacity,1.0,2.0,2026200009,90,0.495705497,0.818084899,0.833142899,0.33743740200000005,0.32237940200000004,0.015058000000000016
phase_140,balanced_capacity,1.0,2.0,2026200009,180,0.414436342,0.905302271,0.835389672,0.42095333,0.49086592900000003,-0.06991259900000002
phase_140,balanced_capacity,1.0,2.0,2026200009,360,0.365293641,0.80323856,0.880395817,0.5151021760000001,0.43794491900000004,0.07715725699999998
phase_140,balanced_capacity,1.0,2.0,2026200010,7,0.855304355,0.818603022,0.879043398,0.02373904299999996,-0.036701333,0.06044037599999996
phase_140,balanced_capacity,1.0,2.0,2026200010,30,0.890044002,0.684917307,0.839721999,-0.050322003000000004,-0.20512669500000003,0.15480469200000002
phase_140,balanced_capacity,1.0,2.0,2026200010,90,0.902655506,0.612034233,0.79933206,-0.10332344599999999,-0.29062127299999996,0.18729782699999997
phase_140,balanced_capacity,1.0,2.0,2026200010,180,0.903825436,0.561128858,0.749684532,-0.15414090400000002,-0.342696578,0.18855567399999995
phase_140,balanced_capacity,1.0,2.0,2026200010,360,0.906090466,0.467299041,0.6438659,-0.262224566,-0.43879142499999996,0.17656685899999996
phase_140,balanced_capacity,1.0,2.0,2026200011,7,0.893456347,0.892822651,0.89810121,0.004644862999999999,-0.0006336959999999614,0.0052785589999999605
phase_140,balanced_capacity,1.0,2.0,2026200011,30,0.894676862,0.865958279,0.879390889,-0.015285973000000008,-0.028718582999999964,0.013432609999999956
phase_140,balanced_capacity,1.0,2.0,2026200011,90,0.898644617,0.862667664,0.872108375,-0.026536241999999932,-0.035976953000000034,0.009440711000000102
phase_140,balanced_capacity,1.0,2.0,2026200011,180,0.875465086,0.641405761,0.652922318,-0.22254276799999995,-0.23405932499999993,0.011516556999999983
phase_140,balanced_capacity,1.0,2.0,2026200011,360,0.893763349,0.426758129,0.421199955,-0.47256339399999997,-0.46700522,-0.005558173999999971
