cell_id,seed,factor_starting_structure,factor_channels,factor_dose_regime,factor_intensity,initial_postsplit_bottleneck,bottleneck_changed_by_h360,modal_bottleneck_h360
rising_001,2026300000,forcegen_constrained,none,control,0.0,logistics,False,logistics
rising_001,2026300001,forcegen_constrained,none,control,0.0,logistics,False,logistics
rising_001,2026300002,forcegen_constrained,none,control,0.0,logistics,False,logistics
rising_001,2026300003,forcegen_constrained,none,control,0.0,logistics,False,logistics
rising_001,2026300004,forcegen_constrained,none,control,0.0,logistics,False,logistics
rising_001,2026300005,forcegen_constrained,none,control,0.0,logistics,False,logistics
rising_001,2026300006,forcegen_constrained,none,control,0.0,logistics,False,logistics
rising_001,2026300007,forcegen_constrained,none,control,0.0,logistics,False,logistics
rising_001,2026300008,forcegen_constrained,none,control,0.0,logistics,False,logistics
rising_001,2026300009,forcegen_constrained,none,control,0.0,logistics,False,logistics
rising_001,2026300010,forcegen_constrained,none,control,0.0,logistics,False,logistics
rising_001,2026300011,forcegen_constrained,none,control,0.0,logistics,True,logistics
rising_001,2026300012,forcegen_constrained,none,control,0.0,logistics,False,logistics
rising_001,2026300013,forcegen_constrained,none,control,0.0,logistics,False,logistics
rising_001,2026300014,forcegen_constrained,none,control,0.0,logistics,False,logistics
rising_001,2026300015,forcegen_constrained,none,control,0.0,logistics,False,logistics
rising_002,2026300000,forcegen_constrained,forcegen,single_reference,0.5,logistics,False,logistics
rising_002,2026300001,forcegen_constrained,forcegen,single_reference,0.5,logistics,False,logistics
rising_002,2026300002,forcegen_constrained,forcegen,single_reference,0.5,logistics,False,logistics
rising_002,2026300003,forcegen_constrained,forcegen,single_reference,0.5,logistics,False,logistics
rising_002,2026300004,forcegen_constrained,forcegen,single_reference,0.5,logistics,False,logistics
rising_002,2026300005,forcegen_constrained,forcegen,single_reference,0.5,logistics,False,logistics
rising_002,2026300006,forcegen_constrained,forcegen,single_reference,0.5,logistics,False,logistics
rising_002,2026300007,forcegen_constrained,forcegen,single_reference,0.5,logistics,False,logistics
rising_002,2026300008,forcegen_constrained,forcegen,single_reference,0.5,logistics,False,logistics
rising_002,2026300009,forcegen_constrained,forcegen,single_reference,0.5,logistics,False,logistics
rising_002,2026300010,forcegen_constrained,forcegen,single_reference,0.5,logistics,False,logistics
rising_002,2026300011,forcegen_constrained,forcegen,single_reference,0.5,logistics,True,logistics
rising_002,2026300012,forcegen_constrained,forcegen,single_reference,0.5,logistics,False,logistics
rising_002,2026300013,forcegen_constrained,forcegen,single_reference,0.5,logistics,False,logistics
rising_002,2026300014,forcegen_constrained,forcegen,single_reference,0.5,logistics,False,logistics
rising_002,2026300015,forcegen_constrained,forcegen,single_reference,0.5,logistics,False,logistics
rising_003,2026300000,forcegen_constrained,logistics,single_reference,0.5,logistics,False,logistics
rising_003,2026300001,forcegen_constrained,logistics,single_reference,0.5,logistics,False,logistics
rising_003,2026300002,forcegen_constrained,logistics,single_reference,0.5,logistics,False,logistics
rising_003,2026300003,forcegen_constrained,logistics,single_reference,0.5,logistics,True,logistics
rising_003,2026300004,forcegen_constrained,logistics,single_reference,0.5,logistics,False,logistics
rising_003,2026300005,forcegen_constrained,logistics,single_reference,0.5,logistics,False,logistics
rising_003,2026300006,forcegen_constrained,logistics,single_reference,0.5,logistics,False,logistics
rising_003,2026300007,forcegen_constrained,logistics,single_reference,0.5,logistics,False,logistics
rising_003,2026300008,forcegen_constrained,logistics,single_reference,0.5,logistics,False,logistics
rising_003,2026300009,forcegen_constrained,logistics,single_reference,0.5,logistics,False,logistics
rising_003,2026300010,forcegen_constrained,logistics,single_reference,0.5,logistics,False,logistics
rising_003,2026300011,forcegen_constrained,logistics,single_reference,0.5,logistics,True,logistics
rising_003,2026300012,forcegen_constrained,logistics,single_reference,0.5,logistics,False,logistics
rising_003,2026300013,forcegen_constrained,logistics,single_reference,0.5,logistics,False,logistics
rising_003,2026300014,forcegen_constrained,logistics,single_reference,0.5,logistics,False,logistics
rising_003,2026300015,forcegen_constrained,logistics,single_reference,0.5,logistics,False,logistics
rising_004,2026300000,forcegen_constrained,command,single_reference,0.5,logistics,False,logistics
rising_004,2026300001,forcegen_constrained,command,single_reference,0.5,logistics,False,logistics
rising_004,2026300002,forcegen_constrained,command,single_reference,0.5,logistics,False,logistics
rising_004,2026300003,forcegen_constrained,command,single_reference,0.5,logistics,False,logistics
rising_004,2026300004,forcegen_constrained,command,single_reference,0.5,logistics,False,logistics
rising_004,2026300005,forcegen_constrained,command,single_reference,0.5,logistics,False,logistics
rising_004,2026300006,forcegen_constrained,command,single_reference,0.5,logistics,False,logistics
rising_004,2026300007,forcegen_constrained,command,single_reference,0.5,logistics,False,logistics
rising_004,2026300008,forcegen_constrained,command,single_reference,0.5,logistics,False,logistics
rising_004,2026300009,forcegen_constrained,command,single_reference,0.5,logistics,False,logistics
rising_004,2026300010,forcegen_constrained,command,single_reference,0.5,logistics,False,logistics
rising_004,2026300011,forcegen_constrained,command,single_reference,0.5,logistics,False,logistics
rising_004,2026300012,forcegen_constrained,command,single_reference,0.5,logistics,False,logistics
rising_004,2026300013,forcegen_constrained,command,single_reference,0.5,logistics,False,logistics
rising_004,2026300014,forcegen_constrained,command,single_reference,0.5,logistics,False,logistics
rising_004,2026300015,forcegen_constrained,command,single_reference,0.5,logistics,False,logistics
rising_005,2026300000,forcegen_constrained,forcegen+logistics,equal_total_effort,0.5,logistics,False,logistics
rising_005,2026300001,forcegen_constrained,forcegen+logistics,equal_total_effort,0.5,logistics,False,logistics
rising_005,2026300002,forcegen_constrained,forcegen+logistics,equal_total_effort,0.5,logistics,False,logistics
rising_005,2026300003,forcegen_constrained,forcegen+logistics,equal_total_effort,0.5,logistics,False,logistics
rising_005,2026300004,forcegen_constrained,forcegen+logistics,equal_total_effort,0.5,logistics,False,logistics
rising_005,2026300005,forcegen_constrained,forcegen+logistics,equal_total_effort,0.5,logistics,False,logistics
rising_005,2026300006,forcegen_constrained,forcegen+logistics,equal_total_effort,0.5,logistics,False,logistics
rising_005,2026300007,forcegen_constrained,forcegen+logistics,equal_total_effort,0.5,logistics,True,logistics
rising_005,2026300008,forcegen_constrained,forcegen+logistics,equal_total_effort,0.5,logistics,False,logistics
rising_005,2026300009,forcegen_constrained,forcegen+logistics,equal_total_effort,0.5,logistics,False,logistics
rising_005,2026300010,forcegen_constrained,forcegen+logistics,equal_total_effort,0.5,logistics,False,logistics
rising_005,2026300011,forcegen_constrained,forcegen+logistics,equal_total_effort,0.5,logistics,False,logistics
rising_005,2026300012,forcegen_constrained,forcegen+logistics,equal_total_effort,0.5,logistics,False,logistics
rising_005,2026300013,forcegen_constrained,forcegen+logistics,equal_total_effort,0.5,logistics,False,logistics
rising_005,2026300014,forcegen_constrained,forcegen+logistics,equal_total_effort,0.5,logistics,False,logistics
rising_005,2026300015,forcegen_constrained,forcegen+logistics,equal_total_effort,0.5,logistics,False,logistics
rising_006,2026300000,forcegen_constrained,forcegen+logistics,equal_channel_dose,0.5,logistics,False,logistics
rising_006,2026300001,forcegen_constrained,forcegen+logistics,equal_channel_dose,0.5,logistics,False,logistics
rising_006,2026300002,forcegen_constrained,forcegen+logistics,equal_channel_dose,0.5,logistics,False,logistics
rising_006,2026300003,forcegen_constrained,forcegen+logistics,equal_channel_dose,0.5,logistics,True,logistics
rising_006,2026300004,forcegen_constrained,forcegen+logistics,equal_channel_dose,0.5,logistics,False,logistics
rising_006,2026300005,forcegen_constrained,forcegen+logistics,equal_channel_dose,0.5,logistics,False,logistics
rising_006,2026300006,forcegen_constrained,forcegen+logistics,equal_channel_dose,0.5,logistics,False,logistics
rising_006,2026300007,forcegen_constrained,forcegen+logistics,equal_channel_dose,0.5,logistics,False,logistics
rising_006,2026300008,forcegen_constrained,forcegen+logistics,equal_channel_dose,0.5,logistics,False,logistics
rising_006,2026300009,forcegen_constrained,forcegen+logistics,equal_channel_dose,0.5,logistics,False,logistics
rising_006,2026300010,forcegen_constrained,forcegen+logistics,equal_channel_dose,0.5,logistics,False,logistics
rising_006,2026300011,forcegen_constrained,forcegen+logistics,equal_channel_dose,0.5,logistics,True,logistics
rising_006,2026300012,forcegen_constrained,forcegen+logistics,equal_channel_dose,0.5,logistics,False,logistics
rising_006,2026300013,forcegen_constrained,forcegen+logistics,equal_channel_dose,0.5,logistics,False,logistics
rising_006,2026300014,forcegen_constrained,forcegen+logistics,equal_channel_dose,0.5,logistics,False,logistics
rising_006,2026300015,forcegen_constrained,forcegen+logistics,equal_channel_dose,0.5,logistics,False,logistics
rising_007,2026300000,forcegen_constrained,forcegen+command,equal_total_effort,0.5,logistics,False,logistics
rising_007,2026300001,forcegen_constrained,forcegen+command,equal_total_effort,0.5,logistics,False,logistics
rising_007,2026300002,forcegen_constrained,forcegen+command,equal_total_effort,0.5,logistics,False,logistics
rising_007,2026300003,forcegen_constrained,forcegen+command,equal_total_effort,0.5,logistics,False,logistics
rising_007,2026300004,forcegen_constrained,forcegen+command,equal_total_effort,0.5,logistics,False,logistics
rising_007,2026300005,forcegen_constrained,forcegen+command,equal_total_effort,0.5,logistics,False,logistics
rising_007,2026300006,forcegen_constrained,forcegen+command,equal_total_effort,0.5,logistics,False,logistics
rising_007,2026300007,forcegen_constrained,forcegen+command,equal_total_effort,0.5,logistics,True,logistics
rising_007,2026300008,forcegen_constrained,forcegen+command,equal_total_effort,0.5,logistics,False,logistics
rising_007,2026300009,forcegen_constrained,forcegen+command,equal_total_effort,0.5,logistics,False,logistics
rising_007,2026300010,forcegen_constrained,forcegen+command,equal_total_effort,0.5,logistics,False,logistics
rising_007,2026300011,forcegen_constrained,forcegen+command,equal_total_effort,0.5,logistics,False,logistics
rising_007,2026300012,forcegen_constrained,forcegen+command,equal_total_effort,0.5,logistics,False,logistics
rising_007,2026300013,forcegen_constrained,forcegen+command,equal_total_effort,0.5,logistics,False,logistics
rising_007,2026300014,forcegen_constrained,forcegen+command,equal_total_effort,0.5,logistics,False,logistics
rising_007,2026300015,forcegen_constrained,forcegen+command,equal_total_effort,0.5,logistics,False,logistics
rising_008,2026300000,forcegen_constrained,forcegen+command,equal_channel_dose,0.5,logistics,False,logistics
rising_008,2026300001,forcegen_constrained,forcegen+command,equal_channel_dose,0.5,logistics,False,logistics
rising_008,2026300002,forcegen_constrained,forcegen+command,equal_channel_dose,0.5,logistics,False,logistics
rising_008,2026300003,forcegen_constrained,forcegen+command,equal_channel_dose,0.5,logistics,False,logistics
rising_008,2026300004,forcegen_constrained,forcegen+command,equal_channel_dose,0.5,logistics,False,logistics
rising_008,2026300005,forcegen_constrained,forcegen+command,equal_channel_dose,0.5,logistics,False,logistics
rising_008,2026300006,forcegen_constrained,forcegen+command,equal_channel_dose,0.5,logistics,False,logistics
rising_008,2026300007,forcegen_constrained,forcegen+command,equal_channel_dose,0.5,logistics,False,logistics
rising_008,2026300008,forcegen_constrained,forcegen+command,equal_channel_dose,0.5,logistics,False,logistics
rising_008,2026300009,forcegen_constrained,forcegen+command,equal_channel_dose,0.5,logistics,False,logistics
rising_008,2026300010,forcegen_constrained,forcegen+command,equal_channel_dose,0.5,logistics,False,logistics
rising_008,2026300011,forcegen_constrained,forcegen+command,equal_channel_dose,0.5,logistics,False,logistics
rising_008,2026300012,forcegen_constrained,forcegen+command,equal_channel_dose,0.5,logistics,False,logistics
rising_008,2026300013,forcegen_constrained,forcegen+command,equal_channel_dose,0.5,logistics,False,logistics
rising_008,2026300014,forcegen_constrained,forcegen+command,equal_channel_dose,0.5,logistics,False,logistics
rising_008,2026300015,forcegen_constrained,forcegen+command,equal_channel_dose,0.5,logistics,False,logistics
rising_009,2026300000,forcegen_constrained,logistics+command,equal_total_effort,0.5,logistics,False,logistics
rising_009,2026300001,forcegen_constrained,logistics+command,equal_total_effort,0.5,logistics,False,logistics
rising_009,2026300002,forcegen_constrained,logistics+command,equal_total_effort,0.5,logistics,False,logistics
rising_009,2026300003,forcegen_constrained,logistics+command,equal_total_effort,0.5,logistics,True,logistics
rising_009,2026300004,forcegen_constrained,logistics+command,equal_total_effort,0.5,logistics,False,logistics
rising_009,2026300005,forcegen_constrained,logistics+command,equal_total_effort,0.5,logistics,False,logistics
rising_009,2026300006,forcegen_constrained,logistics+command,equal_total_effort,0.5,logistics,False,logistics
rising_009,2026300007,forcegen_constrained,logistics+command,equal_total_effort,0.5,logistics,False,logistics
rising_009,2026300008,forcegen_constrained,logistics+command,equal_total_effort,0.5,logistics,False,logistics
rising_009,2026300009,forcegen_constrained,logistics+command,equal_total_effort,0.5,logistics,False,logistics
rising_009,2026300010,forcegen_constrained,logistics+command,equal_total_effort,0.5,logistics,False,logistics
rising_009,2026300011,forcegen_constrained,logistics+command,equal_total_effort,0.5,logistics,False,logistics
rising_009,2026300012,forcegen_constrained,logistics+command,equal_total_effort,0.5,logistics,False,logistics
rising_009,2026300013,forcegen_constrained,logistics+command,equal_total_effort,0.5,logistics,False,logistics
rising_009,2026300014,forcegen_constrained,logistics+command,equal_total_effort,0.5,logistics,False,logistics
rising_009,2026300015,forcegen_constrained,logistics+command,equal_total_effort,0.5,logistics,False,logistics
rising_010,2026300000,forcegen_constrained,logistics+command,equal_channel_dose,0.5,logistics,False,logistics
rising_010,2026300001,forcegen_constrained,logistics+command,equal_channel_dose,0.5,logistics,False,logistics
rising_010,2026300002,forcegen_constrained,logistics+command,equal_channel_dose,0.5,logistics,False,logistics
rising_010,2026300003,forcegen_constrained,logistics+command,equal_channel_dose,0.5,logistics,False,logistics
rising_010,2026300004,forcegen_constrained,logistics+command,equal_channel_dose,0.5,logistics,False,logistics
rising_010,2026300005,forcegen_constrained,logistics+command,equal_channel_dose,0.5,logistics,True,logistics
rising_010,2026300006,forcegen_constrained,logistics+command,equal_channel_dose,0.5,logistics,False,logistics
rising_010,2026300007,forcegen_constrained,logistics+command,equal_channel_dose,0.5,logistics,False,logistics
rising_010,2026300008,forcegen_constrained,logistics+command,equal_channel_dose,0.5,logistics,False,logistics
rising_010,2026300009,forcegen_constrained,logistics+command,equal_channel_dose,0.5,logistics,False,logistics
rising_010,2026300010,forcegen_constrained,logistics+command,equal_channel_dose,0.5,logistics,False,logistics
rising_010,2026300011,forcegen_constrained,logistics+command,equal_channel_dose,0.5,logistics,False,logistics
rising_010,2026300012,forcegen_constrained,logistics+command,equal_channel_dose,0.5,logistics,False,logistics
rising_010,2026300013,forcegen_constrained,logistics+command,equal_channel_dose,0.5,logistics,False,logistics
rising_010,2026300014,forcegen_constrained,logistics+command,equal_channel_dose,0.5,logistics,False,logistics
rising_010,2026300015,forcegen_constrained,logistics+command,equal_channel_dose,0.5,logistics,False,logistics
rising_011,2026300000,forcegen_constrained,forcegen+logistics+command,equal_total_effort,0.5,logistics,False,logistics
rising_011,2026300001,forcegen_constrained,forcegen+logistics+command,equal_total_effort,0.5,logistics,False,logistics
rising_011,2026300002,forcegen_constrained,forcegen+logistics+command,equal_total_effort,0.5,logistics,False,logistics
rising_011,2026300003,forcegen_constrained,forcegen+logistics+command,equal_total_effort,0.5,logistics,True,logistics
rising_011,2026300004,forcegen_constrained,forcegen+logistics+command,equal_total_effort,0.5,logistics,False,logistics
rising_011,2026300005,forcegen_constrained,forcegen+logistics+command,equal_total_effort,0.5,logistics,False,logistics
rising_011,2026300006,forcegen_constrained,forcegen+logistics+command,equal_total_effort,0.5,logistics,False,logistics
rising_011,2026300007,forcegen_constrained,forcegen+logistics+command,equal_total_effort,0.5,logistics,False,logistics
rising_011,2026300008,forcegen_constrained,forcegen+logistics+command,equal_total_effort,0.5,logistics,False,logistics
rising_011,2026300009,forcegen_constrained,forcegen+logistics+command,equal_total_effort,0.5,logistics,False,logistics
rising_011,2026300010,forcegen_constrained,forcegen+logistics+command,equal_total_effort,0.5,logistics,False,logistics
rising_011,2026300011,forcegen_constrained,forcegen+logistics+command,equal_total_effort,0.5,logistics,False,logistics
rising_011,2026300012,forcegen_constrained,forcegen+logistics+command,equal_total_effort,0.5,logistics,False,logistics
rising_011,2026300013,forcegen_constrained,forcegen+logistics+command,equal_total_effort,0.5,logistics,False,logistics
rising_011,2026300014,forcegen_constrained,forcegen+logistics+command,equal_total_effort,0.5,logistics,False,logistics
rising_011,2026300015,forcegen_constrained,forcegen+logistics+command,equal_total_effort,0.5,logistics,False,logistics
rising_012,2026300000,forcegen_constrained,forcegen+logistics+command,equal_channel_dose,0.5,logistics,False,logistics
rising_012,2026300001,forcegen_constrained,forcegen+logistics+command,equal_channel_dose,0.5,logistics,False,logistics
rising_012,2026300002,forcegen_constrained,forcegen+logistics+command,equal_channel_dose,0.5,logistics,False,logistics
rising_012,2026300003,forcegen_constrained,forcegen+logistics+command,equal_channel_dose,0.5,logistics,False,logistics
rising_012,2026300004,forcegen_constrained,forcegen+logistics+command,equal_channel_dose,0.5,logistics,False,logistics
rising_012,2026300005,forcegen_constrained,forcegen+logistics+command,equal_channel_dose,0.5,logistics,True,logistics
rising_012,2026300006,forcegen_constrained,forcegen+logistics+command,equal_channel_dose,0.5,logistics,False,logistics
rising_012,2026300007,forcegen_constrained,forcegen+logistics+command,equal_channel_dose,0.5,logistics,False,logistics
rising_012,2026300008,forcegen_constrained,forcegen+logistics+command,equal_channel_dose,0.5,logistics,False,logistics
rising_012,2026300009,forcegen_constrained,forcegen+logistics+command,equal_channel_dose,0.5,logistics,False,logistics
rising_012,2026300010,forcegen_constrained,forcegen+logistics+command,equal_channel_dose,0.5,logistics,False,logistics
rising_012,2026300011,forcegen_constrained,forcegen+logistics+command,equal_channel_dose,0.5,logistics,False,logistics
rising_012,2026300012,forcegen_constrained,forcegen+logistics+command,equal_channel_dose,0.5,logistics,False,logistics
rising_012,2026300013,forcegen_constrained,forcegen+logistics+command,equal_channel_dose,0.5,logistics,False,logistics
rising_012,2026300014,forcegen_constrained,forcegen+logistics+command,equal_channel_dose,0.5,logistics,False,logistics
rising_012,2026300015,forcegen_constrained,forcegen+logistics+command,equal_channel_dose,0.5,logistics,False,logistics
rising_013,2026300000,forcegen_constrained,forcegen,single_reference,1.0,logistics,False,logistics
rising_013,2026300001,forcegen_constrained,forcegen,single_reference,1.0,logistics,False,logistics
rising_013,2026300002,forcegen_constrained,forcegen,single_reference,1.0,logistics,False,logistics
rising_013,2026300003,forcegen_constrained,forcegen,single_reference,1.0,logistics,False,logistics
rising_013,2026300004,forcegen_constrained,forcegen,single_reference,1.0,logistics,False,logistics
rising_013,2026300005,forcegen_constrained,forcegen,single_reference,1.0,logistics,False,logistics
rising_013,2026300006,forcegen_constrained,forcegen,single_reference,1.0,logistics,False,logistics
rising_013,2026300007,forcegen_constrained,forcegen,single_reference,1.0,logistics,False,logistics
rising_013,2026300008,forcegen_constrained,forcegen,single_reference,1.0,logistics,False,logistics
rising_013,2026300009,forcegen_constrained,forcegen,single_reference,1.0,logistics,False,logistics
rising_013,2026300010,forcegen_constrained,forcegen,single_reference,1.0,logistics,False,logistics
rising_013,2026300011,forcegen_constrained,forcegen,single_reference,1.0,logistics,True,logistics
rising_013,2026300012,forcegen_constrained,forcegen,single_reference,1.0,logistics,False,logistics
rising_013,2026300013,forcegen_constrained,forcegen,single_reference,1.0,logistics,False,logistics
rising_013,2026300014,forcegen_constrained,forcegen,single_reference,1.0,logistics,False,logistics
rising_013,2026300015,forcegen_constrained,forcegen,single_reference,1.0,logistics,False,logistics
rising_014,2026300000,forcegen_constrained,logistics,single_reference,1.0,logistics,True,logistics
rising_014,2026300001,forcegen_constrained,logistics,single_reference,1.0,logistics,True,logistics
rising_014,2026300002,forcegen_constrained,logistics,single_reference,1.0,logistics,False,logistics
rising_014,2026300003,forcegen_constrained,logistics,single_reference,1.0,logistics,False,logistics
rising_014,2026300004,forcegen_constrained,logistics,single_reference,1.0,logistics,False,logistics
rising_014,2026300005,forcegen_constrained,logistics,single_reference,1.0,logistics,True,logistics
rising_014,2026300006,forcegen_constrained,logistics,single_reference,1.0,logistics,False,logistics
rising_014,2026300007,forcegen_constrained,logistics,single_reference,1.0,logistics,True,logistics
rising_014,2026300008,forcegen_constrained,logistics,single_reference,1.0,logistics,False,logistics
rising_014,2026300009,forcegen_constrained,logistics,single_reference,1.0,logistics,True,logistics
rising_014,2026300010,forcegen_constrained,logistics,single_reference,1.0,logistics,False,logistics
rising_014,2026300011,forcegen_constrained,logistics,single_reference,1.0,logistics,False,logistics
rising_014,2026300012,forcegen_constrained,logistics,single_reference,1.0,logistics,False,logistics
rising_014,2026300013,forcegen_constrained,logistics,single_reference,1.0,logistics,False,logistics
rising_014,2026300014,forcegen_constrained,logistics,single_reference,1.0,logistics,False,logistics
rising_014,2026300015,forcegen_constrained,logistics,single_reference,1.0,logistics,False,logistics
rising_015,2026300000,forcegen_constrained,command,single_reference,1.0,logistics,False,logistics
rising_015,2026300001,forcegen_constrained,command,single_reference,1.0,logistics,False,logistics
rising_015,2026300002,forcegen_constrained,command,single_reference,1.0,logistics,False,logistics
rising_015,2026300003,forcegen_constrained,command,single_reference,1.0,logistics,False,logistics
rising_015,2026300004,forcegen_constrained,command,single_reference,1.0,logistics,False,logistics
rising_015,2026300005,forcegen_constrained,command,single_reference,1.0,logistics,False,logistics
rising_015,2026300006,forcegen_constrained,command,single_reference,1.0,logistics,False,logistics
rising_015,2026300007,forcegen_constrained,command,single_reference,1.0,logistics,False,logistics
rising_015,2026300008,forcegen_constrained,command,single_reference,1.0,logistics,False,logistics
rising_015,2026300009,forcegen_constrained,command,single_reference,1.0,logistics,False,logistics
rising_015,2026300010,forcegen_constrained,command,single_reference,1.0,logistics,False,logistics
rising_015,2026300011,forcegen_constrained,command,single_reference,1.0,logistics,False,logistics
rising_015,2026300012,forcegen_constrained,command,single_reference,1.0,logistics,False,logistics
rising_015,2026300013,forcegen_constrained,command,single_reference,1.0,logistics,False,logistics
rising_015,2026300014,forcegen_constrained,command,single_reference,1.0,logistics,False,logistics
rising_015,2026300015,forcegen_constrained,command,single_reference,1.0,logistics,False,logistics
rising_016,2026300000,forcegen_constrained,forcegen+logistics,equal_total_effort,1.0,logistics,False,logistics
rising_016,2026300001,forcegen_constrained,forcegen+logistics,equal_total_effort,1.0,logistics,False,logistics
rising_016,2026300002,forcegen_constrained,forcegen+logistics,equal_total_effort,1.0,logistics,False,logistics
rising_016,2026300003,forcegen_constrained,forcegen+logistics,equal_total_effort,1.0,logistics,True,logistics
rising_016,2026300004,forcegen_constrained,forcegen+logistics,equal_total_effort,1.0,logistics,False,logistics
rising_016,2026300005,forcegen_constrained,forcegen+logistics,equal_total_effort,1.0,logistics,False,logistics
rising_016,2026300006,forcegen_constrained,forcegen+logistics,equal_total_effort,1.0,logistics,False,logistics
rising_016,2026300007,forcegen_constrained,forcegen+logistics,equal_total_effort,1.0,logistics,False,logistics
rising_016,2026300008,forcegen_constrained,forcegen+logistics,equal_total_effort,1.0,logistics,False,logistics
rising_016,2026300009,forcegen_constrained,forcegen+logistics,equal_total_effort,1.0,logistics,False,logistics
rising_016,2026300010,forcegen_constrained,forcegen+logistics,equal_total_effort,1.0,logistics,False,logistics
rising_016,2026300011,forcegen_constrained,forcegen+logistics,equal_total_effort,1.0,logistics,True,logistics
rising_016,2026300012,forcegen_constrained,forcegen+logistics,equal_total_effort,1.0,logistics,False,logistics
rising_016,2026300013,forcegen_constrained,forcegen+logistics,equal_total_effort,1.0,logistics,False,logistics
rising_016,2026300014,forcegen_constrained,forcegen+logistics,equal_total_effort,1.0,logistics,False,logistics
rising_016,2026300015,forcegen_constrained,forcegen+logistics,equal_total_effort,1.0,logistics,False,logistics
rising_017,2026300000,forcegen_constrained,forcegen+logistics,equal_channel_dose,1.0,logistics,True,logistics
rising_017,2026300001,forcegen_constrained,forcegen+logistics,equal_channel_dose,1.0,logistics,True,logistics
rising_017,2026300002,forcegen_constrained,forcegen+logistics,equal_channel_dose,1.0,logistics,False,logistics
rising_017,2026300003,forcegen_constrained,forcegen+logistics,equal_channel_dose,1.0,logistics,False,logistics
rising_017,2026300004,forcegen_constrained,forcegen+logistics,equal_channel_dose,1.0,logistics,False,logistics
rising_017,2026300005,forcegen_constrained,forcegen+logistics,equal_channel_dose,1.0,logistics,True,logistics
rising_017,2026300006,forcegen_constrained,forcegen+logistics,equal_channel_dose,1.0,logistics,False,logistics
rising_017,2026300007,forcegen_constrained,forcegen+logistics,equal_channel_dose,1.0,logistics,True,logistics
rising_017,2026300008,forcegen_constrained,forcegen+logistics,equal_channel_dose,1.0,logistics,False,logistics
rising_017,2026300009,forcegen_constrained,forcegen+logistics,equal_channel_dose,1.0,logistics,True,logistics
rising_017,2026300010,forcegen_constrained,forcegen+logistics,equal_channel_dose,1.0,logistics,False,logistics
rising_017,2026300011,forcegen_constrained,forcegen+logistics,equal_channel_dose,1.0,logistics,False,logistics
rising_017,2026300012,forcegen_constrained,forcegen+logistics,equal_channel_dose,1.0,logistics,False,logistics
rising_017,2026300013,forcegen_constrained,forcegen+logistics,equal_channel_dose,1.0,logistics,False,logistics
rising_017,2026300014,forcegen_constrained,forcegen+logistics,equal_channel_dose,1.0,logistics,False,logistics
rising_017,2026300015,forcegen_constrained,forcegen+logistics,equal_channel_dose,1.0,logistics,False,logistics
rising_018,2026300000,forcegen_constrained,forcegen+command,equal_total_effort,1.0,logistics,False,logistics
rising_018,2026300001,forcegen_constrained,forcegen+command,equal_total_effort,1.0,logistics,False,logistics
rising_018,2026300002,forcegen_constrained,forcegen+command,equal_total_effort,1.0,logistics,False,logistics
rising_018,2026300003,forcegen_constrained,forcegen+command,equal_total_effort,1.0,logistics,False,logistics
rising_018,2026300004,forcegen_constrained,forcegen+command,equal_total_effort,1.0,logistics,False,logistics
rising_018,2026300005,forcegen_constrained,forcegen+command,equal_total_effort,1.0,logistics,False,logistics
rising_018,2026300006,forcegen_constrained,forcegen+command,equal_total_effort,1.0,logistics,False,logistics
rising_018,2026300007,forcegen_constrained,forcegen+command,equal_total_effort,1.0,logistics,False,logistics
rising_018,2026300008,forcegen_constrained,forcegen+command,equal_total_effort,1.0,logistics,False,logistics
rising_018,2026300009,forcegen_constrained,forcegen+command,equal_total_effort,1.0,logistics,False,logistics
rising_018,2026300010,forcegen_constrained,forcegen+command,equal_total_effort,1.0,logistics,False,logistics
rising_018,2026300011,forcegen_constrained,forcegen+command,equal_total_effort,1.0,logistics,False,logistics
rising_018,2026300012,forcegen_constrained,forcegen+command,equal_total_effort,1.0,logistics,False,logistics
rising_018,2026300013,forcegen_constrained,forcegen+command,equal_total_effort,1.0,logistics,False,logistics
rising_018,2026300014,forcegen_constrained,forcegen+command,equal_total_effort,1.0,logistics,False,logistics
rising_018,2026300015,forcegen_constrained,forcegen+command,equal_total_effort,1.0,logistics,False,logistics
rising_019,2026300000,forcegen_constrained,forcegen+command,equal_channel_dose,1.0,logistics,False,logistics
rising_019,2026300001,forcegen_constrained,forcegen+command,equal_channel_dose,1.0,logistics,False,logistics
rising_019,2026300002,forcegen_constrained,forcegen+command,equal_channel_dose,1.0,logistics,False,logistics
rising_019,2026300003,forcegen_constrained,forcegen+command,equal_channel_dose,1.0,logistics,False,logistics
rising_019,2026300004,forcegen_constrained,forcegen+command,equal_channel_dose,1.0,logistics,False,logistics
rising_019,2026300005,forcegen_constrained,forcegen+command,equal_channel_dose,1.0,logistics,False,logistics
rising_019,2026300006,forcegen_constrained,forcegen+command,equal_channel_dose,1.0,logistics,False,logistics
rising_019,2026300007,forcegen_constrained,forcegen+command,equal_channel_dose,1.0,logistics,False,logistics
rising_019,2026300008,forcegen_constrained,forcegen+command,equal_channel_dose,1.0,logistics,False,logistics
rising_019,2026300009,forcegen_constrained,forcegen+command,equal_channel_dose,1.0,logistics,False,logistics
rising_019,2026300010,forcegen_constrained,forcegen+command,equal_channel_dose,1.0,logistics,False,logistics
rising_019,2026300011,forcegen_constrained,forcegen+command,equal_channel_dose,1.0,logistics,False,logistics
rising_019,2026300012,forcegen_constrained,forcegen+command,equal_channel_dose,1.0,logistics,False,logistics
rising_019,2026300013,forcegen_constrained,forcegen+command,equal_channel_dose,1.0,logistics,False,logistics
rising_019,2026300014,forcegen_constrained,forcegen+command,equal_channel_dose,1.0,logistics,False,logistics
rising_019,2026300015,forcegen_constrained,forcegen+command,equal_channel_dose,1.0,logistics,False,logistics
rising_020,2026300000,forcegen_constrained,logistics+command,equal_total_effort,1.0,logistics,False,logistics
rising_020,2026300001,forcegen_constrained,logistics+command,equal_total_effort,1.0,logistics,False,logistics
rising_020,2026300002,forcegen_constrained,logistics+command,equal_total_effort,1.0,logistics,False,logistics
rising_020,2026300003,forcegen_constrained,logistics+command,equal_total_effort,1.0,logistics,False,logistics
rising_020,2026300004,forcegen_constrained,logistics+command,equal_total_effort,1.0,logistics,False,logistics
rising_020,2026300005,forcegen_constrained,logistics+command,equal_total_effort,1.0,logistics,True,logistics
rising_020,2026300006,forcegen_constrained,logistics+command,equal_total_effort,1.0,logistics,False,logistics
rising_020,2026300007,forcegen_constrained,logistics+command,equal_total_effort,1.0,logistics,False,logistics
rising_020,2026300008,forcegen_constrained,logistics+command,equal_total_effort,1.0,logistics,False,logistics
rising_020,2026300009,forcegen_constrained,logistics+command,equal_total_effort,1.0,logistics,False,logistics
rising_020,2026300010,forcegen_constrained,logistics+command,equal_total_effort,1.0,logistics,False,logistics
rising_020,2026300011,forcegen_constrained,logistics+command,equal_total_effort,1.0,logistics,False,logistics
rising_020,2026300012,forcegen_constrained,logistics+command,equal_total_effort,1.0,logistics,False,logistics
rising_020,2026300013,forcegen_constrained,logistics+command,equal_total_effort,1.0,logistics,False,logistics
rising_020,2026300014,forcegen_constrained,logistics+command,equal_total_effort,1.0,logistics,False,logistics
rising_020,2026300015,forcegen_constrained,logistics+command,equal_total_effort,1.0,logistics,False,logistics
rising_021,2026300000,forcegen_constrained,logistics+command,equal_channel_dose,1.0,logistics,False,logistics
rising_021,2026300001,forcegen_constrained,logistics+command,equal_channel_dose,1.0,logistics,False,logistics
rising_021,2026300002,forcegen_constrained,logistics+command,equal_channel_dose,1.0,logistics,True,logistics
rising_021,2026300003,forcegen_constrained,logistics+command,equal_channel_dose,1.0,logistics,True,logistics
rising_021,2026300004,forcegen_constrained,logistics+command,equal_channel_dose,1.0,logistics,True,logistics
rising_021,2026300005,forcegen_constrained,logistics+command,equal_channel_dose,1.0,logistics,True,logistics
rising_021,2026300006,forcegen_constrained,logistics+command,equal_channel_dose,1.0,logistics,False,logistics
rising_021,2026300007,forcegen_constrained,logistics+command,equal_channel_dose,1.0,logistics,False,logistics
rising_021,2026300008,forcegen_constrained,logistics+command,equal_channel_dose,1.0,logistics,False,logistics
rising_021,2026300009,forcegen_constrained,logistics+command,equal_channel_dose,1.0,logistics,False,logistics
rising_021,2026300010,forcegen_constrained,logistics+command,equal_channel_dose,1.0,logistics,False,logistics
rising_021,2026300011,forcegen_constrained,logistics+command,equal_channel_dose,1.0,logistics,False,logistics
rising_021,2026300012,forcegen_constrained,logistics+command,equal_channel_dose,1.0,logistics,False,logistics
rising_021,2026300013,forcegen_constrained,logistics+command,equal_channel_dose,1.0,logistics,False,logistics
rising_021,2026300014,forcegen_constrained,logistics+command,equal_channel_dose,1.0,logistics,False,logistics
rising_021,2026300015,forcegen_constrained,logistics+command,equal_channel_dose,1.0,logistics,False,logistics
rising_022,2026300000,forcegen_constrained,forcegen+logistics+command,equal_total_effort,1.0,logistics,False,logistics
rising_022,2026300001,forcegen_constrained,forcegen+logistics+command,equal_total_effort,1.0,logistics,False,logistics
rising_022,2026300002,forcegen_constrained,forcegen+logistics+command,equal_total_effort,1.0,logistics,False,logistics
rising_022,2026300003,forcegen_constrained,forcegen+logistics+command,equal_total_effort,1.0,logistics,False,logistics
rising_022,2026300004,forcegen_constrained,forcegen+logistics+command,equal_total_effort,1.0,logistics,False,logistics
rising_022,2026300005,forcegen_constrained,forcegen+logistics+command,equal_total_effort,1.0,logistics,False,logistics
rising_022,2026300006,forcegen_constrained,forcegen+logistics+command,equal_total_effort,1.0,logistics,False,logistics
rising_022,2026300007,forcegen_constrained,forcegen+logistics+command,equal_total_effort,1.0,logistics,False,logistics
rising_022,2026300008,forcegen_constrained,forcegen+logistics+command,equal_total_effort,1.0,logistics,False,logistics
rising_022,2026300009,forcegen_constrained,forcegen+logistics+command,equal_total_effort,1.0,logistics,False,logistics
rising_022,2026300010,forcegen_constrained,forcegen+logistics+command,equal_total_effort,1.0,logistics,False,logistics
rising_022,2026300011,forcegen_constrained,forcegen+logistics+command,equal_total_effort,1.0,logistics,False,logistics
rising_022,2026300012,forcegen_constrained,forcegen+logistics+command,equal_total_effort,1.0,logistics,False,logistics
rising_022,2026300013,forcegen_constrained,forcegen+logistics+command,equal_total_effort,1.0,logistics,False,logistics
rising_022,2026300014,forcegen_constrained,forcegen+logistics+command,equal_total_effort,1.0,logistics,False,logistics
rising_022,2026300015,forcegen_constrained,forcegen+logistics+command,equal_total_effort,1.0,logistics,False,logistics
rising_023,2026300000,forcegen_constrained,forcegen+logistics+command,equal_channel_dose,1.0,logistics,False,logistics
rising_023,2026300001,forcegen_constrained,forcegen+logistics+command,equal_channel_dose,1.0,logistics,False,logistics
rising_023,2026300002,forcegen_constrained,forcegen+logistics+command,equal_channel_dose,1.0,logistics,True,logistics
rising_023,2026300003,forcegen_constrained,forcegen+logistics+command,equal_channel_dose,1.0,logistics,True,logistics
rising_023,2026300004,forcegen_constrained,forcegen+logistics+command,equal_channel_dose,1.0,logistics,True,logistics
rising_023,2026300005,forcegen_constrained,forcegen+logistics+command,equal_channel_dose,1.0,logistics,True,logistics
rising_023,2026300006,forcegen_constrained,forcegen+logistics+command,equal_channel_dose,1.0,logistics,False,logistics
rising_023,2026300007,forcegen_constrained,forcegen+logistics+command,equal_channel_dose,1.0,logistics,False,logistics
rising_023,2026300008,forcegen_constrained,forcegen+logistics+command,equal_channel_dose,1.0,logistics,False,logistics
rising_023,2026300009,forcegen_constrained,forcegen+logistics+command,equal_channel_dose,1.0,logistics,False,logistics
rising_023,2026300010,forcegen_constrained,forcegen+logistics+command,equal_channel_dose,1.0,logistics,False,logistics
rising_023,2026300011,forcegen_constrained,forcegen+logistics+command,equal_channel_dose,1.0,logistics,False,logistics
rising_023,2026300012,forcegen_constrained,forcegen+logistics+command,equal_channel_dose,1.0,logistics,False,logistics
rising_023,2026300013,forcegen_constrained,forcegen+logistics+command,equal_channel_dose,1.0,logistics,False,logistics
rising_023,2026300014,forcegen_constrained,forcegen+logistics+command,equal_channel_dose,1.0,logistics,False,logistics
rising_023,2026300015,forcegen_constrained,forcegen+logistics+command,equal_channel_dose,1.0,logistics,False,logistics
rising_024,2026300000,logistics_constrained,none,control,0.0,logistics,False,logistics
rising_024,2026300001,logistics_constrained,none,control,0.0,logistics,False,logistics
rising_024,2026300002,logistics_constrained,none,control,0.0,logistics,False,logistics
rising_024,2026300003,logistics_constrained,none,control,0.0,logistics,False,logistics
rising_024,2026300004,logistics_constrained,none,control,0.0,logistics,False,logistics
rising_024,2026300005,logistics_constrained,none,control,0.0,logistics,False,logistics
rising_024,2026300006,logistics_constrained,none,control,0.0,logistics,False,logistics
rising_024,2026300007,logistics_constrained,none,control,0.0,logistics,False,logistics
rising_024,2026300008,logistics_constrained,none,control,0.0,logistics,False,logistics
rising_024,2026300009,logistics_constrained,none,control,0.0,logistics,False,logistics
rising_024,2026300010,logistics_constrained,none,control,0.0,logistics,False,logistics
rising_024,2026300011,logistics_constrained,none,control,0.0,logistics,False,logistics
rising_024,2026300012,logistics_constrained,none,control,0.0,logistics,False,logistics
rising_024,2026300013,logistics_constrained,none,control,0.0,logistics,False,logistics
rising_024,2026300014,logistics_constrained,none,control,0.0,logistics,False,logistics
rising_024,2026300015,logistics_constrained,none,control,0.0,logistics,False,logistics
rising_025,2026300000,logistics_constrained,forcegen,single_reference,0.5,logistics,False,logistics
rising_025,2026300001,logistics_constrained,forcegen,single_reference,0.5,logistics,False,logistics
rising_025,2026300002,logistics_constrained,forcegen,single_reference,0.5,logistics,False,logistics
rising_025,2026300003,logistics_constrained,forcegen,single_reference,0.5,logistics,False,logistics
rising_025,2026300004,logistics_constrained,forcegen,single_reference,0.5,logistics,False,logistics
rising_025,2026300005,logistics_constrained,forcegen,single_reference,0.5,logistics,False,logistics
rising_025,2026300006,logistics_constrained,forcegen,single_reference,0.5,logistics,False,logistics
rising_025,2026300007,logistics_constrained,forcegen,single_reference,0.5,logistics,False,logistics
rising_025,2026300008,logistics_constrained,forcegen,single_reference,0.5,logistics,False,logistics
rising_025,2026300009,logistics_constrained,forcegen,single_reference,0.5,logistics,False,logistics
rising_025,2026300010,logistics_constrained,forcegen,single_reference,0.5,logistics,False,logistics
rising_025,2026300011,logistics_constrained,forcegen,single_reference,0.5,logistics,False,logistics
rising_025,2026300012,logistics_constrained,forcegen,single_reference,0.5,logistics,False,logistics
rising_025,2026300013,logistics_constrained,forcegen,single_reference,0.5,logistics,False,logistics
rising_025,2026300014,logistics_constrained,forcegen,single_reference,0.5,logistics,False,logistics
rising_025,2026300015,logistics_constrained,forcegen,single_reference,0.5,logistics,False,logistics
rising_026,2026300000,logistics_constrained,logistics,single_reference,0.5,logistics,False,logistics
rising_026,2026300001,logistics_constrained,logistics,single_reference,0.5,logistics,False,logistics
rising_026,2026300002,logistics_constrained,logistics,single_reference,0.5,logistics,False,logistics
rising_026,2026300003,logistics_constrained,logistics,single_reference,0.5,logistics,False,logistics
rising_026,2026300004,logistics_constrained,logistics,single_reference,0.5,logistics,False,logistics
rising_026,2026300005,logistics_constrained,logistics,single_reference,0.5,logistics,False,logistics
rising_026,2026300006,logistics_constrained,logistics,single_reference,0.5,logistics,False,logistics
rising_026,2026300007,logistics_constrained,logistics,single_reference,0.5,logistics,False,logistics
rising_026,2026300008,logistics_constrained,logistics,single_reference,0.5,logistics,False,logistics
rising_026,2026300009,logistics_constrained,logistics,single_reference,0.5,logistics,False,logistics
rising_026,2026300010,logistics_constrained,logistics,single_reference,0.5,logistics,False,logistics
rising_026,2026300011,logistics_constrained,logistics,single_reference,0.5,logistics,False,logistics
rising_026,2026300012,logistics_constrained,logistics,single_reference,0.5,logistics,False,logistics
rising_026,2026300013,logistics_constrained,logistics,single_reference,0.5,logistics,False,logistics
rising_026,2026300014,logistics_constrained,logistics,single_reference,0.5,logistics,False,logistics
rising_026,2026300015,logistics_constrained,logistics,single_reference,0.5,logistics,False,logistics
rising_027,2026300000,logistics_constrained,command,single_reference,0.5,logistics,False,logistics
rising_027,2026300001,logistics_constrained,command,single_reference,0.5,logistics,False,logistics
rising_027,2026300002,logistics_constrained,command,single_reference,0.5,logistics,False,logistics
rising_027,2026300003,logistics_constrained,command,single_reference,0.5,logistics,False,logistics
rising_027,2026300004,logistics_constrained,command,single_reference,0.5,logistics,False,logistics
rising_027,2026300005,logistics_constrained,command,single_reference,0.5,logistics,False,logistics
rising_027,2026300006,logistics_constrained,command,single_reference,0.5,logistics,False,logistics
rising_027,2026300007,logistics_constrained,command,single_reference,0.5,logistics,False,logistics
rising_027,2026300008,logistics_constrained,command,single_reference,0.5,logistics,False,logistics
rising_027,2026300009,logistics_constrained,command,single_reference,0.5,logistics,False,logistics
rising_027,2026300010,logistics_constrained,command,single_reference,0.5,logistics,False,logistics
rising_027,2026300011,logistics_constrained,command,single_reference,0.5,logistics,False,logistics
rising_027,2026300012,logistics_constrained,command,single_reference,0.5,logistics,False,logistics
rising_027,2026300013,logistics_constrained,command,single_reference,0.5,logistics,False,logistics
rising_027,2026300014,logistics_constrained,command,single_reference,0.5,logistics,False,logistics
rising_027,2026300015,logistics_constrained,command,single_reference,0.5,logistics,False,logistics
rising_028,2026300000,logistics_constrained,forcegen+logistics,equal_total_effort,0.5,logistics,False,logistics
rising_028,2026300001,logistics_constrained,forcegen+logistics,equal_total_effort,0.5,logistics,False,logistics
rising_028,2026300002,logistics_constrained,forcegen+logistics,equal_total_effort,0.5,logistics,False,logistics
rising_028,2026300003,logistics_constrained,forcegen+logistics,equal_total_effort,0.5,logistics,False,logistics
rising_028,2026300004,logistics_constrained,forcegen+logistics,equal_total_effort,0.5,logistics,False,logistics
rising_028,2026300005,logistics_constrained,forcegen+logistics,equal_total_effort,0.5,logistics,False,logistics
rising_028,2026300006,logistics_constrained,forcegen+logistics,equal_total_effort,0.5,logistics,False,logistics
rising_028,2026300007,logistics_constrained,forcegen+logistics,equal_total_effort,0.5,logistics,False,logistics
rising_028,2026300008,logistics_constrained,forcegen+logistics,equal_total_effort,0.5,logistics,False,logistics
rising_028,2026300009,logistics_constrained,forcegen+logistics,equal_total_effort,0.5,logistics,False,logistics
rising_028,2026300010,logistics_constrained,forcegen+logistics,equal_total_effort,0.5,logistics,False,logistics
rising_028,2026300011,logistics_constrained,forcegen+logistics,equal_total_effort,0.5,logistics,False,logistics
rising_028,2026300012,logistics_constrained,forcegen+logistics,equal_total_effort,0.5,logistics,False,logistics
rising_028,2026300013,logistics_constrained,forcegen+logistics,equal_total_effort,0.5,logistics,False,logistics
rising_028,2026300014,logistics_constrained,forcegen+logistics,equal_total_effort,0.5,logistics,False,logistics
rising_028,2026300015,logistics_constrained,forcegen+logistics,equal_total_effort,0.5,logistics,False,logistics
rising_029,2026300000,logistics_constrained,forcegen+logistics,equal_channel_dose,0.5,logistics,False,logistics
rising_029,2026300001,logistics_constrained,forcegen+logistics,equal_channel_dose,0.5,logistics,False,logistics
rising_029,2026300002,logistics_constrained,forcegen+logistics,equal_channel_dose,0.5,logistics,False,logistics
rising_029,2026300003,logistics_constrained,forcegen+logistics,equal_channel_dose,0.5,logistics,False,logistics
rising_029,2026300004,logistics_constrained,forcegen+logistics,equal_channel_dose,0.5,logistics,False,logistics
rising_029,2026300005,logistics_constrained,forcegen+logistics,equal_channel_dose,0.5,logistics,False,logistics
rising_029,2026300006,logistics_constrained,forcegen+logistics,equal_channel_dose,0.5,logistics,False,logistics
rising_029,2026300007,logistics_constrained,forcegen+logistics,equal_channel_dose,0.5,logistics,False,logistics
rising_029,2026300008,logistics_constrained,forcegen+logistics,equal_channel_dose,0.5,logistics,False,logistics
rising_029,2026300009,logistics_constrained,forcegen+logistics,equal_channel_dose,0.5,logistics,False,logistics
rising_029,2026300010,logistics_constrained,forcegen+logistics,equal_channel_dose,0.5,logistics,False,logistics
rising_029,2026300011,logistics_constrained,forcegen+logistics,equal_channel_dose,0.5,logistics,False,logistics
rising_029,2026300012,logistics_constrained,forcegen+logistics,equal_channel_dose,0.5,logistics,False,logistics
rising_029,2026300013,logistics_constrained,forcegen+logistics,equal_channel_dose,0.5,logistics,False,logistics
rising_029,2026300014,logistics_constrained,forcegen+logistics,equal_channel_dose,0.5,logistics,False,logistics
rising_029,2026300015,logistics_constrained,forcegen+logistics,equal_channel_dose,0.5,logistics,False,logistics
rising_030,2026300000,logistics_constrained,forcegen+command,equal_total_effort,0.5,logistics,False,logistics
rising_030,2026300001,logistics_constrained,forcegen+command,equal_total_effort,0.5,logistics,False,logistics
rising_030,2026300002,logistics_constrained,forcegen+command,equal_total_effort,0.5,logistics,False,logistics
rising_030,2026300003,logistics_constrained,forcegen+command,equal_total_effort,0.5,logistics,False,logistics
rising_030,2026300004,logistics_constrained,forcegen+command,equal_total_effort,0.5,logistics,False,logistics
rising_030,2026300005,logistics_constrained,forcegen+command,equal_total_effort,0.5,logistics,False,logistics
rising_030,2026300006,logistics_constrained,forcegen+command,equal_total_effort,0.5,logistics,False,logistics
rising_030,2026300007,logistics_constrained,forcegen+command,equal_total_effort,0.5,logistics,False,logistics
rising_030,2026300008,logistics_constrained,forcegen+command,equal_total_effort,0.5,logistics,False,logistics
rising_030,2026300009,logistics_constrained,forcegen+command,equal_total_effort,0.5,logistics,False,logistics
rising_030,2026300010,logistics_constrained,forcegen+command,equal_total_effort,0.5,logistics,False,logistics
rising_030,2026300011,logistics_constrained,forcegen+command,equal_total_effort,0.5,logistics,False,logistics
rising_030,2026300012,logistics_constrained,forcegen+command,equal_total_effort,0.5,logistics,False,logistics
rising_030,2026300013,logistics_constrained,forcegen+command,equal_total_effort,0.5,logistics,False,logistics
rising_030,2026300014,logistics_constrained,forcegen+command,equal_total_effort,0.5,logistics,False,logistics
rising_030,2026300015,logistics_constrained,forcegen+command,equal_total_effort,0.5,logistics,False,logistics
rising_031,2026300000,logistics_constrained,forcegen+command,equal_channel_dose,0.5,logistics,False,logistics
rising_031,2026300001,logistics_constrained,forcegen+command,equal_channel_dose,0.5,logistics,False,logistics
rising_031,2026300002,logistics_constrained,forcegen+command,equal_channel_dose,0.5,logistics,False,logistics
rising_031,2026300003,logistics_constrained,forcegen+command,equal_channel_dose,0.5,logistics,False,logistics
rising_031,2026300004,logistics_constrained,forcegen+command,equal_channel_dose,0.5,logistics,False,logistics
rising_031,2026300005,logistics_constrained,forcegen+command,equal_channel_dose,0.5,logistics,False,logistics
rising_031,2026300006,logistics_constrained,forcegen+command,equal_channel_dose,0.5,logistics,False,logistics
rising_031,2026300007,logistics_constrained,forcegen+command,equal_channel_dose,0.5,logistics,False,logistics
rising_031,2026300008,logistics_constrained,forcegen+command,equal_channel_dose,0.5,logistics,False,logistics
rising_031,2026300009,logistics_constrained,forcegen+command,equal_channel_dose,0.5,logistics,False,logistics
rising_031,2026300010,logistics_constrained,forcegen+command,equal_channel_dose,0.5,logistics,False,logistics
rising_031,2026300011,logistics_constrained,forcegen+command,equal_channel_dose,0.5,logistics,False,logistics
rising_031,2026300012,logistics_constrained,forcegen+command,equal_channel_dose,0.5,logistics,False,logistics
rising_031,2026300013,logistics_constrained,forcegen+command,equal_channel_dose,0.5,logistics,False,logistics
rising_031,2026300014,logistics_constrained,forcegen+command,equal_channel_dose,0.5,logistics,False,logistics
rising_031,2026300015,logistics_constrained,forcegen+command,equal_channel_dose,0.5,logistics,False,logistics
rising_032,2026300000,logistics_constrained,logistics+command,equal_total_effort,0.5,logistics,False,logistics
rising_032,2026300001,logistics_constrained,logistics+command,equal_total_effort,0.5,logistics,False,logistics
rising_032,2026300002,logistics_constrained,logistics+command,equal_total_effort,0.5,logistics,False,logistics
rising_032,2026300003,logistics_constrained,logistics+command,equal_total_effort,0.5,logistics,False,logistics
rising_032,2026300004,logistics_constrained,logistics+command,equal_total_effort,0.5,logistics,False,logistics
rising_032,2026300005,logistics_constrained,logistics+command,equal_total_effort,0.5,logistics,False,logistics
rising_032,2026300006,logistics_constrained,logistics+command,equal_total_effort,0.5,logistics,False,logistics
rising_032,2026300007,logistics_constrained,logistics+command,equal_total_effort,0.5,logistics,False,logistics
rising_032,2026300008,logistics_constrained,logistics+command,equal_total_effort,0.5,logistics,False,logistics
rising_032,2026300009,logistics_constrained,logistics+command,equal_total_effort,0.5,logistics,False,logistics
rising_032,2026300010,logistics_constrained,logistics+command,equal_total_effort,0.5,logistics,False,logistics
rising_032,2026300011,logistics_constrained,logistics+command,equal_total_effort,0.5,logistics,False,logistics
rising_032,2026300012,logistics_constrained,logistics+command,equal_total_effort,0.5,logistics,False,logistics
rising_032,2026300013,logistics_constrained,logistics+command,equal_total_effort,0.5,logistics,False,logistics
rising_032,2026300014,logistics_constrained,logistics+command,equal_total_effort,0.5,logistics,False,logistics
rising_032,2026300015,logistics_constrained,logistics+command,equal_total_effort,0.5,logistics,False,logistics
rising_033,2026300000,logistics_constrained,logistics+command,equal_channel_dose,0.5,logistics,False,logistics
rising_033,2026300001,logistics_constrained,logistics+command,equal_channel_dose,0.5,logistics,False,logistics
rising_033,2026300002,logistics_constrained,logistics+command,equal_channel_dose,0.5,logistics,False,logistics
rising_033,2026300003,logistics_constrained,logistics+command,equal_channel_dose,0.5,logistics,False,logistics
rising_033,2026300004,logistics_constrained,logistics+command,equal_channel_dose,0.5,logistics,False,logistics
rising_033,2026300005,logistics_constrained,logistics+command,equal_channel_dose,0.5,logistics,False,logistics
rising_033,2026300006,logistics_constrained,logistics+command,equal_channel_dose,0.5,logistics,False,logistics
rising_033,2026300007,logistics_constrained,logistics+command,equal_channel_dose,0.5,logistics,False,logistics
rising_033,2026300008,logistics_constrained,logistics+command,equal_channel_dose,0.5,logistics,False,logistics
rising_033,2026300009,logistics_constrained,logistics+command,equal_channel_dose,0.5,logistics,False,logistics
rising_033,2026300010,logistics_constrained,logistics+command,equal_channel_dose,0.5,logistics,False,logistics
rising_033,2026300011,logistics_constrained,logistics+command,equal_channel_dose,0.5,logistics,False,logistics
rising_033,2026300012,logistics_constrained,logistics+command,equal_channel_dose,0.5,logistics,False,logistics
rising_033,2026300013,logistics_constrained,logistics+command,equal_channel_dose,0.5,logistics,False,logistics
rising_033,2026300014,logistics_constrained,logistics+command,equal_channel_dose,0.5,logistics,False,logistics
rising_033,2026300015,logistics_constrained,logistics+command,equal_channel_dose,0.5,logistics,False,logistics
rising_034,2026300000,logistics_constrained,forcegen+logistics+command,equal_total_effort,0.5,logistics,False,logistics
rising_034,2026300001,logistics_constrained,forcegen+logistics+command,equal_total_effort,0.5,logistics,False,logistics
rising_034,2026300002,logistics_constrained,forcegen+logistics+command,equal_total_effort,0.5,logistics,False,logistics
rising_034,2026300003,logistics_constrained,forcegen+logistics+command,equal_total_effort,0.5,logistics,False,logistics
rising_034,2026300004,logistics_constrained,forcegen+logistics+command,equal_total_effort,0.5,logistics,False,logistics
rising_034,2026300005,logistics_constrained,forcegen+logistics+command,equal_total_effort,0.5,logistics,False,logistics
rising_034,2026300006,logistics_constrained,forcegen+logistics+command,equal_total_effort,0.5,logistics,False,logistics
rising_034,2026300007,logistics_constrained,forcegen+logistics+command,equal_total_effort,0.5,logistics,False,logistics
rising_034,2026300008,logistics_constrained,forcegen+logistics+command,equal_total_effort,0.5,logistics,False,logistics
rising_034,2026300009,logistics_constrained,forcegen+logistics+command,equal_total_effort,0.5,logistics,False,logistics
rising_034,2026300010,logistics_constrained,forcegen+logistics+command,equal_total_effort,0.5,logistics,False,logistics
rising_034,2026300011,logistics_constrained,forcegen+logistics+command,equal_total_effort,0.5,logistics,False,logistics
rising_034,2026300012,logistics_constrained,forcegen+logistics+command,equal_total_effort,0.5,logistics,False,logistics
rising_034,2026300013,logistics_constrained,forcegen+logistics+command,equal_total_effort,0.5,logistics,False,logistics
rising_034,2026300014,logistics_constrained,forcegen+logistics+command,equal_total_effort,0.5,logistics,False,logistics
rising_034,2026300015,logistics_constrained,forcegen+logistics+command,equal_total_effort,0.5,logistics,False,logistics
rising_035,2026300000,logistics_constrained,forcegen+logistics+command,equal_channel_dose,0.5,logistics,False,logistics
rising_035,2026300001,logistics_constrained,forcegen+logistics+command,equal_channel_dose,0.5,logistics,False,logistics
rising_035,2026300002,logistics_constrained,forcegen+logistics+command,equal_channel_dose,0.5,logistics,False,logistics
rising_035,2026300003,logistics_constrained,forcegen+logistics+command,equal_channel_dose,0.5,logistics,False,logistics
rising_035,2026300004,logistics_constrained,forcegen+logistics+command,equal_channel_dose,0.5,logistics,False,logistics
rising_035,2026300005,logistics_constrained,forcegen+logistics+command,equal_channel_dose,0.5,logistics,False,logistics
rising_035,2026300006,logistics_constrained,forcegen+logistics+command,equal_channel_dose,0.5,logistics,False,logistics
rising_035,2026300007,logistics_constrained,forcegen+logistics+command,equal_channel_dose,0.5,logistics,False,logistics
rising_035,2026300008,logistics_constrained,forcegen+logistics+command,equal_channel_dose,0.5,logistics,False,logistics
rising_035,2026300009,logistics_constrained,forcegen+logistics+command,equal_channel_dose,0.5,logistics,False,logistics
rising_035,2026300010,logistics_constrained,forcegen+logistics+command,equal_channel_dose,0.5,logistics,False,logistics
rising_035,2026300011,logistics_constrained,forcegen+logistics+command,equal_channel_dose,0.5,logistics,False,logistics
rising_035,2026300012,logistics_constrained,forcegen+logistics+command,equal_channel_dose,0.5,logistics,False,logistics
rising_035,2026300013,logistics_constrained,forcegen+logistics+command,equal_channel_dose,0.5,logistics,False,logistics
rising_035,2026300014,logistics_constrained,forcegen+logistics+command,equal_channel_dose,0.5,logistics,False,logistics
rising_035,2026300015,logistics_constrained,forcegen+logistics+command,equal_channel_dose,0.5,logistics,False,logistics
rising_036,2026300000,logistics_constrained,forcegen,single_reference,1.0,logistics,False,logistics
rising_036,2026300001,logistics_constrained,forcegen,single_reference,1.0,logistics,False,logistics
rising_036,2026300002,logistics_constrained,forcegen,single_reference,1.0,logistics,False,logistics
rising_036,2026300003,logistics_constrained,forcegen,single_reference,1.0,logistics,False,logistics
rising_036,2026300004,logistics_constrained,forcegen,single_reference,1.0,logistics,False,logistics
rising_036,2026300005,logistics_constrained,forcegen,single_reference,1.0,logistics,False,logistics
rising_036,2026300006,logistics_constrained,forcegen,single_reference,1.0,logistics,False,logistics
rising_036,2026300007,logistics_constrained,forcegen,single_reference,1.0,logistics,False,logistics
rising_036,2026300008,logistics_constrained,forcegen,single_reference,1.0,logistics,False,logistics
rising_036,2026300009,logistics_constrained,forcegen,single_reference,1.0,logistics,False,logistics
rising_036,2026300010,logistics_constrained,forcegen,single_reference,1.0,logistics,False,logistics
rising_036,2026300011,logistics_constrained,forcegen,single_reference,1.0,logistics,False,logistics
rising_036,2026300012,logistics_constrained,forcegen,single_reference,1.0,logistics,False,logistics
rising_036,2026300013,logistics_constrained,forcegen,single_reference,1.0,logistics,False,logistics
rising_036,2026300014,logistics_constrained,forcegen,single_reference,1.0,logistics,False,logistics
rising_036,2026300015,logistics_constrained,forcegen,single_reference,1.0,logistics,False,logistics
rising_037,2026300000,logistics_constrained,logistics,single_reference,1.0,logistics,False,logistics
rising_037,2026300001,logistics_constrained,logistics,single_reference,1.0,logistics,False,logistics
rising_037,2026300002,logistics_constrained,logistics,single_reference,1.0,logistics,False,logistics
rising_037,2026300003,logistics_constrained,logistics,single_reference,1.0,logistics,False,logistics
rising_037,2026300004,logistics_constrained,logistics,single_reference,1.0,logistics,False,logistics
rising_037,2026300005,logistics_constrained,logistics,single_reference,1.0,logistics,False,logistics
rising_037,2026300006,logistics_constrained,logistics,single_reference,1.0,logistics,False,logistics
rising_037,2026300007,logistics_constrained,logistics,single_reference,1.0,logistics,False,logistics
rising_037,2026300008,logistics_constrained,logistics,single_reference,1.0,logistics,False,logistics
rising_037,2026300009,logistics_constrained,logistics,single_reference,1.0,logistics,False,logistics
rising_037,2026300010,logistics_constrained,logistics,single_reference,1.0,logistics,False,logistics
rising_037,2026300011,logistics_constrained,logistics,single_reference,1.0,logistics,False,logistics
rising_037,2026300012,logistics_constrained,logistics,single_reference,1.0,logistics,False,logistics
rising_037,2026300013,logistics_constrained,logistics,single_reference,1.0,logistics,False,logistics
rising_037,2026300014,logistics_constrained,logistics,single_reference,1.0,logistics,False,logistics
rising_037,2026300015,logistics_constrained,logistics,single_reference,1.0,logistics,False,logistics
rising_038,2026300000,logistics_constrained,command,single_reference,1.0,logistics,False,logistics
rising_038,2026300001,logistics_constrained,command,single_reference,1.0,logistics,False,logistics
rising_038,2026300002,logistics_constrained,command,single_reference,1.0,logistics,False,logistics
rising_038,2026300003,logistics_constrained,command,single_reference,1.0,logistics,False,logistics
rising_038,2026300004,logistics_constrained,command,single_reference,1.0,logistics,False,logistics
rising_038,2026300005,logistics_constrained,command,single_reference,1.0,logistics,False,logistics
rising_038,2026300006,logistics_constrained,command,single_reference,1.0,logistics,False,logistics
rising_038,2026300007,logistics_constrained,command,single_reference,1.0,logistics,False,logistics
rising_038,2026300008,logistics_constrained,command,single_reference,1.0,logistics,False,logistics
rising_038,2026300009,logistics_constrained,command,single_reference,1.0,logistics,False,logistics
rising_038,2026300010,logistics_constrained,command,single_reference,1.0,logistics,False,logistics
rising_038,2026300011,logistics_constrained,command,single_reference,1.0,logistics,False,logistics
rising_038,2026300012,logistics_constrained,command,single_reference,1.0,logistics,False,logistics
rising_038,2026300013,logistics_constrained,command,single_reference,1.0,logistics,False,logistics
rising_038,2026300014,logistics_constrained,command,single_reference,1.0,logistics,False,logistics
rising_038,2026300015,logistics_constrained,command,single_reference,1.0,logistics,False,logistics
rising_039,2026300000,logistics_constrained,forcegen+logistics,equal_total_effort,1.0,logistics,False,logistics
rising_039,2026300001,logistics_constrained,forcegen+logistics,equal_total_effort,1.0,logistics,False,logistics
rising_039,2026300002,logistics_constrained,forcegen+logistics,equal_total_effort,1.0,logistics,False,logistics
rising_039,2026300003,logistics_constrained,forcegen+logistics,equal_total_effort,1.0,logistics,False,logistics
rising_039,2026300004,logistics_constrained,forcegen+logistics,equal_total_effort,1.0,logistics,False,logistics
rising_039,2026300005,logistics_constrained,forcegen+logistics,equal_total_effort,1.0,logistics,False,logistics
rising_039,2026300006,logistics_constrained,forcegen+logistics,equal_total_effort,1.0,logistics,False,logistics
rising_039,2026300007,logistics_constrained,forcegen+logistics,equal_total_effort,1.0,logistics,False,logistics
rising_039,2026300008,logistics_constrained,forcegen+logistics,equal_total_effort,1.0,logistics,False,logistics
rising_039,2026300009,logistics_constrained,forcegen+logistics,equal_total_effort,1.0,logistics,False,logistics
rising_039,2026300010,logistics_constrained,forcegen+logistics,equal_total_effort,1.0,logistics,False,logistics
rising_039,2026300011,logistics_constrained,forcegen+logistics,equal_total_effort,1.0,logistics,False,logistics
rising_039,2026300012,logistics_constrained,forcegen+logistics,equal_total_effort,1.0,logistics,False,logistics
rising_039,2026300013,logistics_constrained,forcegen+logistics,equal_total_effort,1.0,logistics,False,logistics
rising_039,2026300014,logistics_constrained,forcegen+logistics,equal_total_effort,1.0,logistics,False,logistics
rising_039,2026300015,logistics_constrained,forcegen+logistics,equal_total_effort,1.0,logistics,False,logistics
rising_040,2026300000,logistics_constrained,forcegen+logistics,equal_channel_dose,1.0,logistics,False,logistics
rising_040,2026300001,logistics_constrained,forcegen+logistics,equal_channel_dose,1.0,logistics,False,logistics
rising_040,2026300002,logistics_constrained,forcegen+logistics,equal_channel_dose,1.0,logistics,False,logistics
rising_040,2026300003,logistics_constrained,forcegen+logistics,equal_channel_dose,1.0,logistics,False,logistics
rising_040,2026300004,logistics_constrained,forcegen+logistics,equal_channel_dose,1.0,logistics,False,logistics
rising_040,2026300005,logistics_constrained,forcegen+logistics,equal_channel_dose,1.0,logistics,False,logistics
rising_040,2026300006,logistics_constrained,forcegen+logistics,equal_channel_dose,1.0,logistics,False,logistics
rising_040,2026300007,logistics_constrained,forcegen+logistics,equal_channel_dose,1.0,logistics,False,logistics
rising_040,2026300008,logistics_constrained,forcegen+logistics,equal_channel_dose,1.0,logistics,False,logistics
rising_040,2026300009,logistics_constrained,forcegen+logistics,equal_channel_dose,1.0,logistics,False,logistics
rising_040,2026300010,logistics_constrained,forcegen+logistics,equal_channel_dose,1.0,logistics,False,logistics
rising_040,2026300011,logistics_constrained,forcegen+logistics,equal_channel_dose,1.0,logistics,False,logistics
rising_040,2026300012,logistics_constrained,forcegen+logistics,equal_channel_dose,1.0,logistics,False,logistics
rising_040,2026300013,logistics_constrained,forcegen+logistics,equal_channel_dose,1.0,logistics,False,logistics
rising_040,2026300014,logistics_constrained,forcegen+logistics,equal_channel_dose,1.0,logistics,False,logistics
rising_040,2026300015,logistics_constrained,forcegen+logistics,equal_channel_dose,1.0,logistics,False,logistics
rising_041,2026300000,logistics_constrained,forcegen+command,equal_total_effort,1.0,logistics,False,logistics
rising_041,2026300001,logistics_constrained,forcegen+command,equal_total_effort,1.0,logistics,False,logistics
rising_041,2026300002,logistics_constrained,forcegen+command,equal_total_effort,1.0,logistics,False,logistics
rising_041,2026300003,logistics_constrained,forcegen+command,equal_total_effort,1.0,logistics,False,logistics
rising_041,2026300004,logistics_constrained,forcegen+command,equal_total_effort,1.0,logistics,False,logistics
rising_041,2026300005,logistics_constrained,forcegen+command,equal_total_effort,1.0,logistics,False,logistics
rising_041,2026300006,logistics_constrained,forcegen+command,equal_total_effort,1.0,logistics,False,logistics
rising_041,2026300007,logistics_constrained,forcegen+command,equal_total_effort,1.0,logistics,False,logistics
rising_041,2026300008,logistics_constrained,forcegen+command,equal_total_effort,1.0,logistics,False,logistics
rising_041,2026300009,logistics_constrained,forcegen+command,equal_total_effort,1.0,logistics,False,logistics
rising_041,2026300010,logistics_constrained,forcegen+command,equal_total_effort,1.0,logistics,False,logistics
rising_041,2026300011,logistics_constrained,forcegen+command,equal_total_effort,1.0,logistics,False,logistics
rising_041,2026300012,logistics_constrained,forcegen+command,equal_total_effort,1.0,logistics,False,logistics
rising_041,2026300013,logistics_constrained,forcegen+command,equal_total_effort,1.0,logistics,False,logistics
rising_041,2026300014,logistics_constrained,forcegen+command,equal_total_effort,1.0,logistics,False,logistics
rising_041,2026300015,logistics_constrained,forcegen+command,equal_total_effort,1.0,logistics,False,logistics
rising_042,2026300000,logistics_constrained,forcegen+command,equal_channel_dose,1.0,logistics,False,logistics
rising_042,2026300001,logistics_constrained,forcegen+command,equal_channel_dose,1.0,logistics,False,logistics
rising_042,2026300002,logistics_constrained,forcegen+command,equal_channel_dose,1.0,logistics,False,logistics
rising_042,2026300003,logistics_constrained,forcegen+command,equal_channel_dose,1.0,logistics,False,logistics
rising_042,2026300004,logistics_constrained,forcegen+command,equal_channel_dose,1.0,logistics,False,logistics
rising_042,2026300005,logistics_constrained,forcegen+command,equal_channel_dose,1.0,logistics,False,logistics
rising_042,2026300006,logistics_constrained,forcegen+command,equal_channel_dose,1.0,logistics,False,logistics
rising_042,2026300007,logistics_constrained,forcegen+command,equal_channel_dose,1.0,logistics,False,logistics
rising_042,2026300008,logistics_constrained,forcegen+command,equal_channel_dose,1.0,logistics,False,logistics
rising_042,2026300009,logistics_constrained,forcegen+command,equal_channel_dose,1.0,logistics,False,logistics
rising_042,2026300010,logistics_constrained,forcegen+command,equal_channel_dose,1.0,logistics,False,logistics
rising_042,2026300011,logistics_constrained,forcegen+command,equal_channel_dose,1.0,logistics,False,logistics
rising_042,2026300012,logistics_constrained,forcegen+command,equal_channel_dose,1.0,logistics,False,logistics
rising_042,2026300013,logistics_constrained,forcegen+command,equal_channel_dose,1.0,logistics,False,logistics
rising_042,2026300014,logistics_constrained,forcegen+command,equal_channel_dose,1.0,logistics,False,logistics
rising_042,2026300015,logistics_constrained,forcegen+command,equal_channel_dose,1.0,logistics,False,logistics
rising_043,2026300000,logistics_constrained,logistics+command,equal_total_effort,1.0,logistics,False,logistics
rising_043,2026300001,logistics_constrained,logistics+command,equal_total_effort,1.0,logistics,False,logistics
rising_043,2026300002,logistics_constrained,logistics+command,equal_total_effort,1.0,logistics,False,logistics
rising_043,2026300003,logistics_constrained,logistics+command,equal_total_effort,1.0,logistics,False,logistics
rising_043,2026300004,logistics_constrained,logistics+command,equal_total_effort,1.0,logistics,False,logistics
rising_043,2026300005,logistics_constrained,logistics+command,equal_total_effort,1.0,logistics,False,logistics
rising_043,2026300006,logistics_constrained,logistics+command,equal_total_effort,1.0,logistics,False,logistics
rising_043,2026300007,logistics_constrained,logistics+command,equal_total_effort,1.0,logistics,False,logistics
rising_043,2026300008,logistics_constrained,logistics+command,equal_total_effort,1.0,logistics,False,logistics
rising_043,2026300009,logistics_constrained,logistics+command,equal_total_effort,1.0,logistics,False,logistics
rising_043,2026300010,logistics_constrained,logistics+command,equal_total_effort,1.0,logistics,False,logistics
rising_043,2026300011,logistics_constrained,logistics+command,equal_total_effort,1.0,logistics,False,logistics
rising_043,2026300012,logistics_constrained,logistics+command,equal_total_effort,1.0,logistics,False,logistics
rising_043,2026300013,logistics_constrained,logistics+command,equal_total_effort,1.0,logistics,False,logistics
rising_043,2026300014,logistics_constrained,logistics+command,equal_total_effort,1.0,logistics,False,logistics
rising_043,2026300015,logistics_constrained,logistics+command,equal_total_effort,1.0,logistics,False,logistics
rising_044,2026300000,logistics_constrained,logistics+command,equal_channel_dose,1.0,logistics,False,logistics
rising_044,2026300001,logistics_constrained,logistics+command,equal_channel_dose,1.0,logistics,False,logistics
rising_044,2026300002,logistics_constrained,logistics+command,equal_channel_dose,1.0,logistics,False,logistics
rising_044,2026300003,logistics_constrained,logistics+command,equal_channel_dose,1.0,logistics,False,logistics
rising_044,2026300004,logistics_constrained,logistics+command,equal_channel_dose,1.0,logistics,False,logistics
rising_044,2026300005,logistics_constrained,logistics+command,equal_channel_dose,1.0,logistics,False,logistics
rising_044,2026300006,logistics_constrained,logistics+command,equal_channel_dose,1.0,logistics,False,logistics
rising_044,2026300007,logistics_constrained,logistics+command,equal_channel_dose,1.0,logistics,False,logistics
rising_044,2026300008,logistics_constrained,logistics+command,equal_channel_dose,1.0,logistics,False,logistics
rising_044,2026300009,logistics_constrained,logistics+command,equal_channel_dose,1.0,logistics,False,logistics
rising_044,2026300010,logistics_constrained,logistics+command,equal_channel_dose,1.0,logistics,False,logistics
rising_044,2026300011,logistics_constrained,logistics+command,equal_channel_dose,1.0,logistics,False,logistics
rising_044,2026300012,logistics_constrained,logistics+command,equal_channel_dose,1.0,logistics,False,logistics
rising_044,2026300013,logistics_constrained,logistics+command,equal_channel_dose,1.0,logistics,False,logistics
rising_044,2026300014,logistics_constrained,logistics+command,equal_channel_dose,1.0,logistics,False,logistics
rising_044,2026300015,logistics_constrained,logistics+command,equal_channel_dose,1.0,logistics,False,logistics
rising_045,2026300000,logistics_constrained,forcegen+logistics+command,equal_total_effort,1.0,logistics,False,logistics
rising_045,2026300001,logistics_constrained,forcegen+logistics+command,equal_total_effort,1.0,logistics,False,logistics
rising_045,2026300002,logistics_constrained,forcegen+logistics+command,equal_total_effort,1.0,logistics,False,logistics
rising_045,2026300003,logistics_constrained,forcegen+logistics+command,equal_total_effort,1.0,logistics,False,logistics
rising_045,2026300004,logistics_constrained,forcegen+logistics+command,equal_total_effort,1.0,logistics,False,logistics
rising_045,2026300005,logistics_constrained,forcegen+logistics+command,equal_total_effort,1.0,logistics,False,logistics
rising_045,2026300006,logistics_constrained,forcegen+logistics+command,equal_total_effort,1.0,logistics,False,logistics
rising_045,2026300007,logistics_constrained,forcegen+logistics+command,equal_total_effort,1.0,logistics,False,logistics
rising_045,2026300008,logistics_constrained,forcegen+logistics+command,equal_total_effort,1.0,logistics,False,logistics
rising_045,2026300009,logistics_constrained,forcegen+logistics+command,equal_total_effort,1.0,logistics,False,logistics
rising_045,2026300010,logistics_constrained,forcegen+logistics+command,equal_total_effort,1.0,logistics,False,logistics
rising_045,2026300011,logistics_constrained,forcegen+logistics+command,equal_total_effort,1.0,logistics,False,logistics
rising_045,2026300012,logistics_constrained,forcegen+logistics+command,equal_total_effort,1.0,logistics,False,logistics
rising_045,2026300013,logistics_constrained,forcegen+logistics+command,equal_total_effort,1.0,logistics,False,logistics
rising_045,2026300014,logistics_constrained,forcegen+logistics+command,equal_total_effort,1.0,logistics,False,logistics
rising_045,2026300015,logistics_constrained,forcegen+logistics+command,equal_total_effort,1.0,logistics,False,logistics
rising_046,2026300000,logistics_constrained,forcegen+logistics+command,equal_channel_dose,1.0,logistics,False,logistics
rising_046,2026300001,logistics_constrained,forcegen+logistics+command,equal_channel_dose,1.0,logistics,False,logistics
rising_046,2026300002,logistics_constrained,forcegen+logistics+command,equal_channel_dose,1.0,logistics,False,logistics
rising_046,2026300003,logistics_constrained,forcegen+logistics+command,equal_channel_dose,1.0,logistics,False,logistics
rising_046,2026300004,logistics_constrained,forcegen+logistics+command,equal_channel_dose,1.0,logistics,False,logistics
rising_046,2026300005,logistics_constrained,forcegen+logistics+command,equal_channel_dose,1.0,logistics,False,logistics
rising_046,2026300006,logistics_constrained,forcegen+logistics+command,equal_channel_dose,1.0,logistics,False,logistics
rising_046,2026300007,logistics_constrained,forcegen+logistics+command,equal_channel_dose,1.0,logistics,False,logistics
rising_046,2026300008,logistics_constrained,forcegen+logistics+command,equal_channel_dose,1.0,logistics,False,logistics
rising_046,2026300009,logistics_constrained,forcegen+logistics+command,equal_channel_dose,1.0,logistics,False,logistics
rising_046,2026300010,logistics_constrained,forcegen+logistics+command,equal_channel_dose,1.0,logistics,False,logistics
rising_046,2026300011,logistics_constrained,forcegen+logistics+command,equal_channel_dose,1.0,logistics,False,logistics
rising_046,2026300012,logistics_constrained,forcegen+logistics+command,equal_channel_dose,1.0,logistics,False,logistics
rising_046,2026300013,logistics_constrained,forcegen+logistics+command,equal_channel_dose,1.0,logistics,False,logistics
rising_046,2026300014,logistics_constrained,forcegen+logistics+command,equal_channel_dose,1.0,logistics,False,logistics
rising_046,2026300015,logistics_constrained,forcegen+logistics+command,equal_channel_dose,1.0,logistics,False,logistics
rising_047,2026300000,command_constrained,none,control,0.0,logistics,True,logistics
rising_047,2026300001,command_constrained,none,control,0.0,logistics,True,logistics
rising_047,2026300002,command_constrained,none,control,0.0,logistics,True,logistics
rising_047,2026300003,command_constrained,none,control,0.0,command,True,logistics
rising_047,2026300004,command_constrained,none,control,0.0,logistics,True,logistics
rising_047,2026300005,command_constrained,none,control,0.0,logistics,True,logistics
rising_047,2026300006,command_constrained,none,control,0.0,logistics,True,logistics
rising_047,2026300007,command_constrained,none,control,0.0,logistics,True,logistics
rising_047,2026300008,command_constrained,none,control,0.0,logistics,True,logistics
rising_047,2026300009,command_constrained,none,control,0.0,logistics,True,logistics
rising_047,2026300010,command_constrained,none,control,0.0,logistics,True,logistics
rising_047,2026300011,command_constrained,none,control,0.0,logistics,False,logistics
rising_047,2026300012,command_constrained,none,control,0.0,logistics,True,logistics
rising_047,2026300013,command_constrained,none,control,0.0,logistics,True,logistics
rising_047,2026300014,command_constrained,none,control,0.0,logistics,True,logistics
rising_047,2026300015,command_constrained,none,control,0.0,logistics,True,logistics
rising_048,2026300000,command_constrained,forcegen,single_reference,0.5,logistics,True,logistics
rising_048,2026300001,command_constrained,forcegen,single_reference,0.5,logistics,True,logistics
rising_048,2026300002,command_constrained,forcegen,single_reference,0.5,logistics,True,logistics
rising_048,2026300003,command_constrained,forcegen,single_reference,0.5,command,True,logistics
rising_048,2026300004,command_constrained,forcegen,single_reference,0.5,logistics,True,logistics
rising_048,2026300005,command_constrained,forcegen,single_reference,0.5,logistics,True,logistics
rising_048,2026300006,command_constrained,forcegen,single_reference,0.5,logistics,True,logistics
rising_048,2026300007,command_constrained,forcegen,single_reference,0.5,logistics,True,logistics
rising_048,2026300008,command_constrained,forcegen,single_reference,0.5,logistics,True,logistics
rising_048,2026300009,command_constrained,forcegen,single_reference,0.5,logistics,True,logistics
rising_048,2026300010,command_constrained,forcegen,single_reference,0.5,logistics,True,logistics
rising_048,2026300011,command_constrained,forcegen,single_reference,0.5,logistics,False,logistics
rising_048,2026300012,command_constrained,forcegen,single_reference,0.5,logistics,True,logistics
rising_048,2026300013,command_constrained,forcegen,single_reference,0.5,logistics,True,logistics
rising_048,2026300014,command_constrained,forcegen,single_reference,0.5,logistics,True,logistics
rising_048,2026300015,command_constrained,forcegen,single_reference,0.5,logistics,True,logistics
rising_049,2026300000,command_constrained,logistics,single_reference,0.5,logistics,True,logistics
rising_049,2026300001,command_constrained,logistics,single_reference,0.5,logistics,True,logistics
rising_049,2026300002,command_constrained,logistics,single_reference,0.5,logistics,True,logistics
rising_049,2026300003,command_constrained,logistics,single_reference,0.5,command,True,logistics
rising_049,2026300004,command_constrained,logistics,single_reference,0.5,logistics,True,logistics
rising_049,2026300005,command_constrained,logistics,single_reference,0.5,logistics,True,logistics
rising_049,2026300006,command_constrained,logistics,single_reference,0.5,logistics,True,logistics
rising_049,2026300007,command_constrained,logistics,single_reference,0.5,logistics,True,logistics
rising_049,2026300008,command_constrained,logistics,single_reference,0.5,logistics,True,logistics
rising_049,2026300009,command_constrained,logistics,single_reference,0.5,logistics,True,logistics
rising_049,2026300010,command_constrained,logistics,single_reference,0.5,logistics,True,logistics
rising_049,2026300011,command_constrained,logistics,single_reference,0.5,logistics,False,logistics
rising_049,2026300012,command_constrained,logistics,single_reference,0.5,command,True,logistics
rising_049,2026300013,command_constrained,logistics,single_reference,0.5,logistics,True,logistics
rising_049,2026300014,command_constrained,logistics,single_reference,0.5,logistics,True,logistics
rising_049,2026300015,command_constrained,logistics,single_reference,0.5,logistics,True,logistics
rising_050,2026300000,command_constrained,command,single_reference,0.5,logistics,True,logistics
rising_050,2026300001,command_constrained,command,single_reference,0.5,command,True,logistics
rising_050,2026300002,command_constrained,command,single_reference,0.5,logistics,True,logistics
rising_050,2026300003,command_constrained,command,single_reference,0.5,command,True,logistics
rising_050,2026300004,command_constrained,command,single_reference,0.5,logistics,True,logistics
rising_050,2026300005,command_constrained,command,single_reference,0.5,logistics,True,logistics
rising_050,2026300006,command_constrained,command,single_reference,0.5,logistics,True,logistics
rising_050,2026300007,command_constrained,command,single_reference,0.5,logistics,True,logistics
rising_050,2026300008,command_constrained,command,single_reference,0.5,command,True,logistics
rising_050,2026300009,command_constrained,command,single_reference,0.5,logistics,True,logistics
rising_050,2026300010,command_constrained,command,single_reference,0.5,command,True,logistics
rising_050,2026300011,command_constrained,command,single_reference,0.5,logistics,True,logistics
rising_050,2026300012,command_constrained,command,single_reference,0.5,command,True,logistics
rising_050,2026300013,command_constrained,command,single_reference,0.5,command,True,logistics
rising_050,2026300014,command_constrained,command,single_reference,0.5,command,True,logistics
rising_050,2026300015,command_constrained,command,single_reference,0.5,command,True,logistics
rising_051,2026300000,command_constrained,forcegen+logistics,equal_total_effort,0.5,logistics,True,logistics
rising_051,2026300001,command_constrained,forcegen+logistics,equal_total_effort,0.5,logistics,True,logistics
rising_051,2026300002,command_constrained,forcegen+logistics,equal_total_effort,0.5,logistics,True,logistics
rising_051,2026300003,command_constrained,forcegen+logistics,equal_total_effort,0.5,command,True,logistics
rising_051,2026300004,command_constrained,forcegen+logistics,equal_total_effort,0.5,logistics,True,logistics
rising_051,2026300005,command_constrained,forcegen+logistics,equal_total_effort,0.5,logistics,False,logistics
rising_051,2026300006,command_constrained,forcegen+logistics,equal_total_effort,0.5,logistics,True,logistics
rising_051,2026300007,command_constrained,forcegen+logistics,equal_total_effort,0.5,logistics,True,logistics
rising_051,2026300008,command_constrained,forcegen+logistics,equal_total_effort,0.5,logistics,True,logistics
rising_051,2026300009,command_constrained,forcegen+logistics,equal_total_effort,0.5,logistics,True,logistics
rising_051,2026300010,command_constrained,forcegen+logistics,equal_total_effort,0.5,logistics,True,logistics
rising_051,2026300011,command_constrained,forcegen+logistics,equal_total_effort,0.5,logistics,False,logistics
rising_051,2026300012,command_constrained,forcegen+logistics,equal_total_effort,0.5,logistics,True,logistics
rising_051,2026300013,command_constrained,forcegen+logistics,equal_total_effort,0.5,logistics,True,logistics
rising_051,2026300014,command_constrained,forcegen+logistics,equal_total_effort,0.5,logistics,True,logistics
rising_051,2026300015,command_constrained,forcegen+logistics,equal_total_effort,0.5,logistics,True,logistics
rising_052,2026300000,command_constrained,forcegen+logistics,equal_channel_dose,0.5,logistics,True,logistics
rising_052,2026300001,command_constrained,forcegen+logistics,equal_channel_dose,0.5,logistics,True,logistics
rising_052,2026300002,command_constrained,forcegen+logistics,equal_channel_dose,0.5,logistics,True,logistics
rising_052,2026300003,command_constrained,forcegen+logistics,equal_channel_dose,0.5,command,True,logistics
rising_052,2026300004,command_constrained,forcegen+logistics,equal_channel_dose,0.5,logistics,True,logistics
rising_052,2026300005,command_constrained,forcegen+logistics,equal_channel_dose,0.5,logistics,True,logistics
rising_052,2026300006,command_constrained,forcegen+logistics,equal_channel_dose,0.5,logistics,True,logistics
rising_052,2026300007,command_constrained,forcegen+logistics,equal_channel_dose,0.5,logistics,True,logistics
rising_052,2026300008,command_constrained,forcegen+logistics,equal_channel_dose,0.5,logistics,True,logistics
rising_052,2026300009,command_constrained,forcegen+logistics,equal_channel_dose,0.5,logistics,True,logistics
rising_052,2026300010,command_constrained,forcegen+logistics,equal_channel_dose,0.5,logistics,True,logistics
rising_052,2026300011,command_constrained,forcegen+logistics,equal_channel_dose,0.5,logistics,False,logistics
rising_052,2026300012,command_constrained,forcegen+logistics,equal_channel_dose,0.5,command,True,logistics
rising_052,2026300013,command_constrained,forcegen+logistics,equal_channel_dose,0.5,logistics,True,logistics
rising_052,2026300014,command_constrained,forcegen+logistics,equal_channel_dose,0.5,logistics,True,logistics
rising_052,2026300015,command_constrained,forcegen+logistics,equal_channel_dose,0.5,logistics,True,logistics
rising_053,2026300000,command_constrained,forcegen+command,equal_total_effort,0.5,logistics,True,logistics
rising_053,2026300001,command_constrained,forcegen+command,equal_total_effort,0.5,logistics,False,logistics
rising_053,2026300002,command_constrained,forcegen+command,equal_total_effort,0.5,command,True,logistics
rising_053,2026300003,command_constrained,forcegen+command,equal_total_effort,0.5,command,True,logistics
rising_053,2026300004,command_constrained,forcegen+command,equal_total_effort,0.5,logistics,True,logistics
rising_053,2026300005,command_constrained,forcegen+command,equal_total_effort,0.5,logistics,True,logistics
rising_053,2026300006,command_constrained,forcegen+command,equal_total_effort,0.5,logistics,True,logistics
rising_053,2026300007,command_constrained,forcegen+command,equal_total_effort,0.5,command,True,logistics
rising_053,2026300008,command_constrained,forcegen+command,equal_total_effort,0.5,logistics,True,logistics
rising_053,2026300009,command_constrained,forcegen+command,equal_total_effort,0.5,logistics,True,logistics
rising_053,2026300010,command_constrained,forcegen+command,equal_total_effort,0.5,logistics,False,logistics
rising_053,2026300011,command_constrained,forcegen+command,equal_total_effort,0.5,logistics,False,logistics
rising_053,2026300012,command_constrained,forcegen+command,equal_total_effort,0.5,logistics,True,logistics
rising_053,2026300013,command_constrained,forcegen+command,equal_total_effort,0.5,logistics,True,logistics
rising_053,2026300014,command_constrained,forcegen+command,equal_total_effort,0.5,command,True,logistics
rising_053,2026300015,command_constrained,forcegen+command,equal_total_effort,0.5,logistics,True,logistics
rising_054,2026300000,command_constrained,forcegen+command,equal_channel_dose,0.5,logistics,True,logistics
rising_054,2026300001,command_constrained,forcegen+command,equal_channel_dose,0.5,command,True,logistics
rising_054,2026300002,command_constrained,forcegen+command,equal_channel_dose,0.5,logistics,True,logistics
rising_054,2026300003,command_constrained,forcegen+command,equal_channel_dose,0.5,command,True,logistics
rising_054,2026300004,command_constrained,forcegen+command,equal_channel_dose,0.5,logistics,True,logistics
rising_054,2026300005,command_constrained,forcegen+command,equal_channel_dose,0.5,logistics,True,logistics
rising_054,2026300006,command_constrained,forcegen+command,equal_channel_dose,0.5,logistics,True,logistics
rising_054,2026300007,command_constrained,forcegen+command,equal_channel_dose,0.5,logistics,True,logistics
rising_054,2026300008,command_constrained,forcegen+command,equal_channel_dose,0.5,command,True,logistics
rising_054,2026300009,command_constrained,forcegen+command,equal_channel_dose,0.5,logistics,True,logistics
rising_054,2026300010,command_constrained,forcegen+command,equal_channel_dose,0.5,command,True,logistics
rising_054,2026300011,command_constrained,forcegen+command,equal_channel_dose,0.5,logistics,True,logistics
rising_054,2026300012,command_constrained,forcegen+command,equal_channel_dose,0.5,command,True,logistics
rising_054,2026300013,command_constrained,forcegen+command,equal_channel_dose,0.5,command,True,logistics
rising_054,2026300014,command_constrained,forcegen+command,equal_channel_dose,0.5,command,True,logistics
rising_054,2026300015,command_constrained,forcegen+command,equal_channel_dose,0.5,command,True,logistics
rising_055,2026300000,command_constrained,logistics+command,equal_total_effort,0.5,logistics,True,logistics
rising_055,2026300001,command_constrained,logistics+command,equal_total_effort,0.5,logistics,False,logistics
rising_055,2026300002,command_constrained,logistics+command,equal_total_effort,0.5,command,True,logistics
rising_055,2026300003,command_constrained,logistics+command,equal_total_effort,0.5,command,True,logistics
rising_055,2026300004,command_constrained,logistics+command,equal_total_effort,0.5,logistics,True,logistics
rising_055,2026300005,command_constrained,logistics+command,equal_total_effort,0.5,logistics,True,logistics
rising_055,2026300006,command_constrained,logistics+command,equal_total_effort,0.5,logistics,True,logistics
rising_055,2026300007,command_constrained,logistics+command,equal_total_effort,0.5,command,True,logistics
rising_055,2026300008,command_constrained,logistics+command,equal_total_effort,0.5,logistics,True,logistics
rising_055,2026300009,command_constrained,logistics+command,equal_total_effort,0.5,logistics,True,logistics
rising_055,2026300010,command_constrained,logistics+command,equal_total_effort,0.5,logistics,True,logistics
rising_055,2026300011,command_constrained,logistics+command,equal_total_effort,0.5,logistics,False,logistics
rising_055,2026300012,command_constrained,logistics+command,equal_total_effort,0.5,command,True,logistics
rising_055,2026300013,command_constrained,logistics+command,equal_total_effort,0.5,logistics,True,logistics
rising_055,2026300014,command_constrained,logistics+command,equal_total_effort,0.5,command,True,logistics
rising_055,2026300015,command_constrained,logistics+command,equal_total_effort,0.5,logistics,True,logistics
rising_056,2026300000,command_constrained,logistics+command,equal_channel_dose,0.5,logistics,True,logistics
rising_056,2026300001,command_constrained,logistics+command,equal_channel_dose,0.5,logistics,True,logistics
rising_056,2026300002,command_constrained,logistics+command,equal_channel_dose,0.5,logistics,True,logistics
rising_056,2026300003,command_constrained,logistics+command,equal_channel_dose,0.5,command,True,logistics
rising_056,2026300004,command_constrained,logistics+command,equal_channel_dose,0.5,logistics,True,logistics
rising_056,2026300005,command_constrained,logistics+command,equal_channel_dose,0.5,logistics,True,logistics
rising_056,2026300006,command_constrained,logistics+command,equal_channel_dose,0.5,logistics,True,logistics
rising_056,2026300007,command_constrained,logistics+command,equal_channel_dose,0.5,logistics,True,logistics
rising_056,2026300008,command_constrained,logistics+command,equal_channel_dose,0.5,logistics,True,logistics
rising_056,2026300009,command_constrained,logistics+command,equal_channel_dose,0.5,logistics,True,logistics
rising_056,2026300010,command_constrained,logistics+command,equal_channel_dose,0.5,command,True,logistics
rising_056,2026300011,command_constrained,logistics+command,equal_channel_dose,0.5,logistics,True,logistics
rising_056,2026300012,command_constrained,logistics+command,equal_channel_dose,0.5,command,True,logistics
rising_056,2026300013,command_constrained,logistics+command,equal_channel_dose,0.5,command,True,logistics
rising_056,2026300014,command_constrained,logistics+command,equal_channel_dose,0.5,logistics,True,logistics
rising_056,2026300015,command_constrained,logistics+command,equal_channel_dose,0.5,logistics,True,logistics
rising_057,2026300000,command_constrained,forcegen+logistics+command,equal_total_effort,0.5,logistics,True,logistics
rising_057,2026300001,command_constrained,forcegen+logistics+command,equal_total_effort,0.5,logistics,True,logistics
rising_057,2026300002,command_constrained,forcegen+logistics+command,equal_total_effort,0.5,logistics,True,logistics
rising_057,2026300003,command_constrained,forcegen+logistics+command,equal_total_effort,0.5,command,True,logistics
rising_057,2026300004,command_constrained,forcegen+logistics+command,equal_total_effort,0.5,logistics,True,logistics
rising_057,2026300005,command_constrained,forcegen+logistics+command,equal_total_effort,0.5,logistics,True,logistics
rising_057,2026300006,command_constrained,forcegen+logistics+command,equal_total_effort,0.5,logistics,True,logistics
rising_057,2026300007,command_constrained,forcegen+logistics+command,equal_total_effort,0.5,logistics,True,logistics
rising_057,2026300008,command_constrained,forcegen+logistics+command,equal_total_effort,0.5,logistics,True,logistics
rising_057,2026300009,command_constrained,forcegen+logistics+command,equal_total_effort,0.5,logistics,True,logistics
rising_057,2026300010,command_constrained,forcegen+logistics+command,equal_total_effort,0.5,logistics,True,logistics
rising_057,2026300011,command_constrained,forcegen+logistics+command,equal_total_effort,0.5,logistics,False,logistics
rising_057,2026300012,command_constrained,forcegen+logistics+command,equal_total_effort,0.5,command,True,logistics
rising_057,2026300013,command_constrained,forcegen+logistics+command,equal_total_effort,0.5,logistics,True,logistics
rising_057,2026300014,command_constrained,forcegen+logistics+command,equal_total_effort,0.5,command,True,logistics
rising_057,2026300015,command_constrained,forcegen+logistics+command,equal_total_effort,0.5,logistics,True,logistics
rising_058,2026300000,command_constrained,forcegen+logistics+command,equal_channel_dose,0.5,logistics,True,logistics
rising_058,2026300001,command_constrained,forcegen+logistics+command,equal_channel_dose,0.5,logistics,True,logistics
rising_058,2026300002,command_constrained,forcegen+logistics+command,equal_channel_dose,0.5,logistics,True,logistics
rising_058,2026300003,command_constrained,forcegen+logistics+command,equal_channel_dose,0.5,command,True,logistics
rising_058,2026300004,command_constrained,forcegen+logistics+command,equal_channel_dose,0.5,logistics,True,logistics
rising_058,2026300005,command_constrained,forcegen+logistics+command,equal_channel_dose,0.5,logistics,True,logistics
rising_058,2026300006,command_constrained,forcegen+logistics+command,equal_channel_dose,0.5,logistics,True,logistics
rising_058,2026300007,command_constrained,forcegen+logistics+command,equal_channel_dose,0.5,logistics,True,logistics
rising_058,2026300008,command_constrained,forcegen+logistics+command,equal_channel_dose,0.5,logistics,True,logistics
rising_058,2026300009,command_constrained,forcegen+logistics+command,equal_channel_dose,0.5,logistics,True,logistics
rising_058,2026300010,command_constrained,forcegen+logistics+command,equal_channel_dose,0.5,command,True,logistics
rising_058,2026300011,command_constrained,forcegen+logistics+command,equal_channel_dose,0.5,logistics,True,logistics
rising_058,2026300012,command_constrained,forcegen+logistics+command,equal_channel_dose,0.5,command,True,logistics
rising_058,2026300013,command_constrained,forcegen+logistics+command,equal_channel_dose,0.5,command,True,logistics
rising_058,2026300014,command_constrained,forcegen+logistics+command,equal_channel_dose,0.5,logistics,True,logistics
rising_058,2026300015,command_constrained,forcegen+logistics+command,equal_channel_dose,0.5,command,True,logistics
rising_059,2026300000,command_constrained,forcegen,single_reference,1.0,logistics,True,logistics
rising_059,2026300001,command_constrained,forcegen,single_reference,1.0,logistics,True,logistics
rising_059,2026300002,command_constrained,forcegen,single_reference,1.0,logistics,True,logistics
rising_059,2026300003,command_constrained,forcegen,single_reference,1.0,command,True,logistics
rising_059,2026300004,command_constrained,forcegen,single_reference,1.0,logistics,True,logistics
rising_059,2026300005,command_constrained,forcegen,single_reference,1.0,logistics,True,logistics
rising_059,2026300006,command_constrained,forcegen,single_reference,1.0,logistics,True,logistics
rising_059,2026300007,command_constrained,forcegen,single_reference,1.0,logistics,True,logistics
rising_059,2026300008,command_constrained,forcegen,single_reference,1.0,logistics,True,logistics
rising_059,2026300009,command_constrained,forcegen,single_reference,1.0,logistics,True,logistics
rising_059,2026300010,command_constrained,forcegen,single_reference,1.0,logistics,True,logistics
rising_059,2026300011,command_constrained,forcegen,single_reference,1.0,logistics,False,logistics
rising_059,2026300012,command_constrained,forcegen,single_reference,1.0,logistics,True,logistics
rising_059,2026300013,command_constrained,forcegen,single_reference,1.0,logistics,True,logistics
rising_059,2026300014,command_constrained,forcegen,single_reference,1.0,logistics,True,logistics
rising_059,2026300015,command_constrained,forcegen,single_reference,1.0,logistics,True,logistics
rising_060,2026300000,command_constrained,logistics,single_reference,1.0,command,True,logistics
rising_060,2026300001,command_constrained,logistics,single_reference,1.0,logistics,True,logistics
rising_060,2026300002,command_constrained,logistics,single_reference,1.0,command,True,logistics
rising_060,2026300003,command_constrained,logistics,single_reference,1.0,command,True,logistics
rising_060,2026300004,command_constrained,logistics,single_reference,1.0,logistics,True,logistics
rising_060,2026300005,command_constrained,logistics,single_reference,1.0,logistics,True,logistics
rising_060,2026300006,command_constrained,logistics,single_reference,1.0,command,True,logistics
rising_060,2026300007,command_constrained,logistics,single_reference,1.0,logistics,True,logistics
rising_060,2026300008,command_constrained,logistics,single_reference,1.0,logistics,True,logistics
rising_060,2026300009,command_constrained,logistics,single_reference,1.0,logistics,True,logistics
rising_060,2026300010,command_constrained,logistics,single_reference,1.0,logistics,True,logistics
rising_060,2026300011,command_constrained,logistics,single_reference,1.0,logistics,False,logistics
rising_060,2026300012,command_constrained,logistics,single_reference,1.0,logistics,True,command
rising_060,2026300013,command_constrained,logistics,single_reference,1.0,logistics,True,logistics
rising_060,2026300014,command_constrained,logistics,single_reference,1.0,command,True,logistics
rising_060,2026300015,command_constrained,logistics,single_reference,1.0,logistics,True,logistics
rising_061,2026300000,command_constrained,command,single_reference,1.0,command,True,logistics
rising_061,2026300001,command_constrained,command,single_reference,1.0,command,True,logistics
rising_061,2026300002,command_constrained,command,single_reference,1.0,logistics,True,logistics
rising_061,2026300003,command_constrained,command,single_reference,1.0,command,True,logistics
rising_061,2026300004,command_constrained,command,single_reference,1.0,logistics,True,logistics
rising_061,2026300005,command_constrained,command,single_reference,1.0,logistics,True,logistics
rising_061,2026300006,command_constrained,command,single_reference,1.0,logistics,True,logistics
rising_061,2026300007,command_constrained,command,single_reference,1.0,logistics,True,logistics
rising_061,2026300008,command_constrained,command,single_reference,1.0,command,True,logistics
rising_061,2026300009,command_constrained,command,single_reference,1.0,command,True,logistics
rising_061,2026300010,command_constrained,command,single_reference,1.0,command,True,logistics
rising_061,2026300011,command_constrained,command,single_reference,1.0,logistics,True,logistics
rising_061,2026300012,command_constrained,command,single_reference,1.0,logistics,True,logistics
rising_061,2026300013,command_constrained,command,single_reference,1.0,logistics,True,logistics
rising_061,2026300014,command_constrained,command,single_reference,1.0,logistics,True,logistics
rising_061,2026300015,command_constrained,command,single_reference,1.0,command,True,logistics
rising_062,2026300000,command_constrained,forcegen+logistics,equal_total_effort,1.0,logistics,True,logistics
rising_062,2026300001,command_constrained,forcegen+logistics,equal_total_effort,1.0,logistics,True,logistics
rising_062,2026300002,command_constrained,forcegen+logistics,equal_total_effort,1.0,logistics,True,logistics
rising_062,2026300003,command_constrained,forcegen+logistics,equal_total_effort,1.0,command,True,logistics
rising_062,2026300004,command_constrained,forcegen+logistics,equal_total_effort,1.0,logistics,True,logistics
rising_062,2026300005,command_constrained,forcegen+logistics,equal_total_effort,1.0,logistics,True,logistics
rising_062,2026300006,command_constrained,forcegen+logistics,equal_total_effort,1.0,logistics,True,logistics
rising_062,2026300007,command_constrained,forcegen+logistics,equal_total_effort,1.0,logistics,True,logistics
rising_062,2026300008,command_constrained,forcegen+logistics,equal_total_effort,1.0,logistics,True,logistics
rising_062,2026300009,command_constrained,forcegen+logistics,equal_total_effort,1.0,logistics,True,logistics
rising_062,2026300010,command_constrained,forcegen+logistics,equal_total_effort,1.0,logistics,True,logistics
rising_062,2026300011,command_constrained,forcegen+logistics,equal_total_effort,1.0,logistics,False,logistics
rising_062,2026300012,command_constrained,forcegen+logistics,equal_total_effort,1.0,command,True,logistics
rising_062,2026300013,command_constrained,forcegen+logistics,equal_total_effort,1.0,logistics,True,logistics
rising_062,2026300014,command_constrained,forcegen+logistics,equal_total_effort,1.0,logistics,True,logistics
rising_062,2026300015,command_constrained,forcegen+logistics,equal_total_effort,1.0,logistics,True,logistics
rising_063,2026300000,command_constrained,forcegen+logistics,equal_channel_dose,1.0,command,True,logistics
rising_063,2026300001,command_constrained,forcegen+logistics,equal_channel_dose,1.0,logistics,True,logistics
rising_063,2026300002,command_constrained,forcegen+logistics,equal_channel_dose,1.0,command,True,logistics
rising_063,2026300003,command_constrained,forcegen+logistics,equal_channel_dose,1.0,command,True,logistics
rising_063,2026300004,command_constrained,forcegen+logistics,equal_channel_dose,1.0,logistics,True,logistics
rising_063,2026300005,command_constrained,forcegen+logistics,equal_channel_dose,1.0,logistics,True,logistics
rising_063,2026300006,command_constrained,forcegen+logistics,equal_channel_dose,1.0,command,True,logistics
rising_063,2026300007,command_constrained,forcegen+logistics,equal_channel_dose,1.0,logistics,True,logistics
rising_063,2026300008,command_constrained,forcegen+logistics,equal_channel_dose,1.0,logistics,True,logistics
rising_063,2026300009,command_constrained,forcegen+logistics,equal_channel_dose,1.0,logistics,True,logistics
rising_063,2026300010,command_constrained,forcegen+logistics,equal_channel_dose,1.0,logistics,True,logistics
rising_063,2026300011,command_constrained,forcegen+logistics,equal_channel_dose,1.0,logistics,False,logistics
rising_063,2026300012,command_constrained,forcegen+logistics,equal_channel_dose,1.0,logistics,True,command
rising_063,2026300013,command_constrained,forcegen+logistics,equal_channel_dose,1.0,logistics,True,logistics
rising_063,2026300014,command_constrained,forcegen+logistics,equal_channel_dose,1.0,command,True,logistics
rising_063,2026300015,command_constrained,forcegen+logistics,equal_channel_dose,1.0,logistics,True,logistics
rising_064,2026300000,command_constrained,forcegen+command,equal_total_effort,1.0,logistics,True,logistics
rising_064,2026300001,command_constrained,forcegen+command,equal_total_effort,1.0,command,True,logistics
rising_064,2026300002,command_constrained,forcegen+command,equal_total_effort,1.0,logistics,True,logistics
rising_064,2026300003,command_constrained,forcegen+command,equal_total_effort,1.0,command,True,logistics
rising_064,2026300004,command_constrained,forcegen+command,equal_total_effort,1.0,logistics,True,logistics
rising_064,2026300005,command_constrained,forcegen+command,equal_total_effort,1.0,logistics,True,logistics
rising_064,2026300006,command_constrained,forcegen+command,equal_total_effort,1.0,logistics,True,logistics
rising_064,2026300007,command_constrained,forcegen+command,equal_total_effort,1.0,logistics,True,logistics
rising_064,2026300008,command_constrained,forcegen+command,equal_total_effort,1.0,command,True,logistics
rising_064,2026300009,command_constrained,forcegen+command,equal_total_effort,1.0,logistics,True,logistics
rising_064,2026300010,command_constrained,forcegen+command,equal_total_effort,1.0,command,True,logistics
rising_064,2026300011,command_constrained,forcegen+command,equal_total_effort,1.0,logistics,True,logistics
rising_064,2026300012,command_constrained,forcegen+command,equal_total_effort,1.0,command,True,logistics
rising_064,2026300013,command_constrained,forcegen+command,equal_total_effort,1.0,command,True,logistics
rising_064,2026300014,command_constrained,forcegen+command,equal_total_effort,1.0,command,True,logistics
rising_064,2026300015,command_constrained,forcegen+command,equal_total_effort,1.0,command,True,logistics
rising_065,2026300000,command_constrained,forcegen+command,equal_channel_dose,1.0,command,True,logistics
rising_065,2026300001,command_constrained,forcegen+command,equal_channel_dose,1.0,command,True,logistics
rising_065,2026300002,command_constrained,forcegen+command,equal_channel_dose,1.0,logistics,True,logistics
rising_065,2026300003,command_constrained,forcegen+command,equal_channel_dose,1.0,command,True,logistics
rising_065,2026300004,command_constrained,forcegen+command,equal_channel_dose,1.0,logistics,True,logistics
rising_065,2026300005,command_constrained,forcegen+command,equal_channel_dose,1.0,logistics,True,logistics
rising_065,2026300006,command_constrained,forcegen+command,equal_channel_dose,1.0,logistics,True,logistics
rising_065,2026300007,command_constrained,forcegen+command,equal_channel_dose,1.0,logistics,True,logistics
rising_065,2026300008,command_constrained,forcegen+command,equal_channel_dose,1.0,command,True,logistics
rising_065,2026300009,command_constrained,forcegen+command,equal_channel_dose,1.0,command,True,logistics
rising_065,2026300010,command_constrained,forcegen+command,equal_channel_dose,1.0,command,True,logistics
rising_065,2026300011,command_constrained,forcegen+command,equal_channel_dose,1.0,logistics,True,logistics
rising_065,2026300012,command_constrained,forcegen+command,equal_channel_dose,1.0,logistics,True,logistics
rising_065,2026300013,command_constrained,forcegen+command,equal_channel_dose,1.0,logistics,True,logistics
rising_065,2026300014,command_constrained,forcegen+command,equal_channel_dose,1.0,logistics,True,logistics
rising_065,2026300015,command_constrained,forcegen+command,equal_channel_dose,1.0,command,True,logistics
rising_066,2026300000,command_constrained,logistics+command,equal_total_effort,1.0,logistics,True,logistics
rising_066,2026300001,command_constrained,logistics+command,equal_total_effort,1.0,logistics,True,logistics
rising_066,2026300002,command_constrained,logistics+command,equal_total_effort,1.0,logistics,True,logistics
rising_066,2026300003,command_constrained,logistics+command,equal_total_effort,1.0,command,True,logistics
rising_066,2026300004,command_constrained,logistics+command,equal_total_effort,1.0,logistics,True,logistics
rising_066,2026300005,command_constrained,logistics+command,equal_total_effort,1.0,logistics,True,logistics
rising_066,2026300006,command_constrained,logistics+command,equal_total_effort,1.0,logistics,True,logistics
rising_066,2026300007,command_constrained,logistics+command,equal_total_effort,1.0,logistics,True,logistics
rising_066,2026300008,command_constrained,logistics+command,equal_total_effort,1.0,logistics,True,logistics
rising_066,2026300009,command_constrained,logistics+command,equal_total_effort,1.0,logistics,True,logistics
rising_066,2026300010,command_constrained,logistics+command,equal_total_effort,1.0,command,True,logistics
rising_066,2026300011,command_constrained,logistics+command,equal_total_effort,1.0,logistics,True,logistics
rising_066,2026300012,command_constrained,logistics+command,equal_total_effort,1.0,command,True,logistics
rising_066,2026300013,command_constrained,logistics+command,equal_total_effort,1.0,command,True,logistics
rising_066,2026300014,command_constrained,logistics+command,equal_total_effort,1.0,logistics,True,logistics
rising_066,2026300015,command_constrained,logistics+command,equal_total_effort,1.0,logistics,True,logistics
rising_067,2026300000,command_constrained,logistics+command,equal_channel_dose,1.0,logistics,True,logistics
rising_067,2026300001,command_constrained,logistics+command,equal_channel_dose,1.0,logistics,True,logistics
rising_067,2026300002,command_constrained,logistics+command,equal_channel_dose,1.0,logistics,True,logistics
rising_067,2026300003,command_constrained,logistics+command,equal_channel_dose,1.0,logistics,True,logistics
rising_067,2026300004,command_constrained,logistics+command,equal_channel_dose,1.0,command,True,command
rising_067,2026300005,command_constrained,logistics+command,equal_channel_dose,1.0,command,True,command
rising_067,2026300006,command_constrained,logistics+command,equal_channel_dose,1.0,logistics,True,logistics
rising_067,2026300007,command_constrained,logistics+command,equal_channel_dose,1.0,logistics,True,logistics
rising_067,2026300008,command_constrained,logistics+command,equal_channel_dose,1.0,command,True,logistics
rising_067,2026300009,command_constrained,logistics+command,equal_channel_dose,1.0,logistics,True,logistics
rising_067,2026300010,command_constrained,logistics+command,equal_channel_dose,1.0,command,True,logistics
rising_067,2026300011,command_constrained,logistics+command,equal_channel_dose,1.0,logistics,True,logistics
rising_067,2026300012,command_constrained,logistics+command,equal_channel_dose,1.0,logistics,True,logistics
rising_067,2026300013,command_constrained,logistics+command,equal_channel_dose,1.0,command,True,logistics
rising_067,2026300014,command_constrained,logistics+command,equal_channel_dose,1.0,logistics,True,logistics
rising_067,2026300015,command_constrained,logistics+command,equal_channel_dose,1.0,command,True,logistics
rising_068,2026300000,command_constrained,forcegen+logistics+command,equal_total_effort,1.0,logistics,True,logistics
rising_068,2026300001,command_constrained,forcegen+logistics+command,equal_total_effort,1.0,logistics,False,logistics
rising_068,2026300002,command_constrained,forcegen+logistics+command,equal_total_effort,1.0,logistics,True,logistics
rising_068,2026300003,command_constrained,forcegen+logistics+command,equal_total_effort,1.0,command,True,logistics
rising_068,2026300004,command_constrained,forcegen+logistics+command,equal_total_effort,1.0,command,True,logistics
rising_068,2026300005,command_constrained,forcegen+logistics+command,equal_total_effort,1.0,logistics,True,logistics
rising_068,2026300006,command_constrained,forcegen+logistics+command,equal_total_effort,1.0,logistics,True,logistics
rising_068,2026300007,command_constrained,forcegen+logistics+command,equal_total_effort,1.0,command,True,logistics
rising_068,2026300008,command_constrained,forcegen+logistics+command,equal_total_effort,1.0,command,True,logistics
rising_068,2026300009,command_constrained,forcegen+logistics+command,equal_total_effort,1.0,logistics,True,logistics
rising_068,2026300010,command_constrained,forcegen+logistics+command,equal_total_effort,1.0,logistics,True,logistics
rising_068,2026300011,command_constrained,forcegen+logistics+command,equal_total_effort,1.0,logistics,False,logistics
rising_068,2026300012,command_constrained,forcegen+logistics+command,equal_total_effort,1.0,logistics,True,logistics
rising_068,2026300013,command_constrained,forcegen+logistics+command,equal_total_effort,1.0,command,True,logistics
rising_068,2026300014,command_constrained,forcegen+logistics+command,equal_total_effort,1.0,logistics,True,logistics
rising_068,2026300015,command_constrained,forcegen+logistics+command,equal_total_effort,1.0,logistics,True,logistics
rising_069,2026300000,command_constrained,forcegen+logistics+command,equal_channel_dose,1.0,logistics,True,logistics
rising_069,2026300001,command_constrained,forcegen+logistics+command,equal_channel_dose,1.0,logistics,True,logistics
rising_069,2026300002,command_constrained,forcegen+logistics+command,equal_channel_dose,1.0,logistics,True,logistics
rising_069,2026300003,command_constrained,forcegen+logistics+command,equal_channel_dose,1.0,logistics,True,logistics
rising_069,2026300004,command_constrained,forcegen+logistics+command,equal_channel_dose,1.0,command,True,command
rising_069,2026300005,command_constrained,forcegen+logistics+command,equal_channel_dose,1.0,command,True,command
rising_069,2026300006,command_constrained,forcegen+logistics+command,equal_channel_dose,1.0,logistics,True,logistics
rising_069,2026300007,command_constrained,forcegen+logistics+command,equal_channel_dose,1.0,logistics,True,logistics
rising_069,2026300008,command_constrained,forcegen+logistics+command,equal_channel_dose,1.0,command,True,logistics
rising_069,2026300009,command_constrained,forcegen+logistics+command,equal_channel_dose,1.0,logistics,True,logistics
rising_069,2026300010,command_constrained,forcegen+logistics+command,equal_channel_dose,1.0,command,True,logistics
rising_069,2026300011,command_constrained,forcegen+logistics+command,equal_channel_dose,1.0,logistics,True,logistics
rising_069,2026300012,command_constrained,forcegen+logistics+command,equal_channel_dose,1.0,logistics,True,logistics
rising_069,2026300013,command_constrained,forcegen+logistics+command,equal_channel_dose,1.0,command,True,logistics
rising_069,2026300014,command_constrained,forcegen+logistics+command,equal_channel_dose,1.0,logistics,True,logistics
rising_069,2026300015,command_constrained,forcegen+logistics+command,equal_channel_dose,1.0,command,True,logistics
rising_070,2026300000,near_tie_low,none,control,0.0,logistics,False,logistics
rising_070,2026300001,near_tie_low,none,control,0.0,logistics,False,logistics
rising_070,2026300002,near_tie_low,none,control,0.0,logistics,False,logistics
rising_070,2026300003,near_tie_low,none,control,0.0,logistics,False,logistics
rising_070,2026300004,near_tie_low,none,control,0.0,logistics,False,logistics
rising_070,2026300005,near_tie_low,none,control,0.0,logistics,False,logistics
rising_070,2026300006,near_tie_low,none,control,0.0,logistics,False,logistics
rising_070,2026300007,near_tie_low,none,control,0.0,logistics,False,logistics
rising_070,2026300008,near_tie_low,none,control,0.0,logistics,False,logistics
rising_070,2026300009,near_tie_low,none,control,0.0,logistics,False,logistics
rising_070,2026300010,near_tie_low,none,control,0.0,logistics,False,logistics
rising_070,2026300011,near_tie_low,none,control,0.0,logistics,False,logistics
rising_070,2026300012,near_tie_low,none,control,0.0,logistics,False,logistics
rising_070,2026300013,near_tie_low,none,control,0.0,logistics,False,logistics
rising_070,2026300014,near_tie_low,none,control,0.0,logistics,False,logistics
rising_070,2026300015,near_tie_low,none,control,0.0,logistics,False,logistics
rising_071,2026300000,near_tie_low,forcegen,single_reference,0.5,logistics,False,logistics
rising_071,2026300001,near_tie_low,forcegen,single_reference,0.5,logistics,False,logistics
rising_071,2026300002,near_tie_low,forcegen,single_reference,0.5,logistics,False,logistics
rising_071,2026300003,near_tie_low,forcegen,single_reference,0.5,logistics,False,logistics
rising_071,2026300004,near_tie_low,forcegen,single_reference,0.5,logistics,False,logistics
rising_071,2026300005,near_tie_low,forcegen,single_reference,0.5,logistics,False,logistics
rising_071,2026300006,near_tie_low,forcegen,single_reference,0.5,logistics,False,logistics
rising_071,2026300007,near_tie_low,forcegen,single_reference,0.5,logistics,False,logistics
rising_071,2026300008,near_tie_low,forcegen,single_reference,0.5,logistics,False,logistics
rising_071,2026300009,near_tie_low,forcegen,single_reference,0.5,logistics,False,logistics
rising_071,2026300010,near_tie_low,forcegen,single_reference,0.5,logistics,False,logistics
rising_071,2026300011,near_tie_low,forcegen,single_reference,0.5,logistics,False,logistics
rising_071,2026300012,near_tie_low,forcegen,single_reference,0.5,logistics,False,logistics
rising_071,2026300013,near_tie_low,forcegen,single_reference,0.5,logistics,False,logistics
rising_071,2026300014,near_tie_low,forcegen,single_reference,0.5,logistics,False,logistics
rising_071,2026300015,near_tie_low,forcegen,single_reference,0.5,logistics,False,logistics
rising_072,2026300000,near_tie_low,logistics,single_reference,0.5,logistics,False,logistics
rising_072,2026300001,near_tie_low,logistics,single_reference,0.5,logistics,False,logistics
rising_072,2026300002,near_tie_low,logistics,single_reference,0.5,logistics,False,logistics
rising_072,2026300003,near_tie_low,logistics,single_reference,0.5,logistics,False,logistics
rising_072,2026300004,near_tie_low,logistics,single_reference,0.5,logistics,False,logistics
rising_072,2026300005,near_tie_low,logistics,single_reference,0.5,logistics,False,logistics
rising_072,2026300006,near_tie_low,logistics,single_reference,0.5,logistics,False,logistics
rising_072,2026300007,near_tie_low,logistics,single_reference,0.5,logistics,False,logistics
rising_072,2026300008,near_tie_low,logistics,single_reference,0.5,logistics,False,logistics
rising_072,2026300009,near_tie_low,logistics,single_reference,0.5,logistics,False,logistics
rising_072,2026300010,near_tie_low,logistics,single_reference,0.5,logistics,False,logistics
rising_072,2026300011,near_tie_low,logistics,single_reference,0.5,command,True,logistics
rising_072,2026300012,near_tie_low,logistics,single_reference,0.5,logistics,False,logistics
rising_072,2026300013,near_tie_low,logistics,single_reference,0.5,logistics,False,logistics
rising_072,2026300014,near_tie_low,logistics,single_reference,0.5,logistics,False,logistics
rising_072,2026300015,near_tie_low,logistics,single_reference,0.5,logistics,False,logistics
rising_073,2026300000,near_tie_low,command,single_reference,0.5,logistics,False,logistics
rising_073,2026300001,near_tie_low,command,single_reference,0.5,logistics,False,logistics
rising_073,2026300002,near_tie_low,command,single_reference,0.5,logistics,False,logistics
rising_073,2026300003,near_tie_low,command,single_reference,0.5,logistics,False,logistics
rising_073,2026300004,near_tie_low,command,single_reference,0.5,logistics,False,logistics
rising_073,2026300005,near_tie_low,command,single_reference,0.5,logistics,False,logistics
rising_073,2026300006,near_tie_low,command,single_reference,0.5,logistics,False,logistics
rising_073,2026300007,near_tie_low,command,single_reference,0.5,logistics,False,logistics
rising_073,2026300008,near_tie_low,command,single_reference,0.5,logistics,False,logistics
rising_073,2026300009,near_tie_low,command,single_reference,0.5,logistics,False,logistics
rising_073,2026300010,near_tie_low,command,single_reference,0.5,logistics,False,logistics
rising_073,2026300011,near_tie_low,command,single_reference,0.5,logistics,False,logistics
rising_073,2026300012,near_tie_low,command,single_reference,0.5,logistics,False,logistics
rising_073,2026300013,near_tie_low,command,single_reference,0.5,logistics,False,logistics
rising_073,2026300014,near_tie_low,command,single_reference,0.5,logistics,False,logistics
rising_073,2026300015,near_tie_low,command,single_reference,0.5,logistics,False,logistics
rising_074,2026300000,near_tie_low,forcegen+logistics,equal_total_effort,0.5,logistics,False,logistics
rising_074,2026300001,near_tie_low,forcegen+logistics,equal_total_effort,0.5,logistics,False,logistics
rising_074,2026300002,near_tie_low,forcegen+logistics,equal_total_effort,0.5,logistics,False,logistics
rising_074,2026300003,near_tie_low,forcegen+logistics,equal_total_effort,0.5,logistics,False,logistics
rising_074,2026300004,near_tie_low,forcegen+logistics,equal_total_effort,0.5,logistics,False,logistics
rising_074,2026300005,near_tie_low,forcegen+logistics,equal_total_effort,0.5,logistics,False,logistics
rising_074,2026300006,near_tie_low,forcegen+logistics,equal_total_effort,0.5,logistics,False,logistics
rising_074,2026300007,near_tie_low,forcegen+logistics,equal_total_effort,0.5,logistics,False,logistics
rising_074,2026300008,near_tie_low,forcegen+logistics,equal_total_effort,0.5,logistics,False,logistics
rising_074,2026300009,near_tie_low,forcegen+logistics,equal_total_effort,0.5,logistics,False,logistics
rising_074,2026300010,near_tie_low,forcegen+logistics,equal_total_effort,0.5,logistics,False,logistics
rising_074,2026300011,near_tie_low,forcegen+logistics,equal_total_effort,0.5,logistics,False,logistics
rising_074,2026300012,near_tie_low,forcegen+logistics,equal_total_effort,0.5,logistics,False,logistics
rising_074,2026300013,near_tie_low,forcegen+logistics,equal_total_effort,0.5,logistics,False,logistics
rising_074,2026300014,near_tie_low,forcegen+logistics,equal_total_effort,0.5,logistics,False,logistics
rising_074,2026300015,near_tie_low,forcegen+logistics,equal_total_effort,0.5,logistics,False,logistics
rising_075,2026300000,near_tie_low,forcegen+logistics,equal_channel_dose,0.5,logistics,False,logistics
rising_075,2026300001,near_tie_low,forcegen+logistics,equal_channel_dose,0.5,logistics,False,logistics
rising_075,2026300002,near_tie_low,forcegen+logistics,equal_channel_dose,0.5,logistics,False,logistics
rising_075,2026300003,near_tie_low,forcegen+logistics,equal_channel_dose,0.5,logistics,False,logistics
rising_075,2026300004,near_tie_low,forcegen+logistics,equal_channel_dose,0.5,logistics,False,logistics
rising_075,2026300005,near_tie_low,forcegen+logistics,equal_channel_dose,0.5,logistics,False,logistics
rising_075,2026300006,near_tie_low,forcegen+logistics,equal_channel_dose,0.5,logistics,False,logistics
rising_075,2026300007,near_tie_low,forcegen+logistics,equal_channel_dose,0.5,logistics,False,logistics
rising_075,2026300008,near_tie_low,forcegen+logistics,equal_channel_dose,0.5,logistics,False,logistics
rising_075,2026300009,near_tie_low,forcegen+logistics,equal_channel_dose,0.5,logistics,False,logistics
rising_075,2026300010,near_tie_low,forcegen+logistics,equal_channel_dose,0.5,logistics,False,logistics
rising_075,2026300011,near_tie_low,forcegen+logistics,equal_channel_dose,0.5,command,True,logistics
rising_075,2026300012,near_tie_low,forcegen+logistics,equal_channel_dose,0.5,logistics,False,logistics
rising_075,2026300013,near_tie_low,forcegen+logistics,equal_channel_dose,0.5,logistics,False,logistics
rising_075,2026300014,near_tie_low,forcegen+logistics,equal_channel_dose,0.5,logistics,False,logistics
rising_075,2026300015,near_tie_low,forcegen+logistics,equal_channel_dose,0.5,logistics,False,logistics
rising_076,2026300000,near_tie_low,forcegen+command,equal_total_effort,0.5,logistics,False,logistics
rising_076,2026300001,near_tie_low,forcegen+command,equal_total_effort,0.5,logistics,False,logistics
rising_076,2026300002,near_tie_low,forcegen+command,equal_total_effort,0.5,logistics,False,logistics
rising_076,2026300003,near_tie_low,forcegen+command,equal_total_effort,0.5,logistics,False,logistics
rising_076,2026300004,near_tie_low,forcegen+command,equal_total_effort,0.5,logistics,False,logistics
rising_076,2026300005,near_tie_low,forcegen+command,equal_total_effort,0.5,logistics,False,logistics
rising_076,2026300006,near_tie_low,forcegen+command,equal_total_effort,0.5,logistics,False,logistics
rising_076,2026300007,near_tie_low,forcegen+command,equal_total_effort,0.5,logistics,False,logistics
rising_076,2026300008,near_tie_low,forcegen+command,equal_total_effort,0.5,logistics,False,logistics
rising_076,2026300009,near_tie_low,forcegen+command,equal_total_effort,0.5,logistics,False,logistics
rising_076,2026300010,near_tie_low,forcegen+command,equal_total_effort,0.5,logistics,False,logistics
rising_076,2026300011,near_tie_low,forcegen+command,equal_total_effort,0.5,logistics,False,logistics
rising_076,2026300012,near_tie_low,forcegen+command,equal_total_effort,0.5,logistics,False,logistics
rising_076,2026300013,near_tie_low,forcegen+command,equal_total_effort,0.5,logistics,False,logistics
rising_076,2026300014,near_tie_low,forcegen+command,equal_total_effort,0.5,logistics,False,logistics
rising_076,2026300015,near_tie_low,forcegen+command,equal_total_effort,0.5,logistics,False,logistics
rising_077,2026300000,near_tie_low,forcegen+command,equal_channel_dose,0.5,logistics,False,logistics
rising_077,2026300001,near_tie_low,forcegen+command,equal_channel_dose,0.5,logistics,False,logistics
rising_077,2026300002,near_tie_low,forcegen+command,equal_channel_dose,0.5,logistics,False,logistics
rising_077,2026300003,near_tie_low,forcegen+command,equal_channel_dose,0.5,logistics,False,logistics
rising_077,2026300004,near_tie_low,forcegen+command,equal_channel_dose,0.5,logistics,False,logistics
rising_077,2026300005,near_tie_low,forcegen+command,equal_channel_dose,0.5,logistics,False,logistics
rising_077,2026300006,near_tie_low,forcegen+command,equal_channel_dose,0.5,logistics,False,logistics
rising_077,2026300007,near_tie_low,forcegen+command,equal_channel_dose,0.5,logistics,False,logistics
rising_077,2026300008,near_tie_low,forcegen+command,equal_channel_dose,0.5,logistics,False,logistics
rising_077,2026300009,near_tie_low,forcegen+command,equal_channel_dose,0.5,logistics,False,logistics
rising_077,2026300010,near_tie_low,forcegen+command,equal_channel_dose,0.5,logistics,False,logistics
rising_077,2026300011,near_tie_low,forcegen+command,equal_channel_dose,0.5,logistics,False,logistics
rising_077,2026300012,near_tie_low,forcegen+command,equal_channel_dose,0.5,logistics,False,logistics
rising_077,2026300013,near_tie_low,forcegen+command,equal_channel_dose,0.5,logistics,False,logistics
rising_077,2026300014,near_tie_low,forcegen+command,equal_channel_dose,0.5,logistics,False,logistics
rising_077,2026300015,near_tie_low,forcegen+command,equal_channel_dose,0.5,logistics,False,logistics
rising_078,2026300000,near_tie_low,logistics+command,equal_total_effort,0.5,logistics,False,logistics
rising_078,2026300001,near_tie_low,logistics+command,equal_total_effort,0.5,logistics,False,logistics
rising_078,2026300002,near_tie_low,logistics+command,equal_total_effort,0.5,logistics,False,logistics
rising_078,2026300003,near_tie_low,logistics+command,equal_total_effort,0.5,logistics,False,logistics
rising_078,2026300004,near_tie_low,logistics+command,equal_total_effort,0.5,logistics,False,logistics
rising_078,2026300005,near_tie_low,logistics+command,equal_total_effort,0.5,logistics,False,logistics
rising_078,2026300006,near_tie_low,logistics+command,equal_total_effort,0.5,logistics,False,logistics
rising_078,2026300007,near_tie_low,logistics+command,equal_total_effort,0.5,logistics,False,logistics
rising_078,2026300008,near_tie_low,logistics+command,equal_total_effort,0.5,logistics,False,logistics
rising_078,2026300009,near_tie_low,logistics+command,equal_total_effort,0.5,logistics,False,logistics
rising_078,2026300010,near_tie_low,logistics+command,equal_total_effort,0.5,logistics,False,logistics
rising_078,2026300011,near_tie_low,logistics+command,equal_total_effort,0.5,logistics,False,logistics
rising_078,2026300012,near_tie_low,logistics+command,equal_total_effort,0.5,logistics,False,logistics
rising_078,2026300013,near_tie_low,logistics+command,equal_total_effort,0.5,logistics,False,logistics
rising_078,2026300014,near_tie_low,logistics+command,equal_total_effort,0.5,logistics,False,logistics
rising_078,2026300015,near_tie_low,logistics+command,equal_total_effort,0.5,logistics,False,logistics
rising_079,2026300000,near_tie_low,logistics+command,equal_channel_dose,0.5,logistics,False,logistics
rising_079,2026300001,near_tie_low,logistics+command,equal_channel_dose,0.5,logistics,False,logistics
rising_079,2026300002,near_tie_low,logistics+command,equal_channel_dose,0.5,logistics,False,logistics
rising_079,2026300003,near_tie_low,logistics+command,equal_channel_dose,0.5,logistics,False,logistics
rising_079,2026300004,near_tie_low,logistics+command,equal_channel_dose,0.5,logistics,False,logistics
rising_079,2026300005,near_tie_low,logistics+command,equal_channel_dose,0.5,logistics,False,logistics
rising_079,2026300006,near_tie_low,logistics+command,equal_channel_dose,0.5,logistics,False,logistics
rising_079,2026300007,near_tie_low,logistics+command,equal_channel_dose,0.5,logistics,False,logistics
rising_079,2026300008,near_tie_low,logistics+command,equal_channel_dose,0.5,logistics,False,logistics
rising_079,2026300009,near_tie_low,logistics+command,equal_channel_dose,0.5,logistics,False,logistics
rising_079,2026300010,near_tie_low,logistics+command,equal_channel_dose,0.5,logistics,False,logistics
rising_079,2026300011,near_tie_low,logistics+command,equal_channel_dose,0.5,logistics,False,logistics
rising_079,2026300012,near_tie_low,logistics+command,equal_channel_dose,0.5,logistics,False,logistics
rising_079,2026300013,near_tie_low,logistics+command,equal_channel_dose,0.5,logistics,False,logistics
rising_079,2026300014,near_tie_low,logistics+command,equal_channel_dose,0.5,logistics,False,logistics
rising_079,2026300015,near_tie_low,logistics+command,equal_channel_dose,0.5,logistics,False,logistics
rising_080,2026300000,near_tie_low,forcegen+logistics+command,equal_total_effort,0.5,logistics,False,logistics
rising_080,2026300001,near_tie_low,forcegen+logistics+command,equal_total_effort,0.5,logistics,False,logistics
rising_080,2026300002,near_tie_low,forcegen+logistics+command,equal_total_effort,0.5,logistics,False,logistics
rising_080,2026300003,near_tie_low,forcegen+logistics+command,equal_total_effort,0.5,logistics,False,logistics
rising_080,2026300004,near_tie_low,forcegen+logistics+command,equal_total_effort,0.5,logistics,False,logistics
rising_080,2026300005,near_tie_low,forcegen+logistics+command,equal_total_effort,0.5,logistics,False,logistics
rising_080,2026300006,near_tie_low,forcegen+logistics+command,equal_total_effort,0.5,logistics,False,logistics
rising_080,2026300007,near_tie_low,forcegen+logistics+command,equal_total_effort,0.5,logistics,False,logistics
rising_080,2026300008,near_tie_low,forcegen+logistics+command,equal_total_effort,0.5,logistics,False,logistics
rising_080,2026300009,near_tie_low,forcegen+logistics+command,equal_total_effort,0.5,logistics,False,logistics
rising_080,2026300010,near_tie_low,forcegen+logistics+command,equal_total_effort,0.5,logistics,False,logistics
rising_080,2026300011,near_tie_low,forcegen+logistics+command,equal_total_effort,0.5,logistics,False,logistics
rising_080,2026300012,near_tie_low,forcegen+logistics+command,equal_total_effort,0.5,logistics,False,logistics
rising_080,2026300013,near_tie_low,forcegen+logistics+command,equal_total_effort,0.5,logistics,False,logistics
rising_080,2026300014,near_tie_low,forcegen+logistics+command,equal_total_effort,0.5,logistics,False,logistics
rising_080,2026300015,near_tie_low,forcegen+logistics+command,equal_total_effort,0.5,logistics,False,logistics
rising_081,2026300000,near_tie_low,forcegen+logistics+command,equal_channel_dose,0.5,logistics,False,logistics
rising_081,2026300001,near_tie_low,forcegen+logistics+command,equal_channel_dose,0.5,logistics,False,logistics
rising_081,2026300002,near_tie_low,forcegen+logistics+command,equal_channel_dose,0.5,logistics,False,logistics
rising_081,2026300003,near_tie_low,forcegen+logistics+command,equal_channel_dose,0.5,logistics,False,logistics
rising_081,2026300004,near_tie_low,forcegen+logistics+command,equal_channel_dose,0.5,logistics,False,logistics
rising_081,2026300005,near_tie_low,forcegen+logistics+command,equal_channel_dose,0.5,logistics,False,logistics
rising_081,2026300006,near_tie_low,forcegen+logistics+command,equal_channel_dose,0.5,logistics,False,logistics
rising_081,2026300007,near_tie_low,forcegen+logistics+command,equal_channel_dose,0.5,logistics,False,logistics
rising_081,2026300008,near_tie_low,forcegen+logistics+command,equal_channel_dose,0.5,logistics,False,logistics
rising_081,2026300009,near_tie_low,forcegen+logistics+command,equal_channel_dose,0.5,logistics,False,logistics
rising_081,2026300010,near_tie_low,forcegen+logistics+command,equal_channel_dose,0.5,logistics,False,logistics
rising_081,2026300011,near_tie_low,forcegen+logistics+command,equal_channel_dose,0.5,logistics,False,logistics
rising_081,2026300012,near_tie_low,forcegen+logistics+command,equal_channel_dose,0.5,logistics,False,logistics
rising_081,2026300013,near_tie_low,forcegen+logistics+command,equal_channel_dose,0.5,logistics,False,logistics
rising_081,2026300014,near_tie_low,forcegen+logistics+command,equal_channel_dose,0.5,logistics,False,logistics
rising_081,2026300015,near_tie_low,forcegen+logistics+command,equal_channel_dose,0.5,logistics,False,logistics
rising_082,2026300000,near_tie_low,forcegen,single_reference,1.0,logistics,False,logistics
rising_082,2026300001,near_tie_low,forcegen,single_reference,1.0,logistics,False,logistics
rising_082,2026300002,near_tie_low,forcegen,single_reference,1.0,logistics,False,logistics
rising_082,2026300003,near_tie_low,forcegen,single_reference,1.0,logistics,False,logistics
rising_082,2026300004,near_tie_low,forcegen,single_reference,1.0,logistics,False,logistics
rising_082,2026300005,near_tie_low,forcegen,single_reference,1.0,logistics,False,logistics
rising_082,2026300006,near_tie_low,forcegen,single_reference,1.0,logistics,False,logistics
rising_082,2026300007,near_tie_low,forcegen,single_reference,1.0,logistics,False,logistics
rising_082,2026300008,near_tie_low,forcegen,single_reference,1.0,logistics,False,logistics
rising_082,2026300009,near_tie_low,forcegen,single_reference,1.0,logistics,False,logistics
rising_082,2026300010,near_tie_low,forcegen,single_reference,1.0,logistics,False,logistics
rising_082,2026300011,near_tie_low,forcegen,single_reference,1.0,logistics,False,logistics
rising_082,2026300012,near_tie_low,forcegen,single_reference,1.0,logistics,False,logistics
rising_082,2026300013,near_tie_low,forcegen,single_reference,1.0,logistics,False,logistics
rising_082,2026300014,near_tie_low,forcegen,single_reference,1.0,logistics,False,logistics
rising_082,2026300015,near_tie_low,forcegen,single_reference,1.0,logistics,False,logistics
rising_083,2026300000,near_tie_low,logistics,single_reference,1.0,logistics,False,logistics
rising_083,2026300001,near_tie_low,logistics,single_reference,1.0,logistics,False,logistics
rising_083,2026300002,near_tie_low,logistics,single_reference,1.0,logistics,True,logistics
rising_083,2026300003,near_tie_low,logistics,single_reference,1.0,logistics,False,logistics
rising_083,2026300004,near_tie_low,logistics,single_reference,1.0,logistics,False,logistics
rising_083,2026300005,near_tie_low,logistics,single_reference,1.0,logistics,False,logistics
rising_083,2026300006,near_tie_low,logistics,single_reference,1.0,logistics,False,logistics
rising_083,2026300007,near_tie_low,logistics,single_reference,1.0,logistics,False,logistics
rising_083,2026300008,near_tie_low,logistics,single_reference,1.0,logistics,False,logistics
rising_083,2026300009,near_tie_low,logistics,single_reference,1.0,logistics,False,logistics
rising_083,2026300010,near_tie_low,logistics,single_reference,1.0,logistics,True,logistics
rising_083,2026300011,near_tie_low,logistics,single_reference,1.0,logistics,True,logistics
rising_083,2026300012,near_tie_low,logistics,single_reference,1.0,logistics,False,logistics
rising_083,2026300013,near_tie_low,logistics,single_reference,1.0,logistics,False,logistics
rising_083,2026300014,near_tie_low,logistics,single_reference,1.0,logistics,False,logistics
rising_083,2026300015,near_tie_low,logistics,single_reference,1.0,logistics,False,logistics
rising_084,2026300000,near_tie_low,command,single_reference,1.0,logistics,False,logistics
rising_084,2026300001,near_tie_low,command,single_reference,1.0,logistics,False,logistics
rising_084,2026300002,near_tie_low,command,single_reference,1.0,logistics,False,logistics
rising_084,2026300003,near_tie_low,command,single_reference,1.0,logistics,False,logistics
rising_084,2026300004,near_tie_low,command,single_reference,1.0,logistics,False,logistics
rising_084,2026300005,near_tie_low,command,single_reference,1.0,logistics,False,logistics
rising_084,2026300006,near_tie_low,command,single_reference,1.0,logistics,False,logistics
rising_084,2026300007,near_tie_low,command,single_reference,1.0,logistics,False,logistics
rising_084,2026300008,near_tie_low,command,single_reference,1.0,logistics,False,logistics
rising_084,2026300009,near_tie_low,command,single_reference,1.0,logistics,False,logistics
rising_084,2026300010,near_tie_low,command,single_reference,1.0,logistics,False,logistics
rising_084,2026300011,near_tie_low,command,single_reference,1.0,logistics,False,logistics
rising_084,2026300012,near_tie_low,command,single_reference,1.0,logistics,False,logistics
rising_084,2026300013,near_tie_low,command,single_reference,1.0,logistics,False,logistics
rising_084,2026300014,near_tie_low,command,single_reference,1.0,logistics,False,logistics
rising_084,2026300015,near_tie_low,command,single_reference,1.0,logistics,False,logistics
rising_085,2026300000,near_tie_low,forcegen+logistics,equal_total_effort,1.0,logistics,False,logistics
rising_085,2026300001,near_tie_low,forcegen+logistics,equal_total_effort,1.0,logistics,False,logistics
rising_085,2026300002,near_tie_low,forcegen+logistics,equal_total_effort,1.0,logistics,False,logistics
rising_085,2026300003,near_tie_low,forcegen+logistics,equal_total_effort,1.0,logistics,False,logistics
rising_085,2026300004,near_tie_low,forcegen+logistics,equal_total_effort,1.0,logistics,False,logistics
rising_085,2026300005,near_tie_low,forcegen+logistics,equal_total_effort,1.0,logistics,False,logistics
rising_085,2026300006,near_tie_low,forcegen+logistics,equal_total_effort,1.0,logistics,False,logistics
rising_085,2026300007,near_tie_low,forcegen+logistics,equal_total_effort,1.0,logistics,False,logistics
rising_085,2026300008,near_tie_low,forcegen+logistics,equal_total_effort,1.0,logistics,False,logistics
rising_085,2026300009,near_tie_low,forcegen+logistics,equal_total_effort,1.0,logistics,False,logistics
rising_085,2026300010,near_tie_low,forcegen+logistics,equal_total_effort,1.0,logistics,False,logistics
rising_085,2026300011,near_tie_low,forcegen+logistics,equal_total_effort,1.0,command,True,logistics
rising_085,2026300012,near_tie_low,forcegen+logistics,equal_total_effort,1.0,logistics,False,logistics
rising_085,2026300013,near_tie_low,forcegen+logistics,equal_total_effort,1.0,logistics,False,logistics
rising_085,2026300014,near_tie_low,forcegen+logistics,equal_total_effort,1.0,logistics,False,logistics
rising_085,2026300015,near_tie_low,forcegen+logistics,equal_total_effort,1.0,logistics,False,logistics
rising_086,2026300000,near_tie_low,forcegen+logistics,equal_channel_dose,1.0,logistics,False,logistics
rising_086,2026300001,near_tie_low,forcegen+logistics,equal_channel_dose,1.0,logistics,False,logistics
rising_086,2026300002,near_tie_low,forcegen+logistics,equal_channel_dose,1.0,logistics,True,logistics
rising_086,2026300003,near_tie_low,forcegen+logistics,equal_channel_dose,1.0,logistics,False,logistics
rising_086,2026300004,near_tie_low,forcegen+logistics,equal_channel_dose,1.0,logistics,False,logistics
rising_086,2026300005,near_tie_low,forcegen+logistics,equal_channel_dose,1.0,logistics,False,logistics
rising_086,2026300006,near_tie_low,forcegen+logistics,equal_channel_dose,1.0,logistics,False,logistics
rising_086,2026300007,near_tie_low,forcegen+logistics,equal_channel_dose,1.0,logistics,False,logistics
rising_086,2026300008,near_tie_low,forcegen+logistics,equal_channel_dose,1.0,logistics,False,logistics
rising_086,2026300009,near_tie_low,forcegen+logistics,equal_channel_dose,1.0,logistics,False,logistics
rising_086,2026300010,near_tie_low,forcegen+logistics,equal_channel_dose,1.0,logistics,True,logistics
rising_086,2026300011,near_tie_low,forcegen+logistics,equal_channel_dose,1.0,logistics,True,logistics
rising_086,2026300012,near_tie_low,forcegen+logistics,equal_channel_dose,1.0,logistics,False,logistics
rising_086,2026300013,near_tie_low,forcegen+logistics,equal_channel_dose,1.0,logistics,False,logistics
rising_086,2026300014,near_tie_low,forcegen+logistics,equal_channel_dose,1.0,logistics,False,logistics
rising_086,2026300015,near_tie_low,forcegen+logistics,equal_channel_dose,1.0,logistics,False,logistics
rising_087,2026300000,near_tie_low,forcegen+command,equal_total_effort,1.0,logistics,False,logistics
rising_087,2026300001,near_tie_low,forcegen+command,equal_total_effort,1.0,logistics,False,logistics
rising_087,2026300002,near_tie_low,forcegen+command,equal_total_effort,1.0,logistics,False,logistics
rising_087,2026300003,near_tie_low,forcegen+command,equal_total_effort,1.0,logistics,False,logistics
rising_087,2026300004,near_tie_low,forcegen+command,equal_total_effort,1.0,logistics,False,logistics
rising_087,2026300005,near_tie_low,forcegen+command,equal_total_effort,1.0,logistics,False,logistics
rising_087,2026300006,near_tie_low,forcegen+command,equal_total_effort,1.0,logistics,False,logistics
rising_087,2026300007,near_tie_low,forcegen+command,equal_total_effort,1.0,logistics,False,logistics
rising_087,2026300008,near_tie_low,forcegen+command,equal_total_effort,1.0,logistics,False,logistics
rising_087,2026300009,near_tie_low,forcegen+command,equal_total_effort,1.0,logistics,False,logistics
rising_087,2026300010,near_tie_low,forcegen+command,equal_total_effort,1.0,logistics,False,logistics
rising_087,2026300011,near_tie_low,forcegen+command,equal_total_effort,1.0,logistics,False,logistics
rising_087,2026300012,near_tie_low,forcegen+command,equal_total_effort,1.0,logistics,False,logistics
rising_087,2026300013,near_tie_low,forcegen+command,equal_total_effort,1.0,logistics,False,logistics
rising_087,2026300014,near_tie_low,forcegen+command,equal_total_effort,1.0,logistics,False,logistics
rising_087,2026300015,near_tie_low,forcegen+command,equal_total_effort,1.0,logistics,False,logistics
rising_088,2026300000,near_tie_low,forcegen+command,equal_channel_dose,1.0,logistics,False,logistics
rising_088,2026300001,near_tie_low,forcegen+command,equal_channel_dose,1.0,logistics,False,logistics
rising_088,2026300002,near_tie_low,forcegen+command,equal_channel_dose,1.0,logistics,False,logistics
rising_088,2026300003,near_tie_low,forcegen+command,equal_channel_dose,1.0,logistics,False,logistics
rising_088,2026300004,near_tie_low,forcegen+command,equal_channel_dose,1.0,logistics,False,logistics
rising_088,2026300005,near_tie_low,forcegen+command,equal_channel_dose,1.0,logistics,False,logistics
rising_088,2026300006,near_tie_low,forcegen+command,equal_channel_dose,1.0,logistics,False,logistics
rising_088,2026300007,near_tie_low,forcegen+command,equal_channel_dose,1.0,logistics,False,logistics
rising_088,2026300008,near_tie_low,forcegen+command,equal_channel_dose,1.0,logistics,False,logistics
rising_088,2026300009,near_tie_low,forcegen+command,equal_channel_dose,1.0,logistics,False,logistics
rising_088,2026300010,near_tie_low,forcegen+command,equal_channel_dose,1.0,logistics,False,logistics
rising_088,2026300011,near_tie_low,forcegen+command,equal_channel_dose,1.0,logistics,False,logistics
rising_088,2026300012,near_tie_low,forcegen+command,equal_channel_dose,1.0,logistics,False,logistics
rising_088,2026300013,near_tie_low,forcegen+command,equal_channel_dose,1.0,logistics,False,logistics
rising_088,2026300014,near_tie_low,forcegen+command,equal_channel_dose,1.0,logistics,False,logistics
rising_088,2026300015,near_tie_low,forcegen+command,equal_channel_dose,1.0,logistics,False,logistics
rising_089,2026300000,near_tie_low,logistics+command,equal_total_effort,1.0,logistics,False,logistics
rising_089,2026300001,near_tie_low,logistics+command,equal_total_effort,1.0,logistics,False,logistics
rising_089,2026300002,near_tie_low,logistics+command,equal_total_effort,1.0,logistics,False,logistics
rising_089,2026300003,near_tie_low,logistics+command,equal_total_effort,1.0,logistics,False,logistics
rising_089,2026300004,near_tie_low,logistics+command,equal_total_effort,1.0,logistics,False,logistics
rising_089,2026300005,near_tie_low,logistics+command,equal_total_effort,1.0,logistics,False,logistics
rising_089,2026300006,near_tie_low,logistics+command,equal_total_effort,1.0,logistics,False,logistics
rising_089,2026300007,near_tie_low,logistics+command,equal_total_effort,1.0,logistics,False,logistics
rising_089,2026300008,near_tie_low,logistics+command,equal_total_effort,1.0,logistics,False,logistics
rising_089,2026300009,near_tie_low,logistics+command,equal_total_effort,1.0,logistics,False,logistics
rising_089,2026300010,near_tie_low,logistics+command,equal_total_effort,1.0,logistics,False,logistics
rising_089,2026300011,near_tie_low,logistics+command,equal_total_effort,1.0,logistics,False,logistics
rising_089,2026300012,near_tie_low,logistics+command,equal_total_effort,1.0,logistics,False,logistics
rising_089,2026300013,near_tie_low,logistics+command,equal_total_effort,1.0,logistics,False,logistics
rising_089,2026300014,near_tie_low,logistics+command,equal_total_effort,1.0,logistics,False,logistics
rising_089,2026300015,near_tie_low,logistics+command,equal_total_effort,1.0,logistics,False,logistics
rising_090,2026300000,near_tie_low,logistics+command,equal_channel_dose,1.0,logistics,False,logistics
rising_090,2026300001,near_tie_low,logistics+command,equal_channel_dose,1.0,logistics,False,logistics
rising_090,2026300002,near_tie_low,logistics+command,equal_channel_dose,1.0,logistics,False,logistics
rising_090,2026300003,near_tie_low,logistics+command,equal_channel_dose,1.0,logistics,False,logistics
rising_090,2026300004,near_tie_low,logistics+command,equal_channel_dose,1.0,logistics,False,logistics
rising_090,2026300005,near_tie_low,logistics+command,equal_channel_dose,1.0,logistics,False,logistics
rising_090,2026300006,near_tie_low,logistics+command,equal_channel_dose,1.0,logistics,False,logistics
rising_090,2026300007,near_tie_low,logistics+command,equal_channel_dose,1.0,logistics,False,logistics
rising_090,2026300008,near_tie_low,logistics+command,equal_channel_dose,1.0,logistics,False,logistics
rising_090,2026300009,near_tie_low,logistics+command,equal_channel_dose,1.0,logistics,False,logistics
rising_090,2026300010,near_tie_low,logistics+command,equal_channel_dose,1.0,logistics,False,logistics
rising_090,2026300011,near_tie_low,logistics+command,equal_channel_dose,1.0,logistics,False,logistics
rising_090,2026300012,near_tie_low,logistics+command,equal_channel_dose,1.0,logistics,False,logistics
rising_090,2026300013,near_tie_low,logistics+command,equal_channel_dose,1.0,logistics,False,logistics
rising_090,2026300014,near_tie_low,logistics+command,equal_channel_dose,1.0,logistics,False,logistics
rising_090,2026300015,near_tie_low,logistics+command,equal_channel_dose,1.0,logistics,False,logistics
rising_091,2026300000,near_tie_low,forcegen+logistics+command,equal_total_effort,1.0,logistics,False,logistics
rising_091,2026300001,near_tie_low,forcegen+logistics+command,equal_total_effort,1.0,logistics,False,logistics
rising_091,2026300002,near_tie_low,forcegen+logistics+command,equal_total_effort,1.0,logistics,False,logistics
rising_091,2026300003,near_tie_low,forcegen+logistics+command,equal_total_effort,1.0,logistics,False,logistics
rising_091,2026300004,near_tie_low,forcegen+logistics+command,equal_total_effort,1.0,logistics,False,logistics
rising_091,2026300005,near_tie_low,forcegen+logistics+command,equal_total_effort,1.0,logistics,False,logistics
rising_091,2026300006,near_tie_low,forcegen+logistics+command,equal_total_effort,1.0,logistics,False,logistics
rising_091,2026300007,near_tie_low,forcegen+logistics+command,equal_total_effort,1.0,logistics,False,logistics
rising_091,2026300008,near_tie_low,forcegen+logistics+command,equal_total_effort,1.0,logistics,False,logistics
rising_091,2026300009,near_tie_low,forcegen+logistics+command,equal_total_effort,1.0,logistics,False,logistics
rising_091,2026300010,near_tie_low,forcegen+logistics+command,equal_total_effort,1.0,logistics,False,logistics
rising_091,2026300011,near_tie_low,forcegen+logistics+command,equal_total_effort,1.0,logistics,False,logistics
rising_091,2026300012,near_tie_low,forcegen+logistics+command,equal_total_effort,1.0,logistics,False,logistics
rising_091,2026300013,near_tie_low,forcegen+logistics+command,equal_total_effort,1.0,logistics,False,logistics
rising_091,2026300014,near_tie_low,forcegen+logistics+command,equal_total_effort,1.0,logistics,False,logistics
rising_091,2026300015,near_tie_low,forcegen+logistics+command,equal_total_effort,1.0,logistics,False,logistics
rising_092,2026300000,near_tie_low,forcegen+logistics+command,equal_channel_dose,1.0,logistics,False,logistics
rising_092,2026300001,near_tie_low,forcegen+logistics+command,equal_channel_dose,1.0,logistics,False,logistics
rising_092,2026300002,near_tie_low,forcegen+logistics+command,equal_channel_dose,1.0,logistics,False,logistics
rising_092,2026300003,near_tie_low,forcegen+logistics+command,equal_channel_dose,1.0,logistics,False,logistics
rising_092,2026300004,near_tie_low,forcegen+logistics+command,equal_channel_dose,1.0,logistics,False,logistics
rising_092,2026300005,near_tie_low,forcegen+logistics+command,equal_channel_dose,1.0,logistics,False,logistics
rising_092,2026300006,near_tie_low,forcegen+logistics+command,equal_channel_dose,1.0,logistics,False,logistics
rising_092,2026300007,near_tie_low,forcegen+logistics+command,equal_channel_dose,1.0,logistics,False,logistics
rising_092,2026300008,near_tie_low,forcegen+logistics+command,equal_channel_dose,1.0,logistics,False,logistics
rising_092,2026300009,near_tie_low,forcegen+logistics+command,equal_channel_dose,1.0,logistics,False,logistics
rising_092,2026300010,near_tie_low,forcegen+logistics+command,equal_channel_dose,1.0,logistics,False,logistics
rising_092,2026300011,near_tie_low,forcegen+logistics+command,equal_channel_dose,1.0,logistics,False,logistics
rising_092,2026300012,near_tie_low,forcegen+logistics+command,equal_channel_dose,1.0,logistics,False,logistics
rising_092,2026300013,near_tie_low,forcegen+logistics+command,equal_channel_dose,1.0,logistics,False,logistics
rising_092,2026300014,near_tie_low,forcegen+logistics+command,equal_channel_dose,1.0,logistics,False,logistics
rising_092,2026300015,near_tie_low,forcegen+logistics+command,equal_channel_dose,1.0,logistics,False,logistics
